<?xml version="1.0" encoding="UTF-8"?>
<!DOCTYPE markables SYSTEM "markables.dtd">
<markables xmlns="www.eml.org/NameSpaces/sentence">
<markable mmax_level="sentence" id="markable_1" span="word_1..word_51" />
<markable mmax_level="sentence" id="markable_2" span="word_52..word_65" />
<markable mmax_level="sentence" id="markable_3" span="word_66..word_110" />
<markable mmax_level="sentence" id="markable_4" span="word_111..word_166" />
<markable mmax_level="sentence" id="markable_5" span="word_167..word_171" />
<markable mmax_level="sentence" id="markable_6" span="word_172..word_179" />
<markable mmax_level="sentence" id="markable_7" span="word_180..word_205" />
<markable mmax_level="sentence" id="markable_8" span="word_206" />
<markable mmax_level="sentence" id="markable_9" span="word_207..word_218" />
<markable mmax_level="sentence" id="markable_10" span="word_219..word_240" />
<markable mmax_level="sentence" id="markable_11" span="word_241..word_248" />
<markable mmax_level="sentence" id="markable_12" span="word_249" />
<markable mmax_level="sentence" id="markable_13" span="word_250..word_270" />
<markable mmax_level="sentence" id="markable_14" span="word_271..word_280" />
<markable mmax_level="sentence" id="markable_15" span="word_281..word_322" />
<markable mmax_level="sentence" id="markable_16" span="word_323..word_343" />
<markable mmax_level="sentence" id="markable_17" span="word_344..word_376" />
<markable mmax_level="sentence" id="markable_18" span="word_377..word_434" />
<markable mmax_level="sentence" id="markable_19" span="word_435..word_476" />
<markable mmax_level="sentence" id="markable_20" span="word_477..word_525" />
<markable mmax_level="sentence" id="markable_21" span="word_526..word_537" />
<markable mmax_level="sentence" id="markable_22" span="word_538..word_558" />
<markable mmax_level="sentence" id="markable_23" span="word_559..word_579" />
<markable mmax_level="sentence" id="markable_24" span="word_580..word_594" />
<markable mmax_level="sentence" id="markable_25" span="word_595..word_612" />
<markable mmax_level="sentence" id="markable_26" span="word_613..word_620" />
<markable mmax_level="sentence" id="markable_27" span="word_621..word_649" />
<markable mmax_level="sentence" id="markable_28" span="word_650..word_652" />
<markable mmax_level="sentence" id="markable_29" span="word_653..word_688" />
<markable mmax_level="sentence" id="markable_30" span="word_689..word_722" />
<markable mmax_level="sentence" id="markable_31" span="word_723..word_733" />
<markable mmax_level="sentence" id="markable_32" span="word_734..word_742" />
<markable mmax_level="sentence" id="markable_33" span="word_743..word_762" />
<markable mmax_level="sentence" id="markable_34" span="word_763..word_774" />
<markable mmax_level="sentence" id="markable_35" span="word_775..word_789" />
<markable mmax_level="sentence" id="markable_36" span="word_790..word_814" />
<markable mmax_level="sentence" id="markable_37" span="word_815..word_845" />
<markable mmax_level="sentence" id="markable_38" span="word_846..word_893" />
<markable mmax_level="sentence" id="markable_39" span="word_894..word_903" />
<markable mmax_level="sentence" id="markable_40" span="word_904..word_918" />
<markable mmax_level="sentence" id="markable_41" span="word_919..word_947" />
<markable mmax_level="sentence" id="markable_42" span="word_948..word_966" />
<markable mmax_level="sentence" id="markable_43" span="word_967..word_984" />
<markable mmax_level="sentence" id="markable_44" span="word_985..word_1009" />
<markable mmax_level="sentence" id="markable_45" span="word_1010..word_1033" />
<markable mmax_level="sentence" id="markable_46" span="word_1034..word_1043" />
<markable mmax_level="sentence" id="markable_47" span="word_1044..word_1078" />
<markable mmax_level="sentence" id="markable_48" span="word_1079..word_1096" />
<markable mmax_level="sentence" id="markable_49" span="word_1097..word_1116" />
<markable mmax_level="sentence" id="markable_50" span="word_1117..word_1139" />
<markable mmax_level="sentence" id="markable_51" span="word_1140..word_1149" />
<markable mmax_level="sentence" id="markable_52" span="word_1150..word_1156" />
<markable mmax_level="sentence" id="markable_53" span="word_1157..word_1197" />
<markable mmax_level="sentence" id="markable_54" span="word_1198..word_1206" />
<markable mmax_level="sentence" id="markable_55" span="word_1207..word_1240" />
<markable mmax_level="sentence" id="markable_56" span="word_1241..word_1251" />
<markable mmax_level="sentence" id="markable_57" span="word_1252..word_1275" />
<markable mmax_level="sentence" id="markable_58" span="word_1276..word_1311" />
<markable mmax_level="sentence" id="markable_59" span="word_1312..word_1318" />
<markable mmax_level="sentence" id="markable_60" span="word_1319..word_1358" />
<markable mmax_level="sentence" id="markable_61" span="word_1359..word_1387" />
<markable mmax_level="sentence" id="markable_62" span="word_1388..word_1395" />
<markable mmax_level="sentence" id="markable_63" span="word_1396..word_1409" />
<markable mmax_level="sentence" id="markable_64" span="word_1410..word_1424" />
<markable mmax_level="sentence" id="markable_65" span="word_1425..word_1435" />
<markable mmax_level="sentence" id="markable_66" span="word_1436..word_1461" />
<markable mmax_level="sentence" id="markable_67" span="word_1462..word_1475" />
<markable mmax_level="sentence" id="markable_68" span="word_1476..word_1482" />
<markable mmax_level="sentence" id="markable_69" span="word_1483..word_1487" />
<markable mmax_level="sentence" id="markable_70" span="word_1488..word_1509" />
<markable mmax_level="sentence" id="markable_71" span="word_1510..word_1532" />
<markable mmax_level="sentence" id="markable_72" span="word_1533..word_1545" />
<markable mmax_level="sentence" id="markable_73" span="word_1546..word_1554" />
<markable mmax_level="sentence" id="markable_74" span="word_1555..word_1587" />
<markable mmax_level="sentence" id="markable_75" span="word_1588..word_1609" />
<markable mmax_level="sentence" id="markable_76" span="word_1610..word_1634" />
<markable mmax_level="sentence" id="markable_77" span="word_1635..word_1636" />
<markable mmax_level="sentence" id="markable_78" span="word_1637..word_1680" />
<markable mmax_level="sentence" id="markable_79" span="word_1681..word_1696" />
<markable mmax_level="sentence" id="markable_80" span="word_1697..word_1712" />
<markable mmax_level="sentence" id="markable_81" span="word_1713..word_1720" />
<markable mmax_level="sentence" id="markable_82" span="word_1721..word_1728" />
<markable mmax_level="sentence" id="markable_83" span="word_1729..word_1743" />
<markable mmax_level="sentence" id="markable_84" span="word_1744..word_1764" />
<markable mmax_level="sentence" id="markable_85" span="word_1765..word_1775" />
<markable mmax_level="sentence" id="markable_86" span="word_1776..word_1788" />
<markable mmax_level="sentence" id="markable_87" span="word_1789..word_1805" />
<markable mmax_level="sentence" id="markable_88" span="word_1806..word_1836" />
<markable mmax_level="sentence" id="markable_89" span="word_1837..word_1869" />
<markable mmax_level="sentence" id="markable_90" span="word_1870..word_1921" />
<markable mmax_level="sentence" id="markable_91" span="word_1922..word_1947" />
<markable mmax_level="sentence" id="markable_92" span="word_1948..word_1970" />
<markable mmax_level="sentence" id="markable_93" span="word_1971..word_2012" />
<markable mmax_level="sentence" id="markable_94" span="word_2013..word_2023" />
<markable mmax_level="sentence" id="markable_95" span="word_2024..word_2039" />
<markable mmax_level="sentence" id="markable_96" span="word_2040..word_2046" />
<markable mmax_level="sentence" id="markable_97" span="word_2047..word_2066" />
<markable mmax_level="sentence" id="markable_98" span="word_2067..word_2096" />
<markable mmax_level="sentence" id="markable_99" span="word_2097..word_2113" />
<markable mmax_level="sentence" id="markable_100" span="word_2114..word_2137" />
<markable mmax_level="sentence" id="markable_101" span="word_2138..word_2160" />
<markable mmax_level="sentence" id="markable_102" span="word_2161..word_2182" />
<markable mmax_level="sentence" id="markable_103" span="word_2183..word_2191" />
<markable mmax_level="sentence" id="markable_104" span="word_2192..word_2211" />
<markable mmax_level="sentence" id="markable_105" span="word_2212..word_2236" />
<markable mmax_level="sentence" id="markable_106" span="word_2237..word_2259" />
<markable mmax_level="sentence" id="markable_107" span="word_2260..word_2276" />
<markable mmax_level="sentence" id="markable_108" span="word_2277..word_2336" />
<markable mmax_level="sentence" id="markable_109" span="word_2337..word_2363" />
<markable mmax_level="sentence" id="markable_110" span="word_2364..word_2396" />
<markable mmax_level="sentence" id="markable_111" span="word_2397..word_2418" />
<markable mmax_level="sentence" id="markable_112" span="word_2419..word_2434" />
<markable mmax_level="sentence" id="markable_113" span="word_2435..word_2456" />
<markable mmax_level="sentence" id="markable_114" span="word_2457..word_2476" />
<markable mmax_level="sentence" id="markable_115" span="word_2477..word_2504" />
<markable mmax_level="sentence" id="markable_116" span="word_2505..word_2539" />
<markable mmax_level="sentence" id="markable_117" span="word_2540..word_2561" />
<markable mmax_level="sentence" id="markable_118" span="word_2562..word_2575" />
<markable mmax_level="sentence" id="markable_119" span="word_2576..word_2589" />
<markable mmax_level="sentence" id="markable_120" span="word_2590..word_2600" />
<markable mmax_level="sentence" id="markable_121" span="word_2601..word_2602" />
<markable mmax_level="sentence" id="markable_122" span="word_2603..word_2621" />
<markable mmax_level="sentence" id="markable_123" span="word_2622..word_2633" />
<markable mmax_level="sentence" id="markable_124" span="word_2634..word_2653" />
<markable mmax_level="sentence" id="markable_125" span="word_2654..word_2660" />
<markable mmax_level="sentence" id="markable_126" span="word_2661..word_2678" />
<markable mmax_level="sentence" id="markable_127" span="word_2679..word_2696" />
<markable mmax_level="sentence" id="markable_128" span="word_2697..word_2707" />
<markable mmax_level="sentence" id="markable_129" span="word_2708..word_2733" />
<markable mmax_level="sentence" id="markable_130" span="word_2734..word_2752" />
<markable mmax_level="sentence" id="markable_131" span="word_2753..word_2776" />
<markable mmax_level="sentence" id="markable_132" span="word_2777..word_2798" />
<markable mmax_level="sentence" id="markable_133" span="word_2799..word_2821" />
<markable mmax_level="sentence" id="markable_134" span="word_2822..word_2847" />
<markable mmax_level="sentence" id="markable_135" span="word_2848..word_2869" />
<markable mmax_level="sentence" id="markable_136" span="word_2870..word_2884" />
<markable mmax_level="sentence" id="markable_137" span="word_2885..word_2910" />
<markable mmax_level="sentence" id="markable_138" span="word_2911..word_2915" />
<markable mmax_level="sentence" id="markable_139" span="word_2916..word_2929" />
<markable mmax_level="sentence" id="markable_140" span="word_2930..word_2944" />
<markable mmax_level="sentence" id="markable_141" span="word_2945..word_2962" />
<markable mmax_level="sentence" id="markable_142" span="word_2963..word_2996" />
<markable mmax_level="sentence" id="markable_143" span="word_2997..word_3018" />
<markable mmax_level="sentence" id="markable_144" span="word_3019..word_3029" />
<markable mmax_level="sentence" id="markable_145" span="word_3030..word_3075" />
<markable mmax_level="sentence" id="markable_146" span="word_3076..word_3077" />
<markable mmax_level="sentence" id="markable_147" span="word_3078..word_3079" />
<markable mmax_level="sentence" id="markable_148" span="word_3080..word_3094" />
<markable mmax_level="sentence" id="markable_149" span="word_3095..word_3124" />
<markable mmax_level="sentence" id="markable_150" span="word_3125..word_3161" />
<markable mmax_level="sentence" id="markable_151" span="word_3162..word_3202" />
<markable mmax_level="sentence" id="markable_152" span="word_3203..word_3210" />
<markable mmax_level="sentence" id="markable_153" span="word_3211..word_3214" />
<markable mmax_level="sentence" id="markable_154" span="word_3215..word_3228" />
<markable mmax_level="sentence" id="markable_155" span="word_3229..word_3262" />
<markable mmax_level="sentence" id="markable_156" span="word_3263..word_3284" />
<markable mmax_level="sentence" id="markable_157" span="word_3285..word_3300" />
<markable mmax_level="sentence" id="markable_158" span="word_3301..word_3307" />
<markable mmax_level="sentence" id="markable_159" span="word_3308..word_3313" />
<markable mmax_level="sentence" id="markable_160" span="word_3314..word_3321" />
<markable mmax_level="sentence" id="markable_161" span="word_3322..word_3342" />
<markable mmax_level="sentence" id="markable_162" span="word_3343..word_3350" />
<markable mmax_level="sentence" id="markable_163" span="word_3351..word_3375" />
<markable mmax_level="sentence" id="markable_164" span="word_3376..word_3391" />
<markable mmax_level="sentence" id="markable_165" span="word_3392..word_3393" />
<markable mmax_level="sentence" id="markable_166" span="word_3394..word_3403" />
<markable mmax_level="sentence" id="markable_167" span="word_3404..word_3428" />
<markable mmax_level="sentence" id="markable_168" span="word_3429..word_3436" />
<markable mmax_level="sentence" id="markable_169" span="word_3437..word_3454" />
<markable mmax_level="sentence" id="markable_170" span="word_3455..word_3461" />
<markable mmax_level="sentence" id="markable_171" span="word_3462..word_3484" />
<markable mmax_level="sentence" id="markable_172" span="word_3485..word_3501" />
<markable mmax_level="sentence" id="markable_173" span="word_3502..word_3528" />
<markable mmax_level="sentence" id="markable_174" span="word_3529..word_3541" />
<markable mmax_level="sentence" id="markable_175" span="word_3542..word_3565" />
<markable mmax_level="sentence" id="markable_176" span="word_3566..word_3575" />
<markable mmax_level="sentence" id="markable_177" span="word_3576..word_3588" />
<markable mmax_level="sentence" id="markable_178" span="word_3589..word_3606" />
<markable mmax_level="sentence" id="markable_179" span="word_3607..word_3623" />
<markable mmax_level="sentence" id="markable_180" span="word_3624..word_3634" />
<markable mmax_level="sentence" id="markable_181" span="word_3635..word_3655" />
<markable mmax_level="sentence" id="markable_182" span="word_3656..word_3671" />
<markable mmax_level="sentence" id="markable_183" span="word_3672..word_3677" />
<markable mmax_level="sentence" id="markable_184" span="word_3678..word_3682" />
<markable mmax_level="sentence" id="markable_185" span="word_3683..word_3702" />
<markable mmax_level="sentence" id="markable_186" span="word_3703..word_3716" />
<markable mmax_level="sentence" id="markable_187" span="word_3717..word_3721" />
<markable mmax_level="sentence" id="markable_188" span="word_3722..word_3736" />
<markable mmax_level="sentence" id="markable_189" span="word_3737..word_3747" />
<markable mmax_level="sentence" id="markable_190" span="word_3748..word_3766" />
<markable mmax_level="sentence" id="markable_191" span="word_3767..word_3780" />
<markable mmax_level="sentence" id="markable_192" span="word_3781..word_3800" />
<markable mmax_level="sentence" id="markable_193" span="word_3801..word_3819" />
<markable mmax_level="sentence" id="markable_194" span="word_3820..word_3838" />
<markable mmax_level="sentence" id="markable_195" span="word_3839..word_3850" />
<markable mmax_level="sentence" id="markable_196" span="word_3851..word_3866" />
<markable mmax_level="sentence" id="markable_197" span="word_3867..word_3891" />
<markable mmax_level="sentence" id="markable_198" span="word_3892..word_3912" />
<markable mmax_level="sentence" id="markable_199" span="word_3913..word_3925" />
<markable mmax_level="sentence" id="markable_200" span="word_3926..word_3933" />
<markable mmax_level="sentence" id="markable_201" span="word_3934..word_3986" />
<markable mmax_level="sentence" id="markable_202" span="word_3987..word_4000" />
<markable mmax_level="sentence" id="markable_203" span="word_4001..word_4013" />
<markable mmax_level="sentence" id="markable_204" span="word_4014..word_4032" />
<markable mmax_level="sentence" id="markable_205" span="word_4033..word_4050" />
<markable mmax_level="sentence" id="markable_206" span="word_4051..word_4068" />
<markable mmax_level="sentence" id="markable_207" span="word_4069..word_4087" />
<markable mmax_level="sentence" id="markable_208" span="word_4088..word_4109" />
<markable mmax_level="sentence" id="markable_209" span="word_4110..word_4128" />
<markable mmax_level="sentence" id="markable_210" span="word_4129..word_4158" />
<markable mmax_level="sentence" id="markable_211" span="word_4159..word_4182" />
<markable mmax_level="sentence" id="markable_212" span="word_4183..word_4216" />
<markable mmax_level="sentence" id="markable_213" span="word_4217..word_4218" />
<markable mmax_level="sentence" id="markable_214" span="word_4219..word_4220" />
<markable mmax_level="sentence" id="markable_215" span="word_4221..word_4231" />
<markable mmax_level="sentence" id="markable_216" span="word_4232..word_4248" />
<markable mmax_level="sentence" id="markable_217" span="word_4249..word_4274" />
<markable mmax_level="sentence" id="markable_218" span="word_4275..word_4287" />
<markable mmax_level="sentence" id="markable_219" span="word_4288..word_4294" />
<markable mmax_level="sentence" id="markable_220" span="word_4295..word_4309" />
<markable mmax_level="sentence" id="markable_221" span="word_4310..word_4327" />
<markable mmax_level="sentence" id="markable_222" span="word_4328..word_4333" />
<markable mmax_level="sentence" id="markable_223" span="word_4334..word_4342" />
<markable mmax_level="sentence" id="markable_224" span="word_4343..word_4360" />
<markable mmax_level="sentence" id="markable_225" span="word_4361..word_4369" />
<markable mmax_level="sentence" id="markable_226" span="word_4370..word_4389" />
<markable mmax_level="sentence" id="markable_227" span="word_4390..word_4391" />
<markable mmax_level="sentence" id="markable_228" span="word_4392..word_4413" />
<markable mmax_level="sentence" id="markable_229" span="word_4414..word_4424" />
<markable mmax_level="sentence" id="markable_230" span="word_4425..word_4431" />
<markable mmax_level="sentence" id="markable_231" span="word_4432..word_4468" />
<markable mmax_level="sentence" id="markable_232" span="word_4469..word_4493" />
<markable mmax_level="sentence" id="markable_233" span="word_4494..word_4522" />
<markable mmax_level="sentence" id="markable_234" span="word_4523..word_4529" />
<markable mmax_level="sentence" id="markable_235" span="word_4530..word_4540" />
<markable mmax_level="sentence" id="markable_236" span="word_4541..word_4555" />
<markable mmax_level="sentence" id="markable_237" span="word_4556..word_4575" />
<markable mmax_level="sentence" id="markable_238" span="word_4576..word_4587" />
<markable mmax_level="sentence" id="markable_239" span="word_4588..word_4593" />
<markable mmax_level="sentence" id="markable_240" span="word_4594..word_4616" />
<markable mmax_level="sentence" id="markable_241" span="word_4617..word_4624" />
<markable mmax_level="sentence" id="markable_242" span="word_4625..word_4652" />
<markable mmax_level="sentence" id="markable_243" span="word_4653..word_4654" />
<markable mmax_level="sentence" id="markable_244" span="word_4655..word_4672" />
<markable mmax_level="sentence" id="markable_245" span="word_4673..word_4680" />
<markable mmax_level="sentence" id="markable_246" span="word_4681..word_4688" />
<markable mmax_level="sentence" id="markable_247" span="word_4689..word_4713" />
<markable mmax_level="sentence" id="markable_248" span="word_4714..word_4768" />
<markable mmax_level="sentence" id="markable_249" span="word_4769..word_4771" />
<markable mmax_level="sentence" id="markable_250" span="word_4772..word_4779" />
<markable mmax_level="sentence" id="markable_251" span="word_4780..word_4805" />
<markable mmax_level="sentence" id="markable_252" span="word_4806..word_4829" />
<markable mmax_level="sentence" id="markable_253" span="word_4830..word_4842" />
<markable mmax_level="sentence" id="markable_254" span="word_4843..word_4855" />
<markable mmax_level="sentence" id="markable_255" span="word_4856..word_4878" />
<markable mmax_level="sentence" id="markable_256" span="word_4879..word_4899" />
<markable mmax_level="sentence" id="markable_257" span="word_4900..word_4906" />
<markable mmax_level="sentence" id="markable_258" span="word_4907..word_4928" />
<markable mmax_level="sentence" id="markable_259" span="word_4929..word_4945" />
<markable mmax_level="sentence" id="markable_260" span="word_4946..word_4970" />
<markable mmax_level="sentence" id="markable_261" span="word_4971..word_4981" />
<markable mmax_level="sentence" id="markable_262" span="word_4982..word_5022" />
<markable mmax_level="sentence" id="markable_263" span="word_5023..word_5033" />
<markable mmax_level="sentence" id="markable_264" span="word_5034..word_5045" />
<markable mmax_level="sentence" id="markable_265" span="word_5046..word_5072" />
<markable mmax_level="sentence" id="markable_266" span="word_5073..word_5098" />
<markable mmax_level="sentence" id="markable_267" span="word_5099..word_5111" />
<markable mmax_level="sentence" id="markable_268" span="word_5112..word_5141" />
<markable mmax_level="sentence" id="markable_269" span="word_5142..word_5177" />
<markable mmax_level="sentence" id="markable_270" span="word_5178..word_5187" />
<markable mmax_level="sentence" id="markable_271" span="word_5188..word_5198" />
<markable mmax_level="sentence" id="markable_272" span="word_5199..word_5208" />
<markable mmax_level="sentence" id="markable_273" span="word_5209..word_5234" />
<markable mmax_level="sentence" id="markable_274" span="word_5235..word_5244" />
<markable mmax_level="sentence" id="markable_275" span="word_5245..word_5275" />
<markable mmax_level="sentence" id="markable_276" span="word_5276..word_5284" />
<markable mmax_level="sentence" id="markable_277" span="word_5285..word_5295" />
<markable mmax_level="sentence" id="markable_278" span="word_5296..word_5332" />
<markable mmax_level="sentence" id="markable_279" span="word_5333..word_5381" />
<markable mmax_level="sentence" id="markable_280" span="word_5382..word_5403" />
<markable mmax_level="sentence" id="markable_281" span="word_5404..word_5430" />
<markable mmax_level="sentence" id="markable_282" span="word_5431..word_5432" />
<markable mmax_level="sentence" id="markable_283" span="word_5433..word_5469" />
<markable mmax_level="sentence" id="markable_284" span="word_5470..word_5488" />
<markable mmax_level="sentence" id="markable_285" span="word_5489..word_5516" />
<markable mmax_level="sentence" id="markable_286" span="word_5517..word_5531" />
<markable mmax_level="sentence" id="markable_287" span="word_5532..word_5544" />
<markable mmax_level="sentence" id="markable_288" span="word_5545..word_5564" />
<markable mmax_level="sentence" id="markable_289" span="word_5565..word_5570" />
<markable mmax_level="sentence" id="markable_290" span="word_5571..word_5591" />
<markable mmax_level="sentence" id="markable_291" span="word_5592..word_5603" />
<markable mmax_level="sentence" id="markable_292" span="word_5604..word_5618" />
<markable mmax_level="sentence" id="markable_293" span="word_5619..word_5627" />
<markable mmax_level="sentence" id="markable_294" span="word_5628..word_5635" />
<markable mmax_level="sentence" id="markable_295" span="word_5636..word_5659" />
<markable mmax_level="sentence" id="markable_296" span="word_5660..word_5677" />
<markable mmax_level="sentence" id="markable_297" span="word_5678..word_5695" />
<markable mmax_level="sentence" id="markable_298" span="word_5696..word_5702" />
<markable mmax_level="sentence" id="markable_299" span="word_5703..word_5715" />
<markable mmax_level="sentence" id="markable_300" span="word_5716..word_5755" />
<markable mmax_level="sentence" id="markable_301" span="word_5756..word_5771" />
<markable mmax_level="sentence" id="markable_302" span="word_5772..word_5805" />
<markable mmax_level="sentence" id="markable_303" span="word_5806..word_5822" />
<markable mmax_level="sentence" id="markable_304" span="word_5823..word_5848" />
<markable mmax_level="sentence" id="markable_305" span="word_5849..word_5865" />
<markable mmax_level="sentence" id="markable_306" span="word_5866..word_5907" />
<markable mmax_level="sentence" id="markable_307" span="word_5908..word_5932" />
<markable mmax_level="sentence" id="markable_308" span="word_5933..word_5941" />
<markable mmax_level="sentence" id="markable_309" span="word_5942..word_5946" />
<markable mmax_level="sentence" id="markable_310" span="word_5947..word_6022" />
<markable mmax_level="sentence" id="markable_311" span="word_6023..word_6032" />
<markable mmax_level="sentence" id="markable_312" span="word_6033..word_6045" />
<markable mmax_level="sentence" id="markable_313" span="word_6046..word_6053" />
<markable mmax_level="sentence" id="markable_314" span="word_6054..word_6065" />
<markable mmax_level="sentence" id="markable_315" span="word_6066..word_6096" />
<markable mmax_level="sentence" id="markable_316" span="word_6097..word_6099" />
<markable mmax_level="sentence" id="markable_317" span="word_6100..word_6105" />
<markable mmax_level="sentence" id="markable_318" span="word_6106..word_6108" />
<markable mmax_level="sentence" id="markable_319" span="word_6109..word_6130" />
<markable mmax_level="sentence" id="markable_320" span="word_6131..word_6152" />
<markable mmax_level="sentence" id="markable_321" span="word_6153..word_6158" />
<markable mmax_level="sentence" id="markable_322" span="word_6159..word_6166" />
<markable mmax_level="sentence" id="markable_323" span="word_6167..word_6187" />
<markable mmax_level="sentence" id="markable_324" span="word_6188..word_6199" />
<markable mmax_level="sentence" id="markable_325" span="word_6200..word_6217" />
<markable mmax_level="sentence" id="markable_326" span="word_6218..word_6219" />
<markable mmax_level="sentence" id="markable_327" span="word_6220..word_6227" />
<markable mmax_level="sentence" id="markable_328" span="word_6228..word_6277" />
<markable mmax_level="sentence" id="markable_329" span="word_6278..word_6287" />
<markable mmax_level="sentence" id="markable_330" span="word_6288..word_6343" />
<markable mmax_level="sentence" id="markable_331" span="word_6344..word_6360" />
<markable mmax_level="sentence" id="markable_332" span="word_6361..word_6407" />
<markable mmax_level="sentence" id="markable_333" span="word_6408..word_6442" />
<markable mmax_level="sentence" id="markable_334" span="word_6443..word_6464" />
<markable mmax_level="sentence" id="markable_335" span="word_6465..word_6499" />
<markable mmax_level="sentence" id="markable_336" span="word_6500..word_6510" />
<markable mmax_level="sentence" id="markable_337" span="word_6511..word_6535" />
<markable mmax_level="sentence" id="markable_338" span="word_6536..word_6569" />
<markable mmax_level="sentence" id="markable_339" span="word_6570..word_6597" />
<markable mmax_level="sentence" id="markable_340" span="word_6598..word_6602" />
<markable mmax_level="sentence" id="markable_341" span="word_6603..word_6609" />
<markable mmax_level="sentence" id="markable_342" span="word_6610..word_6615" />
<markable mmax_level="sentence" id="markable_343" span="word_6616..word_6624" />
<markable mmax_level="sentence" id="markable_344" span="word_6625..word_6657" />
<markable mmax_level="sentence" id="markable_345" span="word_6658..word_6685" />
<markable mmax_level="sentence" id="markable_346" span="word_6686..word_6692" />
<markable mmax_level="sentence" id="markable_347" span="word_6693..word_6709" />
<markable mmax_level="sentence" id="markable_348" span="word_6710..word_6724" />
<markable mmax_level="sentence" id="markable_349" span="word_6725..word_6730" />
<markable mmax_level="sentence" id="markable_350" span="word_6731..word_6737" />
<markable mmax_level="sentence" id="markable_351" span="word_6738..word_6743" />
<markable mmax_level="sentence" id="markable_352" span="word_6744..word_6751" />
<markable mmax_level="sentence" id="markable_353" span="word_6752..word_6764" />
<markable mmax_level="sentence" id="markable_354" span="word_6765..word_6770" />
<markable mmax_level="sentence" id="markable_355" span="word_6771..word_6776" />
<markable mmax_level="sentence" id="markable_356" span="word_6777..word_6784" />
<markable mmax_level="sentence" id="markable_357" span="word_6785..word_6799" />
<markable mmax_level="sentence" id="markable_358" span="word_6800..word_6807" />
<markable mmax_level="sentence" id="markable_359" span="word_6808..word_6821" />
<markable mmax_level="sentence" id="markable_360" span="word_6822..word_6831" />
<markable mmax_level="sentence" id="markable_361" span="word_6832..word_6838" />
<markable mmax_level="sentence" id="markable_362" span="word_6839..word_6845" />
<markable mmax_level="sentence" id="markable_363" span="word_6846..word_6860" />
<markable mmax_level="sentence" id="markable_364" span="word_6861..word_6865" />
<markable mmax_level="sentence" id="markable_365" span="word_6866..word_6878" />
<markable mmax_level="sentence" id="markable_366" span="word_6879..word_6887" />
<markable mmax_level="sentence" id="markable_367" span="word_6888..word_6896" />
<markable mmax_level="sentence" id="markable_368" span="word_6897..word_6910" />
<markable mmax_level="sentence" id="markable_369" span="word_6911..word_6917" />
<markable mmax_level="sentence" id="markable_370" span="word_6918..word_6946" />
<markable mmax_level="sentence" id="markable_371" span="word_6947..word_6970" />
<markable mmax_level="sentence" id="markable_372" span="word_6971..word_6998" />
<markable mmax_level="sentence" id="markable_373" span="word_6999..word_7010" />
<markable mmax_level="sentence" id="markable_374" span="word_7011..word_7035" />
<markable mmax_level="sentence" id="markable_375" span="word_7036..word_7061" />
<markable mmax_level="sentence" id="markable_376" span="word_7062..word_7124" />
<markable mmax_level="sentence" id="markable_377" span="word_7125..word_7144" />
<markable mmax_level="sentence" id="markable_378" span="word_7145..word_7200" />
<markable mmax_level="sentence" id="markable_379" span="word_7201..word_7222" />
<markable mmax_level="sentence" id="markable_380" span="word_7223..word_7253" />
<markable mmax_level="sentence" id="markable_381" span="word_7254..word_7268" />
<markable mmax_level="sentence" id="markable_382" span="word_7269..word_7310" />
<markable mmax_level="sentence" id="markable_383" span="word_7311..word_7322" />
<markable mmax_level="sentence" id="markable_384" span="word_7323..word_7347" />
<markable mmax_level="sentence" id="markable_385" span="word_7348..word_7374" />
<markable mmax_level="sentence" id="markable_386" span="word_7375..word_7396" />
<markable mmax_level="sentence" id="markable_387" span="word_7397..word_7430" />
<markable mmax_level="sentence" id="markable_388" span="word_7431..word_7442" />
<markable mmax_level="sentence" id="markable_389" span="word_7443..word_7462" />
<markable mmax_level="sentence" id="markable_390" span="word_7463..word_7477" />
<markable mmax_level="sentence" id="markable_391" span="word_7478..word_7485" />
<markable mmax_level="sentence" id="markable_392" span="word_7486..word_7507" />
<markable mmax_level="sentence" id="markable_393" span="word_7508..word_7526" />
<markable mmax_level="sentence" id="markable_394" span="word_7527..word_7592" />
<markable mmax_level="sentence" id="markable_395" span="word_7593..word_7608" />
<markable mmax_level="sentence" id="markable_396" span="word_7609..word_7641" />
<markable mmax_level="sentence" id="markable_397" span="word_7642..word_7657" />
<markable mmax_level="sentence" id="markable_398" span="word_7658..word_7665" />
<markable mmax_level="sentence" id="markable_399" span="word_7666..word_7693" />
<markable mmax_level="sentence" id="markable_400" span="word_7694..word_7698" />
<markable mmax_level="sentence" id="markable_401" span="word_7699..word_7712" />
<markable mmax_level="sentence" id="markable_402" span="word_7713..word_7747" />
<markable mmax_level="sentence" id="markable_403" span="word_7748..word_7755" />
<markable mmax_level="sentence" id="markable_404" span="word_7756..word_7773" />
<markable mmax_level="sentence" id="markable_405" span="word_7774..word_7805" />
<markable mmax_level="sentence" id="markable_406" span="word_7806..word_7822" />
<markable mmax_level="sentence" id="markable_407" span="word_7823..word_7856" />
<markable mmax_level="sentence" id="markable_408" span="word_7857..word_7894" />
<markable mmax_level="sentence" id="markable_409" span="word_7895..word_7920" />
<markable mmax_level="sentence" id="markable_410" span="word_7921..word_7939" />
<markable mmax_level="sentence" id="markable_411" span="word_7940..word_8066" />
<markable mmax_level="sentence" id="markable_412" span="word_8067..word_8085" />
<markable mmax_level="sentence" id="markable_413" span="word_8086..word_8114" />
<markable mmax_level="sentence" id="markable_414" span="word_8115..word_8133" />
<markable mmax_level="sentence" id="markable_415" span="word_8134..word_8142" />
<markable mmax_level="sentence" id="markable_416" span="word_8143..word_8151" />
<markable mmax_level="sentence" id="markable_417" span="word_8152..word_8165" />
<markable mmax_level="sentence" id="markable_418" span="word_8166..word_8176" />
<markable mmax_level="sentence" id="markable_419" span="word_8177..word_8239" />
<markable mmax_level="sentence" id="markable_420" span="word_8240..word_8281" />
<markable mmax_level="sentence" id="markable_421" span="word_8282..word_8301" />
<markable mmax_level="sentence" id="markable_422" span="word_8302..word_8341" />
<markable mmax_level="sentence" id="markable_423" span="word_8342..word_8377" />
<markable mmax_level="sentence" id="markable_424" span="word_8378..word_8385" />
<markable mmax_level="sentence" id="markable_425" span="word_8386..word_8408" />
<markable mmax_level="sentence" id="markable_426" span="word_8409..word_8423" />
<markable mmax_level="sentence" id="markable_427" span="word_8424..word_8459" />
<markable mmax_level="sentence" id="markable_428" span="word_8460..word_8493" />
<markable mmax_level="sentence" id="markable_429" span="word_8494..word_8517" />
<markable mmax_level="sentence" id="markable_430" span="word_8518..word_8572" />
<markable mmax_level="sentence" id="markable_431" span="word_8573..word_8600" />
<markable mmax_level="sentence" id="markable_432" span="word_8601..word_8618" />
<markable mmax_level="sentence" id="markable_433" span="word_8619..word_8673" />
<markable mmax_level="sentence" id="markable_434" span="word_8674..word_8703" />
<markable mmax_level="sentence" id="markable_435" span="word_8704..word_8714" />
<markable mmax_level="sentence" id="markable_436" span="word_8715..word_8755" />
<markable mmax_level="sentence" id="markable_437" span="word_8756..word_8812" />
<markable mmax_level="sentence" id="markable_438" span="word_8813..word_8832" />
<markable mmax_level="sentence" id="markable_439" span="word_8833..word_8840" />
<markable mmax_level="sentence" id="markable_440" span="word_8841..word_8854" />
<markable mmax_level="sentence" id="markable_441" span="word_8855..word_8888" />
<markable mmax_level="sentence" id="markable_442" span="word_8889..word_8904" />
<markable mmax_level="sentence" id="markable_443" span="word_8905..word_8920" />
<markable mmax_level="sentence" id="markable_444" span="word_8921..word_8922" />
<markable mmax_level="sentence" id="markable_445" span="word_8923..word_8935" />
<markable mmax_level="sentence" id="markable_446" span="word_8936..word_8941" />
<markable mmax_level="sentence" id="markable_447" span="word_8942..word_8950" />
<markable mmax_level="sentence" id="markable_448" span="word_8951..word_8976" />
<markable mmax_level="sentence" id="markable_449" span="word_8977..word_8999" />
<markable mmax_level="sentence" id="markable_450" span="word_9000..word_9034" />
<markable mmax_level="sentence" id="markable_451" span="word_9035..word_9040" />
<markable mmax_level="sentence" id="markable_452" span="word_9041..word_9049" />
<markable mmax_level="sentence" id="markable_453" span="word_9050..word_9070" />
<markable mmax_level="sentence" id="markable_454" span="word_9071..word_9076" />
<markable mmax_level="sentence" id="markable_455" span="word_9077..word_9095" />
<markable mmax_level="sentence" id="markable_456" span="word_9096..word_9110" />
<markable mmax_level="sentence" id="markable_457" span="word_9111..word_9135" />
<markable mmax_level="sentence" id="markable_458" span="word_9136..word_9159" />
<markable mmax_level="sentence" id="markable_459" span="word_9160..word_9177" />
<markable mmax_level="sentence" id="markable_460" span="word_9178..word_9194" />
<markable mmax_level="sentence" id="markable_461" span="word_9195..word_9215" />
<markable mmax_level="sentence" id="markable_462" span="word_9216..word_9234" />
<markable mmax_level="sentence" id="markable_463" span="word_9235..word_9240" />
<markable mmax_level="sentence" id="markable_464" span="word_9241..word_9278" />
<markable mmax_level="sentence" id="markable_465" span="word_9279..word_9297" />
<markable mmax_level="sentence" id="markable_466" span="word_9298..word_9306" />
<markable mmax_level="sentence" id="markable_467" span="word_9307..word_9358" />
<markable mmax_level="sentence" id="markable_468" span="word_9359..word_9362" />
<markable mmax_level="sentence" id="markable_469" span="word_9363..word_9373" />
<markable mmax_level="sentence" id="markable_470" span="word_9374..word_9390" />
<markable mmax_level="sentence" id="markable_471" span="word_9391..word_9395" />
<markable mmax_level="sentence" id="markable_472" span="word_9396..word_9416" />
<markable mmax_level="sentence" id="markable_473" span="word_9417..word_9433" />
<markable mmax_level="sentence" id="markable_474" span="word_9434..word_9461" />
<markable mmax_level="sentence" id="markable_475" span="word_9462..word_9471" />
<markable mmax_level="sentence" id="markable_476" span="word_9472..word_9483" />
<markable mmax_level="sentence" id="markable_477" span="word_9484..word_9506" />
<markable mmax_level="sentence" id="markable_478" span="word_9507..word_9582" />
<markable mmax_level="sentence" id="markable_479" span="word_9583..word_9615" />
<markable mmax_level="sentence" id="markable_480" span="word_9616..word_9648" />
<markable mmax_level="sentence" id="markable_481" span="word_9649..word_9723" />
<markable mmax_level="sentence" id="markable_482" span="word_9724..word_9751" />
<markable mmax_level="sentence" id="markable_483" span="word_9752..word_9768" />
<markable mmax_level="sentence" id="markable_484" span="word_9769..word_9798" />
<markable mmax_level="sentence" id="markable_485" span="word_9799..word_9816" />
<markable mmax_level="sentence" id="markable_486" span="word_9817..word_9840" />
<markable mmax_level="sentence" id="markable_487" span="word_9841..word_9863" />
<markable mmax_level="sentence" id="markable_488" span="word_9864..word_9883" />
<markable mmax_level="sentence" id="markable_489" span="word_9884..word_9897" />
<markable mmax_level="sentence" id="markable_490" span="word_9898..word_9910" />
<markable mmax_level="sentence" id="markable_491" span="word_9911..word_9935" />
<markable mmax_level="sentence" id="markable_492" span="word_9936..word_9957" />
<markable mmax_level="sentence" id="markable_493" span="word_9958..word_9966" />
<markable mmax_level="sentence" id="markable_494" span="word_9967..word_9972" />
<markable mmax_level="sentence" id="markable_495" span="word_9973..word_9991" />
<markable mmax_level="sentence" id="markable_496" span="word_9992..word_10011" />
<markable mmax_level="sentence" id="markable_497" span="word_10012..word_10027" />
<markable mmax_level="sentence" id="markable_498" span="word_10028..word_10045" />
<markable mmax_level="sentence" id="markable_499" span="word_10046..word_10047" />
<markable mmax_level="sentence" id="markable_500" span="word_10048..word_10062" />
<markable mmax_level="sentence" id="markable_501" span="word_10063..word_10069" />
<markable mmax_level="sentence" id="markable_502" span="word_10070..word_10103" />
<markable mmax_level="sentence" id="markable_503" span="word_10104..word_10105" />
<markable mmax_level="sentence" id="markable_504" span="word_10106..word_10131" />
<markable mmax_level="sentence" id="markable_505" span="word_10132..word_10161" />
<markable mmax_level="sentence" id="markable_506" span="word_10162..word_10178" />
<markable mmax_level="sentence" id="markable_507" span="word_10179..word_10192" />
<markable mmax_level="sentence" id="markable_508" span="word_10193..word_10220" />
<markable mmax_level="sentence" id="markable_509" span="word_10221..word_10245" />
<markable mmax_level="sentence" id="markable_510" span="word_10246..word_10324" />
<markable mmax_level="sentence" id="markable_511" span="word_10325..word_10335" />
<markable mmax_level="sentence" id="markable_512" span="word_10336..word_10386" />
<markable mmax_level="sentence" id="markable_513" span="word_10387..word_10412" />
<markable mmax_level="sentence" id="markable_514" span="word_10413..word_10460" />
<markable mmax_level="sentence" id="markable_515" span="word_10461..word_10466" />
<markable mmax_level="sentence" id="markable_516" span="word_10467..word_10468" />
<markable mmax_level="sentence" id="markable_517" span="word_10469..word_10470" />
<markable mmax_level="sentence" id="markable_518" span="word_10471..word_10474" />
<markable mmax_level="sentence" id="markable_519" span="word_10475..word_10484" />
<markable mmax_level="sentence" id="markable_520" span="word_10485..word_10490" />
<markable mmax_level="sentence" id="markable_521" span="word_10491..word_10518" />
<markable mmax_level="sentence" id="markable_522" span="word_10519..word_10624" />
<markable mmax_level="sentence" id="markable_523" span="word_10625..word_10641" />
<markable mmax_level="sentence" id="markable_524" span="word_10642..word_10757" />
<markable mmax_level="sentence" id="markable_525" span="word_10758..word_10785" />
<markable mmax_level="sentence" id="markable_526" span="word_10786..word_10788" />
<markable mmax_level="sentence" id="markable_527" span="word_10789..word_10792" />
<markable mmax_level="sentence" id="markable_528" span="word_10793..word_10852" />
<markable mmax_level="sentence" id="markable_529" span="word_10853..word_10904" />
<markable mmax_level="sentence" id="markable_530" span="word_10905..word_10915" />
<markable mmax_level="sentence" id="markable_531" span="word_10916..word_10938" />
<markable mmax_level="sentence" id="markable_532" span="word_10939..word_10975" />
<markable mmax_level="sentence" id="markable_533" span="word_10976..word_10984" />
<markable mmax_level="sentence" id="markable_534" span="word_10985..word_10998" />
<markable mmax_level="sentence" id="markable_535" span="word_10999..word_11033" />
<markable mmax_level="sentence" id="markable_536" span="word_11034..word_11086" />
<markable mmax_level="sentence" id="markable_537" span="word_11087..word_11121" />
<markable mmax_level="sentence" id="markable_538" span="word_11122..word_11161" />
<markable mmax_level="sentence" id="markable_539" span="word_11162..word_11169" />
<markable mmax_level="sentence" id="markable_540" span="word_11170..word_11181" />
<markable mmax_level="sentence" id="markable_541" span="word_11182..word_11219" />
<markable mmax_level="sentence" id="markable_542" span="word_11220..word_11233" />
<markable mmax_level="sentence" id="markable_543" span="word_11234..word_11251" />
<markable mmax_level="sentence" id="markable_544" span="word_11252..word_11266" />
<markable mmax_level="sentence" id="markable_545" span="word_11267..word_11278" />
<markable mmax_level="sentence" id="markable_546" span="word_11279..word_11288" />
<markable mmax_level="sentence" id="markable_547" span="word_11289..word_11312" />
<markable mmax_level="sentence" id="markable_548" span="word_11313..word_11323" />
<markable mmax_level="sentence" id="markable_549" span="word_11324..word_11329" />
<markable mmax_level="sentence" id="markable_550" span="word_11330..word_11341" />
<markable mmax_level="sentence" id="markable_551" span="word_11342..word_11353" />
<markable mmax_level="sentence" id="markable_552" span="word_11354..word_11375" />
<markable mmax_level="sentence" id="markable_553" span="word_11376..word_11381" />
<markable mmax_level="sentence" id="markable_554" span="word_11382..word_11389" />
<markable mmax_level="sentence" id="markable_555" span="word_11390..word_11412" />
<markable mmax_level="sentence" id="markable_556" span="word_11413..word_11439" />
<markable mmax_level="sentence" id="markable_557" span="word_11440..word_11462" />
<markable mmax_level="sentence" id="markable_558" span="word_11463..word_11464" />
<markable mmax_level="sentence" id="markable_559" span="word_11465..word_11467" />
<markable mmax_level="sentence" id="markable_560" span="word_11468..word_11482" />
<markable mmax_level="sentence" id="markable_561" span="word_11483..word_11488" />
<markable mmax_level="sentence" id="markable_562" span="word_11489..word_11502" />
<markable mmax_level="sentence" id="markable_563" span="word_11503..word_11539" />
<markable mmax_level="sentence" id="markable_564" span="word_11540..word_11564" />
<markable mmax_level="sentence" id="markable_565" span="word_11565..word_11579" />
<markable mmax_level="sentence" id="markable_566" span="word_11580..word_11585" />
<markable mmax_level="sentence" id="markable_567" span="word_11586..word_11594" />
<markable mmax_level="sentence" id="markable_568" span="word_11595..word_11607" />
<markable mmax_level="sentence" id="markable_569" span="word_11608..word_11631" />
<markable mmax_level="sentence" id="markable_570" span="word_11632..word_11644" />
<markable mmax_level="sentence" id="markable_571" span="word_11645..word_11663" />
<markable mmax_level="sentence" id="markable_572" span="word_11664..word_11669" />
<markable mmax_level="sentence" id="markable_573" span="word_11670..word_11697" />
<markable mmax_level="sentence" id="markable_574" span="word_11698..word_11710" />
<markable mmax_level="sentence" id="markable_575" span="word_11711..word_11713" />
<markable mmax_level="sentence" id="markable_576" span="word_11714..word_11732" />
<markable mmax_level="sentence" id="markable_577" span="word_11733..word_11761" />
<markable mmax_level="sentence" id="markable_578" span="word_11762..word_11771" />
<markable mmax_level="sentence" id="markable_579" span="word_11772..word_11780" />
<markable mmax_level="sentence" id="markable_580" span="word_11781..word_11802" />
<markable mmax_level="sentence" id="markable_581" span="word_11803..word_11815" />
<markable mmax_level="sentence" id="markable_582" span="word_11816..word_11826" />
<markable mmax_level="sentence" id="markable_583" span="word_11827..word_11833" />
<markable mmax_level="sentence" id="markable_584" span="word_11834..word_11841" />
<markable mmax_level="sentence" id="markable_585" span="word_11842..word_11852" />
<markable mmax_level="sentence" id="markable_586" span="word_11853..word_11856" />
<markable mmax_level="sentence" id="markable_587" span="word_11857..word_11871" />
<markable mmax_level="sentence" id="markable_588" span="word_11872..word_11886" />
<markable mmax_level="sentence" id="markable_589" span="word_11887..word_11898" />
<markable mmax_level="sentence" id="markable_590" span="word_11899..word_11904" />
<markable mmax_level="sentence" id="markable_591" span="word_11905..word_11915" />
<markable mmax_level="sentence" id="markable_592" span="word_11916..word_11945" />
<markable mmax_level="sentence" id="markable_593" span="word_11946..word_11957" />
<markable mmax_level="sentence" id="markable_594" span="word_11958..word_11964" />
<markable mmax_level="sentence" id="markable_595" span="word_11965..word_11971" />
<markable mmax_level="sentence" id="markable_596" span="word_11972..word_11993" />
<markable mmax_level="sentence" id="markable_597" span="word_11994..word_11999" />
<markable mmax_level="sentence" id="markable_598" span="word_12000..word_12012" />
<markable mmax_level="sentence" id="markable_599" span="word_12013..word_12017" />
<markable mmax_level="sentence" id="markable_600" span="word_12018..word_12034" />
<markable mmax_level="sentence" id="markable_601" span="word_12035..word_12050" />
<markable mmax_level="sentence" id="markable_602" span="word_12051..word_12059" />
<markable mmax_level="sentence" id="markable_603" span="word_12060..word_12069" />
<markable mmax_level="sentence" id="markable_604" span="word_12070..word_12078" />
<markable mmax_level="sentence" id="markable_605" span="word_12079..word_12088" />
<markable mmax_level="sentence" id="markable_606" span="word_12089..word_12106" />
<markable mmax_level="sentence" id="markable_607" span="word_12107..word_12124" />
<markable mmax_level="sentence" id="markable_608" span="word_12125..word_12144" />
<markable mmax_level="sentence" id="markable_609" span="word_12145..word_12170" />
<markable mmax_level="sentence" id="markable_610" span="word_12171..word_12176" />
<markable mmax_level="sentence" id="markable_611" span="word_12177..word_12204" />
<markable mmax_level="sentence" id="markable_612" span="word_12205..word_12229" />
<markable mmax_level="sentence" id="markable_613" span="word_12230..word_12237" />
<markable mmax_level="sentence" id="markable_614" span="word_12238..word_12279" />
<markable mmax_level="sentence" id="markable_615" span="word_12280..word_12309" />
<markable mmax_level="sentence" id="markable_616" span="word_12310..word_12329" />
<markable mmax_level="sentence" id="markable_617" span="word_12330..word_12341" />
<markable mmax_level="sentence" id="markable_618" span="word_12342..word_12369" />
<markable mmax_level="sentence" id="markable_619" span="word_12370..word_12387" />
<markable mmax_level="sentence" id="markable_620" span="word_12388..word_12411" />
<markable mmax_level="sentence" id="markable_621" span="word_12412..word_12437" />
<markable mmax_level="sentence" id="markable_622" span="word_12438..word_12444" />
<markable mmax_level="sentence" id="markable_623" span="word_12445..word_12453" />
<markable mmax_level="sentence" id="markable_624" span="word_12454..word_12493" />
<markable mmax_level="sentence" id="markable_625" span="word_12494..word_12521" />
<markable mmax_level="sentence" id="markable_626" span="word_12522..word_12530" />
<markable mmax_level="sentence" id="markable_627" span="word_12531..word_12564" />
<markable mmax_level="sentence" id="markable_628" span="word_12565..word_12580" />
<markable mmax_level="sentence" id="markable_629" span="word_12581..word_12590" />
<markable mmax_level="sentence" id="markable_630" span="word_12591..word_12592" />
<markable mmax_level="sentence" id="markable_631" span="word_12593..word_12613" />
<markable mmax_level="sentence" id="markable_632" span="word_12614..word_12647" />
<markable mmax_level="sentence" id="markable_633" span="word_12648..word_12676" />
<markable mmax_level="sentence" id="markable_634" span="word_12677..word_12689" />
<markable mmax_level="sentence" id="markable_635" span="word_12690..word_12723" />
<markable mmax_level="sentence" id="markable_636" span="word_12724..word_12728" />
<markable mmax_level="sentence" id="markable_637" span="word_12729..word_12744" />
<markable mmax_level="sentence" id="markable_638" span="word_12745..word_12764" />
<markable mmax_level="sentence" id="markable_639" span="word_12765..word_12790" />
<markable mmax_level="sentence" id="markable_640" span="word_12791..word_12797" />
<markable mmax_level="sentence" id="markable_641" span="word_12798..word_12820" />
<markable mmax_level="sentence" id="markable_642" span="word_12821..word_12829" />
<markable mmax_level="sentence" id="markable_643" span="word_12830..word_12839" />
<markable mmax_level="sentence" id="markable_644" span="word_12840..word_12850" />
<markable mmax_level="sentence" id="markable_645" span="word_12851..word_12859" />
<markable mmax_level="sentence" id="markable_646" span="word_12860..word_12864" />
<markable mmax_level="sentence" id="markable_647" span="word_12865..word_12872" />
<markable mmax_level="sentence" id="markable_648" span="word_12873..word_12881" />
<markable mmax_level="sentence" id="markable_649" span="word_12882..word_12897" />
<markable mmax_level="sentence" id="markable_650" span="word_12898..word_12906" />
<markable mmax_level="sentence" id="markable_651" span="word_12907..word_12913" />
<markable mmax_level="sentence" id="markable_652" span="word_12914..word_12918" />
<markable mmax_level="sentence" id="markable_653" span="word_12919..word_12922" />
<markable mmax_level="sentence" id="markable_654" span="word_12923..word_12942" />
<markable mmax_level="sentence" id="markable_655" span="word_12943..word_12950" />
<markable mmax_level="sentence" id="markable_656" span="word_12951..word_12960" />
<markable mmax_level="sentence" id="markable_657" span="word_12961..word_12969" />
<markable mmax_level="sentence" id="markable_658" span="word_12970..word_12989" />
<markable mmax_level="sentence" id="markable_659" span="word_12990..word_12997" />
<markable mmax_level="sentence" id="markable_660" span="word_12998..word_13008" />
<markable mmax_level="sentence" id="markable_661" span="word_13009..word_13020" />
<markable mmax_level="sentence" id="markable_662" span="word_13021..word_13031" />
<markable mmax_level="sentence" id="markable_663" span="word_13032..word_13039" />
<markable mmax_level="sentence" id="markable_664" span="word_13040..word_13043" />
<markable mmax_level="sentence" id="markable_665" span="word_13044..word_13051" />
<markable mmax_level="sentence" id="markable_666" span="word_13052..word_13077" />
<markable mmax_level="sentence" id="markable_667" span="word_13078..word_13083" />
<markable mmax_level="sentence" id="markable_668" span="word_13084..word_13089" />
<markable mmax_level="sentence" id="markable_669" span="word_13090..word_13102" />
<markable mmax_level="sentence" id="markable_670" span="word_13103..word_13116" />
<markable mmax_level="sentence" id="markable_671" span="word_13117..word_13128" />
<markable mmax_level="sentence" id="markable_672" span="word_13129..word_13136" />
<markable mmax_level="sentence" id="markable_673" span="word_13137..word_13143" />
<markable mmax_level="sentence" id="markable_674" span="word_13144..word_13152" />
<markable mmax_level="sentence" id="markable_675" span="word_13153..word_13158" />
<markable mmax_level="sentence" id="markable_676" span="word_13159..word_13166" />
<markable mmax_level="sentence" id="markable_677" span="word_13167..word_13178" />
<markable mmax_level="sentence" id="markable_678" span="word_13179..word_13197" />
<markable mmax_level="sentence" id="markable_679" span="word_13198..word_13200" />
<markable mmax_level="sentence" id="markable_680" span="word_13201..word_13216" />
<markable mmax_level="sentence" id="markable_681" span="word_13217..word_13221" />
<markable mmax_level="sentence" id="markable_682" span="word_13222..word_13232" />
<markable mmax_level="sentence" id="markable_683" span="word_13233..word_13237" />
<markable mmax_level="sentence" id="markable_684" span="word_13238..word_13257" />
<markable mmax_level="sentence" id="markable_685" span="word_13258..word_13273" />
<markable mmax_level="sentence" id="markable_686" span="word_13274..word_13294" />
<markable mmax_level="sentence" id="markable_687" span="word_13295..word_13310" />
<markable mmax_level="sentence" id="markable_688" span="word_13311..word_13318" />
<markable mmax_level="sentence" id="markable_689" span="word_13319..word_13358" />
<markable mmax_level="sentence" id="markable_690" span="word_13359..word_13364" />
<markable mmax_level="sentence" id="markable_691" span="word_13365..word_13403" />
<markable mmax_level="sentence" id="markable_692" span="word_13404..word_13412" />
<markable mmax_level="sentence" id="markable_693" span="word_13413..word_13415" />
<markable mmax_level="sentence" id="markable_694" span="word_13416..word_13421" />
<markable mmax_level="sentence" id="markable_695" span="word_13422..word_13445" />
<markable mmax_level="sentence" id="markable_696" span="word_13446..word_13459" />
<markable mmax_level="sentence" id="markable_697" span="word_13460..word_13476" />
<markable mmax_level="sentence" id="markable_698" span="word_13477..word_13489" />
<markable mmax_level="sentence" id="markable_699" span="word_13490..word_13498" />
<markable mmax_level="sentence" id="markable_700" span="word_13499..word_13500" />
<markable mmax_level="sentence" id="markable_701" span="word_13501..word_13512" />
<markable mmax_level="sentence" id="markable_702" span="word_13513..word_13536" />
<markable mmax_level="sentence" id="markable_703" span="word_13537..word_13542" />
<markable mmax_level="sentence" id="markable_704" span="word_13543..word_13544" />
<markable mmax_level="sentence" id="markable_705" span="word_13545..word_13563" />
<markable mmax_level="sentence" id="markable_706" span="word_13564..word_13578" />
<markable mmax_level="sentence" id="markable_707" span="word_13579..word_13609" />
<markable mmax_level="sentence" id="markable_708" span="word_13610..word_13640" />
<markable mmax_level="sentence" id="markable_709" span="word_13641..word_13669" />
<markable mmax_level="sentence" id="markable_710" span="word_13670..word_13708" />
<markable mmax_level="sentence" id="markable_711" span="word_13709..word_13722" />
<markable mmax_level="sentence" id="markable_712" span="word_13723..word_13732" />
<markable mmax_level="sentence" id="markable_713" span="word_13733..word_13757" />
<markable mmax_level="sentence" id="markable_714" span="word_13758..word_13779" />
<markable mmax_level="sentence" id="markable_715" span="word_13780..word_13804" />
<markable mmax_level="sentence" id="markable_716" span="word_13805..word_13814" />
<markable mmax_level="sentence" id="markable_717" span="word_13815..word_13828" />
<markable mmax_level="sentence" id="markable_718" span="word_13829..word_13830" />
<markable mmax_level="sentence" id="markable_719" span="word_13831..word_13849" />
<markable mmax_level="sentence" id="markable_720" span="word_13850..word_13865" />
<markable mmax_level="sentence" id="markable_721" span="word_13866..word_13900" />
<markable mmax_level="sentence" id="markable_722" span="word_13901..word_13938" />
<markable mmax_level="sentence" id="markable_723" span="word_13939..word_13947" />
<markable mmax_level="sentence" id="markable_724" span="word_13948..word_13974" />
<markable mmax_level="sentence" id="markable_725" span="word_13975..word_13979" />
<markable mmax_level="sentence" id="markable_726" span="word_13980..word_13984" />
<markable mmax_level="sentence" id="markable_727" span="word_13985..word_13991" />
<markable mmax_level="sentence" id="markable_728" span="word_13992..word_14011" />
<markable mmax_level="sentence" id="markable_729" span="word_14012..word_14013" />
<markable mmax_level="sentence" id="markable_730" span="word_14014..word_14050" />
<markable mmax_level="sentence" id="markable_731" span="word_14051..word_14086" />
<markable mmax_level="sentence" id="markable_732" span="word_14087..word_14126" />
<markable mmax_level="sentence" id="markable_733" span="word_14127..word_14141" />
<markable mmax_level="sentence" id="markable_734" span="word_14142..word_14163" />
<markable mmax_level="sentence" id="markable_735" span="word_14164..word_14169" />
<markable mmax_level="sentence" id="markable_736" span="word_14170..word_14185" />
<markable mmax_level="sentence" id="markable_737" span="word_14186..word_14211" />
<markable mmax_level="sentence" id="markable_738" span="word_14212..word_14213" />
<markable mmax_level="sentence" id="markable_739" span="word_14214..word_14247" />
<markable mmax_level="sentence" id="markable_740" span="word_14248..word_14259" />
<markable mmax_level="sentence" id="markable_741" span="word_14260..word_14264" />
<markable mmax_level="sentence" id="markable_742" span="word_14265..word_14284" />
<markable mmax_level="sentence" id="markable_743" span="word_14285..word_14324" />
<markable mmax_level="sentence" id="markable_744" span="word_14325..word_14341" />
<markable mmax_level="sentence" id="markable_745" span="word_14342..word_14359" />
<markable mmax_level="sentence" id="markable_746" span="word_14360..word_14380" />
<markable mmax_level="sentence" id="markable_747" span="word_14381..word_14408" />
<markable mmax_level="sentence" id="markable_748" span="word_14409..word_14410" />
<markable mmax_level="sentence" id="markable_749" span="word_14411..word_14418" />
<markable mmax_level="sentence" id="markable_750" span="word_14419..word_14444" />
<markable mmax_level="sentence" id="markable_751" span="word_14445..word_14460" />
<markable mmax_level="sentence" id="markable_752" span="word_14461..word_14498" />
<markable mmax_level="sentence" id="markable_753" span="word_14499..word_14526" />
<markable mmax_level="sentence" id="markable_754" span="word_14527..word_14550" />
<markable mmax_level="sentence" id="markable_755" span="word_14551..word_14575" />
<markable mmax_level="sentence" id="markable_756" span="word_14576..word_14615" />
<markable mmax_level="sentence" id="markable_757" span="word_14616..word_14642" />
<markable mmax_level="sentence" id="markable_758" span="word_14643..word_14663" />
<markable mmax_level="sentence" id="markable_759" span="word_14664..word_14695" />
<markable mmax_level="sentence" id="markable_760" span="word_14696..word_14702" />
<markable mmax_level="sentence" id="markable_761" span="word_14703..word_14720" />
<markable mmax_level="sentence" id="markable_762" span="word_14721..word_14754" />
<markable mmax_level="sentence" id="markable_763" span="word_14755..word_14788" />
<markable mmax_level="sentence" id="markable_764" span="word_14789..word_14845" />
<markable mmax_level="sentence" id="markable_765" span="word_14846..word_14860" />
<markable mmax_level="sentence" id="markable_766" span="word_14861..word_14876" />
<markable mmax_level="sentence" id="markable_767" span="word_14877..word_14894" />
<markable mmax_level="sentence" id="markable_768" span="word_14895..word_14909" />
<markable mmax_level="sentence" id="markable_769" span="word_14910..word_14914" />
<markable mmax_level="sentence" id="markable_770" span="word_14915..word_14916" />
<markable mmax_level="sentence" id="markable_771" span="word_14917..word_14924" />
<markable mmax_level="sentence" id="markable_772" span="word_14925..word_14926" />
<markable mmax_level="sentence" id="markable_773" span="word_14927..word_14939" />
<markable mmax_level="sentence" id="markable_774" span="word_14940..word_14965" />
<markable mmax_level="sentence" id="markable_775" span="word_14966..word_15016" />
<markable mmax_level="sentence" id="markable_776" span="word_15017..word_15033" />
<markable mmax_level="sentence" id="markable_777" span="word_15034..word_15059" />
<markable mmax_level="sentence" id="markable_778" span="word_15060..word_15076" />
<markable mmax_level="sentence" id="markable_779" span="word_15077..word_15102" />
<markable mmax_level="sentence" id="markable_780" span="word_15103..word_15125" />
<markable mmax_level="sentence" id="markable_781" span="word_15126..word_15136" />
<markable mmax_level="sentence" id="markable_782" span="word_15137..word_15161" />
<markable mmax_level="sentence" id="markable_783" span="word_15162..word_15170" />
<markable mmax_level="sentence" id="markable_784" span="word_15171..word_15189" />
<markable mmax_level="sentence" id="markable_785" span="word_15190..word_15226" />
<markable mmax_level="sentence" id="markable_786" span="word_15227..word_15256" />
<markable mmax_level="sentence" id="markable_787" span="word_15257..word_15268" />
<markable mmax_level="sentence" id="markable_788" span="word_15269..word_15283" />
<markable mmax_level="sentence" id="markable_789" span="word_15284..word_15297" />
<markable mmax_level="sentence" id="markable_790" span="word_15298..word_15313" />
<markable mmax_level="sentence" id="markable_791" span="word_15314..word_15343" />
<markable mmax_level="sentence" id="markable_792" span="word_15344..word_15362" />
<markable mmax_level="sentence" id="markable_793" span="word_15363..word_15382" />
<markable mmax_level="sentence" id="markable_794" span="word_15383..word_15393" />
<markable mmax_level="sentence" id="markable_795" span="word_15394..word_15429" />
<markable mmax_level="sentence" id="markable_796" span="word_15430..word_15444" />
<markable mmax_level="sentence" id="markable_797" span="word_15445..word_15476" />
<markable mmax_level="sentence" id="markable_798" span="word_15477..word_15484" />
<markable mmax_level="sentence" id="markable_799" span="word_15485..word_15496" />
<markable mmax_level="sentence" id="markable_800" span="word_15497..word_15528" />
<markable mmax_level="sentence" id="markable_801" span="word_15529..word_15536" />
<markable mmax_level="sentence" id="markable_802" span="word_15537..word_15558" />
<markable mmax_level="sentence" id="markable_803" span="word_15559..word_15583" />
<markable mmax_level="sentence" id="markable_804" span="word_15584..word_15596" />
<markable mmax_level="sentence" id="markable_805" span="word_15597..word_15623" />
<markable mmax_level="sentence" id="markable_806" span="word_15624..word_15643" />
<markable mmax_level="sentence" id="markable_807" span="word_15644..word_15674" />
<markable mmax_level="sentence" id="markable_808" span="word_15675..word_15678" />
<markable mmax_level="sentence" id="markable_809" span="word_15679..word_15685" />
<markable mmax_level="sentence" id="markable_810" span="word_15686..word_15700" />
<markable mmax_level="sentence" id="markable_811" span="word_15701..word_15719" />
<markable mmax_level="sentence" id="markable_812" span="word_15720..word_15724" />
<markable mmax_level="sentence" id="markable_813" span="word_15725..word_15731" />
<markable mmax_level="sentence" id="markable_814" span="word_15732..word_15746" />
<markable mmax_level="sentence" id="markable_815" span="word_15747..word_15763" />
<markable mmax_level="sentence" id="markable_816" span="word_15764..word_15768" />
<markable mmax_level="sentence" id="markable_817" span="word_15769..word_15790" />
<markable mmax_level="sentence" id="markable_818" span="word_15791..word_15793" />
<markable mmax_level="sentence" id="markable_819" span="word_15794..word_15823" />
<markable mmax_level="sentence" id="markable_820" span="word_15824..word_15841" />
<markable mmax_level="sentence" id="markable_821" span="word_15842..word_15852" />
<markable mmax_level="sentence" id="markable_822" span="word_15853..word_15866" />
<markable mmax_level="sentence" id="markable_823" span="word_15867..word_15883" />
<markable mmax_level="sentence" id="markable_824" span="word_15884..word_15900" />
<markable mmax_level="sentence" id="markable_825" span="word_15901..word_15969" />
<markable mmax_level="sentence" id="markable_826" span="word_15970..word_15987" />
<markable mmax_level="sentence" id="markable_827" span="word_15988..word_16013" />
<markable mmax_level="sentence" id="markable_828" span="word_16014..word_16030" />
<markable mmax_level="sentence" id="markable_829" span="word_16031..word_16046" />
<markable mmax_level="sentence" id="markable_830" span="word_16047..word_16053" />
<markable mmax_level="sentence" id="markable_831" span="word_16054..word_16091" />
<markable mmax_level="sentence" id="markable_832" span="word_16092..word_16103" />
<markable mmax_level="sentence" id="markable_833" span="word_16104..word_16115" />
<markable mmax_level="sentence" id="markable_834" span="word_16116..word_16125" />
<markable mmax_level="sentence" id="markable_835" span="word_16126..word_16140" />
<markable mmax_level="sentence" id="markable_836" span="word_16141..word_16145" />
<markable mmax_level="sentence" id="markable_837" span="word_16146..word_16211" />
<markable mmax_level="sentence" id="markable_838" span="word_16212..word_16312" />
<markable mmax_level="sentence" id="markable_839" span="word_16313..word_16327" />
<markable mmax_level="sentence" id="markable_840" span="word_16328..word_16349" />
</markables>