<?xml version="1.0" encoding="UTF-8"?>
<!DOCTYPE words SYSTEM "words.dtd">
<words><word id="word_1">Dienas</word>
<word id="word_2">Bizness</word>
<word id="word_3">(</word>
<word id="word_4">Saldo</word>
<word id="word_5">)</word>
<word id="word_6">:</word>
<word id="word_7">Starp</word>
<word id="word_8">tehnoloģijām</word>
<word id="word_9">un</word>
<word id="word_10">cilvēkiem</word>
<word id="word_11">07</word>
<word id="word_12">Feb</word>
<word id="word_13">2013</word>
<word id="word_14">Par</word>
<word id="word_15">grāmatveža</word>
<word id="word_16">darbu</word>
<word id="word_17">&quot;</word>
<word id="word_18">Saldo</word>
<word id="word_19">&quot;</word>
<word id="word_20">stāsta</word>
<word id="word_21">finanšu</word>
<word id="word_22">vadības</word>
<word id="word_23">uzņēmuma</word>
<word id="word_24">&quot;</word>
<word id="word_25">Primum</word>
<word id="word_26">&quot;</word>
<word id="word_27">valdes</word>
<word id="word_28">priekšsēdētājs</word>
<word id="word_29">Raivo</word>
<word id="word_30">Pede</word>
<word id="word_31">.</word>
<word id="word_32">Vaicāts</word>
<word id="word_33">,</word>
<word id="word_34">kas</word>
<word id="word_35">grāmatvedi</word>
<word id="word_36">padara</word>
<word id="word_37">par</word>
<word id="word_38">labu</word>
<word id="word_39">grāmatvedi</word>
<word id="word_40">,</word>
<word id="word_41">kurš</word>
<word id="word_42">var</word>
<word id="word_43">pretendēt</word>
<word id="word_44">uz</word>
<word id="word_45">konsultanta</word>
<word id="word_46">statusu</word>
<word id="word_47">,</word>
<word id="word_48">viņš</word>
<word id="word_49">atbild</word>
<word id="word_50">,</word>
<word id="word_51">ņemot</word>
<word id="word_52">vērā</word>
<word id="word_53">&quot;</word>
<word id="word_54">Primum</word>
<word id="word_55">&quot;</word>
<word id="word_56">pieredzi</word>
<word id="word_57">-</word>
<word id="word_58">bez</word>
<word id="word_59">pozitīvas</word>
<word id="word_60">attieksmes</word>
<word id="word_61">un</word>
<word id="word_62">vēlmes</word>
<word id="word_63">mācīties</word>
<word id="word_64">nav</word>
<word id="word_65">iespējama</word>
<word id="word_66">izaugsme</word>
<word id="word_67">.</word>
<word id="word_68">Tāpat</word>
<word id="word_69">grāmatvedim</word>
<word id="word_70">jābūt</word>
<word id="word_71">ar</word>
<word id="word_72">labām</word>
<word id="word_73">komunikācijas</word>
<word id="word_74">spējām</word>
<word id="word_75">,</word>
<word id="word_76">jo</word>
<word id="word_77">viņš</word>
<word id="word_78">nereti</word>
<word id="word_79">ir</word>
<word id="word_80">tas</word>
<word id="word_81">,</word>
<word id="word_82">kurš</word>
<word id="word_83">komunicē</word>
<word id="word_84">ar</word>
<word id="word_85">klientiem</word>
<word id="word_86">.</word>
<word id="word_87">R.</word>
<word id="word_88">Pede</word>
<word id="word_89">norāda</word>
<word id="word_90">,</word>
<word id="word_91">ka</word>
<word id="word_92">grāmatvedība</word>
<word id="word_93">no</word>
<word id="word_94">darbietilpīgas</word>
<word id="word_95">kļūst</word>
<word id="word_96">par</word>
<word id="word_97">tehnoloģisku</word>
<word id="word_98">un</word>
<word id="word_99">kapitālietilpīgu</word>
<word id="word_100">nozari</word>
<word id="word_101">.</word>
</words>