<?xml version="1.0" encoding="UTF-8"?>
<!DOCTYPE words SYSTEM "words.dtd">
<words><word id="word_1">Dienas</word>
<word id="word_2">Bizness</word>
<word id="word_3">(</word>
<word id="word_4">Saldo</word>
<word id="word_5">)</word>
<word id="word_6">:</word>
<word id="word_7">Latvijas</word>
<word id="word_8">Banka</word>
<word id="word_9">nemaina</word>
<word id="word_10">procentu</word>
<word id="word_11">likmes</word>
<word id="word_12">07</word>
<word id="word_13">Feb</word>
<word id="word_14">2013</word>
<word id="word_15">Kā</word>
<word id="word_16">ziņo</word>
<word id="word_17">&quot;</word>
<word id="word_18">Dienas</word>
<word id="word_19">Biznesa</word>
<word id="word_20">&quot;</word>
<word id="word_21">pielikums</word>
<word id="word_22">&quot;</word>
<word id="word_23">Saldo</word>
<word id="word_24">&quot;</word>
<word id="word_25">,</word>
<word id="word_26">Latvijas</word>
<word id="word_27">Bankas</word>
<word id="word_28">(</word>
<word id="word_29">LB</word>
<word id="word_30">)</word>
<word id="word_31">padome</word>
<word id="word_32">24.</word>
<word id="word_33">janvāra</word>
<word id="word_34">sēdē</word>
<word id="word_35">nolēmusi</word>
<word id="word_36">nemainīt</word>
<word id="word_37">LB</word>
<word id="word_38">noteiktās</word>
<word id="word_39">procentu</word>
<word id="word_40">likmes</word>
<word id="word_41">un</word>
<word id="word_42">obligāto</word>
<word id="word_43">rezervju</word>
<word id="word_44">normu</word>
<word id="word_45">.</word>
<word id="word_46">Lai_gan</word>
<word id="word_47">2013.</word>
<word id="word_48">gadā</word>
<word id="word_49">sagaidāms</word>
<word id="word_50">mērens</word>
<word id="word_51">iekšējā</word>
<word id="word_52">pieprasījuma</word>
<word id="word_53">un</word>
<word id="word_54">patēriņa</word>
<word id="word_55">kāpums</word>
<word id="word_56">ienākumu</word>
<word id="word_57">pieauguma</word>
<word id="word_58">dēļ</word>
<word id="word_59">,</word>
<word id="word_60">LB</word>
<word id="word_61">padome</word>
<word id="word_62">uzskata</word>
<word id="word_63">,</word>
<word id="word_64">ka</word>
<word id="word_65">nopietni</word>
<word id="word_66">riski</word>
<word id="word_67">cenu</word>
<word id="word_68">stabilitātei</word>
<word id="word_69">vidējā</word>
<word id="word_70">termiņā</word>
<word id="word_71">nepastāv</word>
<word id="word_72">un</word>
<word id="word_73">gada</word>
<word id="word_74">vidējā</word>
<word id="word_75">inflācija</word>
<word id="word_76">ir</word>
<word id="word_77">sagaidāma</word>
<word id="word_78">zema</word>
<word id="word_79">-</word>
<word id="word_80">LB</word>
<word id="word_81">pamatprognoze</word>
<word id="word_82">ir</word>
<word id="word_83">2</word>
<word id="word_84">%</word>
<word id="word_85">.</word>
</words>