<?xml version="1.0" encoding="UTF-8"?>
<!DOCTYPE words SYSTEM "words.dtd">
<words><word id="word_1">Dienas</word>
<word id="word_2">Bizness</word>
<word id="word_3">:</word>
<word id="word_4">Aktīvie</word>
<word id="word_5">augšot</word>
<word id="word_6">straujāk</word>
<word id="word_7">07</word>
<word id="word_8">Feb</word>
<word id="word_9">2013</word>
<word id="word_10">&quot;</word>
<word id="word_11">Dienas</word>
<word id="word_12">Bizness</word>
<word id="word_13">&quot;</word>
<word id="word_14">vēsta</word>
<word id="word_15">,</word>
<word id="word_16">ka</word>
<word id="word_17">šogad</word>
<word id="word_18">sabalansēto</word>
<word id="word_19">pensiju</word>
<word id="word_20">plānu</word>
<word id="word_21">izaugsme</word>
<word id="word_22">noplakšot</word>
<word id="word_23">.</word>
<word id="word_24">&quot;</word>
<word id="word_25">Nordea</word>
<word id="word_26">Pensions</word>
<word id="word_27">Latvija</word>
<word id="word_28">&quot;</word>
<word id="word_29">valdes</word>
<word id="word_30">loceklis</word>
<word id="word_31">Iļja</word>
<word id="word_32">Arafjevs</word>
<word id="word_33">norāda</word>
<word id="word_34">,</word>
<word id="word_35">ka</word>
<word id="word_36">pensiju</word>
<word id="word_37">3.</word>
<word id="word_38">līmeņa</word>
<word id="word_39">uzkrājumus</word>
<word id="word_40">vēl</word>
<word id="word_41">bremzēs</word>
<word id="word_42">tas</word>
<word id="word_43">,</word>
<word id="word_44">ka</word>
<word id="word_45">liela</word>
<word id="word_46">daļa</word>
<word id="word_47">iedzīvotāju</word>
<word id="word_48">neuzticas</word>
<word id="word_49">pensiju</word>
<word id="word_50">sistēmai</word>
<word id="word_51">.</word>
<word id="word_52">Pēdējos</word>
<word id="word_53">gados</word>
<word id="word_54">pensijām</word>
<word id="word_55">vairāk</word>
<word id="word_56">uzkrāj</word>
<word id="word_57">privātpersonas</word>
<word id="word_58">,</word>
<word id="word_59">nevis</word>
<word id="word_60">darba</word>
<word id="word_61">devēji</word>
<word id="word_62">,</word>
<word id="word_63">to</word>
<word id="word_64">apstiprina</word>
<word id="word_65">arī</word>
<word id="word_66">&quot;</word>
<word id="word_67">SEB</word>
<word id="word_68">&quot;</word>
<word id="word_69">pensiju</word>
<word id="word_70">fonda</word>
<word id="word_71">valdes</word>
<word id="word_72">priekšsēdētāja</word>
<word id="word_73">Dace</word>
<word id="word_74">Brencēna</word>
<word id="word_75">.</word>
<word id="word_76">Eksperti</word>
<word id="word_77">norāda</word>
<word id="word_78">,</word>
<word id="word_79">ka</word>
<word id="word_80">finanšu</word>
<word id="word_81">tirgos</word>
<word id="word_82">daudz</word>
<word id="word_83">ko</word>
<word id="word_84">noteiks</word>
<word id="word_85">tas</word>
<word id="word_86">,</word>
<word id="word_87">vai</word>
<word id="word_88">ASV</word>
<word id="word_89">sāks</word>
<word id="word_90">risināt</word>
<word id="word_91">budžeta</word>
<word id="word_92">problēmas</word>
<word id="word_93">,</word>
<word id="word_94">kā_arī</word>
<word id="word_95">eirozonas</word>
<word id="word_96">situācija</word>
<word id="word_97">.</word>
</words>