<?xml version="1.0" encoding="UTF-8"?>
<!DOCTYPE markables SYSTEM "markables.dtd">
<markables xmlns="www.eml.org/NameSpaces/coref">
<markable id="markable_19" span="word_106..word_108" coref_class="empty"  category="sum"  mmax_level="coref"  rule="none"  type="none" />
<markable id="markable_8" span="word_1..word_2" coref_class="empty"  category="media"  mmax_level="coref"  rule="none"  type="none" />
<markable id="markable_9" span="word_6..word_8" coref_class="empty"  category="time"  mmax_level="coref"  rule="none"  type="none" />
<markable id="markable_16" span="word_59" coref_class="empty"  category="location"  mmax_level="coref"  rule="none"  type="none" />
<markable id="markable_24" span="word_128..word_130" coref_class="empty"  category="sum"  mmax_level="coref"  rule="none"  type="none" />
<markable id="markable_15" span="word_43" coref_class="empty"  category="organization"  mmax_level="coref"  rule="none"  type="none" />
<markable id="markable_18" span="word_78..word_81" coref_class="empty"  category="time"  mmax_level="coref"  rule="none"  type="none" />
<markable id="markable_22" span="word_124" coref_class="empty"  category="location"  mmax_level="coref"  rule="none"  type="none" />
<markable id="markable_17" span="word_60" coref_class="empty"  category="location"  mmax_level="coref"  rule="none"  type="none" />
<markable id="markable_12" span="word_23..word_24" coref_class="empty"  category="organization"  mmax_level="coref"  rule="none"  type="none" />
<markable id="markable_11" span="word_16..word_17" coref_class="empty"  category="location"  mmax_level="coref"  rule="none"  type="none" />
<markable id="markable_14" span="word_39..word_40" coref_class="empty"  category="media"  mmax_level="coref"  rule="none"  type="none" />
<markable id="markable_13" span="word_28" coref_class="empty"  category="organization"  mmax_level="coref"  rule="none"  type="none" />
<markable id="markable_10" span="word_15" coref_class="empty"  category="location"  mmax_level="coref"  rule="none"  type="none" />
<markable id="markable_21" span="word_123" coref_class="empty"  category="organization"  mmax_level="coref"  rule="none"  type="none" />
<markable id="markable_20" span="word_113..word_114" coref_class="empty"  category="media"  mmax_level="coref"  rule="none"  type="none" />
</markables>