<?xml version="1.0" encoding="UTF-8"?>
<!DOCTYPE words SYSTEM "words.dtd">
<words><word id="word_1">Dienas</word>
<word id="word_2">Bizness</word>
<word id="word_3">:</word>
<word id="word_4">Superdārgā</word>
<word id="word_5">nelaime</word>
<word id="word_6">07</word>
<word id="word_7">Feb</word>
<word id="word_8">2013</word>
<word id="word_9">Divarpus</word>
<word id="word_10">gadus</word>
<word id="word_11">pēc</word>
<word id="word_12">naftas</word>
<word id="word_13">noplūdes</word>
<word id="word_14">apturēšanas</word>
<word id="word_15">ASV</word>
<word id="word_16">Meksikas</word>
<word id="word_17">līcī</word>
<word id="word_18">no</word>
<word id="word_19">pašas</word>
<word id="word_20">vaininieces</word>
<word id="word_21">&apos;</word>
<word id="word_22">&apos;</word>
<word id="word_23">British</word>
<word id="word_24">Petroleum</word>
<word id="word_25">&apos;</word>
<word id="word_26">&apos;</word>
<word id="word_27">(</word>
<word id="word_28">BP</word>
<word id="word_29">)</word>
<word id="word_30">soda</word>
<word id="word_31">naudās</word>
<word id="word_32">turpina</word>
<word id="word_33">aizplūst</word>
<word id="word_34">desmitiem</word>
<word id="word_35">miljardu</word>
<word id="word_36">,</word>
<word id="word_37">vēsta</word>
<word id="word_38">&quot;</word>
<word id="word_39">Dienas</word>
<word id="word_40">Bizness</word>
<word id="word_41">&quot;</word>
<word id="word_42">.</word>
<word id="word_43">BP</word>
<word id="word_44">paziņojusi</word>
<word id="word_45">,</word>
<word id="word_46">ka</word>
<word id="word_47">rēķinās</word>
<word id="word_48">ar</word>
<word id="word_49">soda</word>
<word id="word_50">naudu</word>
<word id="word_51">pamatīgu</word>
<word id="word_52">pārskatīšanu</word>
<word id="word_53">uz</word>
<word id="word_54">augšu</word>
<word id="word_55">.</word>
<word id="word_56">Pašreizējā</word>
<word id="word_57">intriga</word>
<word id="word_58">ir</word>
<word id="word_59">ASV</word>
<word id="word_60">Ņūorleānā</word>
<word id="word_61">gaidāmā</word>
<word id="word_62">tiesa</word>
<word id="word_63">,</word>
<word id="word_64">kurai</word>
<word id="word_65">jānotiek</word>
<word id="word_66">līdz</word>
<word id="word_67">mēneša</word>
<word id="word_68">beigām</word>
<word id="word_69">.</word>
<word id="word_70">Valsts</word>
<word id="word_71">,</word>
<word id="word_72">pašvaldības</word>
<word id="word_73">,</word>
<word id="word_74">uzņēmumi</word>
<word id="word_75">un</word>
<word id="word_76">privātpersonas</word>
<word id="word_77">par</word>
<word id="word_78">2010.</word>
<word id="word_79">gada</word>
<word id="word_80">20.</word>
<word id="word_81">aprīlī</word>
<word id="word_82">notikušās</word>
<word id="word_83">naftas</word>
<word id="word_84">noplūdes</word>
<word id="word_85">sekām</word>
<word id="word_86">,</word>
<word id="word_87">kas</word>
<word id="word_88">prasīja</word>
<word id="word_89">11</word>
<word id="word_90">cilvēku</word>
<word id="word_91">dzīvības</word>
<word id="word_92">,</word>
<word id="word_93">daudzu</word>
<word id="word_94">biznesu</word>
<word id="word_95">apstāšanos</word>
<word id="word_96">un</word>
<word id="word_97">milzīgus</word>
<word id="word_98">dabas</word>
<word id="word_99">postījumus</word>
<word id="word_100">,</word>
<word id="word_101">no</word>
<word id="word_102">kompānijas</word>
<word id="word_103">varētu</word>
<word id="word_104">paģērēt</word>
<word id="word_105">vēl</word>
<word id="word_106">34</word>
<word id="word_107">mljrd.</word>
<word id="word_108">dolāru</word>
<word id="word_109">,</word>
<word id="word_110">ziņo</word>
<word id="word_111">&apos;</word>
<word id="word_112">&apos;</word>
<word id="word_113">Financial</word>
<word id="word_114">Times</word>
<word id="word_115">&apos;</word>
<word id="word_116">&apos;</word>
<word id="word_117">.</word>
<word id="word_118">Tiek</word>
<word id="word_119">lēsts</word>
<word id="word_120">,</word>
<word id="word_121">ka</word>
<word id="word_122">kopumā</word>
<word id="word_123">BP</word>
<word id="word_124">Makondo</word>
<word id="word_125">nelaime</word>
<word id="word_126">izmaksās</word>
<word id="word_127">virs</word>
<word id="word_128">90</word>
<word id="word_129">mljrd.</word>
<word id="word_130">dolāru</word>
<word id="word_131">.</word>
</words>