<?xml version="1.0" encoding="UTF-8"?>
<!DOCTYPE words SYSTEM "words.dtd">
<words><word id="word_1">Dienas</word>
<word id="word_2">Bizness</word>
<word id="word_3">:</word>
<word id="word_4">&quot;</word>
<word id="word_5">Mēs</word>
<word id="word_6">esam</word>
<word id="word_7">leģions</word>
<word id="word_8">&quot;</word>
<word id="word_9">08</word>
<word id="word_10">Feb</word>
<word id="word_11">2013</word>
<word id="word_12">&quot;</word>
<word id="word_13">Dienas</word>
<word id="word_14">Bizness</word>
<word id="word_15">&quot;</word>
<word id="word_16">vēsta</word>
<word id="word_17">,</word>
<word id="word_18">ka</word>
<word id="word_19">būt</word>
<word id="word_20">par</word>
<word id="word_21">varoni</word>
<word id="word_22">un</word>
<word id="word_23">taisnības</word>
<word id="word_24">cīnītāju</word>
<word id="word_25">ir</word>
<word id="word_26">ne_vien</word>
<word id="word_27">zēna</word>
<word id="word_28">un</word>
<word id="word_29">meitenes</word>
<word id="word_30">sapnis</word>
<word id="word_31">,</word>
<word id="word_32">un</word>
<word id="word_33">tagad</word>
<word id="word_34">ja</word>
<word id="word_35">vien</word>
<word id="word_36">šiem</word>
<word id="word_37">zēniem</word>
<word id="word_38">un</word>
<word id="word_39">meitenēm</word>
<word id="word_40">ir</word>
<word id="word_41">zināmas</word>
<word id="word_42">iemaņas</word>
<word id="word_43">un</word>
<word id="word_44">vēlmes</word>
<word id="word_45">,</word>
<word id="word_46">jebkurš</word>
<word id="word_47">var</word>
<word id="word_48">kļūt</word>
<word id="word_49">par</word>
<word id="word_50">vājo</word>
<word id="word_51">aizstāvi</word>
<word id="word_52">un</word>
<word id="word_53">korumpēto</word>
<word id="word_54">valdību</word>
<word id="word_55">gāzēju</word>
<word id="word_56">...</word>
<word id="word_57">un</word>
<word id="word_58">arī</word>
<word id="word_59">pats</word>
<word id="word_60">kļūt</word>
<word id="word_61">par</word>
<word id="word_62">noziedzinieku</word>
<word id="word_63">.</word>
<word id="word_64">&quot;</word>
<word id="word_65">Anonymous</word>
<word id="word_66">&quot;</word>
<word id="word_67">-</word>
<word id="word_68">tie</word>
<word id="word_69">ir</word>
<word id="word_70">interneta</word>
<word id="word_71">uzraugi</word>
<word id="word_72">,</word>
<word id="word_73">aktīvisti</word>
<word id="word_74">,</word>
<word id="word_75">interneta</word>
<word id="word_76">sirdsapziņa</word>
<word id="word_77">-</word>
<word id="word_78">neviens</word>
<word id="word_79">eksperts</word>
<word id="word_80">tā</word>
<word id="word_81">īsti</word>
<word id="word_82">nav</word>
<word id="word_83">nodefinējis</word>
<word id="word_84">šo</word>
<word id="word_85">cilvēku</word>
<word id="word_86">grupu</word>
<word id="word_87">.</word>
<word id="word_88">Kustības</word>
<word id="word_89">nosaukums</word>
<word id="word_90">radies</word>
<word id="word_91">no</word>
<word id="word_92">vietnēm</word>
<word id="word_93">,</word>
<word id="word_94">kur</word>
<word id="word_95">to</word>
<word id="word_96">lietotāji</word>
<word id="word_97">savā</word>
<word id="word_98">starpā</word>
<word id="word_99">komunicē</word>
<word id="word_100">,</word>
<word id="word_101">izmantojot</word>
<word id="word_102">attēlus</word>
<word id="word_103">,</word>
<word id="word_104">dažādus</word>
<word id="word_105">grafiskus</word>
<word id="word_106">ziņojumus</word>
<word id="word_107">,</word>
<word id="word_108">kas</word>
<word id="word_109">tiek</word>
<word id="word_110">publiskoti</word>
<word id="word_111">anonīmi</word>
<word id="word_112">.</word>
</words>