<?xml version="1.0" encoding="UTF-8"?>
<!DOCTYPE markables SYSTEM "markables.dtd">
<markables xmlns="www.eml.org/NameSpaces/sentence">
<markable mmax_level="sentence" id="markable_1" span="word_1..word_10" />
<markable mmax_level="sentence" id="markable_2" span="word_11..word_13" />
<markable mmax_level="sentence" id="markable_3" span="word_14..word_26" />
<markable mmax_level="sentence" id="markable_4" span="word_27..word_31" />
<markable mmax_level="sentence" id="markable_5" span="word_32..word_46" />
<markable mmax_level="sentence" id="markable_6" span="word_47..word_79" />
<markable mmax_level="sentence" id="markable_7" span="word_80..word_87" />
<markable mmax_level="sentence" id="markable_8" span="word_88..word_104" />
<markable mmax_level="sentence" id="markable_9" span="word_105..word_117" />
<markable mmax_level="sentence" id="markable_10" span="word_118..word_127" />
<markable mmax_level="sentence" id="markable_11" span="word_128..word_139" />
<markable mmax_level="sentence" id="markable_12" span="word_140..word_146" />
<markable mmax_level="sentence" id="markable_13" span="word_147..word_161" />
<markable mmax_level="sentence" id="markable_14" span="word_162..word_169" />
<markable mmax_level="sentence" id="markable_15" span="word_170" />
<markable mmax_level="sentence" id="markable_16" span="word_171..word_185" />
<markable mmax_level="sentence" id="markable_17" span="word_186..word_209" />
<markable mmax_level="sentence" id="markable_18" span="word_210..word_225" />
<markable mmax_level="sentence" id="markable_19" span="word_226..word_248" />
<markable mmax_level="sentence" id="markable_20" span="word_249..word_251" />
<markable mmax_level="sentence" id="markable_21" span="word_252..word_261" />
<markable mmax_level="sentence" id="markable_22" span="word_262..word_286" />
<markable mmax_level="sentence" id="markable_23" span="word_287..word_310" />
<markable mmax_level="sentence" id="markable_24" span="word_311..word_322" />
<markable mmax_level="sentence" id="markable_25" span="word_323..word_330" />
<markable mmax_level="sentence" id="markable_26" span="word_331..word_336" />
<markable mmax_level="sentence" id="markable_27" span="word_337..word_362" />
<markable mmax_level="sentence" id="markable_28" span="word_363..word_372" />
<markable mmax_level="sentence" id="markable_29" span="word_373..word_386" />
<markable mmax_level="sentence" id="markable_30" span="word_387..word_391" />
<markable mmax_level="sentence" id="markable_31" span="word_392..word_424" />
<markable mmax_level="sentence" id="markable_32" span="word_425..word_430" />
<markable mmax_level="sentence" id="markable_33" span="word_431..word_454" />
<markable mmax_level="sentence" id="markable_34" span="word_455..word_460" />
<markable mmax_level="sentence" id="markable_35" span="word_461..word_477" />
<markable mmax_level="sentence" id="markable_36" span="word_478..word_509" />
<markable mmax_level="sentence" id="markable_37" span="word_510..word_519" />
<markable mmax_level="sentence" id="markable_38" span="word_520..word_550" />
<markable mmax_level="sentence" id="markable_39" span="word_551..word_564" />
<markable mmax_level="sentence" id="markable_40" span="word_565..word_578" />
<markable mmax_level="sentence" id="markable_41" span="word_579..word_585" />
<markable mmax_level="sentence" id="markable_42" span="word_586" />
<markable mmax_level="sentence" id="markable_43" span="word_587..word_597" />
<markable mmax_level="sentence" id="markable_44" span="word_598..word_608" />
<markable mmax_level="sentence" id="markable_45" span="word_609..word_619" />
<markable mmax_level="sentence" id="markable_46" span="word_620..word_635" />
<markable mmax_level="sentence" id="markable_47" span="word_636..word_654" />
<markable mmax_level="sentence" id="markable_48" span="word_655..word_669" />
<markable mmax_level="sentence" id="markable_49" span="word_670..word_682" />
<markable mmax_level="sentence" id="markable_50" span="word_683..word_686" />
<markable mmax_level="sentence" id="markable_51" span="word_687..word_689" />
<markable mmax_level="sentence" id="markable_52" span="word_690..word_710" />
<markable mmax_level="sentence" id="markable_53" span="word_711..word_732" />
<markable mmax_level="sentence" id="markable_54" span="word_733..word_759" />
<markable mmax_level="sentence" id="markable_55" span="word_760..word_768" />
<markable mmax_level="sentence" id="markable_56" span="word_769" />
<markable mmax_level="sentence" id="markable_57" span="word_770..word_784" />
<markable mmax_level="sentence" id="markable_58" span="word_785..word_792" />
<markable mmax_level="sentence" id="markable_59" span="word_793..word_803" />
<markable mmax_level="sentence" id="markable_60" span="word_804..word_809" />
<markable mmax_level="sentence" id="markable_61" span="word_810..word_830" />
<markable mmax_level="sentence" id="markable_62" span="word_831..word_854" />
<markable mmax_level="sentence" id="markable_63" span="word_855..word_862" />
<markable mmax_level="sentence" id="markable_64" span="word_863..word_865" />
<markable mmax_level="sentence" id="markable_65" span="word_866..word_874" />
<markable mmax_level="sentence" id="markable_66" span="word_875..word_882" />
<markable mmax_level="sentence" id="markable_67" span="word_883..word_896" />
<markable mmax_level="sentence" id="markable_68" span="word_897..word_910" />
<markable mmax_level="sentence" id="markable_69" span="word_911..word_925" />
<markable mmax_level="sentence" id="markable_70" span="word_926..word_936" />
<markable mmax_level="sentence" id="markable_71" span="word_937..word_946" />
<markable mmax_level="sentence" id="markable_72" span="word_947" />
<markable mmax_level="sentence" id="markable_73" span="word_948..word_964" />
<markable mmax_level="sentence" id="markable_74" span="word_965..word_980" />
<markable mmax_level="sentence" id="markable_75" span="word_981..word_1010" />
<markable mmax_level="sentence" id="markable_76" span="word_1011..word_1035" />
<markable mmax_level="sentence" id="markable_77" span="word_1036..word_1037" />
<markable mmax_level="sentence" id="markable_78" span="word_1038..word_1055" />
<markable mmax_level="sentence" id="markable_79" span="word_1056..word_1081" />
<markable mmax_level="sentence" id="markable_80" span="word_1082..word_1103" />
<markable mmax_level="sentence" id="markable_81" span="word_1104..word_1114" />
<markable mmax_level="sentence" id="markable_82" span="word_1115..word_1130" />
<markable mmax_level="sentence" id="markable_83" span="word_1131..word_1140" />
<markable mmax_level="sentence" id="markable_84" span="word_1141..word_1171" />
<markable mmax_level="sentence" id="markable_85" span="word_1172..word_1197" />
<markable mmax_level="sentence" id="markable_86" span="word_1198..word_1202" />
<markable mmax_level="sentence" id="markable_87" span="word_1203..word_1206" />
<markable mmax_level="sentence" id="markable_88" span="word_1207..word_1238" />
<markable mmax_level="sentence" id="markable_89" span="word_1239..word_1249" />
<markable mmax_level="sentence" id="markable_90" span="word_1250..word_1263" />
<markable mmax_level="sentence" id="markable_91" span="word_1264..word_1272" />
<markable mmax_level="sentence" id="markable_92" span="word_1273..word_1280" />
<markable mmax_level="sentence" id="markable_93" span="word_1281..word_1293" />
<markable mmax_level="sentence" id="markable_94" span="word_1294..word_1308" />
<markable mmax_level="sentence" id="markable_95" span="word_1309..word_1332" />
<markable mmax_level="sentence" id="markable_96" span="word_1333..word_1346" />
<markable mmax_level="sentence" id="markable_97" span="word_1347..word_1367" />
<markable mmax_level="sentence" id="markable_98" span="word_1368..word_1375" />
<markable mmax_level="sentence" id="markable_99" span="word_1376..word_1383" />
<markable mmax_level="sentence" id="markable_100" span="word_1384" />
<markable mmax_level="sentence" id="markable_101" span="word_1385..word_1402" />
<markable mmax_level="sentence" id="markable_102" span="word_1403..word_1411" />
<markable mmax_level="sentence" id="markable_103" span="word_1412..word_1430" />
<markable mmax_level="sentence" id="markable_104" span="word_1431..word_1454" />
<markable mmax_level="sentence" id="markable_105" span="word_1455..word_1472" />
<markable mmax_level="sentence" id="markable_106" span="word_1473..word_1480" />
<markable mmax_level="sentence" id="markable_107" span="word_1481..word_1489" />
<markable mmax_level="sentence" id="markable_108" span="word_1490" />
<markable mmax_level="sentence" id="markable_109" span="word_1491..word_1521" />
<markable mmax_level="sentence" id="markable_110" span="word_1522..word_1539" />
<markable mmax_level="sentence" id="markable_111" span="word_1540..word_1556" />
<markable mmax_level="sentence" id="markable_112" span="word_1557" />
</markables>