<?xml version="1.0" encoding="UTF-8"?>
<!DOCTYPE words SYSTEM "words.dtd">
<words><word id="word_1">Latvijas</word>
<word id="word_2">Avīze</word>
<word id="word_3">:</word>
<word id="word_4">Eirovīzijas</word>
<word id="word_5">favorīti</word>
<word id="word_6">11</word>
<word id="word_7">Feb</word>
<word id="word_8">2013</word>
<word id="word_9">Jautāju</word>
<word id="word_10">mūsu</word>
<word id="word_11">lasītājiem</word>
<word id="word_12">,</word>
<word id="word_13">kā</word>
<word id="word_14">patika</word>
<word id="word_15">Eirovīzijas</word>
<word id="word_16">nacionālās</word>
<word id="word_17">atlases</word>
<word id="word_18">koncerti</word>
<word id="word_19">un</word>
<word id="word_20">par</word>
<word id="word_21">kuru</word>
<word id="word_22">dziesmu</word>
<word id="word_23">turēsiet</word>
<word id="word_24">īkšķus</word>
<word id="word_25">finālā</word>
<word id="word_26">.</word>
<word id="word_27">Raivo</word>
<word id="word_28">Freimanis</word>
<word id="word_29">,</word>
<word id="word_30">videooperators</word>
<word id="word_31">:</word>
<word id="word_32">&quot;</word>
<word id="word_33">Neesmu</word>
<word id="word_34">šādas</word>
<word id="word_35">mūzikas</word>
<word id="word_36">cienītājs</word>
<word id="word_37">un</word>
<word id="word_38">aktualitātēm</word>
<word id="word_39">Eirovīzijā</word>
<word id="word_40">īpaši</word>
<word id="word_41">nesekoju</word>
<word id="word_42">,</word>
<word id="word_43">taču</word>
<word id="word_44">intereses</word>
<word id="word_45">pēc</word>
<word id="word_46">noskatījos</word>
<word id="word_47">pirmo</word>
<word id="word_48">daļu</word>
<word id="word_49">,</word>
<word id="word_50">kas</word>
<word id="word_51">bija</word>
<word id="word_52">piektdien</word>
<word id="word_53">.</word>
<word id="word_54">Īkšķus</word>
<word id="word_55">neturēju</word>
<word id="word_56">un</word>
<word id="word_57">nebalsoju</word>
<word id="word_58">,</word>
<word id="word_59">taču</word>
<word id="word_60">mani</word>
<word id="word_61">ļoti</word>
<word id="word_62">pārsteidza</word>
<word id="word_63">&quot;</word>
<word id="word_64">PER</word>
<word id="word_65">&quot;</word>
<word id="word_66">,</word>
<word id="word_67">kas</word>
<word id="word_68">,</word>
<word id="word_69">sajaucot</word>
<word id="word_70">dažādus</word>
<word id="word_71">stilus</word>
<word id="word_72">,</word>
<word id="word_73">spēja</word>
<word id="word_74">radīt</word>
<word id="word_75">tiešām</word>
<word id="word_76">ļoti</word>
<word id="word_77">baudāmu</word>
<word id="word_78">un</word>
<word id="word_79">kvalitatīvu</word>
<word id="word_80">skaņdarbu</word>
<word id="word_81">.</word>
<word id="word_82">Viena</word>
<word id="word_83">no</word>
<word id="word_84">favorītēm</word>
<word id="word_85">noteikti</word>
<word id="word_86">ir</word>
<word id="word_87">arī</word>
<word id="word_88">Tīna</word>
<word id="word_89">.</word>
<word id="word_90">Diemžēl</word>
<word id="word_91">koncerta</word>
<word id="word_92">laikā</word>
<word id="word_93">viņai</word>
<word id="word_94">nobruka</word>
<word id="word_95">balss</word>
<word id="word_96">un</word>
<word id="word_97">dziesma</word>
<word id="word_98">vairs</word>
<word id="word_99">neskanēja</word>
<word id="word_100">tā_kā</word>
<word id="word_101">ieraksts</word>
<word id="word_102">.</word>
<word id="word_103">Arī</word>
<word id="word_104">Antrai</word>
<word id="word_105">Stafeckai</word>
<word id="word_106">bija</word>
<word id="word_107">sava</word>
<word id="word_108">odziņa</word>
<word id="word_109">,</word>
<word id="word_110">stils</word>
<word id="word_111">,</word>
<word id="word_112">laba</word>
<word id="word_113">balss</word>
<word id="word_114">.</word>
<word id="word_115">Pārējie</word>
<word id="word_116">tā</word>
<word id="word_117">saucamie</word>
<word id="word_118">mākslinieki</word>
<word id="word_119">diemžēl</word>
<word id="word_120">ar</word>
<word id="word_121">savu</word>
<word id="word_122">popielas</word>
<word id="word_123">līmeni</word>
<word id="word_124">nepārsteidza</word>
<word id="word_125">.</word>
<word id="word_126">Neskatoties</word>
<word id="word_127">uz</word>
<word id="word_128">negatīvajām</word>
<word id="word_129">atsauksmēm</word>
<word id="word_130">portālos</word>
<word id="word_131">,</word>
<word id="word_132">ļoti</word>
<word id="word_133">patika</word>
<word id="word_134">vadītāji</word>
<word id="word_135">,</word>
<word id="word_136">tāds</word>
<word id="word_137">neoficiāls</word>
<word id="word_138">,</word>
<word id="word_139">neformāls</word>
<word id="word_140">,</word>
<word id="word_141">brīvs</word>
<word id="word_142">vadīšanas</word>
<word id="word_143">stils</word>
<word id="word_144">ar</word>
<word id="word_145">nelielu</word>
<word id="word_146">humora</word>
<word id="word_147">piedevu</word>
<word id="word_148">.</word>
<word id="word_149">&quot;</word>
<word id="word_150">Biruta</word>
<word id="word_151">Bēte</word>
<word id="word_152">,</word>
<word id="word_153">gide</word>
<word id="word_154">Rīgā</word>
<word id="word_155">:</word>
<word id="word_156">&quot;</word>
<word id="word_157">Grūti</word>
<word id="word_158">pateikt</word>
<word id="word_159">.</word>
<word id="word_160">Pirmajā</word>
<word id="word_161">dienā</word>
<word id="word_162">man</word>
<word id="word_163">nepatika</word>
<word id="word_164">priekšnesumi</word>
<word id="word_165">.</word>
<word id="word_166">Varbūt</word>
<word id="word_167">vienīgi</word>
<word id="word_168">Samanta</word>
<word id="word_169">Tīna</word>
<word id="word_170">.</word>
<word id="word_171">Otrajā</word>
<word id="word_172">daļā</word>
<word id="word_173">bija</word>
<word id="word_174">vairāk</word>
<word id="word_175">interesantu</word>
<word id="word_176">dziesmu</word>
<word id="word_177">.</word>
<word id="word_178">Finālā</word>
<word id="word_179">būs</word>
<word id="word_180">grūti</word>
<word id="word_181">izšķirties</word>
<word id="word_182">,</word>
<word id="word_183">par</word>
<word id="word_184">ko</word>
<word id="word_185">balsot</word>
<word id="word_186">.</word>
<word id="word_187">&quot;</word>
<word id="word_188">Astra</word>
<word id="word_189">Goldmane</word>
<word id="word_190">Rīgā</word>
<word id="word_191">,</word>
<word id="word_192">pensionāre</word>
<word id="word_193">:</word>
<word id="word_194">&quot;</word>
<word id="word_195">Lai</word>
<word id="word_196">aizbrauktu</word>
<word id="word_197">uz</word>
<word id="word_198">Eirovīziju</word>
<word id="word_199">Zviedrijā</word>
<word id="word_200">,</word>
<word id="word_201">vajag</word>
<word id="word_202">kaut</word>
<word id="word_203">ko</word>
<word id="word_204">ekstra</word>
<word id="word_205">!</word>
<word id="word_206">Izpildījumam</word>
<word id="word_207">jābūt</word>
<word id="word_208">tādam</word>
<word id="word_209">,</word>
<word id="word_210">lai</word>
<word id="word_211">Latvija</word>
<word id="word_212">nokļūtu</word>
<word id="word_213">vismaz</word>
<word id="word_214">topa</word>
<word id="word_215">desmitniekā</word>
<word id="word_216">.</word>
<word id="word_217">Es</word>
<word id="word_218">nekādus</word>
<word id="word_219">labos</word>
<word id="word_220">rezultātus</word>
<word id="word_221">Zviedrijā</word>
<word id="word_222">Latvijai</word>
<word id="word_223">neparedzu</word>
<word id="word_224">.</word>
<word id="word_225">No</word>
<word id="word_226">redzētajiem</word>
<word id="word_227">priekšnesumiem</word>
<word id="word_228">man</word>
<word id="word_229">patika</word>
<word id="word_230">puiši</word>
<word id="word_231">no</word>
<word id="word_232">grupas</word>
<word id="word_233">&quot;</word>
<word id="word_234">PER</word>
<word id="word_235">&quot;</word>
<word id="word_236">.</word>
<word id="word_237">Neteiktu</word>
<word id="word_238">,</word>
<word id="word_239">ka</word>
<word id="word_240">viņiem</word>
<word id="word_241">ir</word>
<word id="word_242">īpaši</word>
<word id="word_243">labas</word>
<word id="word_244">balsis</word>
<word id="word_245">,</word>
<word id="word_246">bet</word>
<word id="word_247">viņi</word>
<word id="word_248">ir</word>
<word id="word_249">enerģiski</word>
<word id="word_250">un</word>
<word id="word_251">ļoti</word>
<word id="word_252">cenšas</word>
<word id="word_253">.</word>
<word id="word_254">Es</word>
<word id="word_255">par</word>
<word id="word_256">viņiem</word>
<word id="word_257">finālā</word>
<word id="word_258">balsotu</word>
<word id="word_259">.</word>
<word id="word_260">Tā</word>
<word id="word_261">tīri</word>
<word id="word_262">nekas</word>
<word id="word_263">bija</word>
<word id="word_264">arī</word>
<word id="word_265">Niko</word>
<word id="word_266">,</word>
<word id="word_267">kas</word>
<word id="word_268">labi</word>
<word id="word_269">dejoja</word>
<word id="word_270">un</word>
<word id="word_271">kam</word>
<word id="word_272">arī</word>
<word id="word_273">balss</word>
<word id="word_274">laba</word>
<word id="word_275">.</word>
<word id="word_276">Varbūt</word>
<word id="word_277">finālā</word>
<word id="word_278">sasparosies</word>
<word id="word_279">arī</word>
<word id="word_280">Tīna</word>
<word id="word_281">.</word>
<word id="word_282">Man</word>
<word id="word_283">ļoti</word>
<word id="word_284">nepatika</word>
<word id="word_285">solistes</word>
<word id="word_286">kleita</word>
<word id="word_287">no</word>
<word id="word_288">&quot;</word>
<word id="word_289">Pieneņu</word>
<word id="word_290">vīna</word>
<word id="word_291">&quot;</word>
<word id="word_292">pirmajā</word>
<word id="word_293">daļā</word>
<word id="word_294">.</word>
<word id="word_295">Kā</word>
<word id="word_296">var</word>
<word id="word_297">kaut</word>
<word id="word_298">ko</word>
<word id="word_299">tādu</word>
<word id="word_300">atļauties</word>
<word id="word_301">uzvilkt</word>
<word id="word_302">sieviete</word>
<word id="word_303">gados</word>
<word id="word_304">!</word>
<word id="word_305">Lai_gan</word>
<word id="word_306">arī</word>
<word id="word_307">viena</word>
<word id="word_308">jauna</word>
<word id="word_309">meitene</word>
<word id="word_310">pusplika</word>
<word id="word_311">lēkāja</word>
<word id="word_312">.</word>
<word id="word_313">Apģērbam</word>
<word id="word_314">taču</word>
<word id="word_315">ir</word>
<word id="word_316">jābūt</word>
<word id="word_317">atbilstošam</word>
<word id="word_318">augumam</word>
<word id="word_319">!</word>
<word id="word_320">Brīnos</word>
<word id="word_321">,</word>
<word id="word_322">kāpēc</word>
<word id="word_323">Eirovīzijā</word>
<word id="word_324">nepiedalījās</word>
<word id="word_325">Dzintars</word>
<word id="word_326">Čīča</word>
<word id="word_327">vai</word>
<word id="word_328">Dainis</word>
<word id="word_329">Skutelis</word>
<word id="word_330">.</word>
<word id="word_331">Man</word>
<word id="word_332">viņi</word>
<word id="word_333">tik</word>
<word id="word_334">ļoti</word>
<word id="word_335">patīk</word>
<word id="word_336">!</word>
<word id="word_337">Žēl</word>
<word id="word_338">,</word>
<word id="word_339">ka</word>
<word id="word_340">televīzijā</word>
<word id="word_341">viņus</word>
<word id="word_342">reti</word>
<word id="word_343">rāda</word>
<word id="word_344">.</word>
<word id="word_345">&quot;</word>
<word id="word_346">Sanita</word>
<word id="word_347">,</word>
<word id="word_348">mērniece</word>
<word id="word_349">:</word>
<word id="word_350">&quot;</word>
<word id="word_351">Eirovīzijā</word>
<word id="word_352">balsoju</word>
<word id="word_353">par</word>
<word id="word_354">grupas</word>
<word id="word_355">&quot;</word>
<word id="word_356">PER</word>
<word id="word_357">&quot;</word>
<word id="word_358">dziesmu</word>
<word id="word_359">&quot;</word>
<word id="word_360">Sad</word>
<word id="word_361">Trumpet</word>
<word id="word_362">&quot;</word>
<word id="word_363">,</word>
<word id="word_364">lai_gan</word>
<word id="word_365">prātā</word>
<word id="word_366">neviens</word>
<word id="word_367">tā</word>
<word id="word_368">īsti</word>
<word id="word_369">neaizķērās</word>
<word id="word_370">.</word>
<word id="word_371">Ar</word>
<word id="word_372">balsojuma</word>
<word id="word_373">rezultātiem</word>
<word id="word_374">esmu</word>
<word id="word_375">apmierināta</word>
<word id="word_376">.</word>
<word id="word_377">&quot;</word>
<word id="word_378">Nauris</word>
<word id="word_379">Rudzons</word>
<word id="word_380">:</word>
<word id="word_381">&quot;</word>
<word id="word_382">Es</word>
<word id="word_383">neskatījos</word>
<word id="word_384">,</word>
<word id="word_385">jo</word>
<word id="word_386">nebija</word>
<word id="word_387">laika</word>
<word id="word_388">.</word>
<word id="word_389">Dziesmas</word>
<word id="word_390">esmu</word>
<word id="word_391">dzirdējis</word>
<word id="word_392">.</word>
<word id="word_393">Iepatikās</word>
<word id="word_394">Marta</word>
<word id="word_395">Ritova</word>
<word id="word_396">ar</word>
<word id="word_397">dziesmu</word>
<word id="word_398">&quot;</word>
<word id="word_399">I</word>
<word id="word_400">am</word>
<word id="word_401">who</word>
<word id="word_402">I</word>
<word id="word_403">am</word>
<word id="word_404">&quot;</word>
<word id="word_405">.</word>
<word id="word_406">&quot;</word>
<word id="word_407">Tamāra</word>
<word id="word_408">Grigase</word>
<word id="word_409">Krāslavas</word>
<word id="word_410">novadā</word>
<word id="word_411">:</word>
<word id="word_412">&quot;</word>
<word id="word_413">Eirovīziju</word>
<word id="word_414">neskatos</word>
<word id="word_415">,</word>
<word id="word_416">nav</word>
<word id="word_417">vairs</word>
<word id="word_418">tas</word>
<word id="word_419">vecums</word>
<word id="word_420">.</word>
<word id="word_421">Bet</word>
<word id="word_422">internetā</word>
<word id="word_423">feisbukā</word>
<word id="word_424">gan</word>
<word id="word_425">es</word>
<word id="word_426">palasīju</word>
<word id="word_427">,</word>
<word id="word_428">ko</word>
<word id="word_429">par</word>
<word id="word_430">Eirovīziju</word>
<word id="word_431">raksta</word>
<word id="word_432">.</word>
<word id="word_433">Sapratu</word>
<word id="word_434">,</word>
<word id="word_435">ka</word>
<word id="word_436">tiešām</word>
<word id="word_437">nav</word>
<word id="word_438">bijis</word>
<word id="word_439">vērts</word>
<word id="word_440">skatīties</word>
<word id="word_441">,</word>
<word id="word_442">jo</word>
<word id="word_443">protam</word>
<word id="word_444">viens</word>
<word id="word_445">otru</word>
<word id="word_446">tikai</word>
<word id="word_447">apriet</word>
<word id="word_448">.</word>
<word id="word_449">Vairāk</word>
<word id="word_450">neko</word>
<word id="word_451">.</word>
<word id="word_452">Man</word>
<word id="word_453">vismaz</word>
<word id="word_454">prieks</word>
<word id="word_455">,</word>
<word id="word_456">ka</word>
<word id="word_457">Samanta</word>
<word id="word_458">Tīna</word>
<word id="word_459">ir</word>
<word id="word_460">tikusi</word>
<word id="word_461">finālā</word>
<word id="word_462">.</word>
<word id="word_463">&quot;</word>
<word id="word_464">UZZIŅA</word>
<word id="word_465">Fināla</word>
<word id="word_466">d</word>
<word id="word_467">z</word>
<word id="word_468">i</word>
<word id="word_469">e</word>
<word id="word_470">s</word>
<word id="word_471">m</word>
<word id="word_472">a</word>
<word id="word_473">s</word>
<word id="word_474">*</word>
<word id="word_475">No</word>
<word id="word_476">1.</word>
<word id="word_477">pusfināla</word>
<word id="word_478">&apos;&apos;</word>
<word id="word_479">Higher</word>
<word id="word_480">and</word>
<word id="word_481">Higher</word>
<word id="word_482">&apos;</word>
<word id="word_483">&apos;</word>
<word id="word_484">–</word>
<word id="word_485">Liene</word>
<word id="word_486">Candy</word>
<word id="word_487">&apos;&apos;</word>
<word id="word_488">I</word>
<word id="word_489">Need</word>
<word id="word_490">a</word>
<word id="word_491">Hero</word>
<word id="word_492">&apos;</word>
<word id="word_493">&apos;</word>
<word id="word_494">–</word>
<word id="word_495">Samanta</word>
<word id="word_496">Tīna</word>
<word id="word_497">&apos;&apos;</word>
<word id="word_498">Love</word>
<word id="word_499">&apos;</word>
<word id="word_500">&apos;</word>
<word id="word_501">–</word>
<word id="word_502">grupa</word>
<word id="word_503">&apos;&apos;</word>
<word id="word_504">Headline</word>
<word id="word_505">&apos;</word>
<word id="word_506">&apos;</word>
<word id="word_507">&apos;&apos;</word>
<word id="word_508">Sad</word>
<word id="word_509">Trumpet</word>
<word id="word_510">&apos;</word>
<word id="word_511">&apos;</word>
<word id="word_512">–</word>
<word id="word_513">grupa</word>
<word id="word_514">&apos;&apos;</word>
<word id="word_515">PER</word>
<word id="word_516">&apos;</word>
<word id="word_517">&apos;</word>
<word id="word_518">&apos;&apos;</word>
<word id="word_519">Upside</word>
<word id="word_520">down</word>
<word id="word_521">&apos;</word>
<word id="word_522">&apos;</word>
<word id="word_523">–</word>
<word id="word_524">Sabīne</word>
<word id="word_525">Berezina</word>
<word id="word_526">&apos;&apos;</word>
<word id="word_527">When</word>
<word id="word_528">You</word>
<word id="word_529">Are</word>
<word id="word_530">With</word>
<word id="word_531">Me</word>
<word id="word_532">&apos;</word>
<word id="word_533">&apos;</word>
<word id="word_534">–</word>
<word id="word_535">Antra</word>
<word id="word_536">Stafecka</word>
<word id="word_537">No</word>
<word id="word_538">2.</word>
<word id="word_539">pusfināla</word>
<word id="word_540">&apos;&apos;</word>
<word id="word_541">Cold</word>
<word id="word_542">heart</word>
<word id="word_543">&apos;</word>
<word id="word_544">&apos;</word>
<word id="word_545">–</word>
<word id="word_546">Ieva</word>
<word id="word_547">Sutugova</word>
<word id="word_548">&apos;&apos;</word>
<word id="word_549">Fool</word>
<word id="word_550">in</word>
<word id="word_551">Love</word>
<word id="word_552">&apos;</word>
<word id="word_553">&apos;</word>
<word id="word_554">–</word>
<word id="word_555">Dāvids</word>
<word id="word_556">Kalandija</word>
<word id="word_557">un</word>
<word id="word_558">Dināra</word>
<word id="word_559">&quot;</word>
<word id="word_560">Here</word>
<word id="word_561">we</word>
<word id="word_562">go</word>
<word id="word_563">&quot;</word>
<word id="word_564">–</word>
<word id="word_565">grupa</word>
<word id="word_566">&quot;</word>
<word id="word_567">PER</word>
<word id="word_568">&quot;</word>
<word id="word_569">&apos;&apos;</word>
<word id="word_570">I</word>
<word id="word_571">am</word>
<word id="word_572">who</word>
<word id="word_573">I</word>
<word id="word_574">am</word>
<word id="word_575">&apos;</word>
<word id="word_576">&apos;</word>
<word id="word_577">–</word>
<word id="word_578">Marta</word>
<word id="word_579">Ritova</word>
<word id="word_580">&apos;&apos;</word>
<word id="word_581">One</word>
<word id="word_582">&apos;</word>
<word id="word_583">&apos;</word>
<word id="word_584">–</word>
<word id="word_585">Niko</word>
<word id="word_586">&apos;&apos;</word>
<word id="word_587">The</word>
<word id="word_588">One</word>
<word id="word_589">&apos;</word>
<word id="word_590">&apos;</word>
<word id="word_591">–</word>
<word id="word_592">grupa</word>
<word id="word_593">&apos;&apos;</word>
<word id="word_594">Pieneņu</word>
<word id="word_595">vīns</word>
<word id="word_596">&apos;</word>
<word id="word_597">&apos;</word>
<word id="word_598">*</word>
<word id="word_599">Dziesmas</word>
<word id="word_600">nosaukums</word>
<word id="word_601">–</word>
<word id="word_602">izpildītājs</word>
</words>