<?xml version="1.0" encoding="UTF-8"?>
<!DOCTYPE words SYSTEM "words.dtd">
<words><word id="word_1">Latvijas</word>
<word id="word_2">Avīze</word>
<word id="word_3">:</word>
<word id="word_4">Prot</word>
<word id="word_5">pārdot</word>
<word id="word_6">baktērijas</word>
<word id="word_7">11</word>
<word id="word_8">Feb</word>
<word id="word_9">2013</word>
<word id="word_10">Jogurtu</word>
<word id="word_11">tirgu</word>
<word id="word_12">arvien</word>
<word id="word_13">vairāk</word>
<word id="word_14">iekaro</word>
<word id="word_15">produkti</word>
<word id="word_16">ar</word>
<word id="word_17">papildu</word>
<word id="word_18">vērtību</word>
<word id="word_19">Pasaulē</word>
<word id="word_20">veiktie</word>
<word id="word_21">patērētāju</word>
<word id="word_22">ieradumu</word>
<word id="word_23">pētījumi</word>
<word id="word_24">apliecina</word>
<word id="word_25">,</word>
<word id="word_26">ka</word>
<word id="word_27">mūsdienās</word>
<word id="word_28">cilvēki</word>
<word id="word_29">ļoti</word>
<word id="word_30">labprāt</word>
<word id="word_31">iegādājas</word>
<word id="word_32">produktus</word>
<word id="word_33">ar</word>
<word id="word_34">pievienoto</word>
<word id="word_35">vērtību</word>
<word id="word_36">–</word>
<word id="word_37">tādus</word>
<word id="word_38">,</word>
<word id="word_39">kas</word>
<word id="word_40">mazina</word>
<word id="word_41">slimību</word>
<word id="word_42">riskus</word>
<word id="word_43">,</word>
<word id="word_44">uzlabo</word>
<word id="word_45">gremošanu</word>
<word id="word_46">,</word>
<word id="word_47">nostiprina</word>
<word id="word_48">imunitāti</word>
<word id="word_49">.</word>
<word id="word_50">Turklāt</word>
<word id="word_51">,</word>
<word id="word_52">par</word>
<word id="word_53">lielu</word>
<word id="word_54">pārsteigumu</word>
<word id="word_55">pētījuma</word>
<word id="word_56">veicējiem</word>
<word id="word_57">,</word>
<word id="word_58">interese</word>
<word id="word_59">par</word>
<word id="word_60">šādiem</word>
<word id="word_61">produktiem</word>
<word id="word_62">ir</word>
<word id="word_63">vienlīdz</word>
<word id="word_64">augsta</word>
<word id="word_65">visās</word>
<word id="word_66">vecuma</word>
<word id="word_67">grupās</word>
<word id="word_68">un</word>
<word id="word_69">abos</word>
<word id="word_70">dzimumos</word>
<word id="word_71">.</word>
<word id="word_72">Patērētājiem</word>
<word id="word_73">arī</word>
<word id="word_74">tiek</word>
<word id="word_75">dota</word>
<word id="word_76">iespēja</word>
<word id="word_77">apmierināt</word>
<word id="word_78">savu</word>
<word id="word_79">vēlmi</word>
<word id="word_80">pēc</word>
<word id="word_81">produktiem</word>
<word id="word_82">ar</word>
<word id="word_83">veselībai</word>
<word id="word_84">labvēlīgajām</word>
<word id="word_85">baktērijām</word>
<word id="word_86">jeb</word>
<word id="word_87">probiotikām</word>
<word id="word_88">.</word>
<word id="word_89">Tomēr</word>
<word id="word_90">–</word>
<word id="word_91">vai</word>
<word id="word_92">,</word>
<word id="word_93">tos</word>
<word id="word_94">pērkot</word>
<word id="word_95">,</word>
<word id="word_96">lieki</word>
<word id="word_97">neizdodam</word>
<word id="word_98">naudu</word>
<word id="word_99">?</word>
<word id="word_100">Virzītājspēks</word>
<word id="word_101">–</word>
<word id="word_102">reklāmas</word>
<word id="word_103">kampaņas</word>
<word id="word_104">Latvijas</word>
<word id="word_105">Piensaimnieku</word>
<word id="word_106">centrālās</word>
<word id="word_107">savienības</word>
<word id="word_108">valdes</word>
<word id="word_109">priekšsēdētājam</word>
<word id="word_110">Jānim</word>
<word id="word_111">Šolkam</word>
<word id="word_112">jautāju</word>
<word id="word_113">–</word>
<word id="word_114">kādēļ</word>
<word id="word_115">piena</word>
<word id="word_116">pārstrādes</word>
<word id="word_117">uzņēmumi</word>
<word id="word_118">ieinteresēti</word>
<word id="word_119">ražot</word>
<word id="word_120">produkciju</word>
<word id="word_121">ar</word>
<word id="word_122">papildus</word>
<word id="word_123">pievienotām</word>
<word id="word_124">baktērijām</word>
<word id="word_125">?</word>
<word id="word_126">&quot;</word>
<word id="word_127">Mērķi</word>
<word id="word_128">ir</word>
<word id="word_129">vairāki</word>
<word id="word_130">–</word>
<word id="word_131">ar</word>
<word id="word_132">šādiem</word>
<word id="word_133">produktiem</word>
<word id="word_134">popularizēt</word>
<word id="word_135">savu</word>
<word id="word_136">vārdu</word>
<word id="word_137">,</word>
<word id="word_138">stiprināt</word>
<word id="word_139">zīmola</word>
<word id="word_140">tēlu</word>
<word id="word_141">.</word>
<word id="word_142">Jo</word>
<word id="word_143">,</word>
<word id="word_144">kā</word>
<word id="word_145">zinām</word>
<word id="word_146">,</word>
<word id="word_147">ja</word>
<word id="word_148">cilvēks</word>
<word id="word_149">atzīst</word>
<word id="word_150">kādu</word>
<word id="word_151">vienu</word>
<word id="word_152">konkrēta</word>
<word id="word_153">ražotāja</word>
<word id="word_154">produktu</word>
<word id="word_155">kā</word>
<word id="word_156">labu</word>
<word id="word_157">,</word>
<word id="word_158">tad</word>
<word id="word_159">tiks</word>
<word id="word_160">atzīti</word>
<word id="word_161">arī</word>
<word id="word_162">citi</word>
<word id="word_163">šā</word>
<word id="word_164">zīmola</word>
<word id="word_165">produkti</word>
<word id="word_166">.</word>
<word id="word_167">Pircēji</word>
<word id="word_168">arī</word>
<word id="word_169">prasa</word>
<word id="word_170">sortimenta</word>
<word id="word_171">dažādošanu</word>
<word id="word_172">,</word>
<word id="word_173">&quot;</word>
<word id="word_174">atbild</word>
<word id="word_175">J.</word>
<word id="word_176">Šolks</word>
<word id="word_177">,</word>
<word id="word_178">vienlaikus</word>
<word id="word_179">uzsverot</word>
<word id="word_180">,</word>
<word id="word_181">ka</word>
<word id="word_182">,</word>
<word id="word_183">ieviešot</word>
<word id="word_184">tirgū</word>
<word id="word_185">jaunu</word>
<word id="word_186">izstrādājumu</word>
<word id="word_187">vai</word>
<word id="word_188">apgūstot</word>
<word id="word_189">jaunus</word>
<word id="word_190">tirgus</word>
<word id="word_191">,</word>
<word id="word_192">milzīga</word>
<word id="word_193">nozīme</word>
<word id="word_194">ir</word>
<word id="word_195">mārketinga</word>
<word id="word_196">un</word>
<word id="word_197">reklāmas</word>
<word id="word_198">kampaņām</word>
<word id="word_199">,</word>
<word id="word_200">kurām</word>
<word id="word_201">lielie</word>
<word id="word_202">ārzemju</word>
<word id="word_203">koncerni</word>
<word id="word_204">var</word>
<word id="word_205">atļauties</word>
<word id="word_206">atvēlēt</word>
<word id="word_207">pamatīgus</word>
<word id="word_208">līdzekļus</word>
<word id="word_209">.</word>
<word id="word_210">Mūsu</word>
<word id="word_211">nelielajiem</word>
<word id="word_212">vietējiem</word>
<word id="word_213">uzņēmumiem</word>
<word id="word_214">tādu</word>
<word id="word_215">iespēju</word>
<word id="word_216">nav</word>
<word id="word_217">,</word>
<word id="word_218">bet</word>
<word id="word_219">tas</word>
<word id="word_220">nenozīmē</word>
<word id="word_221">,</word>
<word id="word_222">ka</word>
<word id="word_223">piena</word>
<word id="word_224">produkti</word>
<word id="word_225">,</word>
<word id="word_226">kuru</word>
<word id="word_227">pievienotās</word>
<word id="word_228">vērtības</word>
<word id="word_229">radīšanā</word>
<word id="word_230">mūsu</word>
<word id="word_231">zinātnieki</word>
<word id="word_232">strādājuši</word>
<word id="word_233">kopā</word>
<word id="word_234">ar</word>
<word id="word_235">piena</word>
<word id="word_236">ražotāju</word>
<word id="word_237">,</word>
<word id="word_238">būtu</word>
<word id="word_239">sliktāki</word>
<word id="word_240">nekā</word>
<word id="word_241">tie</word>
<word id="word_242">,</word>
<word id="word_243">par</word>
<word id="word_244">kuriem</word>
<word id="word_245">mums</word>
<word id="word_246">TV</word>
<word id="word_247">un</word>
<word id="word_248">radio</word>
<word id="word_249">reklāmās</word>
<word id="word_250">stāsta</word>
<word id="word_251">rītā</word>
<word id="word_252">un</word>
<word id="word_253">vakarā</word>
<word id="word_254">.</word>
<word id="word_255">&quot;</word>
<word id="word_256">Savu</word>
<word id="word_257">iespēju</word>
<word id="word_258">robežās</word>
<word id="word_259">esam</word>
<word id="word_260">testējuši</word>
<word id="word_261">konkurentu</word>
<word id="word_262">produktus</word>
<word id="word_263">,</word>
<word id="word_264">tāpēc</word>
<word id="word_265">varu</word>
<word id="word_266">droši</word>
<word id="word_267">apgalvot</word>
<word id="word_268">,</word>
<word id="word_269">ka</word>
<word id="word_270">,</word>
<word id="word_271">lietojot</word>
<word id="word_272">mūsu</word>
<word id="word_273">produktus</word>
<word id="word_274">ar</word>
<word id="word_275">veselīguma</word>
<word id="word_276">norādēm</word>
<word id="word_277">vai</word>
<word id="word_278">pat</word>
<word id="word_279">bez</word>
<word id="word_280">tām</word>
<word id="word_281">,</word>
<word id="word_282">efekts</word>
<word id="word_283">būs</word>
<word id="word_284">tieši</word>
<word id="word_285">tāds</word>
<word id="word_286">pats</word>
<word id="word_287">vai</word>
<word id="word_288">pat</word>
<word id="word_289">labāks</word>
<word id="word_290">.</word>
<word id="word_291">Savukārt</word>
<word id="word_292">Rietumu</word>
<word id="word_293">koncernu</word>
<word id="word_294">nozīmīgajām</word>
<word id="word_295">reklāmas</word>
<word id="word_296">kampaņām</word>
<word id="word_297">nenoliedzami</word>
<word id="word_298">ir</word>
<word id="word_299">atdeve</word>
<word id="word_300">,</word>
<word id="word_301">jo</word>
<word id="word_302">pircēji</word>
<word id="word_303">labprāt</word>
<word id="word_304">atver</word>
<word id="word_305">savu</word>
<word id="word_306">maciņu</word>
<word id="word_307">,</word>
<word id="word_308">lai</word>
<word id="word_309">iegādātos</word>
<word id="word_310">viņu</word>
<word id="word_311">produkciju</word>
<word id="word_312">,</word>
<word id="word_313">&quot;</word>
<word id="word_314">pārliecināts</word>
<word id="word_315">pieredzējušais</word>
<word id="word_316">piensaimnieku</word>
<word id="word_317">vadītājs</word>
<word id="word_318">.</word>
<word id="word_319">Starptautiskās</word>
<word id="word_320">patērētāju</word>
<word id="word_321">tirgus</word>
<word id="word_322">izpētes</word>
<word id="word_323">kompānijas</word>
<word id="word_324">&quot;</word>
<word id="word_325">Euromonitor</word>
<word id="word_326">International</word>
<word id="word_327">&quot;</word>
<word id="word_328">dati</word>
<word id="word_329">liecina</word>
<word id="word_330">,</word>
<word id="word_331">ka</word>
<word id="word_332">patērētāji</word>
<word id="word_333">arvien</word>
<word id="word_334">lielākā</word>
<word id="word_335">daļā</word>
<word id="word_336">pasaules</word>
<word id="word_337">valstu</word>
<word id="word_338">izvēlas</word>
<word id="word_339">probiotiku</word>
<word id="word_340">produktus</word>
<word id="word_341">.</word>
<word id="word_342">Ražotājuzņēmuma</word>
<word id="word_343">&quot;</word>
<word id="word_344">Dannon</word>
<word id="word_345">&quot;</word>
<word id="word_346">probiotiskā</word>
<word id="word_347">jogurta</word>
<word id="word_348">patēriņa</word>
<word id="word_349">tirgus</word>
<word id="word_350">laikā</word>
<word id="word_351">no</word>
<word id="word_352">2010.</word>
<word id="word_353">līdz</word>
<word id="word_354">2011.</word>
<word id="word_355">gadam</word>
<word id="word_356">piedzīvojis</word>
<word id="word_357">48</word>
<word id="word_358">%</word>
<word id="word_359">izaugsmi</word>
<word id="word_360">.</word>
<word id="word_361">Tirgus</word>
<word id="word_362">izpētes</word>
<word id="word_363">kompānija</word>
<word id="word_364">arī</word>
<word id="word_365">paredz</word>
<word id="word_366">,</word>
<word id="word_367">ka</word>
<word id="word_368">,</word>
<word id="word_369">piemēram</word>
<word id="word_370">,</word>
<word id="word_371">ASV</word>
<word id="word_372">,</word>
<word id="word_373">nākamo</word>
<word id="word_374">piecu</word>
<word id="word_375">gadu</word>
<word id="word_376">laikā</word>
<word id="word_377">pārdotā</word>
<word id="word_378">dzeramā</word>
<word id="word_379">jogurta</word>
<word id="word_380">ar</word>
<word id="word_381">probiotikām</word>
<word id="word_382">,</word>
<word id="word_383">ar</word>
<word id="word_384">karotīti</word>
<word id="word_385">ēdamā</word>
<word id="word_386">jogurta</word>
<word id="word_387">ar</word>
<word id="word_388">probiotikām</word>
<word id="word_389">un</word>
<word id="word_390">uztura</word>
<word id="word_391">bagātinātāju</word>
<word id="word_392">apjoms</word>
<word id="word_393">dubultosies</word>
<word id="word_394">.</word>
<word id="word_395">Igauņi</word>
<word id="word_396">un</word>
<word id="word_397">lietuvieši</word>
<word id="word_398">atzīst</word>
<word id="word_399">pašmāju</word>
<word id="word_400">produktus</word>
<word id="word_401">Uzskata</word>
<word id="word_402">,</word>
<word id="word_403">ka</word>
<word id="word_404">probiotiku</word>
<word id="word_405">uzvaras</word>
<word id="word_406">gājienu</word>
<word id="word_407">pasaulē</word>
<word id="word_408">nodrošinājuši</word>
<word id="word_409">tieši</word>
<word id="word_410">zinātnieki</word>
<word id="word_411">.</word>
<word id="word_412">&quot;</word>
<word id="word_413">Jā</word>
<word id="word_414">,</word>
<word id="word_415">zinātnei</word>
<word id="word_416">ir</word>
<word id="word_417">liela</word>
<word id="word_418">nozīme</word>
<word id="word_419">,</word>
<word id="word_420">un</word>
<word id="word_421">arī</word>
<word id="word_422">mēs</word>
<word id="word_423">veicam</word>
<word id="word_424">pētījumus</word>
<word id="word_425">,</word>
<word id="word_426">tomēr</word>
<word id="word_427">daudz</word>
<word id="word_428">kas</word>
<word id="word_429">ir</word>
<word id="word_430">atkarīgs</word>
<word id="word_431">no</word>
<word id="word_432">uzņēmuma</word>
<word id="word_433">politikas</word>
<word id="word_434">.</word>
<word id="word_435">Gadījumā</word>
<word id="word_436">,</word>
<word id="word_437">ja</word>
<word id="word_438">mūsu</word>
<word id="word_439">produkts</word>
<word id="word_440">vienam</word>
<word id="word_441">cilvēkam</word>
<word id="word_442">no</word>
<word id="word_443">simts</word>
<word id="word_444">nepalīdz</word>
<word id="word_445">,</word>
<word id="word_446">tad</word>
<word id="word_447">neatļaujamies</word>
<word id="word_448">teikt</word>
<word id="word_449">,</word>
<word id="word_450">ka</word>
<word id="word_451">tas</word>
<word id="word_452">palīdz</word>
<word id="word_453">simtprocentīgi</word>
<word id="word_454">visiem</word>
<word id="word_455">,</word>
<word id="word_456">kā</word>
<word id="word_457">to</word>
<word id="word_458">dara</word>
<word id="word_459">viens</word>
<word id="word_460">no</word>
<word id="word_461">lielajiem</word>
<word id="word_462">ārvalstu</word>
<word id="word_463">koncerniem</word>
<word id="word_464">,</word>
<word id="word_465">&quot;</word>
<word id="word_466">atklāj</word>
<word id="word_467">Somijas</word>
<word id="word_468">lielākā</word>
<word id="word_469">piena</word>
<word id="word_470">pārstrādes</word>
<word id="word_471">uzņēmuma</word>
<word id="word_472">un</word>
<word id="word_473">inovatīvu</word>
<word id="word_474">piena</word>
<word id="word_475">produktu</word>
<word id="word_476">ražotāja</word>
<word id="word_477">&quot;</word>
<word id="word_478">Valio</word>
<word id="word_479">&quot;</word>
<word id="word_480">pārdošanas</word>
<word id="word_481">menedžeris</word>
<word id="word_482">Rolands</word>
<word id="word_483">Mazins</word>
<word id="word_484">.</word>
<word id="word_485">Viņš</word>
<word id="word_486">uzskata</word>
<word id="word_487">,</word>
<word id="word_488">ka</word>
<word id="word_489">Latvijā</word>
<word id="word_490">un</word>
<word id="word_491">citās</word>
<word id="word_492">Baltijas</word>
<word id="word_493">valstīs</word>
<word id="word_494">probiotisko</word>
<word id="word_495">piena</word>
<word id="word_496">produktu</word>
<word id="word_497">patēriņš</word>
<word id="word_498">nav</word>
<word id="word_499">piedzīvojis</word>
<word id="word_500">izteiktu</word>
<word id="word_501">izaugsmi</word>
<word id="word_502">–</word>
<word id="word_503">&quot;</word>
<word id="word_504">nav</word>
<word id="word_505">tā</word>
<word id="word_506">,</word>
<word id="word_507">ka</word>
<word id="word_508">šeit</word>
<word id="word_509">būtu</word>
<word id="word_510">apgāzta</word>
<word id="word_511">visa</word>
<word id="word_512">pasaule</word>
<word id="word_513">&quot;</word>
<word id="word_514">.</word>
<word id="word_515">&quot;</word>
<word id="word_516">Probiotiskā</word>
<word id="word_517">jogurta</word>
<word id="word_518">patēriņa</word>
<word id="word_519">apjomu</word>
<word id="word_520">ļoti</word>
<word id="word_521">ietekmē</word>
<word id="word_522">reklāmas</word>
<word id="word_523">kampaņas</word>
<word id="word_524">,</word>
<word id="word_525">bet</word>
<word id="word_526">,</word>
<word id="word_527">līdzko</word>
<word id="word_528">tās</word>
<word id="word_529">nenotiek</word>
<word id="word_530">,</word>
<word id="word_531">cilvēki</word>
<word id="word_532">atgriežas</word>
<word id="word_533">pie</word>
<word id="word_534">vērtībām</word>
<word id="word_535">–</word>
<word id="word_536">produktiem</word>
<word id="word_537">,</word>
<word id="word_538">kas</word>
<word id="word_539">viņiem</word>
<word id="word_540">garšo</word>
<word id="word_541">,</word>
<word id="word_542">&quot;</word>
<word id="word_543">stāsta</word>
<word id="word_544">R.</word>
<word id="word_545">Mazins</word>
<word id="word_546">.</word>
<word id="word_547">&quot;</word>
<word id="word_548">No</word>
<word id="word_549">savām</word>
<word id="word_550">pozīcijām</word>
<word id="word_551">redzam</word>
<word id="word_552">,</word>
<word id="word_553">ka</word>
<word id="word_554">Latvijā</word>
<word id="word_555">un</word>
<word id="word_556">citās</word>
<word id="word_557">Baltijas</word>
<word id="word_558">valstīs</word>
<word id="word_559">cilvēki</word>
<word id="word_560">tik</word>
<word id="word_561">daudz</word>
<word id="word_562">neskatās</word>
<word id="word_563">uz</word>
<word id="word_564">funkcionālo</word>
<word id="word_565">pārtiku</word>
<word id="word_566">,</word>
<word id="word_567">kā</word>
<word id="word_568">uz</word>
<word id="word_569">tās</word>
<word id="word_570">garšu</word>
<word id="word_571">.</word>
<word id="word_572">Ja</word>
<word id="word_573">tā</word>
<word id="word_574">iepatikusies</word>
<word id="word_575">,</word>
<word id="word_576">produktu</word>
<word id="word_577">atkal</word>
<word id="word_578">pērk</word>
<word id="word_579">.</word>
<word id="word_580">Daudz</word>
<word id="word_581">kas</word>
<word id="word_582">arī</word>
<word id="word_583">atkarīgs</word>
<word id="word_584">no</word>
<word id="word_585">pirktspējas</word>
<word id="word_586">,</word>
<word id="word_587">jo</word>
<word id="word_588">jogurtu</word>
<word id="word_589">tomēr</word>
<word id="word_590">uztver</word>
<word id="word_591">kā</word>
<word id="word_592">našķi</word>
<word id="word_593">,</word>
<word id="word_594">kā</word>
<word id="word_595">saldo</word>
<word id="word_596">.</word>
<word id="word_597">Produktu</word>
<word id="word_598">patēriņš</word>
<word id="word_599">ievērojami</word>
<word id="word_600">pieaug</word>
<word id="word_601">,</word>
<word id="word_602">ja</word>
<word id="word_603">tiek</word>
<word id="word_604">rīkotas</word>
<word id="word_605">akcijas</word>
<word id="word_606">.</word>
<word id="word_607">&quot;</word>
<word id="word_608">Tirgus</word>
<word id="word_609">pētījumi</word>
<word id="word_610">liecina</word>
<word id="word_611">,</word>
<word id="word_612">ka</word>
<word id="word_613">Latvijā</word>
<word id="word_614">patēriņa</word>
<word id="word_615">ziņā</word>
<word id="word_616">pirmajā</word>
<word id="word_617">vietā</word>
<word id="word_618">ir</word>
<word id="word_619">&quot;</word>
<word id="word_620">Dannon</word>
<word id="word_621">&quot;</word>
<word id="word_622">un</word>
<word id="word_623">vietējo</word>
<word id="word_624">uzņēmumu</word>
<word id="word_625">piena</word>
<word id="word_626">produkti</word>
<word id="word_627">ar</word>
<word id="word_628">probiotikām</word>
<word id="word_629">un</word>
<word id="word_630">tikai</word>
<word id="word_631">pēc</word>
<word id="word_632">tam</word>
<word id="word_633">&quot;</word>
<word id="word_634">Valio</word>
<word id="word_635">&quot;</word>
<word id="word_636">produkti</word>
<word id="word_637">.</word>
<word id="word_638">Igaunijā</word>
<word id="word_639">un</word>
<word id="word_640">arī</word>
<word id="word_641">Lietuvā</word>
<word id="word_642">,</word>
<word id="word_643">kur</word>
<word id="word_644">ir</word>
<word id="word_645">spēcīgi</word>
<word id="word_646">piena</word>
<word id="word_647">ražotāji</word>
<word id="word_648">ar</word>
<word id="word_649">labiem</word>
<word id="word_650">inovatīviem</word>
<word id="word_651">produktiem</word>
<word id="word_652">,</word>
<word id="word_653">pircējs</word>
<word id="word_654">priekšroku</word>
<word id="word_655">dod</word>
<word id="word_656">vietējiem</word>
<word id="word_657">produktiem</word>
<word id="word_658">.</word>
<word id="word_659">Visam</word>
<word id="word_660">pamatā</word>
<word id="word_661">mikroorganismu</word>
<word id="word_662">darbība</word>
<word id="word_663">Jānis</word>
<word id="word_664">Šolks</word>
<word id="word_665">atgādina</word>
<word id="word_666">,</word>
<word id="word_667">ka</word>
<word id="word_668">visu</word>
<word id="word_669">raudzēto</word>
<word id="word_670">piena</word>
<word id="word_671">produktu</word>
<word id="word_672">–</word>
<word id="word_673">kefīra</word>
<word id="word_674">,</word>
<word id="word_675">jogurta</word>
<word id="word_676">,</word>
<word id="word_677">krējuma</word>
<word id="word_678">,</word>
<word id="word_679">svaigo</word>
<word id="word_680">,</word>
<word id="word_681">puscieto</word>
<word id="word_682">un</word>
<word id="word_683">cieto</word>
<word id="word_684">sieru</word>
<word id="word_685">–</word>
<word id="word_686">pamatā</word>
<word id="word_687">ir</word>
<word id="word_688">mikroorganismu</word>
<word id="word_689">darbība</word>
<word id="word_690">.</word>
<word id="word_691">&quot;</word>
<word id="word_692">Piensaimniecība</word>
<word id="word_693">bez</word>
<word id="word_694">baktērijām</word>
<word id="word_695">nevar</word>
<word id="word_696">pastāvēt</word>
<word id="word_697">,</word>
<word id="word_698">&quot;</word>
<word id="word_699">viņš</word>
<word id="word_700">uzsver</word>
<word id="word_701">.</word>
<word id="word_702">&quot;</word>
<word id="word_703">Pasaulē</word>
<word id="word_704">katram</word>
<word id="word_705">no</word>
<word id="word_706">apmēram</word>
<word id="word_707">700</word>
<word id="word_708">sieru</word>
<word id="word_709">veidu</word>
<word id="word_710">ieraugiem</word>
<word id="word_711">ir</word>
<word id="word_712">savs</word>
<word id="word_713">baktēriju</word>
<word id="word_714">veids</word>
<word id="word_715">vai</word>
<word id="word_716">vairāku</word>
<word id="word_717">baktēriju</word>
<word id="word_718">veidu</word>
<word id="word_719">maisījums</word>
<word id="word_720">,</word>
<word id="word_721">kas</word>
<word id="word_722">darbojas</word>
<word id="word_723">noteiktā</word>
<word id="word_724">temperatūrā</word>
<word id="word_725">un</word>
<word id="word_726">apstākļos</word>
<word id="word_727">.</word>
<word id="word_728">Modernās</word>
<word id="word_729">ražošanas</word>
<word id="word_730">tehnoloģijas</word>
<word id="word_731">ļauj</word>
<word id="word_732">precīzi</word>
<word id="word_733">vadīt</word>
<word id="word_734">baktēriju</word>
<word id="word_735">darbību</word>
<word id="word_736">un</word>
<word id="word_737">iegūt</word>
<word id="word_738">gandrīz</word>
<word id="word_739">identisku</word>
<word id="word_740">produktu</word>
<word id="word_741">iepriekšējam</word>
<word id="word_742">.</word>
<word id="word_743">Gandrīz</word>
<word id="word_744">–</word>
<word id="word_745">jo</word>
<word id="word_746">piens</word>
<word id="word_747">arī</word>
<word id="word_748">pēc</word>
<word id="word_749">tā</word>
<word id="word_750">pasterizācijas</word>
<word id="word_751">ir</word>
<word id="word_752">dzīvs</word>
<word id="word_753">produkts</word>
<word id="word_754">.</word>
<word id="word_755">&quot;</word>
<word id="word_756">Baktēriju</word>
<word id="word_757">ieraugi</word>
<word id="word_758">var</word>
<word id="word_759">būt</word>
<word id="word_760">sausā</word>
<word id="word_761">(</word>
<word id="word_762">koncentrēta</word>
<word id="word_763">baktērija</word>
<word id="word_764">)</word>
<word id="word_765">,</word>
<word id="word_766">dziļi</word>
<word id="word_767">sasaldētā</word>
<word id="word_768">(</word>
<word id="word_769">uzglabā</word>
<word id="word_770">-</word>
<word id="word_771">30</word>
<word id="word_772">līdz</word>
<word id="word_773">40</word>
<word id="word_774">grādu</word>
<word id="word_775">temperatūrā</word>
<word id="word_776">,</word>
<word id="word_777">pirms</word>
<word id="word_778">iedzīvināšanas</word>
<word id="word_779">samaisa</word>
<word id="word_780">ar</word>
<word id="word_781">maisījumu</word>
<word id="word_782">,</word>
<word id="word_783">ko</word>
<word id="word_784">pēc</word>
<word id="word_785">tam</word>
<word id="word_786">izmanto</word>
<word id="word_787">kā</word>
<word id="word_788">ieraugu</word>
<word id="word_789">siera</word>
<word id="word_790">iegūšanai</word>
<word id="word_791">)</word>
<word id="word_792">vai</word>
<word id="word_793">dzīvā</word>
<word id="word_794">veidā</word>
<word id="word_795">(</word>
<word id="word_796">parasti</word>
<word id="word_797">uztur</word>
<word id="word_798">uz</word>
<word id="word_799">vietas</word>
<word id="word_800">uzņēmumā</word>
<word id="word_801">)</word>
<word id="word_802">.</word>
<word id="word_803">&quot;</word>
<word id="word_804">Baktēriju</word>
<word id="word_805">ieraugus</word>
<word id="word_806">mūsu</word>
<word id="word_807">piena</word>
<word id="word_808">pārstrādes</word>
<word id="word_809">uzņēmumi</word>
<word id="word_810">iepērk</word>
<word id="word_811">ārvalstīs</word>
<word id="word_812">–</word>
<word id="word_813">Dānijā</word>
<word id="word_814">,</word>
<word id="word_815">Vācijā</word>
<word id="word_816">,</word>
<word id="word_817">Holandē</word>
<word id="word_818">,</word>
<word id="word_819">Itālijā</word>
<word id="word_820">,</word>
<word id="word_821">kur</word>
<word id="word_822">ir</word>
<word id="word_823">nozīmīgas</word>
<word id="word_824">šo</word>
<word id="word_825">baktēriju</word>
<word id="word_826">ražotnes</word>
<word id="word_827">.</word>
<word id="word_828">Tās</word>
<word id="word_829">spēj</word>
<word id="word_830">strādāt</word>
<word id="word_831">arī</word>
<word id="word_832">pēc</word>
<word id="word_833">klienta</word>
<word id="word_834">pasūtījuma</word>
<word id="word_835">,</word>
<word id="word_836">piemēram</word>
<word id="word_837">,</word>
<word id="word_838">ja</word>
<word id="word_839">ir</word>
<word id="word_840">vēlme</word>
<word id="word_841">ražot</word>
<word id="word_842">jaunu</word>
<word id="word_843">sieru</word>
<word id="word_844">,</word>
<word id="word_845">&quot;</word>
<word id="word_846">skaidro</word>
<word id="word_847">J.</word>
<word id="word_848">Šolks</word>
<word id="word_849">.</word>
<word id="word_850">Baktēriju</word>
<word id="word_851">izmaksas</word>
<word id="word_852">,</word>
<word id="word_853">rēķinot</word>
<word id="word_854">uz</word>
<word id="word_855">tonnu</word>
<word id="word_856">produktu</word>
<word id="word_857">,</word>
<word id="word_858">tomēr</word>
<word id="word_859">neesot</word>
<word id="word_860">lielas</word>
<word id="word_861">.</word>
<word id="word_862">&quot;</word>
<word id="word_863">Šie</word>
<word id="word_864">ieraugi</word>
<word id="word_865">būtu</word>
<word id="word_866">dārgi</word>
<word id="word_867">,</word>
<word id="word_868">ja</word>
<word id="word_869">mēs</word>
<word id="word_870">tos</word>
<word id="word_871">pirktu</word>
<word id="word_872">ēšanai</word>
<word id="word_873">.</word>
<word id="word_874">Rēķinot</word>
<word id="word_875">,</word>
<word id="word_876">cik</word>
<word id="word_877">daudz</word>
<word id="word_878">to</word>
<word id="word_879">vajadzīgs</word>
<word id="word_880">uz</word>
<word id="word_881">tonnu</word>
<word id="word_882">produkta</word>
<word id="word_883">,</word>
<word id="word_884">izmaksas</word>
<word id="word_885">ir</word>
<word id="word_886">minimālas</word>
<word id="word_887">.</word>
<word id="word_888">Parasti</word>
<word id="word_889">tie</word>
<word id="word_890">ir</word>
<word id="word_891">daži</word>
<word id="word_892">desmiti</word>
<word id="word_893">latu</word>
<word id="word_894">uz</word>
<word id="word_895">vienu</word>
<word id="word_896">tonnu</word>
<word id="word_897">siera</word>
<word id="word_898">,</word>
<word id="word_899">&quot;</word>
<word id="word_900">saka</word>
<word id="word_901">J.</word>
<word id="word_902">Šolks</word>
<word id="word_903">.</word>
<word id="word_904">Dati</word>
<word id="word_905">2012.</word>
<word id="word_906">gadā</word>
<word id="word_907">no</word>
<word id="word_908">svaigpiena</word>
<word id="word_909">,</word>
<word id="word_910">kas</word>
<word id="word_911">iepirkts</word>
<word id="word_912">pārstrādei</word>
<word id="word_913">Latvijā</word>
<word id="word_914">,</word>
<word id="word_915">40</word>
<word id="word_916">%</word>
<word id="word_917">dažādu</word>
<word id="word_918">piena</word>
<word id="word_919">produktu</word>
<word id="word_920">veidā</word>
<word id="word_921">tika</word>
<word id="word_922">eksportēti</word>
<word id="word_923">un</word>
<word id="word_924">60</word>
<word id="word_925">%</word>
<word id="word_926">realizēti</word>
<word id="word_927">vietējā</word>
<word id="word_928">tirgū</word>
<word id="word_929">.</word>
<word id="word_930">Avots</word>
<word id="word_931">:</word>
<word id="word_932">LPCS</word>
<word id="word_933">Fakti</word>
<word id="word_934">l</word>
<word id="word_935">AS</word>
<word id="word_936">&quot;</word>
<word id="word_937">Tukuma</word>
<word id="word_938">piens</word>
<word id="word_939">&quot;</word>
<word id="word_940">mārketinga</word>
<word id="word_941">nodaļas</word>
<word id="word_942">vadītājs</word>
<word id="word_943">Armands</word>
<word id="word_944">Artihovičs</word>
<word id="word_945">:</word>
<word id="word_946">&quot;</word>
<word id="word_947">Skābpiena</word>
<word id="word_948">baktērijas</word>
<word id="word_949">ir</word>
<word id="word_950">visos</word>
<word id="word_951">skābētos</word>
<word id="word_952">piena</word>
<word id="word_953">produktos</word>
<word id="word_954">–</word>
<word id="word_955">kefīrā</word>
<word id="word_956">,</word>
<word id="word_957">paniņās</word>
<word id="word_958">,</word>
<word id="word_959">skābajā</word>
<word id="word_960">krējumā</word>
<word id="word_961">,</word>
<word id="word_962">jogurtos</word>
<word id="word_963">.</word>
<word id="word_964">Aptuveni</word>
<word id="word_965">50</word>
<word id="word_966">%</word>
<word id="word_967">no</word>
<word id="word_968">kopējā</word>
<word id="word_969">&quot;</word>
<word id="word_970">Tukuma</word>
<word id="word_971">piena</word>
<word id="word_972">&quot;</word>
<word id="word_973">apgrozījuma</word>
<word id="word_974">veido</word>
<word id="word_975">tieši</word>
<word id="word_976">skābpiena</word>
<word id="word_977">produkti</word>
<word id="word_978">.</word>
<word id="word_979">Uzņēmumā</word>
<word id="word_980">ražotie</word>
<word id="word_981">jogurti</word>
<word id="word_982">&quot;</word>
<word id="word_983">Balance</word>
<word id="word_984">&quot;</word>
<word id="word_985">,</word>
<word id="word_986">&quot;</word>
<word id="word_987">Imunella</word>
<word id="word_988">&quot;</word>
<word id="word_989">,</word>
<word id="word_990">&quot;</word>
<word id="word_991">Bifido</word>
<word id="word_992">&quot;</word>
<word id="word_993">,</word>
<word id="word_994">&quot;</word>
<word id="word_995">Maizes</word>
<word id="word_996">&quot;</word>
<word id="word_997">,</word>
<word id="word_998">&quot;</word>
<word id="word_999">Esi</word>
<word id="word_1000">formā</word>
<word id="word_1001">&quot;</word>
<word id="word_1002">,</word>
<word id="word_1003">&quot;</word>
<word id="word_1004">Oga</word>
<word id="word_1005">&quot;</word>
<word id="word_1006">satur</word>
<word id="word_1007">gan</word>
<word id="word_1008">tradicionālās</word>
<word id="word_1009">pienskābās</word>
<word id="word_1010">baktērijas</word>
<word id="word_1011">,</word>
<word id="word_1012">gan</word>
<word id="word_1013">arī</word>
<word id="word_1014">papildu</word>
<word id="word_1015">probiotiskās</word>
<word id="word_1016">baktērijas</word>
<word id="word_1017">.</word>
<word id="word_1018">&quot;</word>
<word id="word_1019">l</word>
<word id="word_1020">AS</word>
<word id="word_1021">&quot;</word>
<word id="word_1022">Rīga</word>
<word id="word_1023">piena</word>
<word id="word_1024">kombināts</word>
<word id="word_1025">&quot;</word>
<word id="word_1026">valdes</word>
<word id="word_1027">priekšsēdētājs</word>
<word id="word_1028">Raimonds</word>
<word id="word_1029">Misa</word>
<word id="word_1030">:</word>
<word id="word_1031">&quot;</word>
<word id="word_1032">Uzņēmums</word>
<word id="word_1033">ražo</word>
<word id="word_1034">dažādus</word>
<word id="word_1035">skābpiena</word>
<word id="word_1036">produktus</word>
<word id="word_1037">,</word>
<word id="word_1038">kurus</word>
<word id="word_1039">ieraudzē</word>
<word id="word_1040">ar</word>
<word id="word_1041">pienskābes</word>
<word id="word_1042">baktēriju</word>
<word id="word_1043">ieraugiem</word>
<word id="word_1044">.</word>
<word id="word_1045">To</word>
<word id="word_1046">vidū</word>
<word id="word_1047">ir</word>
<word id="word_1048">skābais</word>
<word id="word_1049">krējums</word>
<word id="word_1050">,</word>
<word id="word_1051">kefīrs</word>
<word id="word_1052">,</word>
<word id="word_1053">jogurts</word>
<word id="word_1054">&quot;</word>
<word id="word_1055">Rasa</word>
<word id="word_1056">&quot;</word>
<word id="word_1057">,</word>
<word id="word_1058">jogurts</word>
<word id="word_1059">&quot;</word>
<word id="word_1060">Mana</word>
<word id="word_1061">Saime</word>
<word id="word_1062">&quot;</word>
<word id="word_1063">,</word>
<word id="word_1064">lakto</word>
<word id="word_1065">&quot;</word>
<word id="word_1066">Rasa</word>
<word id="word_1067">&quot;</word>
<word id="word_1068">ar</word>
<word id="word_1069">piedevām</word>
<word id="word_1070">,</word>
<word id="word_1071">dzeramais</word>
<word id="word_1072">lakto</word>
<word id="word_1073">&quot;</word>
<word id="word_1074">Rasa</word>
<word id="word_1075">&quot;</word>
<word id="word_1076">ar</word>
<word id="word_1077">piedevām</word>
<word id="word_1078">,</word>
<word id="word_1079">raudzētas</word>
<word id="word_1080">paniņas</word>
<word id="word_1081">,</word>
<word id="word_1082">raudzētas</word>
<word id="word_1083">paniņas</word>
<word id="word_1084">ar</word>
<word id="word_1085">piedevām</word>
<word id="word_1086">un</word>
<word id="word_1087">produkcijas</word>
<word id="word_1088">jaunums</word>
<word id="word_1089">–</word>
<word id="word_1090">krēmsiers</word>
<word id="word_1091">&quot;</word>
<word id="word_1092">Rasa</word>
<word id="word_1093">&quot;</word>
<word id="word_1094">.</word>
<word id="word_1095">Lakto</word>
<word id="word_1096">&quot;</word>
<word id="word_1097">Rasa</word>
<word id="word_1098">&quot;</word>
<word id="word_1099">pievienotas</word>
<word id="word_1100">probiotiskās</word>
<word id="word_1101">acidofilās</word>
<word id="word_1102">un</word>
<word id="word_1103">bifido</word>
<word id="word_1104">baktērijas</word>
<word id="word_1105">,</word>
<word id="word_1106">un</word>
<word id="word_1107">šis</word>
<word id="word_1108">produkts</word>
<word id="word_1109">ir</word>
<word id="word_1110">pircēju</word>
<word id="word_1111">ļoti</word>
<word id="word_1112">iecienīts</word>
<word id="word_1113">tā</word>
<word id="word_1114">veselīguma</word>
<word id="word_1115">un</word>
<word id="word_1116">mazo</word>
<word id="word_1117">kaloriju</word>
<word id="word_1118">dēļ</word>
<word id="word_1119">.</word>
<word id="word_1120">&quot;</word>
</words>