<?xml version="1.0" encoding="UTF-8"?>
<!DOCTYPE words SYSTEM "words.dtd">
<words><word id="word_1">Diena</word>
<word id="word_2">:</word>
<word id="word_3">Pašu</word>
<word id="word_4">ļaudis</word>
<word id="word_5">vien</word>
<word id="word_6">esam</word>
<word id="word_7">...</word>
<word id="word_8">11</word>
<word id="word_9">Feb</word>
<word id="word_10">2013</word>
<word id="word_11">Nesen</word>
<word id="word_12">iznākušajā</word>
<word id="word_13">izcilā</word>
<word id="word_14">igauņu</word>
<word id="word_15">rakstnieka</word>
<word id="word_16">Jāna</word>
<word id="word_17">Kaplinska</word>
<word id="word_18">darba</word>
<word id="word_19">Tā</word>
<word id="word_20">pati</word>
<word id="word_21">upe</word>
<word id="word_22">tulkojumā</word>
<word id="word_23">latviešu</word>
<word id="word_24">valodā</word>
<word id="word_25">ir</word>
<word id="word_26">kāda</word>
<word id="word_27">atziņa</word>
<word id="word_28">,</word>
<word id="word_29">kas</word>
<word id="word_30">sākotnēji</word>
<word id="word_31">liekas</word>
<word id="word_32">tāda</word>
<word id="word_33">jancīga</word>
<word id="word_34">,</word>
<word id="word_35">bet</word>
<word id="word_36">,</word>
<word id="word_37">ja</word>
<word id="word_38">tā</word>
<word id="word_39">padomā</word>
<word id="word_40">...</word>
<word id="word_41">Romāna</word>
<word id="word_42">varonis</word>
<word id="word_43">saka</word>
<word id="word_44">:</word>
<word id="word_45">labs</word>
<word id="word_46">cilvēks</word>
<word id="word_47">var</word>
<word id="word_48">būt</word>
<word id="word_49">smieklīgs</word>
<word id="word_50">,</word>
<word id="word_51">savukārt</word>
<word id="word_52">ļauns</word>
<word id="word_53">–</word>
<word id="word_54">ne</word>
<word id="word_55">.</word>
<word id="word_56">Tad</word>
<word id="word_57">nu</word>
<word id="word_58">jāsecina</word>
<word id="word_59">,</word>
<word id="word_60">ka</word>
<word id="word_61">valstī</word>
<word id="word_62">ir</word>
<word id="word_63">ļoti</word>
<word id="word_64">daudz</word>
<word id="word_65">labu</word>
<word id="word_66">cilvēku</word>
<word id="word_67">.</word>
<word id="word_68">Pašmāju</word>
<word id="word_69">bramini</word>
<word id="word_70">1.</word>
<word id="word_71">Savulaik</word>
<word id="word_72">(</word>
<word id="word_73">vai</word>
<word id="word_74">tas</word>
<word id="word_75">būtu</word>
<word id="word_76">viduslaiku</word>
<word id="word_77">Eiropā</word>
<word id="word_78">vai</word>
<word id="word_79">kastu</word>
<word id="word_80">sistēmas</word>
<word id="word_81">pilnziedā</word>
<word id="word_82">Indijā</word>
<word id="word_83">)</word>
<word id="word_84">sabiedrībai</word>
<word id="word_85">bija</word>
<word id="word_86">parocīgi</word>
<word id="word_87">,</word>
<word id="word_88">ja</word>
<word id="word_89">sociālais</word>
<word id="word_90">–</word>
<word id="word_91">profesionālais</word>
<word id="word_92">–</word>
<word id="word_93">tīklojums</word>
<word id="word_94">ir</word>
<word id="word_95">stabils</word>
<word id="word_96">,</word>
<word id="word_97">prognozējams</word>
<word id="word_98">.</word>
<word id="word_99">Ja</word>
<word id="word_100">tu</word>
<word id="word_101">esi</word>
<word id="word_102">zemnieks</word>
<word id="word_103">,</word>
<word id="word_104">tavs</word>
<word id="word_105">mūžs</word>
<word id="word_106">rit</word>
<word id="word_107">atbilstoši</word>
<word id="word_108">zināmiem</word>
<word id="word_109">nosacījumiem</word>
<word id="word_110">.</word>
<word id="word_111">Ja</word>
<word id="word_112">piederi</word>
<word id="word_113">pie</word>
<word id="word_114">garīdzniecības</word>
<word id="word_115">–</word>
<word id="word_116">cits</word>
<word id="word_117">kodekss</word>
<word id="word_118">.</word>
<word id="word_119">Jo</word>
<word id="word_120">tāda</word>
<word id="word_121">ir</word>
<word id="word_122">lietu</word>
<word id="word_123">kārtība</word>
<word id="word_124">.</word>
<word id="word_125">Šis</word>
<word id="word_126">modelis</word>
<word id="word_127">ir</word>
<word id="word_128">saprotams</word>
<word id="word_129">,</word>
<word id="word_130">bet</word>
<word id="word_131">...</word>
<word id="word_132">Ja</word>
<word id="word_133">ieklausās</word>
<word id="word_134">,</word>
<word id="word_135">ko</word>
<word id="word_136">īsti</word>
<word id="word_137">saka</word>
<word id="word_138">izglītības</word>
<word id="word_139">un</word>
<word id="word_140">zinātnes</word>
<word id="word_141">ministra</word>
<word id="word_142">oponenti</word>
<word id="word_143">jautājumā</word>
<word id="word_144">par</word>
<word id="word_145">zinātnes</word>
<word id="word_146">politiku</word>
<word id="word_147">,</word>
<word id="word_148">redzam</word>
<word id="word_149">vēlmi</word>
<word id="word_150">saglabāt</word>
<word id="word_151">lietu</word>
<word id="word_152">kārtību</word>
<word id="word_153">,</word>
<word id="word_154">kas</word>
<word id="word_155">bija</word>
<word id="word_156">loģiska</word>
<word id="word_157">,</word>
<word id="word_158">teiksim</word>
<word id="word_159">,</word>
<word id="word_160">Katrīnas</word>
<word id="word_161">II</word>
<word id="word_162">laikā</word>
<word id="word_163">,</word>
<word id="word_164">bet</word>
<word id="word_165">ne</word>
<word id="word_166">mūsdienās</word>
<word id="word_167">.</word>
<word id="word_168">Proti</word>
<word id="word_169">,</word>
<word id="word_170">ja</word>
<word id="word_171">tavs</word>
<word id="word_172">aicinājums</word>
<word id="word_173">ir</word>
<word id="word_174">zinātne</word>
<word id="word_175">,</word>
<word id="word_176">tava</word>
<word id="word_177">vieta</word>
<word id="word_178">ir</word>
<word id="word_179">valsts</word>
<word id="word_180">struktūrās</word>
<word id="word_181">(</word>
<word id="word_182">institūts</word>
<word id="word_183">,</word>
<word id="word_184">augstskola</word>
<word id="word_185">)</word>
<word id="word_186">.</word>
<word id="word_187">Punkts</word>
<word id="word_188">.</word>
<word id="word_189">Tā_kā</word>
<word id="word_190">Latvijas</word>
<word id="word_191">valsts</word>
<word id="word_192">dažādu</word>
<word id="word_193">iemeslu</word>
<word id="word_194">dēļ</word>
<word id="word_195">šīs</word>
<word id="word_196">struktūras</word>
<word id="word_197">nepietiekami</word>
<word id="word_198">finansē</word>
<word id="word_199">,</word>
<word id="word_200">gals</word>
<word id="word_201">ir</word>
<word id="word_202">arī</word>
<word id="word_203">pašai</word>
<word id="word_204">zinātnei</word>
<word id="word_205">.</word>
<word id="word_206">Vēlreiz</word>
<word id="word_207">punkts</word>
<word id="word_208">.</word>
<word id="word_209">Taisnības</word>
<word id="word_210">labad</word>
<word id="word_211">jāsaka</word>
<word id="word_212">,</word>
<word id="word_213">ka</word>
<word id="word_214">Latvijā</word>
<word id="word_215">diemžēl</word>
<word id="word_216">nav</word>
<word id="word_217">Rietumiem</word>
<word id="word_218">raksturīgās</word>
<word id="word_219">biznesa</word>
<word id="word_220">un</word>
<word id="word_221">zinātnes</word>
<word id="word_222">sazobes</word>
<word id="word_223">,</word>
<word id="word_224">tāpēc</word>
<word id="word_225">mūsu</word>
<word id="word_226">zinātniekiem</word>
<word id="word_227">ir</word>
<word id="word_228">grūti</word>
<word id="word_229">atrast</word>
<word id="word_230">valsts</word>
<word id="word_231">finansējumam</word>
<word id="word_232">alternatīvus</word>
<word id="word_233">avotus</word>
<word id="word_234">(</word>
<word id="word_235">par</word>
<word id="word_236">Eiropas</word>
<word id="word_237">projektiem</word>
<word id="word_238">nerunāsim</word>
<word id="word_239">–</word>
<word id="word_240">tas</word>
<word id="word_241">ir</word>
<word id="word_242">cits</word>
<word id="word_243">stāsts</word>
<word id="word_244">)</word>
<word id="word_245">.</word>
<word id="word_246">Pašmāju</word>
<word id="word_247">biznesa</word>
<word id="word_248">mērogi</word>
<word id="word_249">un</word>
<word id="word_250">attīstības</word>
<word id="word_251">līmenis</word>
<word id="word_252">ir</word>
<word id="word_253">objektīva</word>
<word id="word_254">problēma</word>
<word id="word_255">arī</word>
<word id="word_256">zinātnei</word>
<word id="word_257">.</word>
<word id="word_258">Tomēr</word>
<word id="word_259">–</word>
<word id="word_260">tas</word>
<word id="word_261">,</word>
<word id="word_262">ka</word>
<word id="word_263">citviet</word>
<word id="word_264">būtiska</word>
<word id="word_265">zinātnieku</word>
<word id="word_266">finansējuma</word>
<word id="word_267">modeļa</word>
<word id="word_268">sastāvdaļa</word>
<word id="word_269">Latvijā</word>
<word id="word_270">pagaidām</word>
<word id="word_271">nav</word>
<word id="word_272">attīstīta</word>
<word id="word_273">,</word>
<word id="word_274">nenozīmē</word>
<word id="word_275">,</word>
<word id="word_276">ka</word>
<word id="word_277">tā</word>
<word id="word_278">atmetama</word>
<word id="word_279">vispār</word>
<word id="word_280">.</word>
<word id="word_281">Tas</word>
<word id="word_282">pats</word>
<word id="word_283">attiecas</word>
<word id="word_284">uz</word>
<word id="word_285">tādu</word>
<word id="word_286">privātā</word>
<word id="word_287">sektora</word>
<word id="word_288">,</word>
<word id="word_289">privātpersonu</word>
<word id="word_290">atbalstu</word>
<word id="word_291">pētniekiem</word>
<word id="word_292">,</word>
<word id="word_293">kas</word>
<word id="word_294">nav</word>
<word id="word_295">saistīts</word>
<word id="word_296">ar</word>
<word id="word_297">finansētāju</word>
<word id="word_298">cerībām</word>
<word id="word_299">nākotnē</word>
<word id="word_300">gūt</word>
<word id="word_301">kādu</word>
<word id="word_302">taustāmu</word>
<word id="word_303">labumu</word>
<word id="word_304">(</word>
<word id="word_305">darbu</word>
<word id="word_306">humanitārajās</word>
<word id="word_307">zinātnēs</word>
<word id="word_308">par</word>
<word id="word_309">patentiem</word>
<word id="word_310">nepārvērtīsi</word>
<word id="word_311">...</word>
<word id="word_312">)</word>
<word id="word_313">.</word>
<word id="word_314">Mūsu</word>
<word id="word_315">turīgais</word>
<word id="word_316">slānis</word>
<word id="word_317">dažkārt</word>
<word id="word_318">ir</word>
<word id="word_319">gatavs</word>
<word id="word_320">atbalstīt</word>
<word id="word_321">kādu</word>
<word id="word_322">izstādi</word>
<word id="word_323">vai</word>
<word id="word_324">pat</word>
<word id="word_325">daiļliteratūras</word>
<word id="word_326">izdevumu</word>
<word id="word_327">,</word>
<word id="word_328">bet</word>
<word id="word_329">nenāk</word>
<word id="word_330">prātā</word>
<word id="word_331">,</word>
<word id="word_332">ka</word>
<word id="word_333">nauda</word>
<word id="word_334">būtu</word>
<word id="word_335">dota</word>
<word id="word_336">kādiem</word>
<word id="word_337">,</word>
<word id="word_338">piemēram</word>
<word id="word_339">,</word>
<word id="word_340">arheoloģiskajiem</word>
<word id="word_341">izrakumiem</word>
<word id="word_342">vai</word>
<word id="word_343">folkloristikas</word>
<word id="word_344">krājuma</word>
<word id="word_345">izdošanai</word>
<word id="word_346">.</word>
<word id="word_347">Bet</word>
<word id="word_348">citviet</word>
<word id="word_349">tas</word>
<word id="word_350">notiek</word>
<word id="word_351">!</word>
<word id="word_352">Tātad</word>
<word id="word_353">presei</word>
<word id="word_354">,</word>
<word id="word_355">pašiem</word>
<word id="word_356">zinātniekiem</word>
<word id="word_357">ir</word>
<word id="word_358">jāmēģina</word>
<word id="word_359">ieaudzināt</word>
<word id="word_360">vietējos</word>
<word id="word_361">feodāļos</word>
<word id="word_362">apziņu</word>
<word id="word_363">,</word>
<word id="word_364">ka</word>
<word id="word_365">atbalstīt</word>
<word id="word_366">zinātni</word>
<word id="word_367">ir</word>
<word id="word_368">tikpat</word>
<word id="word_369">interesanti</word>
<word id="word_370">kā</word>
<word id="word_371">ziedot</word>
<word id="word_372">naudu</word>
<word id="word_373">sportam</word>
<word id="word_374">.</word>
<word id="word_375">Rezumējot</word>
<word id="word_376">:</word>
<word id="word_377">jāpiekrīt</word>
<word id="word_378">Ķīļa</word>
<word id="word_379">oponentiem</word>
<word id="word_380">,</word>
<word id="word_381">ka</word>
<word id="word_382">bāzes</word>
<word id="word_383">finansējums</word>
<word id="word_384">ir</word>
<word id="word_385">jāpalielina</word>
<word id="word_386">.</word>
<word id="word_387">Paralēli</word>
<word id="word_388">jāattīsta</word>
<word id="word_389">privātā</word>
<word id="word_390">līdzdalība</word>
<word id="word_391">,</word>
<word id="word_392">jo</word>
<word id="word_393">pretējā</word>
<word id="word_394">gadījumā</word>
<word id="word_395">pagājušās</word>
<word id="word_396">nedēļas</word>
<word id="word_397">konflikts</word>
<word id="word_398">(</word>
<word id="word_399">ministra</word>
<word id="word_400">,</word>
<word id="word_401">deputātu</word>
<word id="word_402">tikšanās</word>
<word id="word_403">ar</word>
<word id="word_404">zinātniekiem</word>
<word id="word_405">)</word>
<word id="word_406">atkārtosies</word>
<word id="word_407">arī</word>
<word id="word_408">2014.</word>
<word id="word_409">,</word>
<word id="word_410">2015.</word>
<word id="word_411">,</word>
<word id="word_412">2016.</word>
<word id="word_413">gadā</word>
<word id="word_414">utt.</word>
<word id="word_415">Interesanti</word>
<word id="word_416">aizmetņi</word>
<word id="word_417">2.</word>
<word id="word_418">Ņemot</word>
<word id="word_419">vērā</word>
<word id="word_420">,</word>
<word id="word_421">cik</word>
<word id="word_422">ievērojama</word>
<word id="word_423">sabiedrības</word>
<word id="word_424">daļa</word>
<word id="word_425">iebilst</word>
<word id="word_426">pret</word>
<word id="word_427">Latvijas</word>
<word id="word_428">pievienošanos</word>
<word id="word_429">eirozonai</word>
<word id="word_430">–</word>
<word id="word_431">vai</word>
<word id="word_432">vismaz</word>
<word id="word_433">veidu</word>
<word id="word_434">un</word>
<word id="word_435">termiņiem</word>
<word id="word_436">–</word>
<word id="word_437">,</word>
<word id="word_438">bija</word>
<word id="word_439">tikai</word>
<word id="word_440">laika</word>
<word id="word_441">jautājums</word>
<word id="word_442">,</word>
<word id="word_443">lai</word>
<word id="word_444">parādītos</word>
<word id="word_445">sabiedrībā</word>
<word id="word_446">pazīstamu</word>
<word id="word_447">cilvēku</word>
<word id="word_448">grupa</word>
<word id="word_449">(</word>
<word id="word_450">lai</word>
<word id="word_451">cik</word>
<word id="word_452">neskaidrs</word>
<word id="word_453">šis</word>
<word id="word_454">formulējums</word>
<word id="word_455">)</word>
<word id="word_456">,</word>
<word id="word_457">kas</word>
<word id="word_458">centīsies</word>
<word id="word_459">šīs</word>
<word id="word_460">pretenzijas</word>
<word id="word_461">uzlikt</word>
<word id="word_462">uz</word>
<word id="word_463">papīra</word>
<word id="word_464">.</word>
<word id="word_465">Tas</word>
<word id="word_466">arī</word>
<word id="word_467">pagājušajā</word>
<word id="word_468">nedēļā</word>
<word id="word_469">notika</word>
<word id="word_470">.</word>
<word id="word_471">Un</word>
<word id="word_472">ir</word>
<word id="word_473">jāsaprot</word>
<word id="word_474">,</word>
<word id="word_475">ka</word>
<word id="word_476">minētās</word>
<word id="word_477">personas</word>
<word id="word_478">(</word>
<word id="word_479">vismaz</word>
<word id="word_480">vairākums</word>
<word id="word_481">)</word>
<word id="word_482">nav</word>
<word id="word_483">Dombrovska</word>
<word id="word_484">valdības</word>
<word id="word_485">politisko</word>
<word id="word_486">pretinieku</word>
<word id="word_487">vai</word>
<word id="word_488">kādu</word>
<word id="word_489">ārējo</word>
<word id="word_490">spēju</word>
<word id="word_491">uzpirktas</word>
<word id="word_492">vai</word>
<word id="word_493">sakūdītas</word>
<word id="word_494">.</word>
<word id="word_495">Jo</word>
<word id="word_496">–</word>
<word id="word_497">un</word>
<word id="word_498">te</word>
<word id="word_499">parādās</word>
<word id="word_500">interesantais</word>
<word id="word_501">–</word>
<word id="word_502">grupa</word>
<word id="word_503">,</word>
<word id="word_504">kas</word>
<word id="word_505">aicina</word>
<word id="word_506">rīkot</word>
<word id="word_507">referendumu</word>
<word id="word_508">,</word>
<word id="word_509">no</word>
<word id="word_510">tās</word>
<word id="word_511">sastāva</word>
<word id="word_512">viedokļa</word>
<word id="word_513">gandrīz</word>
<word id="word_514">sakrīt</word>
<word id="word_515">ar</word>
<word id="word_516">tiem</word>
<word id="word_517">aktīvistiem</word>
<word id="word_518">,</word>
<word id="word_519">kas</word>
<word id="word_520">regulāri</word>
<word id="word_521">izsakās</word>
<word id="word_522">un</word>
<word id="word_523">rīko</word>
<word id="word_524">akcijas</word>
<word id="word_525">(</word>
<word id="word_526">vēl</word>
<word id="word_527">šogad</word>
<word id="word_528">Doma</word>
<word id="word_529">laukumā</word>
<word id="word_530">)</word>
<word id="word_531">par</word>
<word id="word_532">citiem</word>
<word id="word_533">jautājumiem</word>
<word id="word_534">,</word>
<word id="word_535">pozicionējoties</word>
<word id="word_536">kā</word>
<word id="word_537">tradicionālo</word>
<word id="word_538">,</word>
<word id="word_539">t</word>
<word id="word_540">.</word>
<word id="word_541">sk.</word>
<word id="word_542">kristīgo</word>
<word id="word_543">,</word>
<word id="word_544">vērtību</word>
<word id="word_545">aizstāvji</word>
<word id="word_546">pret</word>
<word id="word_547">t</word>
<word id="word_548">.</word>
<word id="word_549">s</word>
<word id="word_550">.</word>
<word id="word_551">multikulturālismu</word>
<word id="word_552">,</word>
<word id="word_553">tikumu</word>
<word id="word_554">pagrimumu</word>
<word id="word_555">utt.</word>
<word id="word_556">Respektīvi</word>
<word id="word_557">,</word>
<word id="word_558">runa</word>
<word id="word_559">nav</word>
<word id="word_560">par</word>
<word id="word_561">atsevišķu</word>
<word id="word_562">tēmu</word>
<word id="word_563">,</word>
<word id="word_564">bet</word>
<word id="word_565">noteiktu</word>
<word id="word_566">pasaules</word>
<word id="word_567">uzskatu</word>
<word id="word_568">,</word>
<word id="word_569">kas</word>
<word id="word_570">var</word>
<word id="word_571">patikt</word>
<word id="word_572">,</word>
<word id="word_573">var</word>
<word id="word_574">nepatikt</word>
<word id="word_575">,</word>
<word id="word_576">bet</word>
<word id="word_577">tāds</word>
<word id="word_578">pastāv</word>
<word id="word_579">,</word>
<word id="word_580">un</word>
<word id="word_581">ne_tikai</word>
<word id="word_582">Latvijā</word>
<word id="word_583">.</word>
<word id="word_584">Ja</word>
<word id="word_585">mēģinām</word>
<word id="word_586">būt</word>
<word id="word_587">objektīvi</word>
<word id="word_588">,</word>
<word id="word_589">liela</word>
<word id="word_590">problēma</word>
<word id="word_591">ir</word>
<word id="word_592">pareizas</word>
<word id="word_593">terminoloģijas</word>
<word id="word_594">izvēle</word>
<word id="word_595">.</word>
<word id="word_596">Ja</word>
<word id="word_597">lietojam</word>
<word id="word_598">politiskajā</word>
<word id="word_599">žargonā</word>
<word id="word_600">pierastus</word>
<word id="word_601">apzīmējumus</word>
<word id="word_602">–</word>
<word id="word_603">«</word>
<word id="word_604">fundamentālisti</word>
<word id="word_605">»</word>
<word id="word_606">,</word>
<word id="word_607">«</word>
<word id="word_608">ksenofobi</word>
<word id="word_609">»</word>
<word id="word_610">u</word>
<word id="word_611">.</word>
<word id="word_612">c</word>
<word id="word_613">.</word>
<word id="word_614">–</word>
<word id="word_615">,</word>
<word id="word_616">prātā</word>
<word id="word_617">uzreiz</word>
<word id="word_618">nāk</word>
<word id="word_619">Irānas</word>
<word id="word_620">mullas</word>
<word id="word_621">un</word>
<word id="word_622">tamlīdzīgi</word>
<word id="word_623">tēli</word>
<word id="word_624">,</word>
<word id="word_625">kas</word>
<word id="word_626">nebūtu</word>
<word id="word_627">korekti</word>
<word id="word_628">.</word>
<word id="word_629">Tas</word>
<word id="word_630">ir</word>
<word id="word_631">strāvojums</word>
<word id="word_632">,</word>
<word id="word_633">kas</word>
<word id="word_634">idejiski</word>
<word id="word_635">tuvs</word>
<word id="word_636">,</word>
<word id="word_637">piemēram</word>
<word id="word_638">,</word>
<word id="word_639">katoļu</word>
<word id="word_640">garīdzniecībai</word>
<word id="word_641">Polijā</word>
<word id="word_642">vai</word>
<word id="word_643">Turcijas</word>
<word id="word_644">valdošās</word>
<word id="word_645">partijas</word>
<word id="word_646">vēlētājiem</word>
<word id="word_647">vai</word>
<word id="word_648">galu</word>
<word id="word_649">galā</word>
<word id="word_650">ievērojamai</word>
<word id="word_651">amerikāņu</word>
<word id="word_652">republikāņu</word>
<word id="word_653">daļai</word>
<word id="word_654">.</word>
<word id="word_655">Līdz</word>
<word id="word_656">ar</word>
<word id="word_657">to</word>
<word id="word_658">bļaut</word>
<word id="word_659">par</word>
<word id="word_660">«</word>
<word id="word_661">tumsoņām</word>
<word id="word_662">»</word>
<word id="word_663">,</word>
<word id="word_664">«</word>
<word id="word_665">populistiem</word>
<word id="word_666">»</word>
<word id="word_667">ir</word>
<word id="word_668">bezjēdzīgi</word>
<word id="word_669">,</word>
<word id="word_670">jo</word>
<word id="word_671">runa</word>
<word id="word_672">ir</word>
<word id="word_673">par</word>
<word id="word_674">uzskatu</word>
<word id="word_675">kopumu</word>
<word id="word_676">,</word>
<word id="word_677">kam</word>
<word id="word_678">simpatizē</word>
<word id="word_679">ļoti</word>
<word id="word_680">daudzi</word>
<word id="word_681">.</word>
<word id="word_682">Vēl</word>
<word id="word_683">vairāk</word>
<word id="word_684">–</word>
<word id="word_685">ir</word>
<word id="word_686">pat</word>
<word id="word_687">stimulējoši</word>
<word id="word_688">,</word>
<word id="word_689">ka</word>
<word id="word_690">Latvijā</word>
<word id="word_691">šāda</word>
<word id="word_692">grupa</word>
<word id="word_693">veidojas</word>
<word id="word_694">,</word>
<word id="word_695">jo</word>
<word id="word_696">tā</word>
<word id="word_697">varētu</word>
<word id="word_698">būt</word>
<word id="word_699">reaģents</word>
<word id="word_700">,</word>
<word id="word_701">kas</word>
<word id="word_702">mazina</word>
<word id="word_703">ideoloģiskās</word>
<word id="word_704">duļķes</word>
<word id="word_705">mūsu</word>
<word id="word_706">partijās</word>
<word id="word_707">.</word>
<word id="word_708">Jo</word>
<word id="word_709">nav</word>
<word id="word_710">noslēpums</word>
<word id="word_711">,</word>
<word id="word_712">ka</word>
<word id="word_713">duļķes</word>
<word id="word_714">ir</word>
<word id="word_715">pamatīgas</word>
<word id="word_716">–</word>
<word id="word_717">vienos</word>
<word id="word_718">jautājumos</word>
<word id="word_719">partija</word>
<word id="word_720">balso</word>
<word id="word_721">kā</word>
<word id="word_722">liberāļi</word>
<word id="word_723">,</word>
<word id="word_724">citos</word>
<word id="word_725">kā</word>
<word id="word_726">konservatīvie</word>
<word id="word_727">,</word>
<word id="word_728">nemaz</word>
<word id="word_729">nerunājot</word>
<word id="word_730">par</word>
<word id="word_731">haosu</word>
<word id="word_732">partiju</word>
<word id="word_733">iekšpusē</word>
<word id="word_734">(</word>
<word id="word_735">izcils</word>
<word id="word_736">piemērs</word>
<word id="word_737">–</word>
<word id="word_738">Vienotība</word>
<word id="word_739">)</word>
<word id="word_740">.</word>
<word id="word_741">Būtu</word>
<word id="word_742">tikai</word>
<word id="word_743">labi</word>
<word id="word_744">,</word>
<word id="word_745">ja</word>
<word id="word_746">šāda</word>
<word id="word_747">t</word>
<word id="word_748">.</word>
<word id="word_749">s</word>
<word id="word_750">.</word>
<word id="word_751">spiediena</word>
<word id="word_752">grupa</word>
<word id="word_753">regulāri</word>
<word id="word_754">spiestu</word>
<word id="word_755">politiķus</word>
<word id="word_756">padomāt</word>
<word id="word_757">,</word>
<word id="word_758">ko</word>
<word id="word_759">viņi</word>
<word id="word_760">saka</word>
<word id="word_761">dažādās</word>
<word id="word_762">auditorijās</word>
<word id="word_763">un</word>
<word id="word_764">situācijās</word>
<word id="word_765">.</word>
<word id="word_766">Tas</word>
<word id="word_767">,</word>
<word id="word_768">iespējams</word>
<word id="word_769">,</word>
<word id="word_770">veicinātu</word>
<word id="word_771">arī</word>
<word id="word_772">ar</word>
<word id="word_773">partijām</word>
<word id="word_774">tieši</word>
<word id="word_775">nesaistīto</word>
<word id="word_776">liberāļu</word>
<word id="word_777">savākšanos</word>
<word id="word_778">(</word>
<word id="word_779">tiešā</word>
<word id="word_780">un</word>
<word id="word_781">žargona</word>
<word id="word_782">nozīmē</word>
<word id="word_783">)</word>
<word id="word_784">.</word>
<word id="word_785">Un</word>
<word id="word_786">nevajag</word>
<word id="word_787">uz</word>
<word id="word_788">šādu</word>
<word id="word_789">grupu</word>
<word id="word_790">aktivitātēm</word>
<word id="word_791">reaģēt</word>
<word id="word_792">ar</word>
<word id="word_793">«</word>
<word id="word_794">tad</word>
<word id="word_795">taisiet</word>
<word id="word_796">partiju</word>
<word id="word_797">,</word>
<word id="word_798">ja</word>
<word id="word_799">jau</word>
<word id="word_800">esat</word>
<word id="word_801">tik</word>
<word id="word_802">gudri</word>
<word id="word_803">!</word>
<word id="word_804">»</word>
<word id="word_805">.</word>
<word id="word_806">Spiediena</word>
<word id="word_807">grupas</word>
<word id="word_808">(</word>
<word id="word_809">pressure</word>
<word id="word_810">groups</word>
<word id="word_811">)</word>
<word id="word_812">ir</word>
<word id="word_813">normāla</word>
<word id="word_814">parādība</word>
<word id="word_815">demokrātijā</word>
<word id="word_816">.</word>
<word id="word_817">Dīvains</word>
<word id="word_818">atmiņas</word>
<word id="word_819">zudums</word>
<word id="word_820">3.</word>
<word id="word_821">Ja</word>
<word id="word_822">runa</word>
<word id="word_823">nebūtu</word>
<word id="word_824">par</word>
<word id="word_825">tūkstošiem</word>
<word id="word_826">darbvietu</word>
<word id="word_827">un</word>
<word id="word_828">iespējamu</word>
<word id="word_829">triecienu</word>
<word id="word_830">Liepājai</word>
<word id="word_831">,</word>
<word id="word_832">tas</word>
<word id="word_833">,</word>
<word id="word_834">kā</word>
<word id="word_835">norit</word>
<word id="word_836">domu</word>
<word id="word_837">apmaiņa</word>
<word id="word_838">par</word>
<word id="word_839">Liepājas</word>
<word id="word_840">metalurgā</word>
<word id="word_841">(</word>
<word id="word_842">LM</word>
<word id="word_843">)</word>
<word id="word_844">notiekošo</word>
<word id="word_845">,</word>
<word id="word_846">būtu</word>
<word id="word_847">smieklīgi</word>
<word id="word_848">.</word>
<word id="word_849">Kad</word>
<word id="word_850">uzņēmuma</word>
<word id="word_851">vadībai</word>
<word id="word_852">lūdz</word>
<word id="word_853">komentārus</word>
<word id="word_854">par</word>
<word id="word_855">izskanējušajiem</word>
<word id="word_856">apvainojumiem</word>
<word id="word_857">,</word>
<word id="word_858">maigi</word>
<word id="word_859">izsakoties</word>
<word id="word_860">,</word>
<word id="word_861">nesaimnieciskā</word>
<word id="word_862">rīcībā</word>
<word id="word_863">,</word>
<word id="word_864">masveidā</word>
<word id="word_865">,</word>
<word id="word_866">t</word>
<word id="word_867">.</word>
<word id="word_868">sk.</word>
<word id="word_869">etniskajiem</word>
<word id="word_870">latviešiem</word>
<word id="word_871">,</word>
<word id="word_872">pēkšņi</word>
<word id="word_873">parādās</word>
<word id="word_874">pilnīga</word>
<word id="word_875">valsts</word>
<word id="word_876">valodas</word>
<word id="word_877">nesaprašana</word>
<word id="word_878">,</word>
<word id="word_879">jo</word>
<word id="word_880">atbildēts</word>
<word id="word_881">tiek</word>
<word id="word_882">ar</word>
<word id="word_883">norādi</word>
<word id="word_884">,</word>
<word id="word_885">cik</word>
<word id="word_886">postoši</word>
<word id="word_887">uzņēmumam</word>
<word id="word_888">ir</word>
<word id="word_889">milzīgie</word>
<word id="word_890">rēķini</word>
<word id="word_891">par</word>
<word id="word_892">elektroenerģiju</word>
<word id="word_893">.</word>
<word id="word_894">Tomēr</word>
<word id="word_895">šāda</word>
<word id="word_896">taktika</word>
<word id="word_897">,</word>
<word id="word_898">lai</word>
<word id="word_899">cik</word>
<word id="word_900">kaitinoša</word>
<word id="word_901">,</word>
<word id="word_902">ir</word>
<word id="word_903">loģiska</word>
<word id="word_904">,</word>
<word id="word_905">ja</word>
<word id="word_906">vērtē</word>
<word id="word_907">no</word>
<word id="word_908">LM</word>
<word id="word_909">vadītāju</word>
<word id="word_910">viedokļa</word>
<word id="word_911">.</word>
<word id="word_912">Nepiedienīgāk</word>
<word id="word_913">izskatās</word>
<word id="word_914">pati</word>
<word id="word_915">gaušanās</word>
<word id="word_916">par</word>
<word id="word_917">elektroenerģijas</word>
<word id="word_918">augstās</word>
<word id="word_919">cenas</word>
<word id="word_920">iemesliem</word>
<word id="word_921">,</word>
<word id="word_922">un</word>
<word id="word_923">te</word>
<word id="word_924">ar</word>
<word id="word_925">metalurgiem</word>
<word id="word_926">sacenšas</word>
<word id="word_927">pašvaldību</word>
<word id="word_928">vadītāju</word>
<word id="word_929">,</word>
<word id="word_930">uzņēmēju</word>
<word id="word_931">NVO</word>
<word id="word_932">pārstāvji</word>
<word id="word_933">u</word>
<word id="word_934">.</word>
<word id="word_935">c</word>
<word id="word_936">.</word>
<word id="word_937">personāži</word>
<word id="word_938">,</word>
<word id="word_939">kuri</word>
<word id="word_940">gadiem</word>
<word id="word_941">ilgi</word>
<word id="word_942">dažādos</word>
<word id="word_943">formātos</word>
<word id="word_944">sēž</word>
<word id="word_945">pie</word>
<word id="word_946">vieniem</word>
<word id="word_947">galdiem</word>
<word id="word_948">,</word>
<word id="word_949">par</word>
<word id="word_950">kaut</word>
<word id="word_951">ko</word>
<word id="word_952">runā</word>
<word id="word_953">saietos</word>
<word id="word_954">ar</word>
<word id="word_955">spirdzinošu</word>
<word id="word_956">dzērienu</word>
<word id="word_957">glāzēm</word>
<word id="word_958">rokās</word>
<word id="word_959">utt.</word>
<word id="word_960">Pēkšņi</word>
<word id="word_961">pār</word>
<word id="word_962">personāžiem</word>
<word id="word_963">nākusi</word>
<word id="word_964">atklāsme</word>
<word id="word_965">,</word>
<word id="word_966">ka</word>
<word id="word_967">Latvijā</word>
<word id="word_968">ir</word>
<word id="word_969">izveidota</word>
<word id="word_970">rūpniecību</word>
<word id="word_971">bendējoša</word>
<word id="word_972">politika</word>
<word id="word_973">enerģētikā</word>
<word id="word_974">,</word>
<word id="word_975">lai_gan</word>
<word id="word_976">nebija</word>
<word id="word_977">nepieciešams</word>
<word id="word_978">Nobela</word>
<word id="word_979">līmenis</word>
<word id="word_980">ekonomikā</word>
<word id="word_981">,</word>
<word id="word_982">lai_jau</word>
<word id="word_983">šīs</word>
<word id="word_984">politikas</word>
<word id="word_985">tapšanas</word>
<word id="word_986">posmā</word>
<word id="word_987">saprastu</word>
<word id="word_988">,</word>
<word id="word_989">ka</word>
<word id="word_990">labi</word>
<word id="word_991">nebūs</word>
<word id="word_992">.</word>
<word id="word_993">Bet</word>
<word id="word_994">,</word>
<word id="word_995">redz</word>
<word id="word_996">,</word>
<word id="word_997">tad</word>
<word id="word_998">tas</word>
<word id="word_999">nez</word>
<word id="word_1000">kādēļ</word>
<word id="word_1001">nelikās</word>
<word id="word_1002">kliegšanas</word>
<word id="word_1003">vērts</word>
<word id="word_1004">temats</word>
<word id="word_1005">.</word>
<word id="word_1006">Ja</word>
<word id="word_1007">kāds</word>
<word id="word_1008">apgalvo</word>
<word id="word_1009">,</word>
<word id="word_1010">ka</word>
<word id="word_1011">protestēt</word>
<word id="word_1012">nebija</word>
<word id="word_1013">vērts</word>
<word id="word_1014">,</word>
<word id="word_1015">jo</word>
<word id="word_1016">neko</word>
<word id="word_1017">ietekmēt</word>
<word id="word_1018">tāpat</word>
<word id="word_1019">nevarēja</word>
<word id="word_1020">,</word>
<word id="word_1021">leģitīms</word>
<word id="word_1022">ir</word>
<word id="word_1023">jautājums</word>
<word id="word_1024">,</word>
<word id="word_1025">kam</word>
<word id="word_1026">vispār</word>
<word id="word_1027">vajadzīgas</word>
<word id="word_1028">tādas</word>
<word id="word_1029">NVO</word>
<word id="word_1030">,</word>
<word id="word_1031">pilsētu</word>
<word id="word_1032">galvas</word>
<word id="word_1033">,</word>
<word id="word_1034">kuri</word>
<word id="word_1035">spēj</word>
<word id="word_1036">tikai</word>
<word id="word_1037">aizspiest</word>
<word id="word_1038">acis</word>
<word id="word_1039">un</word>
<word id="word_1040">ausis</word>
<word id="word_1041">,</word>
<word id="word_1042">gaidot</word>
<word id="word_1043">,</word>
<word id="word_1044">kad</word>
<word id="word_1045">kaut</word>
<word id="word_1046">kas</word>
<word id="word_1047">uzsprāgs</word>
<word id="word_1048">.</word>
<word id="word_1049">Šķiet</word>
<word id="word_1050">,</word>
<word id="word_1051">LM</word>
<word id="word_1052">gadījumā</word>
<word id="word_1053">mēs</word>
<word id="word_1054">redzam</word>
<word id="word_1055">klasisku</word>
<word id="word_1056">pašmāju</word>
<word id="word_1057">t</word>
<word id="word_1058">.</word>
<word id="word_1059">s</word>
<word id="word_1060">.</word>
<word id="word_1061">elites</word>
<word id="word_1062">lietu</word>
<word id="word_1063">izpratnes</word>
<word id="word_1064">un</word>
<word id="word_1065">uzvedības</word>
<word id="word_1066">modeļa</word>
<word id="word_1067">izpausmi</word>
<word id="word_1068">:</word>
<word id="word_1069">katram</word>
<word id="word_1070">savas</word>
<word id="word_1071">«</word>
<word id="word_1072">štelles</word>
<word id="word_1073">»</word>
<word id="word_1074">,</word>
<word id="word_1075">tāpēc</word>
<word id="word_1076">nerakstīts</word>
<word id="word_1077">noteikums</word>
<word id="word_1078">ir</word>
<word id="word_1079">pārāk</word>
<word id="word_1080">nebļaustīties</word>
<word id="word_1081">,</word>
<word id="word_1082">un</word>
<word id="word_1083">šī</word>
<word id="word_1084">omulīgā</word>
<word id="word_1085">līdzāspastāvēšana</word>
<word id="word_1086">ilgst</word>
<word id="word_1087">,</word>
<word id="word_1088">kamēr</word>
<word id="word_1089">dažādu</word>
<word id="word_1090">apstākļu</word>
<word id="word_1091">sakritības</word>
<word id="word_1092">dēļ</word>
<word id="word_1093">kāds</word>
<word id="word_1094">posms</word>
<word id="word_1095">nesprāgst</word>
<word id="word_1096">.</word>
<word id="word_1097">Šādā</word>
<word id="word_1098">aspektā</word>
<word id="word_1099">LM</word>
<word id="word_1100">tiešām</word>
<word id="word_1101">var</word>
<word id="word_1102">salīdzināt</word>
<word id="word_1103">ar</word>
<word id="word_1104">Parex</word>
<word id="word_1105">–</word>
<word id="word_1106">diez_vai</word>
<word id="word_1107">kādam</word>
<word id="word_1108">no</word>
<word id="word_1109">elites</word>
<word id="word_1110">bija</word>
<word id="word_1111">lielas</word>
<word id="word_1112">ilūzijas</word>
<word id="word_1113">par</word>
<word id="word_1114">bankas</word>
<word id="word_1115">īpašnieku</word>
<word id="word_1116">biznesa</word>
<word id="word_1117">stilu</word>
<word id="word_1118">,</word>
<word id="word_1119">daudzi</word>
<word id="word_1120">pat</word>
<word id="word_1121">nojauta</word>
<word id="word_1122">briestošās</word>
<word id="word_1123">nepatikšanas</word>
<word id="word_1124">,</word>
<word id="word_1125">bet</word>
<word id="word_1126">klusēja</word>
<word id="word_1127">–</word>
<word id="word_1128">lai</word>
<word id="word_1129">pēc</word>
<word id="word_1130">tam</word>
<word id="word_1131">sacenstos</word>
<word id="word_1132">daiļrunībā</word>
<word id="word_1133">.</word>
<word id="word_1134">Dāvana</word>
<word id="word_1135">eiroskeptiķiem</word>
<word id="word_1136">4.</word>
<word id="word_1137">Šī</word>
<word id="word_1138">apskata</word>
<word id="word_1139">rakstīšanas</word>
<word id="word_1140">laikā</word>
<word id="word_1141">gaidas</word>
<word id="word_1142">par</word>
<word id="word_1143">to</word>
<word id="word_1144">,</word>
<word id="word_1145">kas</word>
<word id="word_1146">notiks</word>
<word id="word_1147">Eiropas</word>
<word id="word_1148">Savienības</word>
<word id="word_1149">(</word>
<word id="word_1150">ES</word>
<word id="word_1151">)</word>
<word id="word_1152">budžeta</word>
<word id="word_1153">samitā</word>
<word id="word_1154">,</word>
<word id="word_1155">atgādināja</word>
<word id="word_1156">situāciju</word>
<word id="word_1157">,</word>
<word id="word_1158">kad</word>
<word id="word_1159">luksofors</word>
<word id="word_1160">«</word>
<word id="word_1161">uzkāries</word>
<word id="word_1162">»</word>
<word id="word_1163">,</word>
<word id="word_1164">mirdzina</word>
<word id="word_1165">vien</word>
<word id="word_1166">dzelteno</word>
<word id="word_1167">gaismu</word>
<word id="word_1168">,</word>
<word id="word_1169">stāvi</word>
<word id="word_1170">,</word>
<word id="word_1171">nervozē</word>
<word id="word_1172">,</word>
<word id="word_1173">jo</word>
<word id="word_1174">tikpat</word>
<word id="word_1175">labi</word>
<word id="word_1176">var</word>
<word id="word_1177">ieslēgties</word>
<word id="word_1178">zaļais</word>
<word id="word_1179">,</word>
<word id="word_1180">cik</word>
<word id="word_1181">sarkanais</word>
<word id="word_1182">signāls</word>
<word id="word_1183">...</word>
<word id="word_1184">Zaļais</word>
<word id="word_1185">vai</word>
<word id="word_1186">sarkanais</word>
<word id="word_1187">,</word>
<word id="word_1188">tomēr</word>
<word id="word_1189">ir</word>
<word id="word_1190">skaidrs</word>
<word id="word_1191">,</word>
<word id="word_1192">ka</word>
<word id="word_1193">eiroskeptiķiem</word>
<word id="word_1194">Latvijā</word>
<word id="word_1195">būs</word>
<word id="word_1196">iespēja</word>
<word id="word_1197">teikt</word>
<word id="word_1198">,</word>
<word id="word_1199">ka</word>
<word id="word_1200">ES</word>
<word id="word_1201">atkal</word>
<word id="word_1202">mūs</word>
<word id="word_1203">ir</word>
<word id="word_1204">«</word>
<word id="word_1205">abižojusi</word>
<word id="word_1206">»</word>
<word id="word_1207">.</word>
<word id="word_1208">Šī</word>
<word id="word_1209">sajūta</word>
<word id="word_1210">sabiedrības</word>
<word id="word_1211">labvēlību</word>
<word id="word_1212">pret</word>
<word id="word_1213">iestāšanos</word>
<word id="word_1214">eirozonā</word>
<word id="word_1215">nu</word>
<word id="word_1216">nekādi</word>
<word id="word_1217">neveicinās</word>
<word id="word_1218">.</word>
<word id="word_1219">Tā</word>
<word id="word_1220">teikt</word>
<word id="word_1221">,</word>
<word id="word_1222">pavisam</word>
<word id="word_1223">nelāgi</word>
<word id="word_1224">sakrita</word>
<word id="word_1225">laikā</word>
<word id="word_1226">...</word>
<word id="word_1227">Ļoti</word>
<word id="word_1228">daudz</word>
<word id="word_1229">būs</word>
<word id="word_1230">atkarīgs</word>
<word id="word_1231">no</word>
<word id="word_1232">tā</word>
<word id="word_1233">,</word>
<word id="word_1234">vai</word>
<word id="word_1235">koalīcija</word>
<word id="word_1236">mācēs</word>
<word id="word_1237">izstāstīt</word>
<word id="word_1238">,</word>
<word id="word_1239">kas</word>
<word id="word_1240">labs</word>
<word id="word_1241">Latvijai</word>
<word id="word_1242">būs</word>
<word id="word_1243">arī</word>
<word id="word_1244">apcirptā</word>
<word id="word_1245">ES</word>
<word id="word_1246">nākamā</word>
<word id="word_1247">plānošanas</word>
<word id="word_1248">perioda</word>
<word id="word_1249">budžeta</word>
<word id="word_1250">gadījumā</word>
<word id="word_1251">.</word>
<word id="word_1252">Šonedēļ</word>
<word id="word_1253">5.</word>
<word id="word_1254">Ilgi</word>
<word id="word_1255">tapušā</word>
<word id="word_1256">valsts</word>
<word id="word_1257">kapitāla</word>
<word id="word_1258">daļu</word>
<word id="word_1259">pārvaldības</word>
<word id="word_1260">reforma</word>
<word id="word_1261">šonedēļ</word>
<word id="word_1262">nodota</word>
<word id="word_1263">Saeimas</word>
<word id="word_1264">deputātu</word>
<word id="word_1265">(</word>
<word id="word_1266">Publisko</word>
<word id="word_1267">izdevumu</word>
<word id="word_1268">un</word>
<word id="word_1269">revīzijas</word>
<word id="word_1270">komisija</word>
<word id="word_1271">)</word>
<word id="word_1272">vērtēšanai</word>
<word id="word_1273">.</word>
<word id="word_1274">Ņemot</word>
<word id="word_1275">vērā</word>
<word id="word_1276">regulāros</word>
<word id="word_1277">skandāliņus</word>
<word id="word_1278">presē</word>
<word id="word_1279">par</word>
<word id="word_1280">valsts</word>
<word id="word_1281">uzņēmumos</word>
<word id="word_1282">notiekošo</word>
<word id="word_1283">,</word>
<word id="word_1284">reformai</word>
<word id="word_1285">it_kā</word>
<word id="word_1286">nevajadzētu</word>
<word id="word_1287">kavēties</word>
<word id="word_1288">,</word>
<word id="word_1289">tomēr</word>
<word id="word_1290">,</word>
<word id="word_1291">iespējams</word>
<word id="word_1292">,</word>
<word id="word_1293">partiju</word>
<word id="word_1294">savstarpējā</word>
<word id="word_1295">greizsirdība</word>
<word id="word_1296">to</word>
<word id="word_1297">atkal</word>
<word id="word_1298">nobremzēs</word>
<word id="word_1299">.</word>
<word id="word_1300">Jāpiemin</word>
<word id="word_1301">,</word>
<word id="word_1302">ka</word>
<word id="word_1303">līdzīgs</word>
<word id="word_1304">liktenis</word>
<word id="word_1305">ir</word>
<word id="word_1306">citam</word>
<word id="word_1307">Reformu</word>
<word id="word_1308">partijas</word>
<word id="word_1309">jājamzirdziņam</word>
<word id="word_1310">–</word>
<word id="word_1311">publisko</word>
<word id="word_1312">pakalpojumu</word>
<word id="word_1313">sistēmas</word>
<word id="word_1314">reformai</word>
<word id="word_1315">,</word>
<word id="word_1316">kas</word>
<word id="word_1317">šonedēļ</word>
<word id="word_1318">atkal</word>
<word id="word_1319">tiek</word>
<word id="word_1320">vētīta</word>
<word id="word_1321">valdībā</word>
<word id="word_1322">.</word>
<word id="word_1323">Jo</word>
<word id="word_1324">karstas</word>
<word id="word_1325">diskusijas</word>
<word id="word_1326">gaidāmas</word>
<word id="word_1327">Saeimas</word>
<word id="word_1328">Demogrāfijas</word>
<word id="word_1329">lietu</word>
<word id="word_1330">apakškomisijā</word>
<word id="word_1331">,</word>
<word id="word_1332">kas</word>
<word id="word_1333">atkal</word>
<word id="word_1334">skatīs</word>
<word id="word_1335">abortu</word>
<word id="word_1336">ierobežošanas</word>
<word id="word_1337">tēmu</word>
<word id="word_1338">.</word>
<word id="word_1339">Nokaitēta</word>
<word id="word_1340">gaisotne</word>
<word id="word_1341">varētu</word>
<word id="word_1342">būt</word>
<word id="word_1343">arī</word>
<word id="word_1344">Izglītības</word>
<word id="word_1345">un</word>
<word id="word_1346">kultūras</word>
<word id="word_1347">komisijā</word>
<word id="word_1348">,</word>
<word id="word_1349">kas</word>
<word id="word_1350">nolēmusi</word>
<word id="word_1351">atgriezties</word>
<word id="word_1352">pie</word>
<word id="word_1353">savulaik</word>
<word id="word_1354">lielas</word>
<word id="word_1355">kaislības</word>
<word id="word_1356">izraisījušā</word>
<word id="word_1357">autortiesību</word>
<word id="word_1358">(</word>
<word id="word_1359">mūzikas</word>
<word id="word_1360">atskaņošana</word>
<word id="word_1361">sabiedriskās</word>
<word id="word_1362">vietās</word>
<word id="word_1363">)</word>
<word id="word_1364">jautājuma</word>
<word id="word_1365">.</word>
<word id="word_1366">Savukārt</word>
<word id="word_1367">Valsts</word>
<word id="word_1368">prezidents</word>
<word id="word_1369">uzturēsies</word>
<word id="word_1370">divu</word>
<word id="word_1371">dienu</word>
<word id="word_1372">vizītē</word>
<word id="word_1373">Īrijā</word>
<word id="word_1374">–</word>
<word id="word_1375">atkal</word>
<word id="word_1376">gaidām</word>
<word id="word_1377">interesantas</word>
<word id="word_1378">Bērziņa</word>
<word id="word_1379">atziņas</word>
<word id="word_1380">par</word>
<word id="word_1381">Latvijas</word>
<word id="word_1382">ekonomiku</word>
<word id="word_1383">un</word>
<word id="word_1384">cilvēku</word>
<word id="word_1385">labklājību</word>
<word id="word_1386">...</word>
</words>