<?xml version="1.0" encoding="UTF-8"?>
<!DOCTYPE markables SYSTEM "markables.dtd">
<markables xmlns="www.eml.org/NameSpaces/sentence">
<markable mmax_level="sentence" id="markable_1" span="word_1..word_8" />
<markable mmax_level="sentence" id="markable_2" span="word_9..word_11" />
<markable mmax_level="sentence" id="markable_3" span="word_12..word_29" />
<markable mmax_level="sentence" id="markable_4" span="word_30..word_46" />
<markable mmax_level="sentence" id="markable_5" span="word_47..word_64" />
<markable mmax_level="sentence" id="markable_6" span="word_65..word_81" />
<markable mmax_level="sentence" id="markable_7" span="word_82..word_111" />
<markable mmax_level="sentence" id="markable_8" span="word_112..word_137" />
<markable mmax_level="sentence" id="markable_9" span="word_138..word_166" />
</markables>