<?xml version="1.0" encoding="UTF-8"?>
<!DOCTYPE markables SYSTEM "markables.dtd">
<markables xmlns="www.eml.org/NameSpaces/sentence">
<markable mmax_level="sentence" id="markable_1" span="word_1..word_5" />
<markable mmax_level="sentence" id="markable_2" span="word_6..word_8" />
<markable mmax_level="sentence" id="markable_3" span="word_9..word_26" />
<markable mmax_level="sentence" id="markable_4" span="word_27..word_53" />
<markable mmax_level="sentence" id="markable_5" span="word_54..word_81" />
<markable mmax_level="sentence" id="markable_6" span="word_82..word_89" />
<markable mmax_level="sentence" id="markable_7" span="word_90..word_102" />
<markable mmax_level="sentence" id="markable_8" span="word_103..word_114" />
<markable mmax_level="sentence" id="markable_9" span="word_115..word_125" />
<markable mmax_level="sentence" id="markable_10" span="word_126..word_148" />
<markable mmax_level="sentence" id="markable_11" span="word_149" />
<markable mmax_level="sentence" id="markable_12" span="word_150..word_159" />
<markable mmax_level="sentence" id="markable_13" span="word_160..word_165" />
<markable mmax_level="sentence" id="markable_14" span="word_166..word_170" />
<markable mmax_level="sentence" id="markable_15" span="word_171..word_177" />
<markable mmax_level="sentence" id="markable_16" span="word_178..word_186" />
<markable mmax_level="sentence" id="markable_17" span="word_187" />
<markable mmax_level="sentence" id="markable_18" span="word_188..word_205" />
<markable mmax_level="sentence" id="markable_19" span="word_206..word_216" />
<markable mmax_level="sentence" id="markable_20" span="word_217..word_224" />
<markable mmax_level="sentence" id="markable_21" span="word_225..word_236" />
<markable mmax_level="sentence" id="markable_22" span="word_237..word_253" />
<markable mmax_level="sentence" id="markable_23" span="word_254..word_259" />
<markable mmax_level="sentence" id="markable_24" span="word_260..word_275" />
<markable mmax_level="sentence" id="markable_25" span="word_276..word_281" />
<markable mmax_level="sentence" id="markable_26" span="word_282..word_294" />
<markable mmax_level="sentence" id="markable_27" span="word_295..word_304" />
<markable mmax_level="sentence" id="markable_28" span="word_305..word_312" />
<markable mmax_level="sentence" id="markable_29" span="word_313..word_319" />
<markable mmax_level="sentence" id="markable_30" span="word_320..word_330" />
<markable mmax_level="sentence" id="markable_31" span="word_331..word_336" />
<markable mmax_level="sentence" id="markable_32" span="word_337..word_344" />
<markable mmax_level="sentence" id="markable_33" span="word_345" />
<markable mmax_level="sentence" id="markable_34" span="word_346..word_370" />
<markable mmax_level="sentence" id="markable_35" span="word_371..word_376" />
<markable mmax_level="sentence" id="markable_36" span="word_377" />
<markable mmax_level="sentence" id="markable_37" span="word_378..word_388" />
<markable mmax_level="sentence" id="markable_38" span="word_389..word_392" />
<markable mmax_level="sentence" id="markable_39" span="word_393..word_405" />
<markable mmax_level="sentence" id="markable_40" span="word_406" />
<markable mmax_level="sentence" id="markable_41" span="word_407..word_420" />
<markable mmax_level="sentence" id="markable_42" span="word_421..word_432" />
<markable mmax_level="sentence" id="markable_43" span="word_433..word_448" />
<markable mmax_level="sentence" id="markable_44" span="word_449..word_451" />
<markable mmax_level="sentence" id="markable_45" span="word_452..word_462" />
<markable mmax_level="sentence" id="markable_46" span="word_463" />
<markable mmax_level="sentence" id="markable_47" span="word_464" />
<markable mmax_level="sentence" id="markable_48" span="word_465..word_474" />
<markable mmax_level="sentence" id="markable_49" span="word_475..word_477" />
<markable mmax_level="sentence" id="markable_50" span="word_478..word_486" />
<markable mmax_level="sentence" id="markable_51" span="word_487..word_496" />
<markable mmax_level="sentence" id="markable_52" span="word_497..word_506" />
<markable mmax_level="sentence" id="markable_53" span="word_507..word_517" />
<markable mmax_level="sentence" id="markable_54" span="word_518..word_525" />
<markable mmax_level="sentence" id="markable_55" span="word_526..word_536" />
<markable mmax_level="sentence" id="markable_56" span="word_537..word_539" />
<markable mmax_level="sentence" id="markable_57" span="word_540..word_547" />
<markable mmax_level="sentence" id="markable_58" span="word_548..word_558" />
<markable mmax_level="sentence" id="markable_59" span="word_559..word_568" />
<markable mmax_level="sentence" id="markable_60" span="word_569..word_579" />
<markable mmax_level="sentence" id="markable_61" span="word_580..word_585" />
<markable mmax_level="sentence" id="markable_62" span="word_586..word_597" />
<markable mmax_level="sentence" id="markable_63" span="word_598..word_602" />
</markables>