<?xml version="1.0" encoding="UTF-8"?>
<!DOCTYPE markables SYSTEM "markables.dtd">
<markables xmlns="www.eml.org/NameSpaces/coref">
<markable id="markable_1" span="word_97..word_98" coref_class="empty" category="profession" mmax_level="coref"  rule="none"  type="none"/>
<markable id="markable_2" span="word_99..word_100" coref_class="empty" category="person" mmax_level="coref"  rule="none"  type="none"/>
<markable id="markable_3" span="word_208" coref_class="empty" category="profession" mmax_level="coref"  rule="none"  type="none"/>
<markable id="markable_4" span="word_237" coref_class="empty" category="profession" mmax_level="coref"  rule="none"  type="none"/>
<markable id="markable_5" span="word_238..word_239" coref_class="empty" category="person" mmax_level="coref"  rule="none"  type="none"/>
<markable id="markable_6" span="word_257..word_258" coref_class="empty" category="sum" mmax_level="coref"  rule="none"  type="none"/>
<markable id="markable_7" span="word_279..word_280" coref_class="empty" category="sum" mmax_level="coref"  rule="none"  type="none"/>
<markable id="markable_8" span="word_293" coref_class="empty" category="profession" mmax_level="coref"  rule="none"  type="none"/>
<markable id="markable_9" span="word_294..word_295" coref_class="empty" category="person" mmax_level="coref"  rule="none"  type="none"/>
<markable id="markable_10" span="word_307" coref_class="empty" category="profession" mmax_level="coref"  rule="none"  type="none"/>
<markable id="markable_11" span="word_312..word_313" coref_class="empty" category="sum" mmax_level="coref"  rule="none"  type="none"/>
<markable id="markable_12" span="word_327" coref_class="empty" category="person" mmax_level="coref"  rule="none"  type="none"/>
<markable id="markable_13" span="word_328" coref_class="empty" category="profession" mmax_level="coref"  rule="none"  type="none"/>
<markable id="markable_14" span="word_329..word_330" coref_class="empty" category="person" mmax_level="coref"  rule="none"  type="none"/>
<markable id="markable_15" span="word_338..word_339" coref_class="empty" category="sum" mmax_level="coref"  rule="none"  type="none"/>
<markable id="markable_16" span="word_349..word_350" coref_class="empty" category="sum" mmax_level="coref"  rule="none"  type="none"/>
<markable id="markable_17" span="word_359..word_360" coref_class="empty" category="sum" mmax_level="coref"  rule="none"  type="none"/>
<markable id="markable_18" span="word_363..word_365" coref_class="empty" category="person" mmax_level="coref"  rule="none"  type="none"/>
<markable id="markable_19" span="word_387..word_388" coref_class="empty" category="organization" mmax_level="coref"  rule="none"  type="none"/>
<markable id="markable_20" span="word_413" coref_class="empty" category="profession" mmax_level="coref"  rule="none"  type="none"/>
<markable id="markable_21" span="word_414..word_415" coref_class="empty" category="person" mmax_level="coref"  rule="none"  type="none"/>
<markable id="markable_22" span="word_432..word_433" coref_class="empty" category="sum" mmax_level="coref"  rule="none"  type="none"/>
<markable id="markable_23" span="word_440..word_441" coref_class="empty" category="sum" mmax_level="coref"  rule="none"  type="none"/>
<markable id="markable_24" span="word_473..word_474" coref_class="empty" category="sum" mmax_level="coref"  rule="none"  type="none"/>
<markable id="markable_25" span="word_482..word_483" coref_class="empty" category="person" mmax_level="coref"  rule="none"  type="none"/>
<markable id="markable_26" span="word_501" coref_class="empty" category="profession" mmax_level="coref"  rule="none"  type="none"/>
<markable id="markable_27" span="word_502..word_503" coref_class="empty" category="sum" mmax_level="coref"  rule="none"  type="none"/>
<markable id="markable_28" span="word_539..word_540" coref_class="empty" category="person" mmax_level="coref"  rule="none"  type="none"/>
<markable id="markable_29" span="word_551..word_552" coref_class="empty" category="sum" mmax_level="coref"  rule="none"  type="none"/>
<markable id="markable_30" span="word_561..word_562" coref_class="empty" category="sum" mmax_level="coref"  rule="none"  type="none"/>
<markable id="markable_31" span="word_572..word_573" coref_class="empty" category="sum" mmax_level="coref"  rule="none"  type="none"/>
<markable id="markable_32" span="word_588..word_589" coref_class="empty" category="organization" mmax_level="coref"  rule="none"  type="none"/>
<markable id="markable_33" span="word_590" coref_class="empty" category="profession" mmax_level="coref"  rule="none"  type="none"/>
<markable id="markable_34" span="word_591..word_592" coref_class="empty" category="person" mmax_level="coref"  rule="none"  type="none"/>
<markable id="markable_35" span="word_603..word_604" coref_class="empty" category="sum" mmax_level="coref"  rule="none"  type="none"/>
<markable id="markable_36" span="word_614..word_615" coref_class="empty" category="sum" mmax_level="coref"  rule="none"  type="none"/>
<markable id="markable_37" span="word_622..word_623" coref_class="empty" category="organization" mmax_level="coref"  rule="none"  type="none"/>
<markable id="markable_38" span="word_630..word_631" coref_class="empty" category="sum" mmax_level="coref"  rule="none"  type="none"/>
<markable id="markable_39" span="word_658..word_659" coref_class="empty" category="person" mmax_level="coref"  rule="none"  type="none"/>
<markable id="markable_40" span="word_684..word_685" coref_class="empty" category="sum" mmax_level="coref"  rule="none"  type="none"/>
<markable id="markable_41" span="word_707..word_708" coref_class="empty" category="person" mmax_level="coref"  rule="none"  type="none"/>
<markable id="markable_42" span="word_757..word_758" coref_class="empty" category="sum" mmax_level="coref"  rule="none"  type="none"/>
<markable id="markable_43" span="word_764..word_765" coref_class="empty" category="sum" mmax_level="coref"  rule="none"  type="none"/>
<markable id="markable_44" span="word_784..word_785" coref_class="empty" category="sum" mmax_level="coref"  rule="none"  type="none"/>
<markable id="markable_45" span="word_790..word_791" coref_class="empty" category="organization" mmax_level="coref"  rule="none"  type="none"/>
<markable id="markable_46" span="word_805..word_806" coref_class="empty" category="sum" mmax_level="coref"  rule="none"  type="none"/>
<markable id="markable_47" span="word_815..word_816" coref_class="empty" category="sum" mmax_level="coref"  rule="none"  type="none"/>
<markable id="markable_48" span="word_823" coref_class="empty" category="person" mmax_level="coref"  rule="none"  type="none"/>
<markable id="markable_49" span="word_841..word_842" coref_class="empty" category="sum" mmax_level="coref"  rule="none"  type="none"/>
<markable id="markable_50" span="word_852" coref_class="empty" category="product" mmax_level="coref"  rule="none"  type="none"/>
<markable id="markable_51" span="word_863..word_865" coref_class="empty" category="organization" mmax_level="coref"  rule="none"  type="none"/>
<markable id="markable_52" span="word_867" coref_class="empty" category="organization" mmax_level="coref"  rule="none"  type="none"/>
<markable id="markable_53" span="word_869" coref_class="empty" category="profession" mmax_level="coref"  rule="none"  type="none"/>
<markable id="markable_54" span="word_870..word_871" coref_class="empty" category="person" mmax_level="coref"  rule="none"  type="none"/>
<markable id="markable_55" span="word_876" coref_class="empty" category="location" mmax_level="coref"  rule="none"  type="none"/>
<markable id="markable_56" span="word_894..word_895" coref_class="empty" category="sum" mmax_level="coref"  rule="none"  type="none"/>
<markable id="markable_57" span="word_905" coref_class="empty" category="organization" mmax_level="coref"  rule="none"  type="none"/>
<markable id="markable_58" span="word_932..word_933" coref_class="empty" category="person" mmax_level="coref"  rule="none"  type="none"/>
<markable id="markable_59" span="word_954..word_955" coref_class="empty" category="time" mmax_level="coref"  rule="none"  type="none"/>
<markable id="markable_60" span="word_964..word_968" coref_class="empty" category="organization" mmax_level="coref"  rule="none"  type="none"/>
<markable id="markable_61" span="word_974" coref_class="empty" category="location" mmax_level="coref"  rule="none"  type="none"/>
<markable id="markable_62" span="word_1042..word_1043" coref_class="empty" category="sum" mmax_level="coref"  rule="none"  type="none"/>
<markable id="markable_63" span="word_1123..word_1124" coref_class="empty" category="sum" mmax_level="coref"  rule="none"  type="none"/>
<markable id="markable_64" span="word_1133..word_1134" coref_class="empty" category="sum" mmax_level="coref"  rule="none"  type="none"/>
<markable id="markable_65" span="word_1221..word_1222" coref_class="empty" category="sum" mmax_level="coref"  rule="none"  type="none"/>
<markable id="markable_66" span="word_1286..word_1287" coref_class="empty" category="sum" mmax_level="coref"  rule="none"  type="none"/>
<markable id="markable_67" span="word_1353..word_1354" coref_class="empty" category="person" mmax_level="coref"  rule="none"  type="none"/>
<markable id="markable_68" span="word_1357" coref_class="empty" category="profession" mmax_level="coref"  rule="none"  type="none"/>
<markable id="markable_69" span="word_1437..word_1438" coref_class="empty" category="organization" mmax_level="coref"  rule="none"  type="none"/>
<markable id="markable_70" span="word_1455..word_1456" coref_class="empty" category="person" mmax_level="coref"  rule="none"  type="none"/>
<markable id="markable_71" span="word_1460" coref_class="empty" category="profession" mmax_level="coref"  rule="none"  type="none"/>
<markable id="markable_72" span="word_1552" coref_class="empty" category="location" mmax_level="coref"  rule="none"  type="none"/>
</markables>