<?xml version="1.0" encoding="UTF-8"?>
<!DOCTYPE markables SYSTEM "markables.dtd">
<markables xmlns="www.eml.org/NameSpaces/coref">
<markable id="markable_1" span="word_4" coref_class="empty" category="person" mmax_level="coref"  rule="none"  type="none"/>
<markable id="markable_2" span="word_10" coref_class="empty" category="location" mmax_level="coref"  rule="none"  type="none"/>
<markable id="markable_3" span="word_17" coref_class="empty" category="location" mmax_level="coref"  rule="none"  type="none"/>
<markable id="markable_4" span="word_26..word_27" coref_class="empty" category="organization" mmax_level="coref"  rule="none"  type="none"/>
<markable id="markable_5" span="word_33" coref_class="empty" category="location" mmax_level="coref"  rule="none"  type="none"/>
<markable id="markable_6" span="word_47" coref_class="empty" category="location" mmax_level="coref"  rule="none"  type="none"/>
<markable id="markable_7" span="word_60" coref_class="empty" category="location" mmax_level="coref"  rule="none"  type="none"/>
<markable id="markable_8" span="word_66..word_67" coref_class="empty" category="person" mmax_level="coref"  rule="none"  type="none"/>
<markable id="markable_9" span="word_73" coref_class="empty" category="profession" mmax_level="coref"  rule="none"  type="none"/>
<markable id="markable_10" span="word_80..word_81" coref_class="empty" category="person" mmax_level="coref"  rule="none"  type="none"/>
<markable id="markable_11" span="word_83..word_84" coref_class="empty" category="person" mmax_level="coref"  rule="none"  type="none"/>
<markable id="markable_12" span="word_86..word_87" coref_class="empty" category="person" mmax_level="coref"  rule="none"  type="none"/>
<markable id="markable_13" span="word_89..word_90" coref_class="empty" category="person" mmax_level="coref"  rule="none"  type="none"/>
<markable id="markable_14" span="word_92..word_93" coref_class="empty" category="person" mmax_level="coref"  rule="none"  type="none"/>
<markable id="markable_15" span="word_125..word_126" coref_class="empty" category="person" mmax_level="coref"  rule="none"  type="none"/>
<markable id="markable_16" span="word_130..word_131" coref_class="empty" category="person" mmax_level="coref"  rule="none"  type="none"/>
<markable id="markable_17" span="word_136..word_137" coref_class="empty" category="person" mmax_level="coref"  rule="none"  type="none"/>
<markable id="markable_18" span="word_139" coref_class="empty" category="person" mmax_level="coref"  rule="none"  type="none"/>
<markable id="markable_19" span="word_148" coref_class="empty" category="location" mmax_level="coref"  rule="none"  type="none"/>
<markable id="markable_20" span="word_151" coref_class="empty" category="profession" mmax_level="coref"  rule="none"  type="none"/>
<markable id="markable_21" span="word_152..word_153" coref_class="empty" category="person" mmax_level="coref"  rule="none"  type="none"/>
<markable id="markable_22" span="word_161..word_162" coref_class="empty" category="person" mmax_level="coref"  rule="none"  type="none"/>
<markable id="markable_23" span="word_164..word_165" coref_class="empty" category="person" mmax_level="coref"  rule="none"  type="none"/>
<markable id="markable_24" span="word_167" coref_class="empty" category="person" mmax_level="coref"  rule="none"  type="none"/>
<markable id="markable_25" span="word_169..word_170" coref_class="empty" category="person" mmax_level="coref"  rule="none"  type="none"/>
<markable id="markable_26" span="word_172" coref_class="empty" category="person" mmax_level="coref"  rule="none"  type="none"/>
<markable id="markable_27" span="word_174..word_175" coref_class="empty" category="person" mmax_level="coref"  rule="none"  type="none"/>
<markable id="markable_28" span="word_178" coref_class="empty" category="person" mmax_level="coref"  rule="none"  type="none"/>
<markable id="markable_29" span="word_181" coref_class="empty" category="person" mmax_level="coref"  rule="none"  type="none"/>
<markable id="markable_30" span="word_184" coref_class="empty" category="location" mmax_level="coref"  rule="none"  type="none"/>
<markable id="markable_31" span="word_186" coref_class="empty" category="organization" mmax_level="coref"  rule="none"  type="none"/>
<markable id="markable_32" span="word_198" coref_class="empty" category="profession" mmax_level="coref"  rule="none"  type="none"/>
<markable id="markable_33" span="word_199" coref_class="empty" category="person" mmax_level="coref"  rule="none"  type="none"/>
<markable id="markable_34" span="word_201" coref_class="empty" category="person" mmax_level="coref"  rule="none"  type="none"/>
<markable id="markable_35" span="word_203" coref_class="empty" category="person" mmax_level="coref"  rule="none"  type="none"/>
<markable id="markable_36" span="word_213" coref_class="empty" category="person" mmax_level="coref"  rule="none"  type="none"/>
<markable id="markable_37" span="word_233..word_234" coref_class="empty" category="person" mmax_level="coref"  rule="none"  type="none"/>
<markable id="markable_38" span="word_257" coref_class="empty" category="location" mmax_level="coref"  rule="none"  type="none"/>
<markable id="markable_39" span="word_263..word_264" coref_class="empty" category="person" mmax_level="coref"  rule="none"  type="none"/>
<markable id="markable_40" span="word_325..word_326" coref_class="empty" category="person" mmax_level="coref"  rule="none"  type="none"/>
<markable id="markable_41" span="word_392" coref_class="empty" category="location" mmax_level="coref"  rule="none"  type="none"/>
<markable id="markable_42" span="word_402" coref_class="empty" category="location" mmax_level="coref"  rule="none"  type="none"/>
<markable id="markable_43" span="word_419..word_420" coref_class="empty" category="organization" mmax_level="coref"  rule="none"  type="none"/>
<markable id="markable_44" span="word_451" coref_class="empty" category="location" mmax_level="coref"  rule="none"  type="none"/>
<markable id="markable_45" span="word_466..word_467" coref_class="empty" category="person" mmax_level="coref"  rule="none"  type="none"/>
<markable id="markable_46" span="word_471..word_472" coref_class="empty" category="person" mmax_level="coref"  rule="none"  type="none"/>
<markable id="markable_47" span="word_474..word_475" coref_class="empty" category="person" mmax_level="coref"  rule="none"  type="none"/>
<markable id="markable_48" span="word_482" coref_class="empty" category="organization" mmax_level="coref"  rule="none"  type="none"/>
<markable id="markable_49" span="word_492..word_493" coref_class="empty" category="person" mmax_level="coref"  rule="none"  type="none"/>
<markable id="markable_50" span="word_495..word_496" coref_class="empty" category="person" mmax_level="coref"  rule="none"  type="none"/>
<markable id="markable_51" span="word_511..word_512" coref_class="empty" category="person" mmax_level="coref"  rule="none"  type="none"/>
<markable id="markable_52" span="word_516..word_517" coref_class="empty" category="person" mmax_level="coref"  rule="none"  type="none"/>
<markable id="markable_53" span="word_523" coref_class="empty" category="person" mmax_level="coref"  rule="none"  type="none"/>
<markable id="markable_54" span="word_531..word_532" coref_class="empty" category="person" mmax_level="coref"  rule="none"  type="none"/>
<markable id="markable_55" span="word_535" coref_class="empty" category="location" mmax_level="coref"  rule="none"  type="none"/>
<markable id="markable_56" span="word_547" coref_class="empty" category="person" mmax_level="coref"  rule="none"  type="none"/>
<markable id="markable_57" span="word_575..word_576" coref_class="empty" category="person" mmax_level="coref"  rule="none"  type="none"/>
<markable id="markable_58" span="word_595" coref_class="empty" category="person" mmax_level="coref"  rule="none"  type="none"/>
<markable id="markable_59" span="word_598" coref_class="empty" category="person" mmax_level="coref"  rule="none"  type="none"/>
<markable id="markable_60" span="word_612..word_613" coref_class="empty" category="person" mmax_level="coref"  rule="none"  type="none"/>
<markable id="markable_61" span="word_615..word_617" coref_class="empty" category="person" mmax_level="coref"  rule="none"  type="none"/>
<markable id="markable_62" span="word_650" coref_class="empty" category="profession" mmax_level="coref"  rule="none"  type="none"/>
<markable id="markable_63" span="word_698" coref_class="empty" category="location" mmax_level="coref"  rule="none"  type="none"/>
<markable id="markable_64" span="word_753" coref_class="empty" category="location" mmax_level="coref"  rule="none"  type="none"/>
<markable id="markable_65" span="word_771" coref_class="empty" category="location" mmax_level="coref"  rule="none"  type="none"/>
<markable id="markable_66" span="word_796" coref_class="empty" category="location" mmax_level="coref"  rule="none"  type="none"/>
<markable id="markable_67" span="word_827" coref_class="empty" category="organization" mmax_level="coref"  rule="none"  type="none"/>
<markable id="markable_68" span="word_855..word_856" coref_class="empty" category="person" mmax_level="coref"  rule="none"  type="none"/>
<markable id="markable_69" span="word_872" coref_class="empty" category="person" mmax_level="coref"  rule="none"  type="none"/>
<markable id="markable_70" span="word_876..word_877" coref_class="empty" category="person" mmax_level="coref"  rule="none"  type="none"/>
<markable id="markable_71" span="word_888" coref_class="empty" category="location" mmax_level="coref"  rule="none"  type="none"/>
<markable id="markable_72" span="word_906" coref_class="empty" category="location" mmax_level="coref"  rule="none"  type="none"/>
<markable id="markable_73" span="word_909" coref_class="empty" category="location" mmax_level="coref"  rule="none"  type="none"/>
<markable id="markable_74" span="word_916" coref_class="empty" category="location" mmax_level="coref"  rule="none"  type="none"/>
<markable id="markable_75" span="word_945" coref_class="empty" category="location" mmax_level="coref"  rule="none"  type="none"/>
<markable id="markable_76" span="word_960..word_962" coref_class="empty" category="product" mmax_level="coref"  rule="none"  type="none"/>
<markable id="markable_77" span="word_964" coref_class="empty" category="location" mmax_level="coref"  rule="none"  type="none"/>
<markable id="markable_78" span="word_967" coref_class="empty" category="location" mmax_level="coref"  rule="none"  type="none"/>
<markable id="markable_79" span="word_978" coref_class="empty" category="location" mmax_level="coref"  rule="none"  type="none"/>
<markable id="markable_80" span="word_980" coref_class="empty" category="location" mmax_level="coref"  rule="none"  type="none"/>
<markable id="markable_81" span="word_998..word_999" coref_class="empty" category="person" mmax_level="coref"  rule="none"  type="none"/>
<markable id="markable_82" span="word_1001" coref_class="empty" category="person" mmax_level="coref"  rule="none"  type="none"/>
<markable id="markable_83" span="word_1003" coref_class="empty" category="location" mmax_level="coref"  rule="none"  type="none"/>
<markable id="markable_84" span="word_1010" coref_class="empty" category="person" mmax_level="coref"  rule="none"  type="none"/>
<markable id="markable_85" span="word_1012" coref_class="empty" category="person" mmax_level="coref"  rule="none"  type="none"/>
<markable id="markable_86" span="word_1021" coref_class="empty" category="person" mmax_level="coref"  rule="none"  type="none"/>
<markable id="markable_87" span="word_1023" coref_class="empty" category="person" mmax_level="coref"  rule="none"  type="none"/>
<markable id="markable_88" span="word_1035" coref_class="empty" category="person" mmax_level="coref"  rule="none"  type="none"/>
<markable id="markable_89" span="word_1037" coref_class="empty" category="person" mmax_level="coref"  rule="none"  type="none"/>
<markable id="markable_90" span="word_1051" coref_class="empty" category="person" mmax_level="coref"  rule="none"  type="none"/>
<markable id="markable_91" span="word_1053..word_1054" coref_class="empty" category="person" mmax_level="coref"  rule="none"  type="none"/>
<markable id="markable_92" span="word_1063" coref_class="empty" category="person" mmax_level="coref"  rule="none"  type="none"/>
<markable id="markable_93" span="word_1074" coref_class="empty" category="person" mmax_level="coref"  rule="none"  type="none"/>
<markable id="markable_94" span="word_1076" coref_class="empty" category="person" mmax_level="coref"  rule="none"  type="none"/>
<markable id="markable_95" span="word_1080" coref_class="empty" category="person" mmax_level="coref"  rule="none"  type="none"/>
<markable id="markable_96" span="word_1094" coref_class="empty" category="person" mmax_level="coref"  rule="none"  type="none"/>
<markable id="markable_97" span="word_1096" coref_class="empty" category="person" mmax_level="coref"  rule="none"  type="none"/>
<markable id="markable_98" span="word_1098" coref_class="empty" category="person" mmax_level="coref"  rule="none"  type="none"/>
<markable id="markable_99" span="word_1108" coref_class="empty" category="location" mmax_level="coref"  rule="none"  type="none"/>
<markable id="markable_100" span="word_1110" coref_class="empty" category="location" mmax_level="coref"  rule="none"  type="none"/>
<markable id="markable_101" span="word_1127..word_1128" coref_class="empty" category="person" mmax_level="coref"  rule="none"  type="none"/>
<markable id="markable_102" span="word_1130" coref_class="empty" category="person" mmax_level="coref"  rule="none"  type="none"/>
<markable id="markable_103" span="word_1132" coref_class="empty" category="person" mmax_level="coref"  rule="none"  type="none"/>
<markable id="markable_104" span="word_1139..word_1140" coref_class="empty" category="person" mmax_level="coref"  rule="none"  type="none"/>
<markable id="markable_105" span="word_1142" coref_class="empty" category="person" mmax_level="coref"  rule="none"  type="none"/>
<markable id="markable_106" span="word_1157" coref_class="empty" category="person" mmax_level="coref"  rule="none"  type="none"/>
<markable id="markable_107" span="word_1159" coref_class="empty" category="person" mmax_level="coref"  rule="none"  type="none"/>
<markable id="markable_108" span="word_1171" coref_class="empty" category="person" mmax_level="coref"  rule="none"  type="none"/>
<markable id="markable_109" span="word_1173" coref_class="empty" category="person" mmax_level="coref"  rule="none"  type="none"/>
<markable id="markable_110" span="word_1180" coref_class="empty" category="location" mmax_level="coref"  rule="none"  type="none"/>
<markable id="markable_111" span="word_1182" coref_class="empty" category="location" mmax_level="coref"  rule="none"  type="none"/>
<markable id="markable_112" span="word_1206" coref_class="empty" category="person" mmax_level="coref"  rule="none"  type="none"/>
<markable id="markable_113" span="word_1208" coref_class="empty" category="location" mmax_level="coref"  rule="none"  type="none"/>
<markable id="markable_114" span="word_1221" coref_class="empty" category="person" mmax_level="coref"  rule="none"  type="none"/>
<markable id="markable_115" span="word_1230" coref_class="empty" category="person" mmax_level="coref"  rule="none"  type="none"/>
<markable id="markable_116" span="word_1232" coref_class="empty" category="person" mmax_level="coref"  rule="none"  type="none"/>
<markable id="markable_117" span="word_1234..word_1235" coref_class="empty" category="person" mmax_level="coref"  rule="none"  type="none"/>
<markable id="markable_118" span="word_1246" coref_class="empty" category="person" mmax_level="coref"  rule="none"  type="none"/>
<markable id="markable_119" span="word_1255" coref_class="empty" category="person" mmax_level="coref"  rule="none"  type="none"/>
<markable id="markable_120" span="word_1257" coref_class="empty" category="person" mmax_level="coref"  rule="none"  type="none"/>
<markable id="markable_121" span="word_1259" coref_class="empty" category="location" mmax_level="coref"  rule="none"  type="none"/>
<markable id="markable_122" span="word_1264" coref_class="empty" category="location" mmax_level="coref"  rule="none"  type="none"/>
<markable id="markable_123" span="word_1266" coref_class="empty" category="location" mmax_level="coref"  rule="none"  type="none"/>
<markable id="markable_124" span="word_1284" coref_class="empty" category="person" mmax_level="coref"  rule="none"  type="none"/>
<markable id="markable_125" span="word_1286" coref_class="empty" category="location" mmax_level="coref"  rule="none"  type="none"/>
</markables>