<?xml version="1.0" encoding="UTF-8"?>
<!DOCTYPE markables SYSTEM "markables.dtd">
<markables xmlns="www.eml.org/NameSpaces/coref">
<markable id="markable_1" span="word_4" coref_class="empty" category="location" mmax_level="coref"  rule="none"  type="none"/>
<markable id="markable_2" span="word_15" coref_class="empty" category="location" mmax_level="coref"  rule="none"  type="none"/>
<markable id="markable_3" span="word_27..word_28" coref_class="empty" category="person" mmax_level="coref"  rule="none"  type="none"/>
<markable id="markable_4" span="word_39" coref_class="empty" category="location" mmax_level="coref"  rule="none"  type="none"/>
<markable id="markable_5" span="word_88" coref_class="empty" category="person" mmax_level="coref"  rule="none"  type="none"/>
<markable id="markable_6" span="word_104..word_105" coref_class="empty" category="person" mmax_level="coref"  rule="none"  type="none"/>
<markable id="markable_7" span="word_118" coref_class="empty" category="profession" mmax_level="coref"  rule="none"  type="none"/>
<markable id="markable_8" span="word_134" coref_class="empty" category="profession" mmax_level="coref"  rule="none"  type="none"/>
<markable id="markable_9" span="word_150..word_151" coref_class="empty" category="person" mmax_level="coref"  rule="none"  type="none"/>
<markable id="markable_10" span="word_153" coref_class="empty" category="profession" mmax_level="coref"  rule="none"  type="none"/>
<markable id="markable_11" span="word_154" coref_class="empty" category="location" mmax_level="coref"  rule="none"  type="none"/>
<markable id="markable_12" span="word_168..word_169" coref_class="empty" category="person" mmax_level="coref"  rule="none"  type="none"/>
<markable id="markable_13" span="word_188..word_190" coref_class="empty" category="person" mmax_level="coref"  rule="none"  type="none"/>
<markable id="markable_14" span="word_198..word_199" coref_class="empty" category="location" mmax_level="coref"  rule="none"  type="none"/>
<markable id="markable_15" span="word_211" coref_class="empty" category="location" mmax_level="coref"  rule="none"  type="none"/>
<markable id="markable_16" span="word_221..word_222" coref_class="empty" category="location" mmax_level="coref"  rule="none"  type="none"/>
<markable id="markable_17" span="word_265" coref_class="empty" category="person" mmax_level="coref"  rule="none"  type="none"/>
<markable id="markable_18" span="word_280" coref_class="empty" category="person" mmax_level="coref"  rule="none"  type="none"/>
<markable id="markable_19" span="word_285" coref_class="empty" category="profession" mmax_level="coref"  rule="none"  type="none"/>
<markable id="markable_20" span="word_289..word_290" coref_class="empty" category="organization" mmax_level="coref"  rule="none"  type="none"/>
<markable id="markable_21" span="word_323" coref_class="empty" category="location" mmax_level="coref"  rule="none"  type="none"/>
<markable id="markable_22" span="word_325..word_326" coref_class="empty" category="person" mmax_level="coref"  rule="none"  type="none"/>
<markable id="markable_23" span="word_328..word_329" coref_class="empty" category="person" mmax_level="coref"  rule="none"  type="none"/>
<markable id="markable_24" span="word_346" coref_class="empty" category="person" mmax_level="coref"  rule="none"  type="none"/>
<markable id="markable_25" span="word_348" coref_class="empty" category="profession" mmax_level="coref"  rule="none"  type="none"/>
<markable id="markable_26" span="word_351" coref_class="empty" category="location" mmax_level="coref"  rule="none"  type="none"/>
<markable id="markable_27" span="word_360..word_361" coref_class="empty" category="organization" mmax_level="coref"  rule="none"  type="none"/>
<markable id="markable_28" span="word_378..word_379" coref_class="empty" category="person" mmax_level="coref"  rule="none"  type="none"/>
<markable id="markable_29" span="word_394..word_395" coref_class="empty" category="person" mmax_level="coref"  rule="none"  type="none"/>
<markable id="markable_30" span="word_407..word_409" coref_class="empty" category="person" mmax_level="coref"  rule="none"  type="none"/>
<markable id="markable_31" span="word_413" coref_class="empty" category="organization" mmax_level="coref"  rule="none"  type="none"/>
<markable id="markable_32" span="word_430" coref_class="empty" category="person" mmax_level="coref"  rule="none"  type="none"/>
<markable id="markable_33" span="word_457..word_458" coref_class="empty" category="person" mmax_level="coref"  rule="none"  type="none"/>
<markable id="markable_34" span="word_465..word_473" coref_class="empty" category="person" mmax_level="coref"  rule="none"  type="none"/>
<markable id="markable_35" span="word_485..word_486" coref_class="empty" category="person" mmax_level="coref"  rule="none"  type="none"/>
<markable id="markable_36" span="word_495..word_496" coref_class="empty" category="person" mmax_level="coref"  rule="none"  type="none"/>
<markable id="markable_37" span="word_524..word_525" coref_class="empty" category="person" mmax_level="coref"  rule="none"  type="none"/>
<markable id="markable_38" span="word_535..word_536" coref_class="empty" category="person" mmax_level="coref"  rule="none"  type="none"/>
<markable id="markable_39" span="word_546..word_547" coref_class="empty" category="person" mmax_level="coref"  rule="none"  type="none"/>
<markable id="markable_40" span="word_555..word_556" coref_class="empty" category="person" mmax_level="coref"  rule="none"  type="none"/>
<markable id="markable_41" span="word_558" coref_class="empty" category="person" mmax_level="coref"  rule="none"  type="none"/>
<markable id="markable_42" span="word_560..word_562" coref_class="empty" category="organization" mmax_level="coref"  rule="none"  type="none"/>
<markable id="markable_43" span="word_578..word_579" coref_class="empty" category="person" mmax_level="coref"  rule="none"  type="none"/>
<markable id="markable_44" span="word_602" coref_class="empty" category="profession" mmax_level="coref"  rule="none"  type="none"/>
</markables>