<?xml version="1.0" encoding="UTF-8"?>
<!DOCTYPE words SYSTEM "words.dtd">
<words><word id="word_1">Diena</word>
<word id="word_2">:</word>
<word id="word_3">Vaučeru</word>
<word id="word_4">sistēmai</word>
<word id="word_5">vajag</word>
<word id="word_6">300</word>
<word id="word_7">miljonu</word>
<word id="word_8">11</word>
<word id="word_9">Feb</word>
<word id="word_10">2013</word>
<word id="word_11">«</word>
<word id="word_12">Vaučeru</word>
<word id="word_13">sistēmas</word>
<word id="word_14">ieviešanai</word>
<word id="word_15">no</word>
<word id="word_16">valsts</word>
<word id="word_17">un</word>
<word id="word_18">pašvaldības</word>
<word id="word_19">kopumā</word>
<word id="word_20">nepieciešami</word>
<word id="word_21">aptuveni</word>
<word id="word_22">300</word>
<word id="word_23">miljoni</word>
<word id="word_24">latu</word>
<word id="word_25">,</word>
<word id="word_26">atzinis</word>
<word id="word_27">izglītības</word>
<word id="word_28">un</word>
<word id="word_29">zinātnes</word>
<word id="word_30">ministrs</word>
<word id="word_31">Roberts</word>
<word id="word_32">Ķīlis</word>
<word id="word_33">.</word>
<word id="word_34">«</word>
<word id="word_35">Summa</word>
<word id="word_36">var</word>
<word id="word_37">nedaudz</word>
<word id="word_38">mainīties</word>
<word id="word_39">,</word>
<word id="word_40">jo</word>
<word id="word_41">jāvērtē</word>
<word id="word_42">,</word>
<word id="word_43">kādā</word>
<word id="word_44">klašu</word>
<word id="word_45">grupā</word>
<word id="word_46">bērns</word>
<word id="word_47">mācās</word>
<word id="word_48">,</word>
<word id="word_49">kāds</word>
<word id="word_50">priekšmetu</word>
<word id="word_51">kopums</word>
<word id="word_52">šajā</word>
<word id="word_53">grupā</word>
<word id="word_54">ir</word>
<word id="word_55">,</word>
<word id="word_56">bet</word>
<word id="word_57">vidēji</word>
<word id="word_58">kopējās</word>
<word id="word_59">izmaksas</word>
<word id="word_60">varētu</word>
<word id="word_61">sasniegt</word>
<word id="word_62">1500</word>
<word id="word_63">latu</word>
<word id="word_64">uz</word>
<word id="word_65">vienu</word>
<word id="word_66">bērnu</word>
<word id="word_67">.</word>
<word id="word_68">Tad</word>
<word id="word_69">mēs</word>
<word id="word_70">šo</word>
<word id="word_71">vidējo</word>
<word id="word_72">skaitli</word>
<word id="word_73">sareizinām</word>
<word id="word_74">ar</word>
<word id="word_75">kopējo</word>
<word id="word_76">skolēnu</word>
<word id="word_77">skaitu</word>
<word id="word_78">–</word>
<word id="word_79">200_000</word>
<word id="word_80">–</word>
<word id="word_81">,</word>
<word id="word_82">un</word>
<word id="word_83">rezultātā</word>
<word id="word_84">sanāk</word>
<word id="word_85">,</word>
<word id="word_86">ka</word>
<word id="word_87">vaučeru</word>
<word id="word_88">sistēmai</word>
<word id="word_89">vajadzētu</word>
<word id="word_90">300</word>
<word id="word_91">miljonus</word>
<word id="word_92">latu</word>
<word id="word_93">.</word>
<word id="word_94">Piekrītu</word>
<word id="word_95">,</word>
<word id="word_96">tā</word>
<word id="word_97">ir</word>
<word id="word_98">milzīga</word>
<word id="word_99">summa</word>
<word id="word_100">,</word>
<word id="word_101">tomēr</word>
<word id="word_102">to</word>
<word id="word_103">sedz</word>
<word id="word_104">divas</word>
<word id="word_105">puses</word>
<word id="word_106">–</word>
<word id="word_107">valsts</word>
<word id="word_108">un</word>
<word id="word_109">pašvaldība</word>
<word id="word_110">,</word>
<word id="word_111">»</word>
<word id="word_112">sacīja</word>
<word id="word_113">R.</word>
<word id="word_114">Ķīlis</word>
<word id="word_115">.</word>
<word id="word_116">Ministrs</word>
<word id="word_117">stāstīja</word>
<word id="word_118">,</word>
<word id="word_119">ka</word>
<word id="word_120">pašreizējā</word>
<word id="word_121">finansējuma</word>
<word id="word_122">sadalījumā</word>
<word id="word_123">mums</word>
<word id="word_124">ir</word>
<word id="word_125">trīs</word>
<word id="word_126">spēlētāji</word>
<word id="word_127">:</word>
<word id="word_128">valsts</word>
<word id="word_129">,</word>
<word id="word_130">pašvaldība</word>
<word id="word_131">un</word>
<word id="word_132">vecāki</word>
<word id="word_133">.</word>
<word id="word_134">Vaučers</word>
<word id="word_135">paredzētu</word>
<word id="word_136">,</word>
<word id="word_137">ka</word>
<word id="word_138">valsts</word>
<word id="word_139">un</word>
<word id="word_140">pašvaldības</word>
<word id="word_141">finansējums</word>
<word id="word_142">tiktu</word>
<word id="word_143">salikts</word>
<word id="word_144">kopā</word>
<word id="word_145">,</word>
<word id="word_146">tas</word>
<word id="word_147">būtu</word>
<word id="word_148">aptuveni</word>
<word id="word_149">1500</word>
<word id="word_150">latu</word>
<word id="word_151">,</word>
<word id="word_152">mazākā</word>
<word id="word_153">daļa</word>
<word id="word_154">ir</word>
<word id="word_155">vecāku</word>
<word id="word_156">ziņā</word>
<word id="word_157">,</word>
<word id="word_158">piemēram</word>
<word id="word_159">,</word>
<word id="word_160">nodrošināšana</word>
<word id="word_161">ar</word>
<word id="word_162">sporta</word>
<word id="word_163">apģērbu</word>
<word id="word_164">un</word>
<word id="word_165">citiem</word>
<word id="word_166">sīkumiem</word>
<word id="word_167">.</word>
<word id="word_168">R.</word>
<word id="word_169">Ķīlis</word>
<word id="word_170">atklāja</word>
<word id="word_171">,</word>
<word id="word_172">ka</word>
<word id="word_173">dažās</word>
<word id="word_174">skolās</word>
<word id="word_175">šo</word>
<word id="word_176">sistēmu</word>
<word id="word_177">vēlas</word>
<word id="word_178">ieviest</word>
<word id="word_179">jau</word>
<word id="word_180">2013.</word>
<word id="word_181">gadā</word>
<word id="word_182">un</word>
<word id="word_183">ir</word>
<word id="word_184">valsts</word>
<word id="word_185">ģimnāzijas</word>
<word id="word_186">,</word>
<word id="word_187">kas</word>
<word id="word_188">piekritušas</word>
<word id="word_189">saņemt</word>
<word id="word_190">visu</word>
<word id="word_191">finansējumu</word>
<word id="word_192">,</word>
<word id="word_193">proti</word>
<word id="word_194">,</word>
<word id="word_195">valsts</word>
<word id="word_196">daļu</word>
<word id="word_197">vienā</word>
<word id="word_198">veidā</word>
<word id="word_199">,</word>
<word id="word_200">tajā</word>
<word id="word_201">iekļaujot</word>
<word id="word_202">algas</word>
<word id="word_203">,</word>
<word id="word_204">maksu</word>
<word id="word_205">par</word>
<word id="word_206">mācību</word>
<word id="word_207">līdzekļiem</word>
<word id="word_208">un</word>
<word id="word_209">visādas</word>
<word id="word_210">piemaksas</word>
<word id="word_211">.</word>
<word id="word_212">Šādā</word>
<word id="word_213">pilotprojektā</word>
<word id="word_214">varētu</word>
<word id="word_215">piedalīties</word>
<word id="word_216">vismaz</word>
<word id="word_217">20</word>
<word id="word_218">skolu</word>
<word id="word_219">.</word>
<word id="word_220">«</word>
<word id="word_221">Varētu</word>
<word id="word_222">izmēģināt</word>
<word id="word_223">,</word>
<word id="word_224">kā</word>
<word id="word_225">skolas</word>
<word id="word_226">tiek</word>
<word id="word_227">galā</word>
<word id="word_228">,</word>
<word id="word_229">kā</word>
<word id="word_230">tās</word>
<word id="word_231">spēj</word>
<word id="word_232">saimniekot</word>
<word id="word_233">,</word>
<word id="word_234">kad</word>
<word id="word_235">visa</word>
<word id="word_236">nauda</word>
<word id="word_237">tām</word>
<word id="word_238">pārskaitīta</word>
<word id="word_239">uzreiz</word>
<word id="word_240">.</word>
<word id="word_241">No</word>
<word id="word_242">valsts</word>
<word id="word_243">puses</word>
<word id="word_244">iebildumu</word>
<word id="word_245">pret</word>
<word id="word_246">šādu</word>
<word id="word_247">eksperimentu</word>
<word id="word_248">nebūtu</word>
<word id="word_249">,</word>
<word id="word_250">bet</word>
<word id="word_251">būtiski</word>
<word id="word_252">tagad</word>
<word id="word_253">ir</word>
<word id="word_254">saņemt</word>
<word id="word_255">pašvaldību</word>
<word id="word_256">piekrišanu</word>
<word id="word_257">,</word>
<word id="word_258">varbūt</word>
<word id="word_259">pēc</word>
<word id="word_260">vēlēšanām</word>
<word id="word_261">kāda</word>
<word id="word_262">no</word>
<word id="word_263">uzrunātajām</word>
<word id="word_264">pašvaldībām</word>
<word id="word_265">atsauksies</word>
<word id="word_266">,</word>
<word id="word_267">tādējādi</word>
<word id="word_268">skolai</word>
<word id="word_269">uzreiz</word>
<word id="word_270">pārskaitot</word>
<word id="word_271">arī</word>
<word id="word_272">savu</word>
<word id="word_273">daļu</word>
<word id="word_274">,</word>
<word id="word_275">»</word>
<word id="word_276">sacīja</word>
<word id="word_277">ministrs</word>
<word id="word_278">.</word>
<word id="word_279">Jau</word>
<word id="word_280">ziņots</word>
<word id="word_281">,</word>
<word id="word_282">ka</word>
<word id="word_283">vaučera</word>
<word id="word_284">darba</word>
<word id="word_285">grupa</word>
<word id="word_286">ir</word>
<word id="word_287">veikusi</word>
<word id="word_288">detalizētus</word>
<word id="word_289">aprēķinus</word>
<word id="word_290">un</word>
<word id="word_291">vidējā</word>
<word id="word_292">summa</word>
<word id="word_293">,</word>
<word id="word_294">kas</word>
<word id="word_295">nepieciešama</word>
<word id="word_296">,</word>
<word id="word_297">lai</word>
<word id="word_298">bērni</word>
<word id="word_299">varētu</word>
<word id="word_300">mācīties</word>
<word id="word_301">skolā</word>
<word id="word_302">,</word>
<word id="word_303">ir</word>
<word id="word_304">no</word>
<word id="word_305">1600</word>
<word id="word_306">līdz</word>
<word id="word_307">2200</word>
<word id="word_308">latiem</word>
<word id="word_309">.</word>
<word id="word_310">Šajā</word>
<word id="word_311">summā</word>
<word id="word_312">iekļauti</word>
<word id="word_313">gan</word>
<word id="word_314">valsts</word>
<word id="word_315">un</word>
<word id="word_316">pašvaldības</word>
<word id="word_317">līdzekļi</word>
<word id="word_318">,</word>
<word id="word_319">gan</word>
<word id="word_320">arī</word>
<word id="word_321">vecāku</word>
<word id="word_322">līdzdalība</word>
<word id="word_323">.</word>
<word id="word_324">Pēc</word>
<word id="word_325">Izglītības</word>
<word id="word_326">un</word>
<word id="word_327">zinātnes</word>
<word id="word_328">ministrijas</word>
<word id="word_329">datiem</word>
<word id="word_330">,</word>
<word id="word_331">šajā</word>
<word id="word_332">mācību</word>
<word id="word_333">gadā</word>
<word id="word_334">skolas</word>
<word id="word_335">gaitas</word>
<word id="word_336">sākuši</word>
<word id="word_337">202_413</word>
<word id="word_338">skolēni</word>
<word id="word_339">.</word>
<word id="word_340">Ķīlis</word>
<word id="word_341">ir</word>
<word id="word_342">izteicies</word>
<word id="word_343">,</word>
<word id="word_344">ka</word>
<word id="word_345">«</word>
<word id="word_346">vaučeru</word>
<word id="word_347">sistēma</word>
<word id="word_348">»</word>
<word id="word_349">būtu</word>
<word id="word_350">īstais</word>
<word id="word_351">risinājums</word>
<word id="word_352">bezmaksas</word>
<word id="word_353">izglītības</word>
<word id="word_354">nodrošināšanai</word>
<word id="word_355">.</word>
<word id="word_356">Lai</word>
<word id="word_357">mainītu</word>
<word id="word_358">finansēšanas</word>
<word id="word_359">kārtību</word>
<word id="word_360">,</word>
<word id="word_361">viņaprāt</word>
<word id="word_362">,</word>
<word id="word_363">nepieciešams</word>
<word id="word_364">ieviest</word>
<word id="word_365">vaučeru</word>
<word id="word_366">jeb</word>
<word id="word_367">valsts</word>
<word id="word_368">un</word>
<word id="word_369">pašvaldības</word>
<word id="word_370">galvojumu</word>
<word id="word_371">,</word>
<word id="word_372">kurā</word>
<word id="word_373">ir</word>
<word id="word_374">apvienots</word>
<word id="word_375">izlīdzinātais</word>
<word id="word_376">finansējums</word>
<word id="word_377">.</word>
</words>