<?xml version="1.0" encoding="UTF-8"?>
<!DOCTYPE words SYSTEM "words.dtd">
<words><word id="word_1">Latvijas</word>
<word id="word_2">Avīze</word>
<word id="word_3">:</word>
<word id="word_4">Īsumā</word>
<word id="word_5">11</word>
<word id="word_6">Feb</word>
<word id="word_7">2013</word>
<word id="word_8">ĀTRSLIDOŠANA</word>
<word id="word_9">.</word>
<word id="word_10">Pasaules</word>
<word id="word_11">kausa</word>
<word id="word_12">izcīņas</word>
<word id="word_13">posmā</word>
<word id="word_14">Incelē</word>
<word id="word_15">(</word>
<word id="word_16">Vācija</word>
<word id="word_17">)</word>
<word id="word_18">Haralds</word>
<word id="word_19">Silovs</word>
<word id="word_20">distancē</word>
<word id="word_21">ar</word>
<word id="word_22">kopējo</word>
<word id="word_23">startu</word>
<word id="word_24">izcīnīja</word>
<word id="word_25">otro</word>
<word id="word_26">vietu</word>
<word id="word_27">,</word>
<word id="word_28">holandietim</word>
<word id="word_29">Arjenam</word>
<word id="word_30">Stretingam</word>
<word id="word_31">zaudējot</word>
<word id="word_32">1,37</word>
<word id="word_33">sekundes</word>
<word id="word_34">,</word>
<word id="word_35">bet</word>
<word id="word_36">1500</word>
<word id="word_37">m</word>
<word id="word_38">(</word>
<word id="word_39">1</word>
<word id="word_40">:</word>
<word id="word_41">46,50</word>
<word id="word_42">)</word>
<word id="word_43">uzvarēja</word>
<word id="word_44">B</word>
<word id="word_45">grupā</word>
<word id="word_46">,</word>
<word id="word_47">bet</word>
<word id="word_48">A</word>
<word id="word_49">grupā</word>
<word id="word_50">ātrāki</word>
<word id="word_51">bija</word>
<word id="word_52">desmit</word>
<word id="word_53">vīri</word>
<word id="word_54">.</word>
<word id="word_55">BASKETBOLS</word>
<word id="word_56">.</word>
<word id="word_57">Latvijas</word>
<word id="word_58">un</word>
<word id="word_59">Igaunijas</word>
<word id="word_60">sieviešu</word>
<word id="word_61">apvienotajā</word>
<word id="word_62">čempionātā</word>
<word id="word_63">:</word>
<word id="word_64">&quot;</word>
<word id="word_65">TTT</word>
<word id="word_66">Rīga</word>
<word id="word_67">&quot;</word>
<word id="word_68">–</word>
<word id="word_69">&quot;</word>
<word id="word_70">Latvijas</word>
<word id="word_71">Universitāte</word>
<word id="word_72">&quot;</word>
<word id="word_73">103</word>
<word id="word_74">:</word>
<word id="word_75">41</word>
<word id="word_76">(</word>
<word id="word_77">53</word>
<word id="word_78">:</word>
<word id="word_79">17</word>
<word id="word_80">)</word>
<word id="word_81">,</word>
<word id="word_82">Krastiņa</word>
<word id="word_83">23</word>
<word id="word_84">+</word>
<word id="word_85">9</word>
<word id="word_86">AB</word>
<word id="word_87">,</word>
<word id="word_88">Rozenberga</word>
<word id="word_89">19</word>
<word id="word_90">+</word>
<word id="word_91">10</word>
<word id="word_92">AB</word>
<word id="word_93">;</word>
<word id="word_94">Buša</word>
<word id="word_95">11</word>
<word id="word_96">,</word>
<word id="word_97">Vorma</word>
<word id="word_98">10</word>
<word id="word_99">,</word>
<word id="word_100">&quot;</word>
<word id="word_101">Audentes</word>
<word id="word_102">SG</word>
<word id="word_103">&quot;</word>
<word id="word_104">–</word>
<word id="word_105">Latvijas</word>
<word id="word_106">U-16</word>
<word id="word_107">izlase</word>
<word id="word_108">77</word>
<word id="word_109">:</word>
<word id="word_110">53</word>
<word id="word_111">(</word>
<word id="word_112">45</word>
<word id="word_113">:</word>
<word id="word_114">26</word>
<word id="word_115">)</word>
<word id="word_116">,</word>
<word id="word_117">Betlere</word>
<word id="word_118">16</word>
<word id="word_119">,</word>
<word id="word_120">P.</word>
<word id="word_121">Strautmane</word>
<word id="word_122">10</word>
<word id="word_123">,</word>
<word id="word_124">Tallinas</word>
<word id="word_125">&quot;</word>
<word id="word_126">Eclex</word>
<word id="word_127">&quot;</word>
<word id="word_128">–</word>
<word id="word_129">&quot;</word>
<word id="word_130">Liepājas</word>
<word id="word_131">papīrs</word>
<word id="word_132">&quot;</word>
<word id="word_133">80</word>
<word id="word_134">:</word>
<word id="word_135">67</word>
<word id="word_136">(</word>
<word id="word_137">32</word>
<word id="word_138">:</word>
<word id="word_139">49</word>
<word id="word_140">)</word>
<word id="word_141">,</word>
<word id="word_142">Cirša</word>
<word id="word_143">21</word>
<word id="word_144">,</word>
<word id="word_145">Kruga</word>
<word id="word_146">15.</word>
<word id="word_147">Latvijas</word>
<word id="word_148">U-16</word>
<word id="word_149">izlase</word>
<word id="word_150">turnīrā</word>
<word id="word_151">Sakarjā</word>
<word id="word_152">(</word>
<word id="word_153">Turcija</word>
<word id="word_154">)</word>
<word id="word_155">ar</word>
<word id="word_156">63</word>
<word id="word_157">:</word>
<word id="word_158">76</word>
<word id="word_159">zaudēja</word>
<word id="word_160">vienaudžiem</word>
<word id="word_161">no</word>
<word id="word_162">Slovēnijas</word>
<word id="word_163">(</word>
<word id="word_164">Strautiņš</word>
<word id="word_165">21</word>
<word id="word_166">+</word>
<word id="word_167">10</word>
<word id="word_168">AB</word>
<word id="word_169">,</word>
<word id="word_170">Raimo</word>
<word id="word_171">16</word>
<word id="word_172">)</word>
<word id="word_173">,</word>
<word id="word_174">ar</word>
<word id="word_175">61</word>
<word id="word_176">:</word>
<word id="word_177">60</word>
<word id="word_178">uzvarēja</word>
<word id="word_179">mājiniekus</word>
<word id="word_180">(</word>
<word id="word_181">Strautiņš</word>
<word id="word_182">20</word>
<word id="word_183">,</word>
<word id="word_184">Birkāns</word>
<word id="word_185">1</word>
<word id="word_186">)</word>
<word id="word_187">un</word>
<word id="word_188">ieņēma</word>
<word id="word_189">septīto</word>
<word id="word_190">vietu</word>
<word id="word_191">.</word>
<word id="word_192">HOKEJS</word>
<word id="word_193">.</word>
<word id="word_194">NHL</word>
<word id="word_195">Otavas</word>
<word id="word_196">&quot;</word>
<word id="word_197">Senators</word>
<word id="word_198">&quot;</word>
<word id="word_199">,</word>
<word id="word_200">atstājot</word>
<word id="word_201">rezervē</word>
<word id="word_202">Kasparu</word>
<word id="word_203">Daugaviņu</word>
<word id="word_204">,</word>
<word id="word_205">pārspēja</word>
<word id="word_206">Bufalo</word>
<word id="word_207">&quot;</word>
<word id="word_208">Sabres</word>
<word id="word_209">&quot;</word>
<word id="word_210">(</word>
<word id="word_211">4</word>
<word id="word_212">:</word>
<word id="word_213">3</word>
<word id="word_214">)</word>
<word id="word_215">un</word>
<word id="word_216">zaudēja</word>
<word id="word_217">Karolīnas</word>
<word id="word_218">&quot;</word>
<word id="word_219">Hurricanes</word>
<word id="word_220">&quot;</word>
<word id="word_221">(</word>
<word id="word_222">2</word>
<word id="word_223">:</word>
<word id="word_224">3</word>
<word id="word_225">papildlaikā</word>
<word id="word_226">)</word>
<word id="word_227">,</word>
<word id="word_228">bet</word>
<word id="word_229">ar</word>
<word id="word_230">viņu</word>
<word id="word_231">laukumā</word>
<word id="word_232">–</word>
<word id="word_233">Vinipegas</word>
<word id="word_234">&quot;</word>
<word id="word_235">Jets</word>
<word id="word_236">&quot;</word>
<word id="word_237">(</word>
<word id="word_238">0</word>
<word id="word_239">:</word>
<word id="word_240">1</word>
<word id="word_241">)</word>
<word id="word_242">.</word>
<word id="word_243">Eirotūres</word>
<word id="word_244">spēlē</word>
<word id="word_245">Sanktpēterburgā</word>
<word id="word_246">:</word>
<word id="word_247">Krievija</word>
<word id="word_248">–</word>
<word id="word_249">Somija</word>
<word id="word_250">4</word>
<word id="word_251">:</word>
<word id="word_252">3</word>
<word id="word_253">(</word>
<word id="word_254">pēcspēles</word>
<word id="word_255">metienos</word>
<word id="word_256">,</word>
<word id="word_257">Malmē</word>
<word id="word_258">:</word>
<word id="word_259">Zviedrija</word>
<word id="word_260">–</word>
<word id="word_261">Čehija</word>
<word id="word_262">0</word>
<word id="word_263">:</word>
<word id="word_264">2</word>
<word id="word_265">,</word>
<word id="word_266">Somija</word>
<word id="word_267">–</word>
<word id="word_268">Čehija</word>
<word id="word_269">3</word>
<word id="word_270">:</word>
<word id="word_271">0</word>
<word id="word_272">,</word>
<word id="word_273">Krievija</word>
<word id="word_274">–</word>
<word id="word_275">Zviedrija</word>
<word id="word_276">4</word>
<word id="word_277">:</word>
<word id="word_278">1.</word>
<word id="word_279">Latvijas</word>
<word id="word_280">čempionātā</word>
<word id="word_281">:</word>
<word id="word_282">&quot;</word>
<word id="word_283">Liepājas</word>
<word id="word_284">metalurgs-2</word>
<word id="word_285">&quot;</word>
<word id="word_286">–</word>
<word id="word_287">&quot;</word>
<word id="word_288">Rīga</word>
<word id="word_289">/</word>
<word id="word_290">Prizma</word>
<word id="word_291">&quot;</word>
<word id="word_292">6</word>
<word id="word_293">:</word>
<word id="word_294">5</word>
<word id="word_295">,</word>
<word id="word_296">&quot;</word>
<word id="word_297">Ozolnieki</word>
<word id="word_298">/</word>
<word id="word_299">Monarch</word>
<word id="word_300">&quot;</word>
<word id="word_301">–</word>
<word id="word_302">&quot;</word>
<word id="word_303">Liepājas</word>
<word id="word_304">metalurgs-2</word>
<word id="word_305">&quot;</word>
<word id="word_306">1</word>
<word id="word_307">:</word>
<word id="word_308">4</word>
<word id="word_309">,</word>
<word id="word_310">&quot;</word>
<word id="word_311">SMS</word>
<word id="word_312">Credit</word>
<word id="word_313">.</word>
<word id="word_314">lv</word>
<word id="word_315">&quot;</word>
<word id="word_316">–</word>
<word id="word_317">&quot;</word>
<word id="word_318">Zemgale</word>
<word id="word_319">/</word>
<word id="word_320">JLSS</word>
<word id="word_321">&quot;</word>
<word id="word_322">2</word>
<word id="word_323">:</word>
<word id="word_324">4</word>
<word id="word_325">,</word>
<word id="word_326">&quot;</word>
<word id="word_327">Rīga</word>
<word id="word_328">/</word>
<word id="word_329">Prizma-2</word>
<word id="word_330">&quot;</word>
<word id="word_331">–</word>
<word id="word_332">&quot;</word>
<word id="word_333">Rīga</word>
<word id="word_334">/</word>
<word id="word_335">Prizma</word>
<word id="word_336">&quot;</word>
<word id="word_337">5</word>
<word id="word_338">:</word>
<word id="word_339">6.</word>
<word id="word_340">DISTANČU</word>
<word id="word_341">SLĒPOŠANA</word>
<word id="word_342">.</word>
<word id="word_343">Skandināvijas</word>
<word id="word_344">kausa</word>
<word id="word_345">izcīņas</word>
<word id="word_346">posmā</word>
<word id="word_347">Madonā</word>
<word id="word_348">Arvis</word>
<word id="word_349">Liepiņš</word>
<word id="word_350">sprintā</word>
<word id="word_351">87</word>
<word id="word_352">slēpotāju</word>
<word id="word_353">konkurencē</word>
<word id="word_354">finišēja</word>
<word id="word_355">39.</word>
<word id="word_356">vietā</word>
<word id="word_357">,</word>
<word id="word_358">pārējie</word>
<word id="word_359">mājinieki</word>
<word id="word_360">–</word>
<word id="word_361">astotajā</word>
<word id="word_362">vai</word>
<word id="word_363">devītajā</word>
<word id="word_364">desmitā</word>
<word id="word_365">.</word>
<word id="word_366">KALNU</word>
<word id="word_367">SLĒPOŠANA</word>
<word id="word_368">.</word>
<word id="word_369">Pasaules</word>
<word id="word_370">čempionātā</word>
<word id="word_371">Šladmingā</word>
<word id="word_372">(</word>
<word id="word_373">Austrija</word>
<word id="word_374">)</word>
<word id="word_375">Roberts</word>
<word id="word_376">Rode</word>
<word id="word_377">nobraucienā</word>
<word id="word_378">ieņēma</word>
<word id="word_379">42.</word>
<word id="word_380">vietu</word>
<word id="word_381">starp</word>
<word id="word_382">57</word>
<word id="word_383">dalībniekiem</word>
<word id="word_384">.</word>
<word id="word_385">FIS</word>
<word id="word_386">sacensībās</word>
<word id="word_387">Lengrisā</word>
<word id="word_388">(</word>
<word id="word_389">Vācija</word>
<word id="word_390">)</word>
<word id="word_391">Kristapam</word>
<word id="word_392">Zvejniekam</word>
<word id="word_393">astotā</word>
<word id="word_394">vieta</word>
<word id="word_395">slalomā</word>
<word id="word_396">ar</word>
<word id="word_397">22,21</word>
<word id="word_398">FIS</word>
<word id="word_399">punktu</word>
<word id="word_400">,</word>
<word id="word_401">45.</word>
<word id="word_402">v</word>
<word id="word_403">.</word>
<word id="word_404">Toms</word>
<word id="word_405">Sarkanis</word>
<word id="word_406">(</word>
<word id="word_407">84,06</word>
<word id="word_408">)</word>
<word id="word_409">,</word>
<word id="word_410">Kaspars</word>
<word id="word_411">Daugulis</word>
<word id="word_412">izstājās</word>
<word id="word_413">.</word>
<word id="word_414">TENISS</word>
<word id="word_415">.</word>
<word id="word_416">&quot;</word>
<word id="word_417">ATP</word>
<word id="word_418">World</word>
<word id="word_419">Tour</word>
<word id="word_420">500</word>
<word id="word_421">&quot;</word>
<word id="word_422">sērijas</word>
<word id="word_423">turnīrā</word>
<word id="word_424">Roterdamā</word>
<word id="word_425">(</word>
<word id="word_426">Nīderlande</word>
<word id="word_427">)</word>
<word id="word_428">Ernests</word>
<word id="word_429">Gulbis</word>
<word id="word_430">kvalifikācijā</word>
<word id="word_431">pieveica</word>
<word id="word_432">Serhiju</word>
<word id="word_433">Stahovski</word>
<word id="word_434">no</word>
<word id="word_435">Ukrainas</word>
<word id="word_436">(</word>
<word id="word_437">6</word>
<word id="word_438">:</word>
<word id="word_439">3</word>
<word id="word_440">,</word>
<word id="word_441">6</word>
<word id="word_442">:</word>
<word id="word_443">4</word>
<word id="word_444">)</word>
<word id="word_445">un</word>
<word id="word_446">vācieti</word>
<word id="word_447">Tobiasu</word>
<word id="word_448">Kamki</word>
<word id="word_449">(</word>
<word id="word_450">6</word>
<word id="word_451">:</word>
<word id="word_452">1</word>
<word id="word_453">,</word>
<word id="word_454">6</word>
<word id="word_455">:</word>
<word id="word_456">4</word>
<word id="word_457">)</word>
<word id="word_458">,</word>
<word id="word_459">iekļūstot</word>
<word id="word_460">pamatturnīrā</word>
<word id="word_461">.</word>
<word id="word_462">&quot;</word>
<word id="word_463">ITF</word>
<word id="word_464">100_000</word>
<word id="word_465">&quot;</word>
<word id="word_466">turnīrā</word>
<word id="word_467">Midlendā</word>
<word id="word_468">(</word>
<word id="word_469">ASV</word>
<word id="word_470">)</word>
<word id="word_471">Līga</word>
<word id="word_472">Dekmeijere</word>
<word id="word_473">dubultspēles</word>
<word id="word_474">pārī</word>
<word id="word_475">ar</word>
<word id="word_476">Stefāniju</word>
<word id="word_477">Forecu-Gako</word>
<word id="word_478">no</word>
<word id="word_479">Francijas</word>
<word id="word_480">pirmajā</word>
<word id="word_481">kārtā</word>
<word id="word_482">zaudēja</word>
<word id="word_483">ungārietei</word>
<word id="word_484">Melindai</word>
<word id="word_485">Činkai</word>
<word id="word_486">un</word>
<word id="word_487">horvātietei</word>
<word id="word_488">Mirjanai</word>
<word id="word_489">Lučičai</word>
<word id="word_490">(</word>
<word id="word_491">6</word>
<word id="word_492">:</word>
<word id="word_493">4</word>
<word id="word_494">,</word>
<word id="word_495">6</word>
<word id="word_496">:</word>
<word id="word_497">7</word>
<word id="word_498">,</word>
<word id="word_499">9</word>
<word id="word_500">:</word>
<word id="word_501">11</word>
<word id="word_502">)</word>
<word id="word_503">.</word>
<word id="word_504">&quot;</word>
<word id="word_505">ITF</word>
<word id="word_506">25_000</word>
<word id="word_507">&quot;</word>
<word id="word_508">turnīrā</word>
<word id="word_509">Grenoblē</word>
<word id="word_510">(</word>
<word id="word_511">Francija</word>
<word id="word_512">)</word>
<word id="word_513">Diāna</word>
<word id="word_514">Marcinkēviča</word>
<word id="word_515">dubultspēlē</word>
<word id="word_516">ar</word>
<word id="word_517">partneri</word>
<word id="word_518">Dežanu</word>
<word id="word_519">Raičkoviču</word>
<word id="word_520">no</word>
<word id="word_521">Vācijas</word>
<word id="word_522">pirmajā</word>
<word id="word_523">kārtā</word>
<word id="word_524">zaudēja</word>
<word id="word_525">mājiniecēm</word>
<word id="word_526">Mirtillai</word>
<word id="word_527">Gergešai</word>
<word id="word_528">un</word>
<word id="word_529">Selīnai</word>
<word id="word_530">Geskvairai</word>
<word id="word_531">(</word>
<word id="word_532">2</word>
<word id="word_533">:</word>
<word id="word_534">6</word>
<word id="word_535">,</word>
<word id="word_536">5</word>
<word id="word_537">:</word>
<word id="word_538">7</word>
<word id="word_539">)</word>
<word id="word_540">,</word>
<word id="word_541">bet</word>
<word id="word_542">vienspēles</word>
<word id="word_543">otrajā</word>
<word id="word_544">kārtā</word>
<word id="word_545">–</word>
<word id="word_546">čehietei</word>
<word id="word_547">Sandrai</word>
<word id="word_548">Zahlāvovai</word>
<word id="word_549">(</word>
<word id="word_550">7</word>
<word id="word_551">:</word>
<word id="word_552">6</word>
<word id="word_553">,</word>
<word id="word_554">0</word>
<word id="word_555">:</word>
<word id="word_556">6</word>
<word id="word_557">,</word>
<word id="word_558">6</word>
<word id="word_559">:</word>
<word id="word_560">7</word>
<word id="word_561">)</word>
<word id="word_562">.</word>
<word id="word_563">RITEŅBRAUKŠANA</word>
<word id="word_564">.</word>
<word id="word_565">Kataras</word>
<word id="word_566">daudzdienu</word>
<word id="word_567">braucienā</word>
<word id="word_568">Gatis</word>
<word id="word_569">Smukulis</word>
<word id="word_570">,</word>
<word id="word_571">startējot</word>
<word id="word_572">Krievijas</word>
<word id="word_573">komandā</word>
<word id="word_574">&quot;</word>
<word id="word_575">Katjuša</word>
<word id="word_576">&quot;</word>
<word id="word_577">,</word>
<word id="word_578">kopvērtējumā</word>
<word id="word_579">ieņēma</word>
<word id="word_580">33.</word>
<word id="word_581">vietu</word>
<word id="word_582">,</word>
<word id="word_583">uzvarētājam</word>
<word id="word_584">britam</word>
<word id="word_585">Markam</word>
<word id="word_586">Kavendišam</word>
<word id="word_587">zaudēdams</word>
<word id="word_588">minūti</word>
<word id="word_589">un</word>
<word id="word_590">astoņas</word>
<word id="word_591">sekundes</word>
<word id="word_592">.</word>
<word id="word_593">Vidusjūras</word>
<word id="word_594">daudzdienās</word>
<word id="word_595">Aleksejs</word>
<word id="word_596">Saramotins</word>
<word id="word_597">Šveices</word>
<word id="word_598">komandā</word>
<word id="word_599">&quot;</word>
<word id="word_600">IAM</word>
<word id="word_601">Cycling</word>
<word id="word_602">&quot;</word>
<word id="word_603">pēc</word>
<word id="word_604">četriem</word>
<word id="word_605">posmiem</word>
<word id="word_606">ir</word>
<word id="word_607">79.</word>
<word id="word_608">vietā</word>
<word id="word_609">gandrīz</word>
<word id="word_610">astoņas</word>
<word id="word_611">minūtes</word>
<word id="word_612">aiz</word>
<word id="word_613">līdera</word>
<word id="word_614">Maksima</word>
<word id="word_615">Monforta</word>
<word id="word_616">no</word>
<word id="word_617">Beļģijas</word>
<word id="word_618">.</word>
<word id="word_619">DŽUDO</word>
<word id="word_620">.</word>
<word id="word_621">Eiropas</word>
<word id="word_622">kausa</word>
<word id="word_623">izcīņas</word>
<word id="word_624">posmā</word>
<word id="word_625">Tbilisi</word>
<word id="word_626">(</word>
<word id="word_627">Gruzija</word>
<word id="word_628">)</word>
<word id="word_629">Viktors</word>
<word id="word_630">Reško</word>
<word id="word_631">svara</word>
<word id="word_632">kategorijā</word>
<word id="word_633">līdz</word>
<word id="word_634">100</word>
<word id="word_635">kg</word>
<word id="word_636">uzveica</word>
<word id="word_637">vienu</word>
<word id="word_638">pretinieku</word>
<word id="word_639">,</word>
<word id="word_640">zaudēja</word>
<word id="word_641">diviem</word>
<word id="word_642">un</word>
<word id="word_643">ieņēma</word>
<word id="word_644">septīto</word>
<word id="word_645">vietu</word>
<word id="word_646">,</word>
<word id="word_647">bet</word>
<word id="word_648">olimpietis</word>
<word id="word_649">Konstantīns</word>
<word id="word_650">Ovčiņņikovs</word>
<word id="word_651">(</word>
<word id="word_652">līdz</word>
<word id="word_653">81</word>
<word id="word_654">kg</word>
<word id="word_655">)</word>
<word id="word_656">izstājās</word>
<word id="word_657">pēc</word>
<word id="word_658">zaudējuma</word>
<word id="word_659">otrajā</word>
<word id="word_660">divcīņā</word>
<word id="word_661">.</word>
<word id="word_662">PAUKOŠANA</word>
<word id="word_663">.</word>
<word id="word_664">Budapeštas</word>
<word id="word_665">(</word>
<word id="word_666">Ungārija</word>
<word id="word_667">)</word>
<word id="word_668">&quot;</word>
<word id="word_669">Grand</word>
<word id="word_670">Prix</word>
<word id="word_671">&quot;</word>
<word id="word_672">izcīņā</word>
<word id="word_673">Jeļena</word>
<word id="word_674">Rubļevska</word>
<word id="word_675">ieņēma</word>
<word id="word_676">29.</word>
<word id="word_677">vietu</word>
<word id="word_678">starp</word>
<word id="word_679">119</word>
<word id="word_680">dalībniecēm</word>
<word id="word_681">.</word>
<word id="word_682">BIATLONS</word>
<word id="word_683">.</word>
<word id="word_684">Starptautiskās</word>
<word id="word_685">federācijas</word>
<word id="word_686">(</word>
<word id="word_687">IBU</word>
<word id="word_688">)</word>
<word id="word_689">kausa</word>
<word id="word_690">izcīņas</word>
<word id="word_691">posmā</word>
<word id="word_692">Osrblī</word>
<word id="word_693">(</word>
<word id="word_694">Slovākija</word>
<word id="word_695">)</word>
<word id="word_696">20</word>
<word id="word_697">km</word>
<word id="word_698">distancē</word>
<word id="word_699">Jānis</word>
<word id="word_700">Bērziņš</word>
<word id="word_701">vienreiz</word>
<word id="word_702">kļūdījās</word>
<word id="word_703">šaušanā</word>
<word id="word_704">un</word>
<word id="word_705">ieņēma</word>
<word id="word_706">57.</word>
<word id="word_707">vietu</word>
<word id="word_708">93</word>
<word id="word_709">dalībnieku</word>
<word id="word_710">konkurencē</word>
<word id="word_711">,</word>
<word id="word_712">65.</word>
<word id="word_713">v</word>
<word id="word_714">.</word>
<word id="word_715">Toms</word>
<word id="word_716">Praulītis</word>
<word id="word_717">(</word>
<word id="word_718">3</word>
<word id="word_719">kļūdas</word>
<word id="word_720">)</word>
<word id="word_721">,</word>
<word id="word_722">69.</word>
<word id="word_723">v</word>
<word id="word_724">.</word>
<word id="word_725">Krišjānis</word>
<word id="word_726">Meirāns</word>
<word id="word_727">(</word>
<word id="word_728">6</word>
<word id="word_729">)</word>
<word id="word_730">.</word>
<word id="word_731">10</word>
<word id="word_732">km</word>
<word id="word_733">sprintā</word>
<word id="word_734">65.</word>
<word id="word_735">v</word>
<word id="word_736">.</word>
<word id="word_737">Meirāns</word>
<word id="word_738">(</word>
<word id="word_739">3</word>
<word id="word_740">)</word>
<word id="word_741">,</word>
<word id="word_742">71.</word>
<word id="word_743">v</word>
<word id="word_744">.</word>
<word id="word_745">Praulītis</word>
<word id="word_746">(</word>
<word id="word_747">4</word>
<word id="word_748">)</word>
<word id="word_749">,</word>
<word id="word_750">73.</word>
<word id="word_751">v</word>
<word id="word_752">.</word>
<word id="word_753">Daumants</word>
<word id="word_754">Lūsa</word>
<word id="word_755">(</word>
<word id="word_756">4</word>
<word id="word_757">)</word>
<word id="word_758">.</word>
<word id="word_759">4</word>
<word id="word_760">x</word>
<word id="word_761">7,5</word>
<word id="word_762">km</word>
<word id="word_763">stafetē</word>
<word id="word_764">viņi</word>
<word id="word_765">izlietoja</word>
<word id="word_766">12</word>
<word id="word_767">rezerves</word>
<word id="word_768">patronas</word>
<word id="word_769">,</word>
<word id="word_770">Meirāns</word>
<word id="word_771">veica</word>
<word id="word_772">soda</word>
<word id="word_773">apli</word>
<word id="word_774">,</word>
<word id="word_775">un</word>
<word id="word_776">komandai</word>
<word id="word_777">desmitā</word>
<word id="word_778">vieta</word>
<word id="word_779">,</word>
<word id="word_780">pārspējot</word>
<word id="word_781">biatlonistus</word>
<word id="word_782">no</word>
<word id="word_783">trim</word>
<word id="word_784">valstīm</word>
<word id="word_785">.</word>
<word id="word_786">VOLEJBOLS</word>
<word id="word_787">.</word>
<word id="word_788">&quot;</word>
<word id="word_789">Schenker</word>
<word id="word_790">&quot;</word>
<word id="word_791">līgā</word>
<word id="word_792">:</word>
<word id="word_793">&quot;</word>
<word id="word_794">Pärnu</word>
<word id="word_795">&quot;</word>
<word id="word_796">–</word>
<word id="word_797">&quot;</word>
<word id="word_798">Jelgava</word>
<word id="word_799">/</word>
<word id="word_800">Biolars</word>
<word id="word_801">&quot;</word>
<word id="word_802">0</word>
<word id="word_803">:</word>
<word id="word_804">3</word>
<word id="word_805">,</word>
<word id="word_806">&quot;</word>
<word id="word_807">Daugavpils</word>
<word id="word_808">Universitāte</word>
<word id="word_809">&quot;</word>
<word id="word_810">(</word>
<word id="word_811">&quot;</word>
<word id="word_812">DU</word>
<word id="word_813">&quot;</word>
<word id="word_814">)</word>
<word id="word_815">–</word>
<word id="word_816">&quot;</word>
<word id="word_817">TTÜ</word>
<word id="word_818">&quot;</word>
<word id="word_819">3</word>
<word id="word_820">:</word>
<word id="word_821">1</word>
<word id="word_822">,</word>
<word id="word_823">&quot;</word>
<word id="word_824">Lāse-R</word>
<word id="word_825">&quot;</word>
<word id="word_826">–</word>
<word id="word_827">&quot;</word>
<word id="word_828">Ozolnieki</word>
<word id="word_829">/</word>
<word id="word_830">Poliurs</word>
<word id="word_831">&quot;</word>
<word id="word_832">1</word>
<word id="word_833">:</word>
<word id="word_834">3</word>
<word id="word_835">,</word>
<word id="word_836">&quot;</word>
<word id="word_837">DU</word>
<word id="word_838">&quot;</word>
<word id="word_839">–</word>
<word id="word_840">&quot;</word>
<word id="word_841">Pärnu</word>
<word id="word_842">&quot;</word>
<word id="word_843">0</word>
<word id="word_844">:</word>
<word id="word_845">3</word>
<word id="word_846">,</word>
<word id="word_847">&quot;</word>
<word id="word_848">DU</word>
<word id="word_849">&quot;</word>
<word id="word_850">–</word>
<word id="word_851">&quot;</word>
<word id="word_852">Jelgava</word>
<word id="word_853">/</word>
<word id="word_854">Biolars</word>
<word id="word_855">&quot;</word>
<word id="word_856">3</word>
<word id="word_857">:</word>
<word id="word_858">0</word>
<word id="word_859">,</word>
<word id="word_860">&quot;</word>
<word id="word_861">Ozolnieki</word>
<word id="word_862">/</word>
<word id="word_863">Poliurs</word>
<word id="word_864">&quot;</word>
<word id="word_865">–</word>
<word id="word_866">Tallinas</word>
<word id="word_867">&quot;</word>
<word id="word_868">Selver</word>
<word id="word_869">&quot;</word>
<word id="word_870">3</word>
<word id="word_871">:</word>
<word id="word_872">1</word>
<word id="word_873">,</word>
<word id="word_874">&quot;</word>
<word id="word_875">Pärnu</word>
<word id="word_876">&quot;</word>
<word id="word_877">–</word>
<word id="word_878">&quot;</word>
<word id="word_879">Lāse-R</word>
<word id="word_880">&quot;</word>
<word id="word_881">3</word>
<word id="word_882">:</word>
<word id="word_883">1.</word>
<word id="word_884">FUTBOLS</word>
<word id="word_885">.</word>
<word id="word_886">Latvijas</word>
<word id="word_887">ziemas</word>
<word id="word_888">kausa</word>
<word id="word_889">izcīņas</word>
<word id="word_890">pusfinālā</word>
<word id="word_891">par</word>
<word id="word_892">piekto</word>
<word id="word_893">vietu</word>
<word id="word_894">:</word>
<word id="word_895">FK</word>
<word id="word_896">&quot;</word>
<word id="word_897">Jelgava</word>
<word id="word_898">&quot;</word>
<word id="word_899">–</word>
<word id="word_900">Ilūkstes</word>
<word id="word_901">NSS</word>
<word id="word_902">5</word>
<word id="word_903">:</word>
<word id="word_904">2</word>
<word id="word_905">(</word>
<word id="word_906">1</word>
<word id="word_907">:</word>
<word id="word_908">1</word>
<word id="word_909">)</word>
<word id="word_910">,</word>
<word id="word_911">&quot;</word>
<word id="word_912">Jūrmala</word>
<word id="word_913">&quot;</word>
<word id="word_914">–</word>
<word id="word_915">&quot;</word>
<word id="word_916">Liepājas</word>
<word id="word_917">metalurgs</word>
<word id="word_918">&quot;</word>
<word id="word_919">1</word>
<word id="word_920">:</word>
<word id="word_921">0</word>
<word id="word_922">(</word>
<word id="word_923">0</word>
<word id="word_924">:</word>
<word id="word_925">0</word>
<word id="word_926">)</word>
<word id="word_927">.</word>
<word id="word_928">Jūrmalnieki</word>
<word id="word_929">atsacījušies</word>
<word id="word_930">no</word>
<word id="word_931">izšķirošās</word>
<word id="word_932">spēles</word>
<word id="word_933">,</word>
<word id="word_934">tādēļ</word>
<word id="word_935">piekto</word>
<word id="word_936">vietu</word>
<word id="word_937">ieņem</word>
<word id="word_938">FK</word>
<word id="word_939">&quot;</word>
<word id="word_940">Jelgava</word>
<word id="word_941">&quot;</word>
<word id="word_942">.</word>
<word id="word_943">Anglijas</word>
<word id="word_944">premjerlīgā</word>
<word id="word_945">&quot;</word>
<word id="word_946">Reading</word>
<word id="word_947">&quot;</word>
<word id="word_948">zaudēja</word>
<word id="word_949">Stokas</word>
<word id="word_950">&quot;</word>
<word id="word_951">City</word>
<word id="word_952">&quot;</word>
<word id="word_953">(</word>
<word id="word_954">1</word>
<word id="word_955">:</word>
<word id="word_956">2</word>
<word id="word_957">)</word>
<word id="word_958">,</word>
<word id="word_959">Kaspars</word>
<word id="word_960">Gorkšs</word>
<word id="word_961">joprojām</word>
<word id="word_962">netiek</word>
<word id="word_963">pieteikts</word>
<word id="word_964">spēlēm</word>
<word id="word_965">.</word>
</words>