<?xml version="1.0" encoding="UTF-8"?>
<!DOCTYPE markables SYSTEM "markables.dtd">
<markables xmlns="www.eml.org/NameSpaces/sentence">
<markable mmax_level="sentence" id="markable_1" span="word_1..word_7" />
<markable mmax_level="sentence" id="markable_2" span="word_8..word_10" />
<markable mmax_level="sentence" id="markable_3" span="word_11..word_33" />
<markable mmax_level="sentence" id="markable_4" span="word_34..word_67" />
<markable mmax_level="sentence" id="markable_5" span="word_68..word_93" />
<markable mmax_level="sentence" id="markable_6" span="word_94..word_115" />
<markable mmax_level="sentence" id="markable_7" span="word_116..word_133" />
<markable mmax_level="sentence" id="markable_8" span="word_134..word_167" />
<markable mmax_level="sentence" id="markable_9" span="word_168..word_211" />
<markable mmax_level="sentence" id="markable_10" span="word_212..word_219" />
<markable mmax_level="sentence" id="markable_11" span="word_220..word_240" />
<markable mmax_level="sentence" id="markable_12" span="word_241..word_278" />
<markable mmax_level="sentence" id="markable_13" span="word_279..word_309" />
<markable mmax_level="sentence" id="markable_14" span="word_310..word_323" />
<markable mmax_level="sentence" id="markable_15" span="word_324..word_339" />
<markable mmax_level="sentence" id="markable_16" span="word_340..word_355" />
<markable mmax_level="sentence" id="markable_17" span="word_356..word_377" />
</markables>