<?xml version="1.0" encoding="UTF-8"?>
<!DOCTYPE words SYSTEM "words.dtd">
<words><word id="word_1">Diena</word>
<word id="word_2">:</word>
<word id="word_3">Ar</word>
<word id="word_4">sliktu</word>
<word id="word_5">kredītvēsturi</word>
<word id="word_6">aizņemties</word>
<word id="word_7">nevar</word>
<word id="word_8">11</word>
<word id="word_9">Feb</word>
<word id="word_10">2013</word>
<word id="word_11">Kredīta</word>
<word id="word_12">saņemšanā</word>
<word id="word_13">lielākās</word>
<word id="word_14">iespējas</word>
<word id="word_15">uzņēmējam</word>
<word id="word_16">bez</word>
<word id="word_17">parādiem</word>
<word id="word_18">.</word>
<word id="word_19">Studentiem</word>
<word id="word_20">un</word>
<word id="word_21">pensionāriem</word>
<word id="word_22">būs</word>
<word id="word_23">grūti</word>
<word id="word_24">Nebanku</word>
<word id="word_25">kredītdevēju</word>
<word id="word_26">daudzviet</word>
<word id="word_27">reklamētie</word>
<word id="word_28">ātrie</word>
<word id="word_29">kredīti</word>
<word id="word_30">nav</word>
<word id="word_31">vienīgā</word>
<word id="word_32">iespēja</word>
<word id="word_33">īsā</word>
<word id="word_34">laikā</word>
<word id="word_35">aizņemties</word>
<word id="word_36">naudu</word>
<word id="word_37">,</word>
<word id="word_38">jo</word>
<word id="word_39">patēriņa</word>
<word id="word_40">kredītus</word>
<word id="word_41">gatavas</word>
<word id="word_42">piešķirt</word>
<word id="word_43">arī</word>
<word id="word_44">bankas</word>
<word id="word_45">,</word>
<word id="word_46">tiesa</word>
<word id="word_47">gan</word>
<word id="word_48">,</word>
<word id="word_49">skrupulozi</word>
<word id="word_50">vērtējot</word>
<word id="word_51">kredīta</word>
<word id="word_52">prasītāja</word>
<word id="word_53">aizņēmumu</word>
<word id="word_54">vēsturi</word>
<word id="word_55">,</word>
<word id="word_56">ienākumus</word>
<word id="word_57">,</word>
<word id="word_58">vecumu</word>
<word id="word_59">un</word>
<word id="word_60">pat</word>
<word id="word_61">apgādājamo</word>
<word id="word_62">skaitu</word>
<word id="word_63">.</word>
<word id="word_64">Diena</word>
<word id="word_65">jau</word>
<word id="word_66">rakstīja</word>
<word id="word_67">,</word>
<word id="word_68">ka</word>
<word id="word_69">pēdējā</word>
<word id="word_70">laikā</word>
<word id="word_71">sabiedrības</word>
<word id="word_72">uzmanības</word>
<word id="word_73">lokā</word>
<word id="word_74">nonākusi</word>
<word id="word_75">ātro</word>
<word id="word_76">kredītu</word>
<word id="word_77">,</word>
<word id="word_78">ko</word>
<word id="word_79">piešķir</word>
<word id="word_80">nebanku</word>
<word id="word_81">aizdevēji</word>
<word id="word_82">,</word>
<word id="word_83">vieglā</word>
<word id="word_84">pieejamība</word>
<word id="word_85">un</word>
<word id="word_86">lielā</word>
<word id="word_87">popularitāte</word>
<word id="word_88">.</word>
<word id="word_89">Bažas</word>
<word id="word_90">par</word>
<word id="word_91">ātro</word>
<word id="word_92">kredītu</word>
<word id="word_93">burbuļa</word>
<word id="word_94">risku</word>
<word id="word_95">paudis</word>
<word id="word_96">arī</word>
<word id="word_97">ekonomikas</word>
<word id="word_98">ministrs</word>
<word id="word_99">Daniels</word>
<word id="word_100">Pavļuts</word>
<word id="word_101">,</word>
<word id="word_102">kurš</word>
<word id="word_103">solījis</word>
<word id="word_104">grozījumus</word>
<word id="word_105">likumos</word>
<word id="word_106">un</word>
<word id="word_107">izveidojis</word>
<word id="word_108">darba</word>
<word id="word_109">grupu</word>
<word id="word_110">,</word>
<word id="word_111">kurai</word>
<word id="word_112">deleģēts</word>
<word id="word_113">uzdevums</word>
<word id="word_114">uzlabot</word>
<word id="word_115">tiesisko</word>
<word id="word_116">regulējumu</word>
<word id="word_117">tieši</word>
<word id="word_118">ātro</word>
<word id="word_119">kredītu</word>
<word id="word_120">jomā</word>
<word id="word_121">,</word>
<word id="word_122">kā_arī</word>
<word id="word_123">stiprināt</word>
<word id="word_124">patērētāju</word>
<word id="word_125">interešu</word>
<word id="word_126">aizsardzību</word>
<word id="word_127">.</word>
<word id="word_128">Lai</word>
<word id="word_129">pārliecinātos</word>
<word id="word_130">,</word>
<word id="word_131">ka</word>
<word id="word_132">nebanku</word>
<word id="word_133">aizdevēju</word>
<word id="word_134">piešķirts</word>
<word id="word_135">ātrais</word>
<word id="word_136">kredīts</word>
<word id="word_137">nav</word>
<word id="word_138">vienīgais</word>
<word id="word_139">variants</word>
<word id="word_140">,</word>
<word id="word_141">kā</word>
<word id="word_142">uzlabot</word>
<word id="word_143">finansiālo</word>
<word id="word_144">situāciju</word>
<word id="word_145">,</word>
<word id="word_146">Diena</word>
<word id="word_147">pētīja</word>
<word id="word_148">četru</word>
<word id="word_149">izdomātu</word>
<word id="word_150">kredītņēmēju</word>
<word id="word_151">–</word>
<word id="word_152">studenta</word>
<word id="word_153">,</word>
<word id="word_154">kas</word>
<word id="word_155">saņem</word>
<word id="word_156">darba</word>
<word id="word_157">algu</word>
<word id="word_158">,</word>
<word id="word_159">gadiem</word>
<word id="word_160">ilgi</word>
<word id="word_161">strādājoša</word>
<word id="word_162">cilvēka</word>
<word id="word_163">,</word>
<word id="word_164">kam</word>
<word id="word_165">ir</word>
<word id="word_166">hipotekārais</word>
<word id="word_167">kredīts</word>
<word id="word_168">,</word>
<word id="word_169">uzņēmēja</word>
<word id="word_170">un</word>
<word id="word_171">pensionāra</word>
<word id="word_172">–</word>
<word id="word_173">iespējas</word>
<word id="word_174">iegūt</word>
<word id="word_175">patēriņa</word>
<word id="word_176">kredītu</word>
<word id="word_177">plaši</word>
<word id="word_178">pazīstamās</word>
<word id="word_179">bankās</word>
<word id="word_180">.</word>
<word id="word_181">Izrādās</word>
<word id="word_182">,</word>
<word id="word_183">ka</word>
<word id="word_184">banku</word>
<word id="word_185">nosacījumi</word>
<word id="word_186">patēriņa</word>
<word id="word_187">kredītu</word>
<word id="word_188">piešķiršanā</word>
<word id="word_189">ir</word>
<word id="word_190">visai</word>
<word id="word_191">atšķirīgi</word>
<word id="word_192">.</word>
<word id="word_193">Savējiem</word>
<word id="word_194">vieglāk</word>
<word id="word_195">«</word>
<word id="word_196">Izvērtējot</word>
<word id="word_197">klienta</word>
<word id="word_198">maksātspēju</word>
<word id="word_199">,</word>
<word id="word_200">no</word>
<word id="word_201">svara</word>
<word id="word_202">ir</word>
<word id="word_203">dažādi</word>
<word id="word_204">rādītāji</word>
<word id="word_205">,</word>
<word id="word_206">piemēram</word>
<word id="word_207">,</word>
<word id="word_208">kopējo</word>
<word id="word_209">kredītsaistību</word>
<word id="word_210">apmērs</word>
<word id="word_211">pret</word>
<word id="word_212">ienākumiem</word>
<word id="word_213">.</word>
<word id="word_214">Ja</word>
<word id="word_215">rezultāts</word>
<word id="word_216">ir</word>
<word id="word_217">pozitīvs</word>
<word id="word_218">,</word>
<word id="word_219">klientam</word>
<word id="word_220">var</word>
<word id="word_221">piešķirt</word>
<word id="word_222">aizdevumu</word>
<word id="word_223">līdz</word>
<word id="word_224">pusotras</word>
<word id="word_225">algas</word>
<word id="word_226">apmēram</word>
<word id="word_227">,</word>
<word id="word_228">»</word>
<word id="word_229">par</word>
<word id="word_230">iespēju</word>
<word id="word_231">studentam</word>
<word id="word_232">saņemt</word>
<word id="word_233">patēriņa</word>
<word id="word_234">kredītu</word>
<word id="word_235">saka</word>
<word id="word_236">Swedbank</word>
<word id="word_237">pārstāvis</word>
<word id="word_238">Dzintars</word>
<word id="word_239">Kalniņš</word>
<word id="word_240">.</word>
<word id="word_241">Kredīta</word>
<word id="word_242">prasītājam</word>
<word id="word_243">jābūt</word>
<word id="word_244">vismaz</word>
<word id="word_245">21</word>
<word id="word_246">gadu</word>
<word id="word_247">vecam</word>
<word id="word_248">,</word>
<word id="word_249">ar</word>
<word id="word_250">pozitīvu</word>
<word id="word_251">kredītvēsturi</word>
<word id="word_252">un</word>
<word id="word_253">regulāriem</word>
<word id="word_254">ienākumiem</word>
<word id="word_255">–</word>
<word id="word_256">no</word>
<word id="word_257">180</word>
<word id="word_258">latiem</word>
<word id="word_259">mēnesī</word>
<word id="word_260">pēc</word>
<word id="word_261">nodokļu</word>
<word id="word_262">nomaksas</word>
<word id="word_263">.</word>
<word id="word_264">Kredīta</word>
<word id="word_265">prasītājam</word>
<word id="word_266">jābūt</word>
<word id="word_267">arī</word>
<word id="word_268">bankas</word>
<word id="word_269">klientam</word>
<word id="word_270">un</word>
<word id="word_271">ienākumi</word>
<word id="word_272">jāsaņem</word>
<word id="word_273">īs</word>
<word id="word_274">bankas</word>
<word id="word_275">kontā</word>
<word id="word_276">.</word>
<word id="word_277">«</word>
<word id="word_278">Ar</word>
<word id="word_279">300</word>
<word id="word_280">latu</word>
<word id="word_281">ienākumiem</word>
<word id="word_282">ir</word>
<word id="word_283">par</word>
<word id="word_284">maz</word>
<word id="word_285">,</word>
<word id="word_286">lai</word>
<word id="word_287">saņemtu</word>
<word id="word_288">kredītu</word>
<word id="word_289">,</word>
<word id="word_290">»</word>
<word id="word_291">atzīst</word>
<word id="word_292">Nordea</word>
<word id="word_293">pārstāvis</word>
<word id="word_294">Raivis</word>
<word id="word_295">Gūtmanis</word>
<word id="word_296">un</word>
<word id="word_297">norāda</word>
<word id="word_298">,</word>
<word id="word_299">ka</word>
<word id="word_300">iespējams</word>
<word id="word_301">gan</word>
<word id="word_302">piesaistīt</word>
<word id="word_303">līdzaizņēmēju</word>
<word id="word_304">,</word>
<word id="word_305">un</word>
<word id="word_306">tad</word>
<word id="word_307">kopējiem</word>
<word id="word_308">ienākumiem</word>
<word id="word_309">būtu</word>
<word id="word_310">jābūt</word>
<word id="word_311">vismaz</word>
<word id="word_312">435</word>
<word id="word_313">latiem</word>
<word id="word_314">.</word>
<word id="word_315">«</word>
<word id="word_316">Strādājošam</word>
<word id="word_317">studentam</word>
<word id="word_318">ir</word>
<word id="word_319">divas</word>
<word id="word_320">īstermiņa</word>
<word id="word_321">aizņemšanās</word>
<word id="word_322">iespējas</word>
<word id="word_323">,</word>
<word id="word_324">»</word>
<word id="word_325">norāda</word>
<word id="word_326">bankas</word>
<word id="word_327">Citadele</word>
<word id="word_328">pārstāve</word>
<word id="word_329">Zanda</word>
<word id="word_330">Alviķe</word>
<word id="word_331">.</word>
<word id="word_332">Viena</word>
<word id="word_333">iespēja</word>
<word id="word_334">esot</word>
<word id="word_335">saņemt</word>
<word id="word_336">patēriņa</word>
<word id="word_337">kredītu</word>
<word id="word_338">750</word>
<word id="word_339">latu</word>
<word id="word_340">apmērā</word>
<word id="word_341">uz</word>
<word id="word_342">laiku</word>
<word id="word_343">no</word>
<word id="word_344">sešiem</word>
<word id="word_345">līdz</word>
<word id="word_346">36</word>
<word id="word_347">mēnešiem</word>
<word id="word_348">ar</word>
<word id="word_349">25</word>
<word id="word_350">%</word>
<word id="word_351">gada</word>
<word id="word_352">procentu</word>
<word id="word_353">likmi</word>
<word id="word_354">,</word>
<word id="word_355">savukārt</word>
<word id="word_356">otra</word>
<word id="word_357">–</word>
<word id="word_358">saņemt</word>
<word id="word_359">200</word>
<word id="word_360">latu</word>
<word id="word_361">lielu</word>
<word id="word_362">kredītlimitu</word>
<word id="word_363">American</word>
<word id="word_364">Express</word>
<word id="word_365">Blue</word>
<word id="word_366">kredītkartei</word>
<word id="word_367">.</word>
<word id="word_368">Abos</word>
<word id="word_369">gadījumos</word>
<word id="word_370">studentam</word>
<word id="word_371">jābūt</word>
<word id="word_372">vismaz</word>
<word id="word_373">18</word>
<word id="word_374">gadu</word>
<word id="word_375">vecam</word>
<word id="word_376">un</word>
<word id="word_377">ar</word>
<word id="word_378">pozitīvu</word>
<word id="word_379">kredītvēsturi</word>
<word id="word_380">.</word>
<word id="word_381">Ja</word>
<word id="word_382">students</word>
<word id="word_383">savus</word>
<word id="word_384">ienākumus</word>
<word id="word_385">nav</word>
<word id="word_386">saņēmis</word>
<word id="word_387">Citadeles</word>
<word id="word_388">bankas</word>
<word id="word_389">kontā</word>
<word id="word_390">,</word>
<word id="word_391">viņa</word>
<word id="word_392">gada</word>
<word id="word_393">procentu</word>
<word id="word_394">likmes</word>
<word id="word_395">būs</word>
<word id="word_396">augstākas</word>
<word id="word_397">.</word>
<word id="word_398">Lai</word>
<word id="word_399">varētu</word>
<word id="word_400">saņemt</word>
<word id="word_401">kredītu</word>
<word id="word_402">,</word>
<word id="word_403">studentam</word>
<word id="word_404">jābūt</word>
<word id="word_405">vismaz</word>
<word id="word_406">23</word>
<word id="word_407">gadus</word>
<word id="word_408">vecam</word>
<word id="word_409">,</word>
<word id="word_410">uzsver</word>
<word id="word_411">DNB</word>
<word id="word_412">bankas</word>
<word id="word_413">pārstāvis</word>
<word id="word_414">Andis</word>
<word id="word_415">Vaļuks</word>
<word id="word_416">.</word>
<word id="word_417">Maksimālā</word>
<word id="word_418">summa</word>
<word id="word_419">,</word>
<word id="word_420">ko</word>
<word id="word_421">šādam</word>
<word id="word_422">studentam</word>
<word id="word_423">varētu</word>
<word id="word_424">piešķirt</word>
<word id="word_425">kredītā</word>
<word id="word_426">,</word>
<word id="word_427">provizoriski</word>
<word id="word_428">varot</word>
<word id="word_429">būt</word>
<word id="word_430">pat</word>
<word id="word_431">līdz</word>
<word id="word_432">3000</word>
<word id="word_433">latiem</word>
<word id="word_434">uz</word>
<word id="word_435">laiku</word>
<word id="word_436">līdz</word>
<word id="word_437">pieciem</word>
<word id="word_438">gadiem</word>
<word id="word_439">ar</word>
<word id="word_440">21</word>
<word id="word_441">%</word>
<word id="word_442">likmi</word>
<word id="word_443">,</word>
<word id="word_444">taču</word>
<word id="word_445">maksimālās</word>
<word id="word_446">summas</word>
<word id="word_447">apjoms</word>
<word id="word_448">saistīts</word>
<word id="word_449">ar</word>
<word id="word_450">to</word>
<word id="word_451">,</word>
<word id="word_452">kāds</word>
<word id="word_453">ir</word>
<word id="word_454">studenta</word>
<word id="word_455">studiju</word>
<word id="word_456">kredīta</word>
<word id="word_457">apmērs</word>
<word id="word_458">un</word>
<word id="word_459">vai</word>
<word id="word_460">ienākumi</word>
<word id="word_461">tiek</word>
<word id="word_462">saņemti</word>
<word id="word_463">DNB</word>
<word id="word_464">bankas</word>
<word id="word_465">kontā</word>
<word id="word_466">.</word>
<word id="word_467">70</word>
<word id="word_468">gadu</word>
<word id="word_469">slieksnis</word>
<word id="word_470">«</word>
<word id="word_471">Pensionāram</word>
<word id="word_472">ar</word>
<word id="word_473">200</word>
<word id="word_474">latu</word>
<word id="word_475">pensiju</word>
<word id="word_476">diemžēl</word>
<word id="word_477">nevarēsim</word>
<word id="word_478">līdzēt</word>
<word id="word_479">,</word>
<word id="word_480">»</word>
<word id="word_481">saka</word>
<word id="word_482">R.</word>
<word id="word_483">Gūtmanis</word>
<word id="word_484">un</word>
<word id="word_485">norāda</word>
<word id="word_486">,</word>
<word id="word_487">ka</word>
<word id="word_488">patēriņa</word>
<word id="word_489">kredīta</word>
<word id="word_490">piešķiršanai</word>
<word id="word_491">šādos</word>
<word id="word_492">gadījumos</word>
<word id="word_493">bankā</word>
<word id="word_494">noteikts</word>
<word id="word_495">minimālais</word>
<word id="word_496">ieņēmumu</word>
<word id="word_497">līmenis</word>
<word id="word_498">uz</word>
<word id="word_499">vienu</word>
<word id="word_500">ģimenes</word>
<word id="word_501">locekli</word>
<word id="word_502">310</word>
<word id="word_503">latu</word>
<word id="word_504">apmērā</word>
<word id="word_505">,</word>
<word id="word_506">jo</word>
<word id="word_507">banka</word>
<word id="word_508">uzskata</word>
<word id="word_509">,</word>
<word id="word_510">ka</word>
<word id="word_511">šāda</word>
<word id="word_512">ikmēneša</word>
<word id="word_513">summa</word>
<word id="word_514">nepieciešama</word>
<word id="word_515">,</word>
<word id="word_516">lai</word>
<word id="word_517">klients</word>
<word id="word_518">būtu</word>
<word id="word_519">spējīgs</word>
<word id="word_520">kredītu</word>
<word id="word_521">atmaksāt</word>
<word id="word_522">.</word>
<word id="word_523">«</word>
<word id="word_524">Senioriem</word>
<word id="word_525">varam</word>
<word id="word_526">izsniegt</word>
<word id="word_527">aizdevumu</word>
<word id="word_528">ar</word>
<word id="word_529">maksimālo</word>
<word id="word_530">limitu</word>
<word id="word_531">vienas</word>
<word id="word_532">pensijas</word>
<word id="word_533">apmērā</word>
<word id="word_534">,</word>
<word id="word_535">»</word>
<word id="word_536">Swedbank</word>
<word id="word_537">piedāvājumu</word>
<word id="word_538">skaidro</word>
<word id="word_539">Dz.</word>
<word id="word_540">Kalniņš</word>
<word id="word_541">.</word>
<word id="word_542">DNB</word>
<word id="word_543">bankas</word>
<word id="word_544">apkopotā</word>
<word id="word_545">informācija</word>
<word id="word_546">rāda</word>
<word id="word_547">,</word>
<word id="word_548">ka</word>
<word id="word_549">pensionāram</word>
<word id="word_550">ar</word>
<word id="word_551">200</word>
<word id="word_552">latu</word>
<word id="word_553">lielu</word>
<word id="word_554">pensiju</word>
<word id="word_555">vajadzības</word>
<word id="word_556">gadījumā</word>
<word id="word_557">ir</word>
<word id="word_558">iespēja</word>
<word id="word_559">saņemt</word>
<word id="word_560">līdz</word>
<word id="word_561">400</word>
<word id="word_562">latiem</word>
<word id="word_563">lielu</word>
<word id="word_564">patēriņa</word>
<word id="word_565">kredītu</word>
<word id="word_566">uz</word>
<word id="word_567">laiku</word>
<word id="word_568">līdz</word>
<word id="word_569">diviem</word>
<word id="word_570">gadiem</word>
<word id="word_571">(</word>
<word id="word_572">21</word>
<word id="word_573">%</word>
<word id="word_574">likme</word>
<word id="word_575">)</word>
<word id="word_576">,</word>
<word id="word_577">taču</word>
<word id="word_578">kredīta</word>
<word id="word_579">atmaksas</word>
<word id="word_580">beigās</word>
<word id="word_581">aizņēmēja</word>
<word id="word_582">vecums</word>
<word id="word_583">nedrīkst</word>
<word id="word_584">pārsniegt</word>
<word id="word_585">67</word>
<word id="word_586">gadus</word>
<word id="word_587">.</word>
<word id="word_588">Bankas</word>
<word id="word_589">Citadele</word>
<word id="word_590">pārstāve</word>
<word id="word_591">Z.</word>
<word id="word_592">Alviķe</word>
<word id="word_593">norāda</word>
<word id="word_594">,</word>
<word id="word_595">ka</word>
<word id="word_596">pensionāram</word>
<word id="word_597">pieejama</word>
<word id="word_598">iespēja</word>
<word id="word_599">pieteikties</word>
<word id="word_600">kredītam</word>
<word id="word_601">privātam</word>
<word id="word_602">patēriņam</word>
<word id="word_603">250</word>
<word id="word_604">latu</word>
<word id="word_605">apmērā</word>
<word id="word_606">uz</word>
<word id="word_607">laiku</word>
<word id="word_608">līdz</word>
<word id="word_609">sešiem</word>
<word id="word_610">mēnešiem</word>
<word id="word_611">ar</word>
<word id="word_612">procentu</word>
<word id="word_613">likmi</word>
<word id="word_614">25</word>
<word id="word_615">%</word>
<word id="word_616">gadā</word>
<word id="word_617">(</word>
<word id="word_618">ja</word>
<word id="word_619">pensionārs</word>
<word id="word_620">pensiju</word>
<word id="word_621">saņem</word>
<word id="word_622">Citadeles</word>
<word id="word_623">kontā</word>
<word id="word_624">)</word>
<word id="word_625">,</word>
<word id="word_626">ir</word>
<word id="word_627">arī</word>
<word id="word_628">iespēja</word>
<word id="word_629">saņemt</word>
<word id="word_630">200</word>
<word id="word_631">latu</word>
<word id="word_632">lielu</word>
<word id="word_633">kredītlimitu</word>
<word id="word_634">kredītkartei</word>
<word id="word_635">.</word>
<word id="word_636">Abos</word>
<word id="word_637">gadījumos</word>
<word id="word_638">pensionārs</word>
<word id="word_639">nedrīkst</word>
<word id="word_640">būt</word>
<word id="word_641">vecāks</word>
<word id="word_642">par</word>
<word id="word_643">70</word>
<word id="word_644">gadiem</word>
<word id="word_645">un</word>
<word id="word_646">viņa</word>
<word id="word_647">kredītvēsturei</word>
<word id="word_648">jābūt</word>
<word id="word_649">pozitīvai</word>
<word id="word_650">.</word>
<word id="word_651">Svarīgi</word>
<word id="word_652">arī</word>
<word id="word_653">apgādājamie</word>
<word id="word_654">Par</word>
<word id="word_655">strādājošo</word>
<word id="word_656">ar</word>
<word id="word_657">kredītsaistībām</word>
<word id="word_658">Dz.</word>
<word id="word_659">Kalniņš</word>
<word id="word_660">saka</word>
<word id="word_661">:</word>
<word id="word_662">«</word>
<word id="word_663">Ir</word>
<word id="word_664">iespējams</word>
<word id="word_665">saņemt</word>
<word id="word_666">aizdevumu</word>
<word id="word_667">līdz</word>
<word id="word_668">divu</word>
<word id="word_669">algu</word>
<word id="word_670">apmēram</word>
<word id="word_671">,</word>
<word id="word_672">jo</word>
<word id="word_673">klientam</word>
<word id="word_674">jau</word>
<word id="word_675">ir</word>
<word id="word_676">hipotekārais</word>
<word id="word_677">kredīts</word>
<word id="word_678">.</word>
<word id="word_679">»</word>
<word id="word_680">Ikmēneša</word>
<word id="word_681">maksājumam</word>
<word id="word_682">nevajadzētu</word>
<word id="word_683">pārsniegt</word>
<word id="word_684">30</word>
<word id="word_685">%</word>
<word id="word_686">no</word>
<word id="word_687">regulārajiem</word>
<word id="word_688">ienākumiem</word>
<word id="word_689">.</word>
<word id="word_690">Uzņēmējam</word>
<word id="word_691">bez</word>
<word id="word_692">kredītiem</word>
<word id="word_693">iespējas</word>
<word id="word_694">aizņemties</word>
<word id="word_695">būtu</word>
<word id="word_696">lielākas</word>
<word id="word_697">,</word>
<word id="word_698">piemēram</word>
<word id="word_699">,</word>
<word id="word_700">trīs</word>
<word id="word_701">četru</word>
<word id="word_702">regulāro</word>
<word id="word_703">mēneša</word>
<word id="word_704">ienākumu</word>
<word id="word_705">apmērā</word>
<word id="word_706">.</word>
<word id="word_707">R.</word>
<word id="word_708">Gūtmanis</word>
<word id="word_709">gan</word>
<word id="word_710">uzsver</word>
<word id="word_711">,</word>
<word id="word_712">ka</word>
<word id="word_713">jāņem</word>
<word id="word_714">vērā</word>
<word id="word_715">arī</word>
<word id="word_716">apgādībā</word>
<word id="word_717">esošās</word>
<word id="word_718">personas</word>
<word id="word_719">.</word>
<word id="word_720">Iespēja</word>
<word id="word_721">saņemt</word>
<word id="word_722">kredītu</word>
<word id="word_723">DNB</word>
<word id="word_724">bankā</word>
<word id="word_725">būtu</word>
<word id="word_726">gan</word>
<word id="word_727">uzņēmējam</word>
<word id="word_728">,</word>
<word id="word_729">gan</word>
<word id="word_730">strādājošajam</word>
<word id="word_731">.</word>
<word id="word_732">Maksimālo</word>
<word id="word_733">aizņēmuma</word>
<word id="word_734">summu</word>
<word id="word_735">ietekmētu</word>
<word id="word_736">apgādībā</word>
<word id="word_737">esošo</word>
<word id="word_738">personu</word>
<word id="word_739">skaits</word>
<word id="word_740">,</word>
<word id="word_741">banka</word>
<word id="word_742">analizētu</word>
<word id="word_743">arī</word>
<word id="word_744">aizņēmēju</word>
<word id="word_745">iztikas</word>
<word id="word_746">minimuma</word>
<word id="word_747">apmēru</word>
<word id="word_748">pēc</word>
<word id="word_749">kredītu</word>
<word id="word_750">nomaksas</word>
<word id="word_751">.</word>
<word id="word_752">Uzņēmējs</word>
<word id="word_753">,</word>
<word id="word_754">papildus</word>
<word id="word_755">noformējot</word>
<word id="word_756">kredītkarti</word>
<word id="word_757">2000</word>
<word id="word_758">latu</word>
<word id="word_759">apmērā</word>
<word id="word_760">,</word>
<word id="word_761">varētu</word>
<word id="word_762">saņemt</word>
<word id="word_763">par</word>
<word id="word_764">3000</word>
<word id="word_765">latiem</word>
<word id="word_766">lielāku</word>
<word id="word_767">aizņēmumu</word>
<word id="word_768">nekā</word>
<word id="word_769">strādājošais</word>
<word id="word_770">ar</word>
<word id="word_771">hipotekāro</word>
<word id="word_772">kredītu</word>
<word id="word_773">.</word>
<word id="word_774">Abiem</word>
<word id="word_775">aizdevums</word>
<word id="word_776">tiktu</word>
<word id="word_777">sniegts</word>
<word id="word_778">uz</word>
<word id="word_779">laiku</word>
<word id="word_780">līdz</word>
<word id="word_781">pieciem</word>
<word id="word_782">gadiem</word>
<word id="word_783">ar</word>
<word id="word_784">18</word>
<word id="word_785">%</word>
<word id="word_786">lielu</word>
<word id="word_787">procentu</word>
<word id="word_788">likmi</word>
<word id="word_789">.</word>
<word id="word_790">Banka</word>
<word id="word_791">Citadele</word>
<word id="word_792">šiem</word>
<word id="word_793">klientiem</word>
<word id="word_794">varētu</word>
<word id="word_795">piedāvāt</word>
<word id="word_796">katram</word>
<word id="word_797">divas</word>
<word id="word_798">iespējas</word>
<word id="word_799">.</word>
<word id="word_800">Strādājošais</word>
<word id="word_801">varētu</word>
<word id="word_802">saņemt</word>
<word id="word_803">kredītu</word>
<word id="word_804">līdz</word>
<word id="word_805">2475</word>
<word id="word_806">latiem</word>
<word id="word_807">uz</word>
<word id="word_808">laiku</word>
<word id="word_809">no</word>
<word id="word_810">sešiem</word>
<word id="word_811">līdz</word>
<word id="word_812">36</word>
<word id="word_813">mēnešiem</word>
<word id="word_814">(</word>
<word id="word_815">25</word>
<word id="word_816">%</word>
<word id="word_817">likme</word>
<word id="word_818">gadā</word>
<word id="word_819">,</word>
<word id="word_820">ja</word>
<word id="word_821">ienākumi</word>
<word id="word_822">saņemti</word>
<word id="word_823">Citadeles</word>
<word id="word_824">kontā</word>
<word id="word_825">)</word>
<word id="word_826">vai</word>
<word id="word_827">tikpat</word>
<word id="word_828">lielu</word>
<word id="word_829">kredītkartes</word>
<word id="word_830">limitu</word>
<word id="word_831">,</word>
<word id="word_832">savukārt</word>
<word id="word_833">uzņēmējs</word>
<word id="word_834">ar</word>
<word id="word_835">līdzīgiem</word>
<word id="word_836">nosacījumiem</word>
<word id="word_837">varētu</word>
<word id="word_838">saņemt</word>
<word id="word_839">kredītu</word>
<word id="word_840">līdz</word>
<word id="word_841">2250</word>
<word id="word_842">latiem</word>
<word id="word_843">uz</word>
<word id="word_844">tikpat</word>
<word id="word_845">ilgu</word>
<word id="word_846">laiku</word>
<word id="word_847">.</word>
<word id="word_848">Jāspēj</word>
<word id="word_849">naudu</word>
<word id="word_850">atmaksāt</word>
<word id="word_851">«</word>
<word id="word_852">Kreditēšana</word>
<word id="word_853">ir</word>
<word id="word_854">viens</word>
<word id="word_855">no</word>
<word id="word_856">svarīgākajiem</word>
<word id="word_857">komercbanku</word>
<word id="word_858">darbības</word>
<word id="word_859">uzdevumiem</word>
<word id="word_860">,</word>
<word id="word_861">»</word>
<word id="word_862">atzīst</word>
<word id="word_863">Latvijas</word>
<word id="word_864">Komercbanku</word>
<word id="word_865">asociācijas</word>
<word id="word_866">(</word>
<word id="word_867">LKA</word>
<word id="word_868">)</word>
<word id="word_869">padomnieks</word>
<word id="word_870">Teodors</word>
<word id="word_871">Tverijons</word>
<word id="word_872">.</word>
<word id="word_873">Patēriņu</word>
<word id="word_874">kredītus</word>
<word id="word_875">gan</word>
<word id="word_876">Latvijas</word>
<word id="word_877">iedzīvotāji</word>
<word id="word_878">ņem</word>
<word id="word_879">daudz</word>
<word id="word_880">retāk</word>
<word id="word_881">nekā</word>
<word id="word_882">hipotekāros</word>
<word id="word_883">kredītus</word>
<word id="word_884">–</word>
<word id="word_885">no</word>
<word id="word_886">visiem</word>
<word id="word_887">mājsaimniecībām</word>
<word id="word_888">izsniegtajiem</word>
<word id="word_889">kredītiem</word>
<word id="word_890">patēriņa</word>
<word id="word_891">kredīti</word>
<word id="word_892">ir</word>
<word id="word_893">tikai</word>
<word id="word_894">7,6</word>
<word id="word_895">%</word>
<word id="word_896">,</word>
<word id="word_897">bet</word>
<word id="word_898">hipotekārie</word>
<word id="word_899">kredīti</word>
<word id="word_900">–</word>
<word id="word_901">80,7</word>
<word id="word_902">%</word>
<word id="word_903">,</word>
<word id="word_904">liecina</word>
<word id="word_905">LKA</word>
<word id="word_906">dati</word>
<word id="word_907">.</word>
<word id="word_908">«</word>
<word id="word_909">Kredītspējas</word>
<word id="word_910">izvērtēšanā</word>
<word id="word_911">svarīgi</word>
<word id="word_912">gūt</word>
<word id="word_913">apliecinājumu</word>
<word id="word_914">,</word>
<word id="word_915">ka</word>
<word id="word_916">kredītņēmējam</word>
<word id="word_917">ir</word>
<word id="word_918">regulāri</word>
<word id="word_919">ienākumi</word>
<word id="word_920">un</word>
<word id="word_921">to</word>
<word id="word_922">apjoms</word>
<word id="word_923">ir</word>
<word id="word_924">pietiekams</word>
<word id="word_925">,</word>
<word id="word_926">lai</word>
<word id="word_927">kredītu</word>
<word id="word_928">atdotu</word>
<word id="word_929">,</word>
<word id="word_930">»</word>
<word id="word_931">uzsver</word>
<word id="word_932">T.</word>
<word id="word_933">Tverijons</word>
<word id="word_934">un</word>
<word id="word_935">norāda</word>
<word id="word_936">,</word>
<word id="word_937">ka</word>
<word id="word_938">tieši</word>
<word id="word_939">reālās</word>
<word id="word_940">kredītspējas</word>
<word id="word_941">izvērtēšana</word>
<word id="word_942">esot</word>
<word id="word_943">iemesls</word>
<word id="word_944">,</word>
<word id="word_945">ka</word>
<word id="word_946">joprojām</word>
<word id="word_947">mazinoties</word>
<word id="word_948">iedzīvotājiem</word>
<word id="word_949">izsniegto</word>
<word id="word_950">kredītu</word>
<word id="word_951">apjoms</word>
<word id="word_952">.</word>
<word id="word_953">Tomēr</word>
<word id="word_954">2012.</word>
<word id="word_955">gadā</word>
<word id="word_956">patēriņa</word>
<word id="word_957">preču</word>
<word id="word_958">iegādei</word>
<word id="word_959">izsniegti</word>
<word id="word_960">55_368</word>
<word id="word_961">kredīti</word>
<word id="word_962">,</word>
<word id="word_963">rāda</word>
<word id="word_964">Finanšu</word>
<word id="word_965">un</word>
<word id="word_966">kapitāla</word>
<word id="word_967">tirgus</word>
<word id="word_968">komisijas</word>
<word id="word_969">informācija</word>
<word id="word_970">,</word>
<word id="word_971">un</word>
<word id="word_972">šo</word>
<word id="word_973">skaitli</word>
<word id="word_974">Latvijas</word>
<word id="word_975">mērogā</word>
<word id="word_976">noteikti</word>
<word id="word_977">nevar</word>
<word id="word_978">uzskatīt</word>
<word id="word_979">par</word>
<word id="word_980">mazu</word>
<word id="word_981">.</word>
<word id="word_982">Turklāt</word>
<word id="word_983">banku</word>
<word id="word_984">īstenotā</word>
<word id="word_985">patēriņu</word>
<word id="word_986">kredītu</word>
<word id="word_987">piešķiršanas</word>
<word id="word_988">stratēģija</word>
<word id="word_989">ļauj</word>
<word id="word_990">secināt</word>
<word id="word_991">,</word>
<word id="word_992">ka</word>
<word id="word_993">šāds</word>
<word id="word_994">kredīts</word>
<word id="word_995">kā</word>
<word id="word_996">risinājums</word>
<word id="word_997">finansiālo</word>
<word id="word_998">problēmu</word>
<word id="word_999">brīdī</word>
<word id="word_1000">galvenokārt</word>
<word id="word_1001">pieejams</word>
<word id="word_1002">darbspējīga</word>
<word id="word_1003">vecuma</word>
<word id="word_1004">cilvēkiem</word>
<word id="word_1005">ar</word>
<word id="word_1006">samērā</word>
<word id="word_1007">lieliem</word>
<word id="word_1008">ienākumiem</word>
<word id="word_1009">.</word>
<word id="word_1010">*</word>
<word id="word_1011">*</word>
<word id="word_1012">*</word>
<word id="word_1013">&gt;</word>
<word id="word_1014">Iespējas</word>
<word id="word_1015">saņemt</word>
<word id="word_1016">patēriņa</word>
<word id="word_1017">kredītu</word>
<word id="word_1018">nosaka</word>
<word id="word_1019">vairāki</word>
<word id="word_1020">kritēriji</word>
<word id="word_1021">,</word>
<word id="word_1022">arī</word>
<word id="word_1023">vecums</word>
<word id="word_1024">1.</word>
<word id="word_1025">Strādājošs</word>
<word id="word_1026">students</word>
<word id="word_1027">,</word>
<word id="word_1028">kam</word>
<word id="word_1029">ir</word>
<word id="word_1030">konts</word>
<word id="word_1031">vienā</word>
<word id="word_1032">bankā</word>
<word id="word_1033">un</word>
<word id="word_1034">studiju</word>
<word id="word_1035">kredīts</word>
<word id="word_1036">.</word>
<word id="word_1037">Savā</word>
<word id="word_1038">kontā</word>
<word id="word_1039">katru</word>
<word id="word_1040">mēnesi</word>
<word id="word_1041">saņem</word>
<word id="word_1042">300</word>
<word id="word_1043">latu</word>
<word id="word_1044">lielu</word>
<word id="word_1045">algu</word>
<word id="word_1046">.</word>
<word id="word_1047">Strādājošā</word>
<word id="word_1048">studenta</word>
<word id="word_1049">iespējas</word>
<word id="word_1050">saņemt</word>
<word id="word_1051">īstermiņa</word>
<word id="word_1052">aizdevumu</word>
<word id="word_1053">nav</word>
<word id="word_1054">sliktas</word>
<word id="word_1055">,</word>
<word id="word_1056">jo</word>
<word id="word_1057">ir</word>
<word id="word_1058">regulāri</word>
<word id="word_1059">,</word>
<word id="word_1060">lai_arī</word>
<word id="word_1061">ne</word>
<word id="word_1062">pārāk</word>
<word id="word_1063">lieli</word>
<word id="word_1064">ienākumi</word>
<word id="word_1065">,</word>
<word id="word_1066">taču</word>
<word id="word_1067">ir</word>
<word id="word_1068">vecuma</word>
<word id="word_1069">ierobežojums</word>
<word id="word_1070">–</word>
<word id="word_1071">kredīta</word>
<word id="word_1072">prasītājam</word>
<word id="word_1073">jābūt</word>
<word id="word_1074">vismaz</word>
<word id="word_1075">18</word>
<word id="word_1076">,</word>
<word id="word_1077">21</word>
<word id="word_1078">vai</word>
<word id="word_1079">pat</word>
<word id="word_1080">23</word>
<word id="word_1081">gadus</word>
<word id="word_1082">vecam</word>
<word id="word_1083">–</word>
<word id="word_1084">banku</word>
<word id="word_1085">nosacījumi</word>
<word id="word_1086">atšķiras</word>
<word id="word_1087">.</word>
<word id="word_1088">Iespējas</word>
<word id="word_1089">saņemt</word>
<word id="word_1090">kredītu</word>
<word id="word_1091">ietekmē</word>
<word id="word_1092">arī</word>
<word id="word_1093">studiju</word>
<word id="word_1094">kredīts</word>
<word id="word_1095">–</word>
<word id="word_1096">jo</word>
<word id="word_1097">lielāks</word>
<word id="word_1098">ir</word>
<word id="word_1099">tā</word>
<word id="word_1100">kredītmaksājums</word>
<word id="word_1101">,</word>
<word id="word_1102">jo</word>
<word id="word_1103">mazāka</word>
<word id="word_1104">iespēja</word>
<word id="word_1105">esošajos</word>
<word id="word_1106">apstākļos</word>
<word id="word_1107">saņemt</word>
<word id="word_1108">patēriņa</word>
<word id="word_1109">kredītu</word>
<word id="word_1110">.</word>
<word id="word_1111">2.</word>
<word id="word_1112">Strādājošais</word>
<word id="word_1113">,</word>
<word id="word_1114">kam</word>
<word id="word_1115">ir</word>
<word id="word_1116">konti</word>
<word id="word_1117">divās</word>
<word id="word_1118">bankās</word>
<word id="word_1119">,</word>
<word id="word_1120">kontos</word>
<word id="word_1121">kopumā</word>
<word id="word_1122">ienāk</word>
<word id="word_1123">550</word>
<word id="word_1124">latu</word>
<word id="word_1125">mēnesī</word>
<word id="word_1126">,</word>
<word id="word_1127">ir</word>
<word id="word_1128">hipotekārais</word>
<word id="word_1129">kredīts</word>
<word id="word_1130">ar</word>
<word id="word_1131">mēneša</word>
<word id="word_1132">maksājumu</word>
<word id="word_1133">115</word>
<word id="word_1134">latu</word>
<word id="word_1135">.</word>
<word id="word_1136">Strādājošajam</word>
<word id="word_1137">ar</word>
<word id="word_1138">hipotekāro</word>
<word id="word_1139">kredītu</word>
<word id="word_1140">iespējas</word>
<word id="word_1141">saņemt</word>
<word id="word_1142">aizdevumu</word>
<word id="word_1143">ir</word>
<word id="word_1144">labas</word>
<word id="word_1145">,</word>
<word id="word_1146">bet</word>
<word id="word_1147">tiek</word>
<word id="word_1148">ņemta</word>
<word id="word_1149">vērā</word>
<word id="word_1150">apgādājamo</word>
<word id="word_1151">personu</word>
<word id="word_1152">esamība</word>
<word id="word_1153">.</word>
<word id="word_1154">Tā_kā</word>
<word id="word_1155">uz</word>
<word id="word_1156">viņu</word>
<word id="word_1157">neattiecas</word>
<word id="word_1158">vecuma</word>
<word id="word_1159">ierobežojumi</word>
<word id="word_1160">,</word>
<word id="word_1161">galvenie</word>
<word id="word_1162">šķēršļi</word>
<word id="word_1163">patēriņa</word>
<word id="word_1164">kredīta</word>
<word id="word_1165">saņemšanai</word>
<word id="word_1166">var</word>
<word id="word_1167">būt</word>
<word id="word_1168">saistīti</word>
<word id="word_1169">ar</word>
<word id="word_1170">ne</word>
<word id="word_1171">pārāk</word>
<word id="word_1172">augsto</word>
<word id="word_1173">ienākumu</word>
<word id="word_1174">līmeni</word>
<word id="word_1175">un</word>
<word id="word_1176">jau</word>
<word id="word_1177">paņemto</word>
<word id="word_1178">hipotekāro</word>
<word id="word_1179">kredītu</word>
<word id="word_1180">.</word>
<word id="word_1181">Labākas</word>
<word id="word_1182">procentu</word>
<word id="word_1183">likmes</word>
<word id="word_1184">iespējams</word>
<word id="word_1185">iegūt</word>
<word id="word_1186">,</word>
<word id="word_1187">ja</word>
<word id="word_1188">kredīts</word>
<word id="word_1189">tiek</word>
<word id="word_1190">prasīts</word>
<word id="word_1191">bankā</word>
<word id="word_1192">,</word>
<word id="word_1193">kurā</word>
<word id="word_1194">ir</word>
<word id="word_1195">konts</word>
<word id="word_1196">.</word>
<word id="word_1197">3.</word>
<word id="word_1198">Uzņēmējs</word>
<word id="word_1199">,</word>
<word id="word_1200">SIA</word>
<word id="word_1201">īpašnieks</word>
<word id="word_1202">,</word>
<word id="word_1203">ir</word>
<word id="word_1204">konts</word>
<word id="word_1205">bankā</word>
<word id="word_1206">,</word>
<word id="word_1207">regulārie</word>
<word id="word_1208">ienākumi</word>
<word id="word_1209">,</word>
<word id="word_1210">kas</word>
<word id="word_1211">tiek</word>
<word id="word_1212">ieskaitīti</word>
<word id="word_1213">šajā</word>
<word id="word_1214">kontā</word>
<word id="word_1215">,</word>
<word id="word_1216">ir</word>
<word id="word_1217">vidēji</word>
<word id="word_1218">no</word>
<word id="word_1219">500</word>
<word id="word_1220">līdz</word>
<word id="word_1221">1500</word>
<word id="word_1222">latiem</word>
<word id="word_1223">mēnesī</word>
<word id="word_1224">.</word>
<word id="word_1225">Uzņēmēja</word>
<word id="word_1226">iespējas</word>
<word id="word_1227">saņemt</word>
<word id="word_1228">patēriņa</word>
<word id="word_1229">kredītu</word>
<word id="word_1230">ir</word>
<word id="word_1231">vislabākās</word>
<word id="word_1232">.</word>
<word id="word_1233">Tas</word>
<word id="word_1234">iespējams</word>
<word id="word_1235">,</word>
<word id="word_1236">pateicoties</word>
<word id="word_1237">viņa</word>
<word id="word_1238">samērā</word>
<word id="word_1239">augstajiem</word>
<word id="word_1240">ienākumiem</word>
<word id="word_1241">un</word>
<word id="word_1242">citu</word>
<word id="word_1243">kredītu</word>
<word id="word_1244">neesamībai</word>
<word id="word_1245">.</word>
<word id="word_1246">Bankas</word>
<word id="word_1247">tomēr</word>
<word id="word_1248">vēlēsies</word>
<word id="word_1249">precīzāk</word>
<word id="word_1250">analizēt</word>
<word id="word_1251">viņa</word>
<word id="word_1252">ienākumus</word>
<word id="word_1253">un</word>
<word id="word_1254">vienoties</word>
<word id="word_1255">par</word>
<word id="word_1256">piešķiramā</word>
<word id="word_1257">kredīta</word>
<word id="word_1258">summu</word>
<word id="word_1259">.</word>
<word id="word_1260">Iespējas</word>
<word id="word_1261">saņemt</word>
<word id="word_1262">patēriņa</word>
<word id="word_1263">kredītu</word>
<word id="word_1264">vēlamajā</word>
<word id="word_1265">apjomā</word>
<word id="word_1266">varētu</word>
<word id="word_1267">samazināt</word>
<word id="word_1268">arī</word>
<word id="word_1269">kredīta</word>
<word id="word_1270">prasītāja</word>
<word id="word_1271">apgādībā</word>
<word id="word_1272">esošo</word>
<word id="word_1273">personu</word>
<word id="word_1274">skaits</word>
<word id="word_1275">.</word>
<word id="word_1276">4.</word>
<word id="word_1277">Pensionārs</word>
<word id="word_1278">,</word>
<word id="word_1279">kam</word>
<word id="word_1280">ir</word>
<word id="word_1281">konts</word>
<word id="word_1282">vienā</word>
<word id="word_1283">bankā</word>
<word id="word_1284">un</word>
<word id="word_1285">pensija</word>
<word id="word_1286">200</word>
<word id="word_1287">latu</word>
<word id="word_1288">.</word>
<word id="word_1289">Pensionāra</word>
<word id="word_1290">iespējas</word>
<word id="word_1291">saņemt</word>
<word id="word_1292">patēriņa</word>
<word id="word_1293">kredītu</word>
<word id="word_1294">ir</word>
<word id="word_1295">nedaudz</word>
<word id="word_1296">sliktākas</word>
<word id="word_1297">nekā</word>
<word id="word_1298">strādājošam</word>
<word id="word_1299">studentam</word>
<word id="word_1300">.</word>
<word id="word_1301">Galvenie</word>
<word id="word_1302">riski</word>
<word id="word_1303">ir</word>
<word id="word_1304">saistīti</word>
<word id="word_1305">ar</word>
<word id="word_1306">nelielajiem</word>
<word id="word_1307">ienākumiem</word>
<word id="word_1308">,</word>
<word id="word_1309">kas</word>
<word id="word_1310">ļauj</word>
<word id="word_1311">pretendēt</word>
<word id="word_1312">tikai</word>
<word id="word_1313">uz</word>
<word id="word_1314">nelielu</word>
<word id="word_1315">kredīta</word>
<word id="word_1316">summu</word>
<word id="word_1317">ar</word>
<word id="word_1318">samērā</word>
<word id="word_1319">īsu</word>
<word id="word_1320">atmaksas</word>
<word id="word_1321">laiku</word>
<word id="word_1322">,</word>
<word id="word_1323">kā_arī</word>
<word id="word_1324">banku</word>
<word id="word_1325">ievērotajiem</word>
<word id="word_1326">vecuma</word>
<word id="word_1327">ierobežojumiem</word>
<word id="word_1328">kredītņēmējiem</word>
<word id="word_1329">.</word>
<word id="word_1330">Aptaujāto</word>
<word id="word_1331">banku</word>
<word id="word_1332">gadījumā</word>
<word id="word_1333">pensionārs</word>
<word id="word_1334">nedrīkst</word>
<word id="word_1335">būt</word>
<word id="word_1336">vecāks</word>
<word id="word_1337">par</word>
<word id="word_1338">67</word>
<word id="word_1339">vai</word>
<word id="word_1340">70</word>
<word id="word_1341">gadiem</word>
<word id="word_1342">.</word>
<word id="word_1343">*</word>
<word id="word_1344">*</word>
<word id="word_1345">*</word>
<word id="word_1346">Bankām</word>
<word id="word_1347">vieglāk</word>
<word id="word_1348">pārbaudīt</word>
<word id="word_1349">klienta</word>
<word id="word_1350">spēju</word>
<word id="word_1351">aizņēmumu</word>
<word id="word_1352">atdot</word>
<word id="word_1353">Edgars</word>
<word id="word_1354">Lodziņš</word>
<word id="word_1355">,</word>
<word id="word_1356">zvērināts</word>
<word id="word_1357">advokāts</word>
<word id="word_1358">Izvēlēties</word>
<word id="word_1359">bankas</word>
<word id="word_1360">piedāvāto</word>
<word id="word_1361">patēriņa</word>
<word id="word_1362">kredītu</word>
<word id="word_1363">vai</word>
<word id="word_1364">tā</word>
<word id="word_1365">saukto</word>
<word id="word_1366">ātro</word>
<word id="word_1367">kredītu</word>
<word id="word_1368">ir</word>
<word id="word_1369">patērētāja</word>
<word id="word_1370">paša</word>
<word id="word_1371">ziņā</word>
<word id="word_1372">.</word>
<word id="word_1373">Normatīvais</word>
<word id="word_1374">regulējums</word>
<word id="word_1375">gan</word>
<word id="word_1376">banku</word>
<word id="word_1377">patēriņa</word>
<word id="word_1378">kredītu</word>
<word id="word_1379">līgumiem</word>
<word id="word_1380">,</word>
<word id="word_1381">gan</word>
<word id="word_1382">ātro</word>
<word id="word_1383">kredītu</word>
<word id="word_1384">līgumiem</word>
<word id="word_1385">ir</word>
<word id="word_1386">faktiski</word>
<word id="word_1387">vienāds</word>
<word id="word_1388">,</word>
<word id="word_1389">taču</word>
<word id="word_1390">jebkurā</word>
<word id="word_1391">gadījumā</word>
<word id="word_1392">patērētājam</word>
<word id="word_1393">pirms</word>
<word id="word_1394">kredīta</word>
<word id="word_1395">saņemšanas</word>
<word id="word_1396">nepieciešams</word>
<word id="word_1397">rūpīgi</word>
<word id="word_1398">iepazīties</word>
<word id="word_1399">ar</word>
<word id="word_1400">piedāvātā</word>
<word id="word_1401">līguma</word>
<word id="word_1402">nosacījumiem</word>
<word id="word_1403">un</word>
<word id="word_1404">visām</word>
<word id="word_1405">ar</word>
<word id="word_1406">to</word>
<word id="word_1407">saistītajām</word>
<word id="word_1408">izmaksām</word>
<word id="word_1409">.</word>
<word id="word_1410">Aktuāls</word>
<word id="word_1411">ir</word>
<word id="word_1412">jautājums</word>
<word id="word_1413">par</word>
<word id="word_1414">kredītdevēju</word>
<word id="word_1415">iespējām</word>
<word id="word_1416">izvērtēt</word>
<word id="word_1417">patērētāja</word>
<word id="word_1418">maksātspēju</word>
<word id="word_1419">.</word>
<word id="word_1420">Bankām</word>
<word id="word_1421">šajā</word>
<word id="word_1422">ziņā</word>
<word id="word_1423">ir</word>
<word id="word_1424">lielākas</word>
<word id="word_1425">iespējas</word>
<word id="word_1426">,</word>
<word id="word_1427">jo</word>
<word id="word_1428">tām</word>
<word id="word_1429">ir</word>
<word id="word_1430">nodrošināta</word>
<word id="word_1431">piekļuve</word>
<word id="word_1432">parādnieku</word>
<word id="word_1433">reģistram</word>
<word id="word_1434">,</word>
<word id="word_1435">kuru</word>
<word id="word_1436">uztur</word>
<word id="word_1437">Latvijas</word>
<word id="word_1438">Banka</word>
<word id="word_1439">.</word>
<word id="word_1440">Līdz</word>
<word id="word_1441">ar</word>
<word id="word_1442">to</word>
<word id="word_1443">bankām</word>
<word id="word_1444">ir</word>
<word id="word_1445">pieejama</word>
<word id="word_1446">informācija</word>
<word id="word_1447">par</word>
<word id="word_1448">patērētāja</word>
<word id="word_1449">jau</word>
<word id="word_1450">saņemtajiem</word>
<word id="word_1451">aizdevumiem</word>
<word id="word_1452">citās</word>
<word id="word_1453">bankās</word>
<word id="word_1454">.</word>
<word id="word_1455">Pēteris</word>
<word id="word_1456">Strautiņš</word>
<word id="word_1457">,</word>
<word id="word_1458">DNB</word>
<word id="word_1459">ekonomikas</word>
<word id="word_1460">eksperts</word>
<word id="word_1461">Kreditēšanas</word>
<word id="word_1462">piedāvājumi</word>
<word id="word_1463">tirgū</word>
<word id="word_1464">ir</word>
<word id="word_1465">visdažādākie</word>
<word id="word_1466">–</word>
<word id="word_1467">hipotekārie</word>
<word id="word_1468">kredīti</word>
<word id="word_1469">ar</word>
<word id="word_1470">zemām</word>
<word id="word_1471">procentu</word>
<word id="word_1472">likmēm</word>
<word id="word_1473">un</word>
<word id="word_1474">garu</word>
<word id="word_1475">,</word>
<word id="word_1476">sarežģītu</word>
<word id="word_1477">procedūru</word>
<word id="word_1478">,</word>
<word id="word_1479">patēriņa</word>
<word id="word_1480">kredīti</word>
<word id="word_1481">,</word>
<word id="word_1482">kam</word>
<word id="word_1483">procedūra</word>
<word id="word_1484">ir</word>
<word id="word_1485">vienkāršāka</word>
<word id="word_1486">un</word>
<word id="word_1487">procentu</word>
<word id="word_1488">likmes</word>
<word id="word_1489">–</word>
<word id="word_1490">lai_arī</word>
<word id="word_1491">augstas</word>
<word id="word_1492">,</word>
<word id="word_1493">tomēr</word>
<word id="word_1494">zemākas</word>
<word id="word_1495">nekā</word>
<word id="word_1496">ātrajiem</word>
<word id="word_1497">kredītiem</word>
<word id="word_1498">.</word>
<word id="word_1499">Tādas</word>
<word id="word_1500">aizdevumu</word>
<word id="word_1501">likmes</word>
<word id="word_1502">,</word>
<word id="word_1503">kādas</word>
<word id="word_1504">raksturīgas</word>
<word id="word_1505">ātrajiem</word>
<word id="word_1506">kredītiem</word>
<word id="word_1507">,</word>
<word id="word_1508">būtībā</word>
<word id="word_1509">ir</word>
<word id="word_1510">kā</word>
<word id="word_1511">loterija</word>
<word id="word_1512">.</word>
<word id="word_1513">Tādējādi</word>
<word id="word_1514">daļā</word>
<word id="word_1515">gadījumu</word>
<word id="word_1516">cilvēks</word>
<word id="word_1517">samaksā</word>
<word id="word_1518">daudz</word>
<word id="word_1519">vairāk</word>
<word id="word_1520">,</word>
<word id="word_1521">nekā</word>
<word id="word_1522">aizņēmies</word>
<word id="word_1523">.</word>
<word id="word_1524">Atšķirībā</word>
<word id="word_1525">no</word>
<word id="word_1526">banku</word>
<word id="word_1527">patēriņa</word>
<word id="word_1528">aizņēmumiem</word>
<word id="word_1529">ātrie</word>
<word id="word_1530">kredīti</word>
<word id="word_1531">ir</word>
<word id="word_1532">ne</word>
<word id="word_1533">pārāk</word>
<word id="word_1534">skrupulozi</word>
<word id="word_1535">uzraudzīts</word>
<word id="word_1536">bizness</word>
<word id="word_1537">.</word>
<word id="word_1538">Tā</word>
<word id="word_1539">ir</word>
<word id="word_1540">joma</word>
<word id="word_1541">,</word>
<word id="word_1542">ko</word>
<word id="word_1543">varētu</word>
<word id="word_1544">regulēt</word>
<word id="word_1545">stingrāk</word>
<word id="word_1546">.</word>
<word id="word_1547">Šādas</word>
<word id="word_1548">problēmas</word>
<word id="word_1549">patlaban</word>
<word id="word_1550">ir</word>
<word id="word_1551">ne_tikai</word>
<word id="word_1552">Latvijā</word>
<word id="word_1553">,</word>
<word id="word_1554">bet_arī</word>
<word id="word_1555">citās</word>
<word id="word_1556">valstīs</word>
<word id="word_1557">.</word>
<word id="word_1558">Regulējums</word>
<word id="word_1559">kredītu</word>
<word id="word_1560">biznesu</word>
<word id="word_1561">nesagraus</word>
<word id="word_1562">.</word>
</words>