<?xml version="1.0" encoding="UTF-8"?>
<!DOCTYPE words SYSTEM "words.dtd">
<words><word id="word_1">Diena</word>
<word id="word_2">:</word>
<word id="word_3">Kārlis</word>
<word id="word_4">Ulmanis</word>
<word id="word_5">atpakaļ</word>
<word id="word_6">vairs</word>
<word id="word_7">neatnāks</word>
<word id="word_8">11</word>
<word id="word_9">Feb</word>
<word id="word_10">2013</word>
<word id="word_11">Laikā</word>
<word id="word_12">,</word>
<word id="word_13">kad</word>
<word id="word_14">valstu</word>
<word id="word_15">vadītāji</word>
<word id="word_16">Briselē</word>
<word id="word_17">kaulējas</word>
<word id="word_18">un</word>
<word id="word_19">stīvējas</word>
<word id="word_20">par</word>
<word id="word_21">jauno</word>
<word id="word_22">Eiropas</word>
<word id="word_23">Savienības</word>
<word id="word_24">septiņu</word>
<word id="word_25">gadu</word>
<word id="word_26">budžetu</word>
<word id="word_27">un</word>
<word id="word_28">Latvijā</word>
<word id="word_29">tiek</word>
<word id="word_30">krustoti</word>
<word id="word_31">zobeni</word>
<word id="word_32">par</word>
<word id="word_33">dalību</word>
<word id="word_34">eirozonā</word>
<word id="word_35">,</word>
<word id="word_36">neviļus</word>
<word id="word_37">prātā</word>
<word id="word_38">nāk</word>
<word id="word_39">Padomju</word>
<word id="word_40">Savienībā</word>
<word id="word_41">populārā</word>
<word id="word_42">dāņu</word>
<word id="word_43">karikatūrista</word>
<word id="word_44">Herlufa</word>
<word id="word_45">Bidstrupa</word>
<word id="word_46">bilžu</word>
<word id="word_47">stāsts</word>
<word id="word_48">par</word>
<word id="word_49">paaudžu</word>
<word id="word_50">konfliktu</word>
<word id="word_51">.</word>
<word id="word_52">Tajā</word>
<word id="word_53">kāds</word>
<word id="word_54">vecāks</word>
<word id="word_55">pāris</word>
<word id="word_56">ir</word>
<word id="word_57">sašutis</word>
<word id="word_58">par</word>
<word id="word_59">jauna</word>
<word id="word_60">mīlnieku</word>
<word id="word_61">pārīša</word>
<word id="word_62">moderno</word>
<word id="word_63">apģērbu</word>
<word id="word_64">un</word>
<word id="word_65">citādo</word>
<word id="word_66">tuvības</word>
<word id="word_67">izpratni</word>
<word id="word_68">.</word>
<word id="word_69">Kad</word>
<word id="word_70">modernais</word>
<word id="word_71">pāris</word>
<word id="word_72">pats</word>
<word id="word_73">kļūst</word>
<word id="word_74">vecāks</word>
<word id="word_75">,</word>
<word id="word_76">tas</word>
<word id="word_77">tikpat</word>
<word id="word_78">nosodoši</word>
<word id="word_79">noraugās</word>
<word id="word_80">nākamās</word>
<word id="word_81">jaunās</word>
<word id="word_82">paaudzes</word>
<word id="word_83">«</word>
<word id="word_84">izdarībās</word>
<word id="word_85">»</word>
<word id="word_86">.</word>
<word id="word_87">Lai_arī</word>
<word id="word_88">atšķirīgie</word>
<word id="word_89">viedokļi</word>
<word id="word_90">par</word>
<word id="word_91">Latvijas</word>
<word id="word_92">nākotni</word>
<word id="word_93">ES</word>
<word id="word_94">mūsu</word>
<word id="word_95">valstī</word>
<word id="word_96">gluži</word>
<word id="word_97">neizpaužas</word>
<word id="word_98">paaudžu</word>
<word id="word_99">konflikta</word>
<word id="word_100">veidā</word>
<word id="word_101">,</word>
<word id="word_102">tomēr</word>
<word id="word_103">to</word>
<word id="word_104">noteikti</word>
<word id="word_105">varētu</word>
<word id="word_106">definēt</word>
<word id="word_107">kā</word>
<word id="word_108">sadursmi</word>
<word id="word_109">starp</word>
<word id="word_110">moderno</word>
<word id="word_111">un</word>
<word id="word_112">tradicionālo</word>
<word id="word_113">.</word>
<word id="word_114">Vienkāršojot</word>
<word id="word_115">pretpolus</word>
<word id="word_116">,</word>
<word id="word_117">varētu</word>
<word id="word_118">teikt</word>
<word id="word_119">,</word>
<word id="word_120">ka</word>
<word id="word_121">modernisti</word>
<word id="word_122">progresa</word>
<word id="word_123">vārdā</word>
<word id="word_124">ir</word>
<word id="word_125">ar</word>
<word id="word_126">mieru</word>
<word id="word_127">upurēt</word>
<word id="word_128">zināmu</word>
<word id="word_129">daļu</word>
<word id="word_130">ierastās</word>
<word id="word_131">pasaules</word>
<word id="word_132">,</word>
<word id="word_133">savukārt</word>
<word id="word_134">tradicionālisti</word>
<word id="word_135">priekšplānā</word>
<word id="word_136">izvirza</word>
<word id="word_137">ierasto</word>
<word id="word_138">struktūru</word>
<word id="word_139">saglabāšanu</word>
<word id="word_140">,</word>
<word id="word_141">tādējādi</word>
<word id="word_142">it_kā</word>
<word id="word_143">upurējot</word>
<word id="word_144">zināmu</word>
<word id="word_145">daļu</word>
<word id="word_146">progresa</word>
<word id="word_147">.</word>
<word id="word_148">Eiropas</word>
<word id="word_149">Savienības</word>
<word id="word_150">projekts</word>
<word id="word_151">nešaubīgi</word>
<word id="word_152">ir</word>
<word id="word_153">modernistu</word>
<word id="word_154">projekts</word>
<word id="word_155">,</word>
<word id="word_156">tāpēc</word>
<word id="word_157">eirokritiķi</word>
<word id="word_158">savā</word>
<word id="word_159">leksikā</word>
<word id="word_160">bieži</word>
<word id="word_161">izmanto</word>
<word id="word_162">tradicionālās</word>
<word id="word_163">vērtības</word>
<word id="word_164">un</word>
<word id="word_165">simbolus</word>
<word id="word_166">,</word>
<word id="word_167">taču</word>
<word id="word_168">interesanti</word>
<word id="word_169">,</word>
<word id="word_170">ka</word>
<word id="word_171">nereti</word>
<word id="word_172">kā</word>
<word id="word_173">svarīgs</word>
<word id="word_174">punkts</word>
<word id="word_175">tiek</word>
<word id="word_176">piesaukts</word>
<word id="word_177">arī</word>
<word id="word_178">lēnais</word>
<word id="word_179">progress</word>
<word id="word_180">,</word>
<word id="word_181">un</word>
<word id="word_182">te</word>
<word id="word_183">kritika</word>
<word id="word_184">jau</word>
<word id="word_185">sāk</word>
<word id="word_186">kļūt</word>
<word id="word_187">pretrunīga</word>
<word id="word_188">,</word>
<word id="word_189">jo</word>
<word id="word_190">tieši</word>
<word id="word_191">progress</word>
<word id="word_192">un</word>
<word id="word_193">attīstība</word>
<word id="word_194">ir</word>
<word id="word_195">tie</word>
<word id="word_196">,</word>
<word id="word_197">kas</word>
<word id="word_198">nojauc</word>
<word id="word_199">vecās</word>
<word id="word_200">pasaules</word>
<word id="word_201">robežas</word>
<word id="word_202">.</word>
<word id="word_203">Eiroskeptiķu</word>
<word id="word_204">kritika</word>
<word id="word_205">ir</word>
<word id="word_206">kā</word>
<word id="word_207">«</word>
<word id="word_208">vecā</word>
<word id="word_209">pāra</word>
<word id="word_210">»</word>
<word id="word_211">sašutums</word>
<word id="word_212">par</word>
<word id="word_213">jaunajām</word>
<word id="word_214">tendencēm</word>
<word id="word_215">,</word>
<word id="word_216">tās</word>
<word id="word_217">vairs</word>
<word id="word_218">īsti</word>
<word id="word_219">neizprotot</word>
<word id="word_220">.</word>
<word id="word_221">Pasaule</word>
<word id="word_222">kopš</word>
<word id="word_223">Latvijas</word>
<word id="word_224">pirmās</word>
<word id="word_225">brīvvalsts</word>
<word id="word_226">laikiem</word>
<word id="word_227">ir</word>
<word id="word_228">stipri</word>
<word id="word_229">mainījusies</word>
<word id="word_230">,</word>
<word id="word_231">un</word>
<word id="word_232">labi</word>
<word id="word_233">,</word>
<word id="word_234">ka</word>
<word id="word_235">tā</word>
<word id="word_236">.</word>
<word id="word_237">Toreizējās</word>
<word id="word_238">kārtības</word>
<word id="word_239">rezultāts</word>
<word id="word_240">bija</word>
<word id="word_241">iznīcinošs</word>
<word id="word_242">karš</word>
<word id="word_243">–</word>
<word id="word_244">jau</word>
<word id="word_245">otrais</word>
<word id="word_246">visai</word>
<word id="word_247">īsā</word>
<word id="word_248">laikā</word>
<word id="word_249">.</word>
<word id="word_250">Eiropas</word>
<word id="word_251">Savienība</word>
<word id="word_252">ir</word>
<word id="word_253">mēģinājums</word>
<word id="word_254">novērst</word>
<word id="word_255">vēstures</word>
<word id="word_256">atkārtošanos</word>
<word id="word_257">.</word>
<word id="word_258">XXI</word>
<word id="word_259">gadsimts</word>
<word id="word_260">vairs</word>
<word id="word_261">nav</word>
<word id="word_262">nacionālo</word>
<word id="word_263">valstu</word>
<word id="word_264">laiks</word>
<word id="word_265">,</word>
<word id="word_266">tas</word>
<word id="word_267">ir</word>
<word id="word_268">valstu</word>
<word id="word_269">savienību</word>
<word id="word_270">laikmets</word>
<word id="word_271">.</word>
<word id="word_272">Āfrikas</word>
<word id="word_273">savienība</word>
<word id="word_274">,</word>
<word id="word_275">Arābu</word>
<word id="word_276">līga</word>
<word id="word_277">,</word>
<word id="word_278">Eirāzijas</word>
<word id="word_279">savienība</word>
<word id="word_280">,</word>
<word id="word_281">Ziemeļamerikas</word>
<word id="word_282">savienība</word>
<word id="word_283">,</word>
<word id="word_284">Klusā</word>
<word id="word_285">okeāna</word>
<word id="word_286">savienība</word>
<word id="word_287">,</word>
<word id="word_288">Bolivara</word>
<word id="word_289">Dienvidamerikas</word>
<word id="word_290">savienība</word>
<word id="word_291">u</word>
<word id="word_292">.</word>
<word id="word_293">c</word>
<word id="word_294">.</word>
<word id="word_295">nav</word>
<word id="word_296">radušās</word>
<word id="word_297">,</word>
<word id="word_298">lai</word>
<word id="word_299">iznīcinātu</word>
<word id="word_300">veco</word>
<word id="word_301">pasauli</word>
<word id="word_302">,</word>
<word id="word_303">tās</word>
<word id="word_304">ir</word>
<word id="word_305">radušās</word>
<word id="word_306">jauno</word>
<word id="word_307">apstākļu</word>
<word id="word_308">dēļ</word>
<word id="word_309">.</word>
<word id="word_310">Neliela</word>
<word id="word_311">nacionāla</word>
<word id="word_312">valsts</word>
<word id="word_313">,</word>
<word id="word_314">kāda</word>
<word id="word_315">tā</word>
<word id="word_316">ir</word>
<word id="word_317">palikusi</word>
<word id="word_318">tradicionālistu</word>
<word id="word_319">atmiņā</word>
<word id="word_320">,</word>
<word id="word_321">izolēti</word>
<word id="word_322">var</word>
<word id="word_323">veiksmīgi</word>
<word id="word_324">darboties</word>
<word id="word_325">tikai</word>
<word id="word_326">absolūta</word>
<word id="word_327">izņēmuma</word>
<word id="word_328">gadījumā</word>
<word id="word_329">.</word>
<word id="word_330">Dažādas</word>
<word id="word_331">valstu</word>
<word id="word_332">alianses</word>
<word id="word_333">ir</word>
<word id="word_334">pastāvējušas</word>
<word id="word_335">jau</word>
<word id="word_336">agrāk</word>
<word id="word_337">,</word>
<word id="word_338">taču</word>
<word id="word_339">mūsdienās</word>
<word id="word_340">pirmo</word>
<word id="word_341">reizi</word>
<word id="word_342">tās</word>
<word id="word_343">ir</word>
<word id="word_344">balstītas</word>
<word id="word_345">tieši</word>
<word id="word_346">uz</word>
<word id="word_347">ekonomiskajām</word>
<word id="word_348">interesēm</word>
<word id="word_349">un</word>
<word id="word_350">galvenokārt</word>
<word id="word_351">kalpo</word>
<word id="word_352">kopējai</word>
<word id="word_353">partneru</word>
<word id="word_354">labklājības</word>
<word id="word_355">celšanai</word>
<word id="word_356">.</word>
<word id="word_357">Bailes</word>
<word id="word_358">no</word>
<word id="word_359">dziļākas</word>
<word id="word_360">Latvijas</word>
<word id="word_361">integrācijas</word>
<word id="word_362">ES</word>
<word id="word_363">atgādina</word>
<word id="word_364">raizes</word>
<word id="word_365">par</word>
<word id="word_366">to</word>
<word id="word_367">,</word>
<word id="word_368">ka</word>
<word id="word_369">jaunā</word>
<word id="word_370">paaudze</word>
<word id="word_371">atradināsies</word>
<word id="word_372">rakstīt</word>
<word id="word_373">ar</word>
<word id="word_374">pildspalvu</word>
<word id="word_375">,</word>
<word id="word_376">tā</word>
<word id="word_377">vietā</word>
<word id="word_378">izmantojot</word>
<word id="word_379">taustiņus</word>
<word id="word_380">.</word>
<word id="word_381">Bet</word>
<word id="word_382">vai</word>
<word id="word_383">kāds</word>
<word id="word_384">vēl</word>
<word id="word_385">raizējas</word>
<word id="word_386">par</word>
<word id="word_387">to</word>
<word id="word_388">,</word>
<word id="word_389">ka</word>
<word id="word_390">tikai</word>
<word id="word_391">retais</word>
<word id="word_392">vēl</word>
<word id="word_393">prot</word>
<word id="word_394">rakstīt</word>
<word id="word_395">ar</word>
<word id="word_396">zoss</word>
<word id="word_397">spalvu</word>
<word id="word_398">?</word>
<word id="word_399">Vairs</word>
<word id="word_400">ne</word>
<word id="word_401">,</word>
<word id="word_402">jo</word>
<word id="word_403">lielos</word>
<word id="word_404">vilcienos</word>
<word id="word_405">ir</word>
<word id="word_406">skaidrs</word>
<word id="word_407">,</word>
<word id="word_408">ka</word>
<word id="word_409">tā</word>
<word id="word_410">bija</word>
<word id="word_411">saprātīga</word>
<word id="word_412">ierastā</word>
<word id="word_413">rakstāmrīka</word>
<word id="word_414">upurēšana</word>
<word id="word_415">ērtības</word>
<word id="word_416">un</word>
<word id="word_417">progresa</word>
<word id="word_418">vārdā</word>
<word id="word_419">.</word>
<word id="word_420">Stāvot</word>
<word id="word_421">aci</word>
<word id="word_422">pret</word>
<word id="word_423">aci</word>
<word id="word_424">ar</word>
<word id="word_425">realitāti</word>
<word id="word_426">,</word>
<word id="word_427">šķiet</word>
<word id="word_428">,</word>
<word id="word_429">ka</word>
<word id="word_430">Grigules</word>
<word id="word_431">,</word>
<word id="word_432">Kalniņa</word>
<word id="word_433">un</word>
<word id="word_434">Dimitera</word>
<word id="word_435">Latvija</word>
<word id="word_436">ir</word>
<word id="word_437">tikai</word>
<word id="word_438">mākslīgi</word>
<word id="word_439">radīta</word>
<word id="word_440">utopija</word>
<word id="word_441">uzmanības</word>
<word id="word_442">pievēršanai</word>
<word id="word_443">.</word>
<word id="word_444">Kārlis</word>
<word id="word_445">Ulmanis</word>
<word id="word_446">atpakaļ</word>
<word id="word_447">vairs</word>
<word id="word_448">neatnāks</word>
<word id="word_449">.</word>
<word id="word_450">Un</word>
<word id="word_451">galu</word>
<word id="word_452">galā</word>
<word id="word_453">nav</word>
<word id="word_454">jau</word>
<word id="word_455">tā</word>
<word id="word_456">sliktākā</word>
<word id="word_457">savienība</word>
<word id="word_458">,</word>
<word id="word_459">tie</word>
<word id="word_460">,</word>
<word id="word_461">kas</word>
<word id="word_462">zina</word>
<word id="word_463">Bidstrupu</word>
<word id="word_464">,</word>
<word id="word_465">sapratīs</word>
<word id="word_466">,</word>
<word id="word_467">ko</word>
<word id="word_468">es</word>
<word id="word_469">ar</word>
<word id="word_470">to</word>
<word id="word_471">domāju</word>
<word id="word_472">.</word>
<word id="word_473">Dažkārt</word>
<word id="word_474">attīstības</word>
<word id="word_475">vārdā</word>
<word id="word_476">ir</word>
<word id="word_477">jāsamierinās</word>
<word id="word_478">ar</word>
<word id="word_479">zināmām</word>
<word id="word_480">pārmaiņām</word>
<word id="word_481">.</word>
<word id="word_482">Tradicionālistiem</word>
<word id="word_483">varētu</word>
<word id="word_484">piekrist</word>
<word id="word_485">vienīgi</word>
<word id="word_486">tad</word>
<word id="word_487">,</word>
<word id="word_488">ja</word>
<word id="word_489">pasaule</word>
<word id="word_490">stāvētu</word>
<word id="word_491">mierā</word>
<word id="word_492">.</word>
</words>