<?xml version="1.0" encoding="UTF-8"?>
<!DOCTYPE markables SYSTEM "markables.dtd">
<markables xmlns="www.eml.org/NameSpaces/coref">
<markable id="markable_1" span="word_14" coref_class="empty" category="organization" mmax_level="coref"  rule="none"  type="none"/>
<markable id="markable_2" span="word_15" coref_class="empty" category="profession" mmax_level="coref"  rule="none"  type="none"/>
<markable id="markable_3" span="word_16..word_17" coref_class="empty" category="person" mmax_level="coref"  rule="none"  type="none"/>
<markable id="markable_4" span="word_23" coref_class="empty" category="organization" mmax_level="coref"  rule="none"  type="none"/>
<markable id="markable_5" span="word_77" coref_class="empty" category="location" mmax_level="coref"  rule="none"  type="none"/>
<markable id="markable_6" span="word_82" coref_class="empty" category="location" mmax_level="coref"  rule="none"  type="none"/>
<markable id="markable_7" span="word_102" coref_class="empty" category="profession" mmax_level="coref"  rule="none"  type="none"/>
<markable id="markable_8" span="word_126" coref_class="empty" category="profession" mmax_level="coref"  rule="none"  type="none"/>
<markable id="markable_9" span="word_141" coref_class="empty" category="profession" mmax_level="coref"  rule="none"  type="none"/>
<markable id="markable_10" span="word_160" coref_class="empty" category="location" mmax_level="coref"  rule="none"  type="none"/>
<markable id="markable_11" span="word_190" coref_class="empty" category="location" mmax_level="coref"  rule="none"  type="none"/>
<markable id="markable_12" span="word_214" coref_class="empty" category="location" mmax_level="coref"  rule="none"  type="none"/>
<markable id="markable_13" span="word_236" coref_class="empty" category="location" mmax_level="coref"  rule="none"  type="none"/>
<markable id="markable_14" span="word_267" coref_class="empty" category="profession" mmax_level="coref"  rule="none"  type="none"/>
<markable id="markable_15" span="word_269" coref_class="empty" category="location" mmax_level="coref"  rule="none"  type="none"/>
<markable id="markable_16" span="word_291" coref_class="empty" category="profession" mmax_level="coref"  rule="none"  type="none"/>
<markable id="markable_17" span="word_378" coref_class="empty" category="person" mmax_level="coref"  rule="none"  type="none"/>
<markable id="markable_18" span="word_399" coref_class="empty" category="profession" mmax_level="coref"  rule="none"  type="none"/>
<markable id="markable_19" span="word_401" coref_class="empty" category="profession" mmax_level="coref"  rule="none"  type="none"/>
<markable id="markable_20" span="word_408" coref_class="empty" category="time" mmax_level="coref"  rule="none"  type="none"/>
<markable id="markable_21" span="word_410" coref_class="empty" category="time" mmax_level="coref"  rule="none"  type="none"/>
<markable id="markable_22" span="word_412..word_413" coref_class="empty" category="time" mmax_level="coref"  rule="none"  type="none"/>
<markable id="markable_23" span="word_427" coref_class="empty" category="location" mmax_level="coref"  rule="none"  type="none"/>
<markable id="markable_24" span="word_483" coref_class="empty" category="person" mmax_level="coref"  rule="none"  type="none"/>
<markable id="markable_25" span="word_527" coref_class="empty" category="time" mmax_level="coref"  rule="none"  type="none"/>
<markable id="markable_26" span="word_528..word_529" coref_class="empty" category="location" mmax_level="coref"  rule="none"  type="none"/>
<markable id="markable_27" span="word_582" coref_class="empty" category="location" mmax_level="coref"  rule="none"  type="none"/>
<markable id="markable_28" span="word_641" coref_class="empty" category="location" mmax_level="coref"  rule="none"  type="none"/>
<markable id="markable_29" span="word_643" coref_class="empty" category="location" mmax_level="coref"  rule="none"  type="none"/>
<markable id="markable_30" span="word_690" coref_class="empty" category="location" mmax_level="coref"  rule="none"  type="none"/>
<markable id="markable_31" span="word_830" coref_class="empty" category="location" mmax_level="coref"  rule="none"  type="none"/>
<markable id="markable_32" span="word_839..word_840" coref_class="empty" category="location" mmax_level="coref"  rule="none"  type="none"/>
<markable id="markable_33" span="word_842" coref_class="empty" category="organization" mmax_level="coref"  rule="none"  type="none"/>
<markable id="markable_34" span="word_908..word_909" coref_class="empty" category="profession" mmax_level="coref"  rule="none"  type="none"/>
<markable id="markable_35" span="word_925" coref_class="empty" category="profession" mmax_level="coref"  rule="none"  type="none"/>
<markable id="markable_36" span="word_928" coref_class="empty" category="profession" mmax_level="coref"  rule="none"  type="none"/>
<markable id="markable_37" span="word_932" coref_class="empty" category="profession" mmax_level="coref"  rule="none"  type="none"/>
<markable id="markable_38" span="word_967" coref_class="empty" category="location" mmax_level="coref"  rule="none"  type="none"/>
<markable id="markable_39" span="word_1051" coref_class="empty" category="organization" mmax_level="coref"  rule="none"  type="none"/>
<markable id="markable_40" span="word_1066" coref_class="empty" category="profession" mmax_level="coref"  rule="none"  type="none"/>
<markable id="markable_41" span="word_1099" coref_class="empty" category="organization" mmax_level="coref"  rule="none"  type="none"/>
<markable id="markable_42" span="word_1147..word_1148" coref_class="empty" category="location" mmax_level="coref"  rule="none"  type="none"/>
<markable id="markable_43" span="word_1194" coref_class="empty" category="location" mmax_level="coref"  rule="none"  type="none"/>
<markable id="markable_44" span="word_1200" coref_class="empty" category="location" mmax_level="coref"  rule="none"  type="none"/>
<markable id="markable_45" span="word_1241" coref_class="empty" category="location" mmax_level="coref"  rule="none"  type="none"/>
<markable id="markable_46" span="word_1245" coref_class="empty" category="location" mmax_level="coref"  rule="none"  type="none"/>
<markable id="markable_47" span="word_1263..word_1264" coref_class="empty" category="profession" mmax_level="coref"  rule="none"  type="none"/>
<markable id="markable_48" span="word_1327..word_1329" coref_class="empty" category="organization" mmax_level="coref"  rule="none"  type="none"/>
<markable id="markable_49" span="word_1367..word_1368" coref_class="empty" category="profession" mmax_level="coref"  rule="none"  type="none"/>
<markable id="markable_50" span="word_1373" coref_class="empty" category="location" mmax_level="coref"  rule="none"  type="none"/>
<markable id="markable_51" span="word_1378" coref_class="empty" category="person" mmax_level="coref"  rule="none"  type="none"/>
<markable id="markable_52" span="word_1381" coref_class="empty" category="location" mmax_level="coref"  rule="none"  type="none"/>
</markables>