<?xml version="1.0" encoding="UTF-8"?>
<!DOCTYPE markables SYSTEM "markables.dtd">
<markables xmlns="www.eml.org/NameSpaces/sentence">
<markable mmax_level="sentence" id="markable_1" span="word_1..word_6" />
<markable mmax_level="sentence" id="markable_2" span="word_7..word_9" />
<markable mmax_level="sentence" id="markable_3" span="word_10..word_18" />
<markable mmax_level="sentence" id="markable_4" span="word_19..word_49" />
<markable mmax_level="sentence" id="markable_5" span="word_50..word_71" />
<markable mmax_level="sentence" id="markable_6" span="word_72..word_88" />
<markable mmax_level="sentence" id="markable_7" span="word_89..word_99" />
<markable mmax_level="sentence" id="markable_8" span="word_100..word_101" />
<markable mmax_level="sentence" id="markable_9" span="word_102..word_103" />
<markable mmax_level="sentence" id="markable_10" span="word_104..word_125" />
<markable mmax_level="sentence" id="markable_11" span="word_126..word_141" />
<markable mmax_level="sentence" id="markable_12" span="word_142..word_166" />
<markable mmax_level="sentence" id="markable_13" span="word_167..word_209" />
<markable mmax_level="sentence" id="markable_14" span="word_210..word_254" />
<markable mmax_level="sentence" id="markable_15" span="word_255..word_290" />
<markable mmax_level="sentence" id="markable_16" span="word_291..word_318" />
<markable mmax_level="sentence" id="markable_17" span="word_319..word_341" />
<markable mmax_level="sentence" id="markable_18" span="word_342..word_360" />
<markable mmax_level="sentence" id="markable_19" span="word_361..word_394" />
<markable mmax_level="sentence" id="markable_20" span="word_395..word_397" />
<markable mmax_level="sentence" id="markable_21" span="word_398..word_399" />
<markable mmax_level="sentence" id="markable_22" span="word_400" />
<markable mmax_level="sentence" id="markable_23" span="word_401..word_411" />
<markable mmax_level="sentence" id="markable_24" span="word_412..word_434" />
<markable mmax_level="sentence" id="markable_25" span="word_435..word_484" />
<markable mmax_level="sentence" id="markable_26" span="word_485..word_514" />
<markable mmax_level="sentence" id="markable_27" span="word_515..word_546" />
<markable mmax_level="sentence" id="markable_28" span="word_547..word_571" />
<markable mmax_level="sentence" id="markable_29" span="word_572..word_579" />
<markable mmax_level="sentence" id="markable_30" span="word_580..word_596" />
<markable mmax_level="sentence" id="markable_31" span="word_597..word_606" />
<markable mmax_level="sentence" id="markable_32" span="word_607..word_637" />
<markable mmax_level="sentence" id="markable_33" span="word_638..word_658" />
<markable mmax_level="sentence" id="markable_34" span="word_659..word_660" />
<markable mmax_level="sentence" id="markable_35" span="word_661" />
<markable mmax_level="sentence" id="markable_36" span="word_662" />
<markable mmax_level="sentence" id="markable_37" span="word_663..word_690" />
<markable mmax_level="sentence" id="markable_38" span="word_691..word_701" />
<markable mmax_level="sentence" id="markable_39" span="word_702..word_727" />
<markable mmax_level="sentence" id="markable_40" span="word_728..word_742" />
<markable mmax_level="sentence" id="markable_41" span="word_743..word_754" />
<markable mmax_level="sentence" id="markable_42" span="word_755" />
<markable mmax_level="sentence" id="markable_43" span="word_756..word_802" />
<markable mmax_level="sentence" id="markable_44" span="word_803..word_827" />
<markable mmax_level="sentence" id="markable_45" span="word_828..word_849" />
<markable mmax_level="sentence" id="markable_46" span="word_850..word_861" />
<markable mmax_level="sentence" id="markable_47" span="word_862..word_873" />
<markable mmax_level="sentence" id="markable_48" span="word_874..word_887" />
<markable mmax_level="sentence" id="markable_49" span="word_888..word_903" />
<markable mmax_level="sentence" id="markable_50" span="word_904" />
<markable mmax_level="sentence" id="markable_51" span="word_905..word_929" />
<markable mmax_level="sentence" id="markable_52" span="word_930..word_932" />
<markable mmax_level="sentence" id="markable_53" span="word_933" />
<markable mmax_level="sentence" id="markable_54" span="word_934..word_963" />
<markable mmax_level="sentence" id="markable_55" span="word_964..word_978" />
<markable mmax_level="sentence" id="markable_56" span="word_979..word_1017" />
<markable mmax_level="sentence" id="markable_57" span="word_1018" />
<markable mmax_level="sentence" id="markable_58" span="word_1019..word_1044" />
<markable mmax_level="sentence" id="markable_59" span="word_1045..word_1094" />
<markable mmax_level="sentence" id="markable_60" span="word_1095..word_1119" />
<markable mmax_level="sentence" id="markable_61" span="word_1120" />
</markables>