<?xml version="1.0" encoding="UTF-8"?>
<!DOCTYPE markables SYSTEM "markables.dtd">
<markables xmlns="www.eml.org/NameSpaces/coref">
<markable id="markable_1" span="word_9" coref_class="empty" category="profession" mmax_level="coref"  rule="none"  type="none"/>
<markable id="markable_2" span="word_20" coref_class="empty" category="organization" mmax_level="coref"  rule="none"  type="none"/>
<markable id="markable_3" span="word_47" coref_class="empty" category="profession" mmax_level="coref"  rule="none"  type="none"/>
<markable id="markable_4" span="word_76" coref_class="empty" category="profession" mmax_level="coref"  rule="none"  type="none"/>
<markable id="markable_5" span="word_85..word_89" coref_class="empty" category="organization" mmax_level="coref"  rule="none"  type="none"/>
<markable id="markable_6" span="word_91" coref_class="empty" category="organization" mmax_level="coref"  rule="none"  type="none"/>
<markable id="markable_7" span="word_109" coref_class="empty" category="organization" mmax_level="coref"  rule="none"  type="none"/>
<markable id="markable_8" span="word_128..word_131" coref_class="empty" category="time" mmax_level="coref"  rule="none"  type="none"/>
<markable id="markable_9" span="word_149..word_150" coref_class="empty" category="organization" mmax_level="coref"  rule="none"  type="none"/>
<markable id="markable_10" span="word_160..word_161" coref_class="empty" category="sum" mmax_level="coref"  rule="none"  type="none"/>
<markable id="markable_11" span="word_163..word_165" coref_class="empty" category="time" mmax_level="coref"  rule="none"  type="none"/>
<markable id="markable_12" span="word_169" coref_class="empty" category="location" mmax_level="coref"  rule="none"  type="none"/>
<markable id="markable_13" span="word_243" coref_class="empty" category="organization" mmax_level="coref"  rule="none"  type="none"/>
<markable id="markable_14" span="word_251" coref_class="empty" category="profession" mmax_level="coref"  rule="none"  type="none"/>
<markable id="markable_15" span="word_275" coref_class="empty" category="organization" mmax_level="coref"  rule="none"  type="none"/>
<markable id="markable_16" span="word_287" coref_class="empty" category="profession" mmax_level="coref"  rule="none"  type="none"/>
<markable id="markable_17" span="word_288..word_289" coref_class="empty" category="person" mmax_level="coref"  rule="none"  type="none"/>
<markable id="markable_18" span="word_292" coref_class="empty" category="profession" mmax_level="coref"  rule="none"  type="none"/>
<markable id="markable_19" span="word_293..word_294" coref_class="empty" category="person" mmax_level="coref"  rule="none"  type="none"/>
<markable id="markable_20" span="word_327" coref_class="empty" category="organization" mmax_level="coref"  rule="none"  type="none"/>
<markable id="markable_21" span="word_335" coref_class="empty" category="profession" mmax_level="coref"  rule="none"  type="none"/>
<markable id="markable_22" span="word_376..word_377" coref_class="empty" category="person" mmax_level="coref"  rule="none"  type="none"/>
<markable id="markable_23" span="word_379..word_382" coref_class="empty" category="organization" mmax_level="coref"  rule="none"  type="none"/>
<markable id="markable_24" span="word_383" coref_class="empty" category="profession" mmax_level="coref"  rule="none"  type="none"/>
<markable id="markable_25" span="word_393" coref_class="empty" category="organization" mmax_level="coref"  rule="none"  type="none"/>
<markable id="markable_26" span="word_413" coref_class="empty" category="profession" mmax_level="coref"  rule="none"  type="none"/>
<markable id="markable_27" span="word_432" coref_class="empty" category="profession" mmax_level="coref"  rule="none"  type="none"/>
<markable id="markable_28" span="word_444" coref_class="empty" category="organization" mmax_level="coref"  rule="none"  type="none"/>
<markable id="markable_29" span="word_445" coref_class="empty" category="profession" mmax_level="coref"  rule="none"  type="none"/>
<markable id="markable_30" span="word_446..word_447" coref_class="empty" category="person" mmax_level="coref"  rule="none"  type="none"/>
<markable id="markable_31" span="word_464..word_465" coref_class="empty" category="sum" mmax_level="coref"  rule="none"  type="none"/>
<markable id="markable_32" span="word_467..word_468" coref_class="empty" category="person" mmax_level="coref"  rule="none"  type="none"/>
<markable id="markable_33" span="word_479" coref_class="empty" category="person" mmax_level="coref"  rule="none"  type="none"/>
<markable id="markable_34" span="word_493" coref_class="empty" category="profession" mmax_level="coref"  rule="none"  type="none"/>
<markable id="markable_35" span="word_526..word_527" coref_class="empty" category="person" mmax_level="coref"  rule="none"  type="none"/>
<markable id="markable_36" span="word_529" coref_class="empty" category="profession" mmax_level="coref"  rule="none"  type="none"/>
<markable id="markable_37" span="word_537" coref_class="empty" category="profession" mmax_level="coref"  rule="none"  type="none"/>
<markable id="markable_38" span="word_555" coref_class="empty" category="organization" mmax_level="coref"  rule="none"  type="none"/>
<markable id="markable_39" span="word_563" coref_class="empty" category="location" mmax_level="coref"  rule="none"  type="none"/>
<markable id="markable_40" span="word_573" coref_class="empty" category="location" mmax_level="coref"  rule="none"  type="none"/>
<markable id="markable_41" span="word_582..word_583" coref_class="empty" category="person" mmax_level="coref"  rule="none"  type="none"/>
<markable id="markable_42" span="word_641..word_642" coref_class="empty" category="person" mmax_level="coref"  rule="none"  type="none"/>
<markable id="markable_43" span="word_699..word_700" coref_class="empty" category="person" mmax_level="coref"  rule="none"  type="none"/>
<markable id="markable_44" span="word_751..word_752" coref_class="empty" category="person" mmax_level="coref"  rule="none"  type="none"/>
<markable id="markable_45" span="word_775..word_776" coref_class="empty" category="person" mmax_level="coref"  rule="none"  type="none"/>
<markable id="markable_46" span="word_780" coref_class="empty" category="location" mmax_level="coref"  rule="none"  type="none"/>
<markable id="markable_47" span="word_781" coref_class="empty" category="profession" mmax_level="coref"  rule="none"  type="none"/>
<markable id="markable_48" span="word_782..word_783" coref_class="empty" category="person" mmax_level="coref"  rule="none"  type="none"/>
<markable id="markable_49" span="word_791" coref_class="empty" category="location" mmax_level="coref"  rule="none"  type="none"/>
<markable id="markable_50" span="word_811..word_812" coref_class="empty" category="sum" mmax_level="coref"  rule="none"  type="none"/>
</markables>