<?xml version="1.0" encoding="UTF-8"?>
<!DOCTYPE markables SYSTEM "markables.dtd">
<markables xmlns="www.eml.org/NameSpaces/sentence">
<markable mmax_level="sentence" id="markable_1" span="word_1..word_6" />
<markable mmax_level="sentence" id="markable_2" span="word_7..word_9" />
<markable mmax_level="sentence" id="markable_3" span="word_10..word_16" />
<markable mmax_level="sentence" id="markable_4" span="word_17..word_48" />
<markable mmax_level="sentence" id="markable_5" span="word_49..word_50" />
<markable mmax_level="sentence" id="markable_6" span="word_51..word_62" />
<markable mmax_level="sentence" id="markable_7" span="word_63..word_94" />
<markable mmax_level="sentence" id="markable_8" span="word_95..word_119" />
<markable mmax_level="sentence" id="markable_9" span="word_120..word_147" />
<markable mmax_level="sentence" id="markable_10" span="word_148..word_176" />
<markable mmax_level="sentence" id="markable_11" span="word_177..word_204" />
<markable mmax_level="sentence" id="markable_12" span="word_205..word_226" />
<markable mmax_level="sentence" id="markable_13" span="word_227..word_246" />
<markable mmax_level="sentence" id="markable_14" span="word_247..word_256" />
<markable mmax_level="sentence" id="markable_15" span="word_257..word_278" />
<markable mmax_level="sentence" id="markable_16" span="word_279..word_294" />
<markable mmax_level="sentence" id="markable_17" span="word_295..word_299" />
<markable mmax_level="sentence" id="markable_18" span="word_300..word_311" />
<markable mmax_level="sentence" id="markable_19" span="word_312..word_332" />
<markable mmax_level="sentence" id="markable_20" span="word_333..word_349" />
<markable mmax_level="sentence" id="markable_21" span="word_350..word_360" />
<markable mmax_level="sentence" id="markable_22" span="word_361..word_367" />
<markable mmax_level="sentence" id="markable_23" span="word_368..word_379" />
<markable mmax_level="sentence" id="markable_24" span="word_380" />
<markable mmax_level="sentence" id="markable_25" span="word_381..word_382" />
<markable mmax_level="sentence" id="markable_26" span="word_383..word_400" />
<markable mmax_level="sentence" id="markable_27" span="word_401..word_410" />
<markable mmax_level="sentence" id="markable_28" span="word_411..word_426" />
<markable mmax_level="sentence" id="markable_29" span="word_427..word_450" />
<markable mmax_level="sentence" id="markable_30" span="word_451..word_455" />
<markable mmax_level="sentence" id="markable_31" span="word_456..word_518" />
<markable mmax_level="sentence" id="markable_32" span="word_519..word_546" />
<markable mmax_level="sentence" id="markable_33" span="word_547..word_553" />
<markable mmax_level="sentence" id="markable_34" span="word_554..word_585" />
<markable mmax_level="sentence" id="markable_35" span="word_586..word_590" />
<markable mmax_level="sentence" id="markable_36" span="word_591..word_614" />
<markable mmax_level="sentence" id="markable_37" span="word_615..word_644" />
<markable mmax_level="sentence" id="markable_38" span="word_645..word_653" />
<markable mmax_level="sentence" id="markable_39" span="word_654..word_673" />
<markable mmax_level="sentence" id="markable_40" span="word_674..word_700" />
<markable mmax_level="sentence" id="markable_41" span="word_701..word_716" />
<markable mmax_level="sentence" id="markable_42" span="word_717..word_727" />
<markable mmax_level="sentence" id="markable_43" span="word_728..word_740" />
<markable mmax_level="sentence" id="markable_44" span="word_741..word_747" />
<markable mmax_level="sentence" id="markable_45" span="word_748..word_764" />
<markable mmax_level="sentence" id="markable_46" span="word_765" />
<markable mmax_level="sentence" id="markable_47" span="word_766..word_767" />
<markable mmax_level="sentence" id="markable_48" span="word_768..word_795" />
<markable mmax_level="sentence" id="markable_49" span="word_796..word_826" />
<markable mmax_level="sentence" id="markable_50" span="word_827..word_842" />
<markable mmax_level="sentence" id="markable_51" span="word_843..word_878" />
<markable mmax_level="sentence" id="markable_52" span="word_879..word_901" />
<markable mmax_level="sentence" id="markable_53" span="word_902..word_903" />
<markable mmax_level="sentence" id="markable_54" span="word_904..word_952" />
<markable mmax_level="sentence" id="markable_55" span="word_953..word_959" />
<markable mmax_level="sentence" id="markable_56" span="word_960..word_969" />
<markable mmax_level="sentence" id="markable_57" span="word_970..word_971" />
<markable mmax_level="sentence" id="markable_58" span="word_972" />
<markable mmax_level="sentence" id="markable_59" span="word_973..word_975" />
<markable mmax_level="sentence" id="markable_60" span="word_976..word_977" />
<markable mmax_level="sentence" id="markable_61" span="word_978..word_1026" />
<markable mmax_level="sentence" id="markable_62" span="word_1027..word_1040" />
<markable mmax_level="sentence" id="markable_63" span="word_1041..word_1083" />
<markable mmax_level="sentence" id="markable_64" span="word_1084..word_1101" />
<markable mmax_level="sentence" id="markable_65" span="word_1102..word_1107" />
<markable mmax_level="sentence" id="markable_66" span="word_1108..word_1162" />
<markable mmax_level="sentence" id="markable_67" span="word_1163..word_1179" />
<markable mmax_level="sentence" id="markable_68" span="word_1180..word_1212" />
<markable mmax_level="sentence" id="markable_69" span="word_1213..word_1263" />
<markable mmax_level="sentence" id="markable_70" span="word_1264..word_1283" />
<markable mmax_level="sentence" id="markable_71" span="word_1284..word_1303" />
</markables>