<?xml version="1.0" encoding="UTF-8"?>
<!DOCTYPE words SYSTEM "words.dtd">
<words><word id="word_1">Diena</word>
<word id="word_2">:</word>
<word id="word_3">Latvju</word>
<word id="word_4">Teksti</word>
<word id="word_5">ar</word>
<word id="word_6">Brašmanes</word>
<word id="word_7">foto</word>
<word id="word_8">11</word>
<word id="word_9">Feb</word>
<word id="word_10">2013</word>
<word id="word_11">Šā</word>
<word id="word_12">gada</word>
<word id="word_13">pirmajā</word>
<word id="word_14">žurnāla</word>
<word id="word_15">Latvju</word>
<word id="word_16">Teksti</word>
<word id="word_17">numurā</word>
<word id="word_18">,</word>
<word id="word_19">kura</word>
<word id="word_20">vāku</word>
<word id="word_21">rotā</word>
<word id="word_22">fotomākslinieces</word>
<word id="word_23">Māras</word>
<word id="word_24">Brašmanes</word>
<word id="word_25">iemūžinātais</word>
<word id="word_26">dzejnieka</word>
<word id="word_27">Jāņa</word>
<word id="word_28">Rokpeļņa</word>
<word id="word_29">portrets</word>
<word id="word_30">,</word>
<word id="word_31">lasāmi</word>
<word id="word_32">Prozas</word>
<word id="word_33">lasījumos</word>
<word id="word_34">atzinību</word>
<word id="word_35">guvušie</word>
<word id="word_36">latviešu</word>
<word id="word_37">autoru</word>
<word id="word_38">darbi</word>
<word id="word_39">,</word>
<word id="word_40">pārskatu</word>
<word id="word_41">par</word>
<word id="word_42">Prozas</word>
<word id="word_43">lasījumiem</word>
<word id="word_44">sniedz</word>
<word id="word_45">kritiķe</word>
<word id="word_46">Jūlija</word>
<word id="word_47">Dibovska</word>
<word id="word_48">.</word>
<word id="word_49">Publicēta</word>
<word id="word_50">somu</word>
<word id="word_51">literatūrzinātnieka</word>
<word id="word_52">,</word>
<word id="word_53">dzejnieka</word>
<word id="word_54">Penti</word>
<word id="word_55">Sārikoski</word>
<word id="word_56">dēla</word>
<word id="word_57">Saskas</word>
<word id="word_58">Sārikoski</word>
<word id="word_59">eseja</word>
<word id="word_60">par</word>
<word id="word_61">tēvu</word>
<word id="word_62">.</word>
<word id="word_63">Apkopoti</word>
<word id="word_64">speciālistu</word>
<word id="word_65">viedokļi</word>
<word id="word_66">par</word>
<word id="word_67">jauno</word>
<word id="word_68">Bībeles</word>
<word id="word_69">tulkojumu</word>
<word id="word_70">.</word>
<word id="word_71">Vilis</word>
<word id="word_72">Kasims</word>
<word id="word_73">uzrakstījis</word>
<word id="word_74">rakstu</word>
<word id="word_75">Mutācijas</word>
<word id="word_76">,</word>
<word id="word_77">replikācijas</word>
<word id="word_78">un</word>
<word id="word_79">transformācijas</word>
<word id="word_80">angļu</word>
<word id="word_81">grāmatās</word>
<word id="word_82">2012.</word>
<word id="word_83">gadā</word>
<word id="word_84">.</word>
<word id="word_85">No</word>
<word id="word_86">jaunākās</word>
<word id="word_87">latviešu</word>
<word id="word_88">dzejas</word>
<word id="word_89">publicētas</word>
<word id="word_90">Jāņa</word>
<word id="word_91">Rokpeļņa</word>
<word id="word_92">,</word>
<word id="word_93">Ivetas</word>
<word id="word_94">Šimkus</word>
<word id="word_95">,</word>
<word id="word_96">Ronalda</word>
<word id="word_97">Brieža</word>
<word id="word_98">dzejoļu</word>
<word id="word_99">kopas</word>
<word id="word_100">,</word>
<word id="word_101">no</word>
<word id="word_102">ārzemju</word>
<word id="word_103">autoriem</word>
<word id="word_104">–</word>
<word id="word_105">čehu</word>
<word id="word_106">dzejnieka</word>
<word id="word_107">Petra</word>
<word id="word_108">Borkoveca</word>
<word id="word_109">darbi</word>
<word id="word_110">(</word>
<word id="word_111">atdzejoja</word>
<word id="word_112">L.</word>
<word id="word_113">Langa</word>
<word id="word_114">,</word>
<word id="word_115">A.</word>
<word id="word_116">Viguls</word>
<word id="word_117">)</word>
<word id="word_118">.</word>
<word id="word_119">Lasiet</word>
<word id="word_120">interviju</word>
<word id="word_121">ar</word>
<word id="word_122">lietuviešu</word>
<word id="word_123">dzejnieku</word>
<word id="word_124">Kornēliju</word>
<word id="word_125">Plateli</word>
<word id="word_126">un</word>
<word id="word_127">krievu</word>
<word id="word_128">dzejdari</word>
<word id="word_129">Staņislavu</word>
<word id="word_130">Ļvovski</word>
<word id="word_131">u</word>
<word id="word_132">.</word>
<word id="word_133">c</word>
<word id="word_134">.</word>
<word id="word_135">rubrikas</word>
<word id="word_136">.</word>
</words>