<?xml version="1.0" encoding="UTF-8"?>
<!DOCTYPE markables SYSTEM "markables.dtd">
<markables xmlns="www.eml.org/NameSpaces/sentence">
<markable mmax_level="sentence" id="markable_1" span="word_1..word_7" />
<markable mmax_level="sentence" id="markable_2" span="word_8..word_10" />
<markable mmax_level="sentence" id="markable_3" span="word_11..word_48" />
<markable mmax_level="sentence" id="markable_4" span="word_49..word_62" />
<markable mmax_level="sentence" id="markable_5" span="word_63..word_70" />
<markable mmax_level="sentence" id="markable_6" span="word_71..word_84" />
<markable mmax_level="sentence" id="markable_7" span="word_85..word_118" />
<markable mmax_level="sentence" id="markable_8" span="word_119..word_132" />
<markable mmax_level="sentence" id="markable_9" span="word_133..word_134" />
<markable mmax_level="sentence" id="markable_10" span="word_135..word_136" />
</markables>