<?xml version="1.0" encoding="UTF-8"?>
<!DOCTYPE markables SYSTEM "markables.dtd">
<markables xmlns="www.eml.org/NameSpaces/sentence">
<markable mmax_level="sentence" id="markable_1" span="word_1..word_7" />
<markable mmax_level="sentence" id="markable_2" span="word_8..word_10" />
<markable mmax_level="sentence" id="markable_3" span="word_11..word_18" />
<markable mmax_level="sentence" id="markable_4" span="word_19..word_23" />
<markable mmax_level="sentence" id="markable_5" span="word_24..word_63" />
<markable mmax_level="sentence" id="markable_6" span="word_64..word_88" />
<markable mmax_level="sentence" id="markable_7" span="word_89..word_127" />
<markable mmax_level="sentence" id="markable_8" span="word_128..word_180" />
<markable mmax_level="sentence" id="markable_9" span="word_181..word_192" />
<markable mmax_level="sentence" id="markable_10" span="word_193..word_194" />
<markable mmax_level="sentence" id="markable_11" span="word_195..word_213" />
<markable mmax_level="sentence" id="markable_12" span="word_214..word_240" />
<markable mmax_level="sentence" id="markable_13" span="word_241..word_263" />
<markable mmax_level="sentence" id="markable_14" span="word_264..word_276" />
<markable mmax_level="sentence" id="markable_15" span="word_277..word_314" />
<markable mmax_level="sentence" id="markable_16" span="word_315..word_331" />
<markable mmax_level="sentence" id="markable_17" span="word_332..word_367" />
<markable mmax_level="sentence" id="markable_18" span="word_368..word_380" />
<markable mmax_level="sentence" id="markable_19" span="word_381..word_397" />
<markable mmax_level="sentence" id="markable_20" span="word_398..word_416" />
<markable mmax_level="sentence" id="markable_21" span="word_417..word_466" />
<markable mmax_level="sentence" id="markable_22" span="word_467..word_469" />
<markable mmax_level="sentence" id="markable_23" span="word_470..word_522" />
<markable mmax_level="sentence" id="markable_24" span="word_523..word_541" />
<markable mmax_level="sentence" id="markable_25" span="word_542..word_587" />
<markable mmax_level="sentence" id="markable_26" span="word_588..word_635" />
<markable mmax_level="sentence" id="markable_27" span="word_636..word_650" />
<markable mmax_level="sentence" id="markable_28" span="word_651..word_653" />
<markable mmax_level="sentence" id="markable_29" span="word_654..word_678" />
<markable mmax_level="sentence" id="markable_30" span="word_679..word_689" />
<markable mmax_level="sentence" id="markable_31" span="word_690..word_706" />
<markable mmax_level="sentence" id="markable_32" span="word_707..word_719" />
<markable mmax_level="sentence" id="markable_33" span="word_720..word_731" />
<markable mmax_level="sentence" id="markable_34" span="word_732..word_751" />
<markable mmax_level="sentence" id="markable_35" span="word_752..word_773" />
<markable mmax_level="sentence" id="markable_36" span="word_774..word_789" />
<markable mmax_level="sentence" id="markable_37" span="word_790..word_799" />
<markable mmax_level="sentence" id="markable_38" span="word_800..word_847" />
<markable mmax_level="sentence" id="markable_39" span="word_848..word_850" />
<markable mmax_level="sentence" id="markable_40" span="word_851..word_872" />
<markable mmax_level="sentence" id="markable_41" span="word_873..word_907" />
<markable mmax_level="sentence" id="markable_42" span="word_908..word_952" />
<markable mmax_level="sentence" id="markable_43" span="word_953..word_981" />
<markable mmax_level="sentence" id="markable_44" span="word_982..word_1009" />
<markable mmax_level="sentence" id="markable_45" span="word_1010..word_1012" />
<markable mmax_level="sentence" id="markable_46" span="word_1013..word_1023" />
<markable mmax_level="sentence" id="markable_47" span="word_1024..word_1036" />
<markable mmax_level="sentence" id="markable_48" span="word_1037..word_1046" />
<markable mmax_level="sentence" id="markable_49" span="word_1047..word_1087" />
<markable mmax_level="sentence" id="markable_50" span="word_1088..word_1110" />
<markable mmax_level="sentence" id="markable_51" span="word_1111..word_1135" />
<markable mmax_level="sentence" id="markable_52" span="word_1136..word_1153" />
<markable mmax_level="sentence" id="markable_53" span="word_1154..word_1180" />
<markable mmax_level="sentence" id="markable_54" span="word_1181..word_1196" />
<markable mmax_level="sentence" id="markable_55" span="word_1197..word_1224" />
<markable mmax_level="sentence" id="markable_56" span="word_1225..word_1232" />
<markable mmax_level="sentence" id="markable_57" span="word_1233..word_1245" />
<markable mmax_level="sentence" id="markable_58" span="word_1246..word_1259" />
<markable mmax_level="sentence" id="markable_59" span="word_1260..word_1275" />
<markable mmax_level="sentence" id="markable_60" span="word_1276..word_1288" />
<markable mmax_level="sentence" id="markable_61" span="word_1289..word_1300" />
<markable mmax_level="sentence" id="markable_62" span="word_1301..word_1329" />
<markable mmax_level="sentence" id="markable_63" span="word_1330..word_1342" />
<markable mmax_level="sentence" id="markable_64" span="word_1343..word_1345" />
<markable mmax_level="sentence" id="markable_65" span="word_1346..word_1352" />
<markable mmax_level="sentence" id="markable_66" span="word_1353..word_1357" />
<markable mmax_level="sentence" id="markable_67" span="word_1358..word_1372" />
<markable mmax_level="sentence" id="markable_68" span="word_1373..word_1409" />
<markable mmax_level="sentence" id="markable_69" span="word_1410..word_1419" />
<markable mmax_level="sentence" id="markable_70" span="word_1420..word_1439" />
<markable mmax_level="sentence" id="markable_71" span="word_1440..word_1454" />
<markable mmax_level="sentence" id="markable_72" span="word_1455..word_1460" />
<markable mmax_level="sentence" id="markable_73" span="word_1461..word_1498" />
<markable mmax_level="sentence" id="markable_74" span="word_1499..word_1512" />
<markable mmax_level="sentence" id="markable_75" span="word_1513..word_1523" />
<markable mmax_level="sentence" id="markable_76" span="word_1524..word_1537" />
<markable mmax_level="sentence" id="markable_77" span="word_1538..word_1546" />
<markable mmax_level="sentence" id="markable_78" span="word_1547..word_1557" />
<markable mmax_level="sentence" id="markable_79" span="word_1558..word_1562" />
</markables>