<?xml version="1.0" encoding="UTF-8"?>
<!DOCTYPE words SYSTEM "words.dtd">
<words><word id="word_1">Latvijas</word>
<word id="word_2">Avīze</word>
<word id="word_3">:</word>
<word id="word_4">Hokejisti</word>
<word id="word_5">spēlēs</word>
<word id="word_6">Sočos</word>
<word id="word_7">11</word>
<word id="word_8">Feb</word>
<word id="word_9">2013</word>
<word id="word_10">Latvijas</word>
<word id="word_11">izlase</word>
<word id="word_12">ceturto</word>
<word id="word_13">reizi</word>
<word id="word_14">kvalificējas</word>
<word id="word_15">olimpiskajām</word>
<word id="word_16">spēlēm</word>
<word id="word_17">Latvijas</word>
<word id="word_18">hokeja</word>
<word id="word_19">izlase</word>
<word id="word_20">olimpiskās</word>
<word id="word_21">kvalifikācijas</word>
<word id="word_22">E</word>
<word id="word_23">grupas</word>
<word id="word_24">turnīrā</word>
<word id="word_25">&quot;</word>
<word id="word_26">Arēnā</word>
<word id="word_27">Rīga</word>
<word id="word_28">&quot;</word>
<word id="word_29">vakar</word>
<word id="word_30">izšķirošajā</word>
<word id="word_31">spēlē</word>
<word id="word_32">pret</word>
<word id="word_33">Francijas</word>
<word id="word_34">valstsvienību</word>
<word id="word_35">zaudēja</word>
<word id="word_36">papildlaikā</word>
<word id="word_37">(</word>
<word id="word_38">2</word>
<word id="word_39">:</word>
<word id="word_40">3</word>
<word id="word_41">)</word>
<word id="word_42">,</word>
<word id="word_43">tomēr</word>
<word id="word_44">ieguva</word>
<word id="word_45">ceļazīmi</word>
<word id="word_46">uz</word>
<word id="word_47">Sočiem</word>
<word id="word_48">.</word>
<word id="word_49">Sīkstie</word>
<word id="word_50">briti</word>
<word id="word_51">Mājinieki</word>
<word id="word_52">nopietnākām</word>
<word id="word_53">cīņām</word>
<word id="word_54">ieskrējās</word>
<word id="word_55">ar</word>
<word id="word_56">6</word>
<word id="word_57">:</word>
<word id="word_58">2</word>
<word id="word_59">pret</word>
<word id="word_60">Lielbritānijas</word>
<word id="word_61">izlasi</word>
<word id="word_62">.</word>
<word id="word_63">Pirmos</word>
<word id="word_64">vārtus</word>
<word id="word_65">iemeta</word>
<word id="word_66">Gints</word>
<word id="word_67">Meija</word>
<word id="word_68">,</word>
<word id="word_69">par</word>
<word id="word_70">kura</word>
<word id="word_71">iekļaušanu</word>
<word id="word_72">komandā</word>
<word id="word_73">treneriem</word>
<word id="word_74">bijušas</word>
<word id="word_75">lielas</word>
<word id="word_76">šaubas</word>
<word id="word_77">,</word>
<word id="word_78">turpmākos</word>
<word id="word_79">–</word>
<word id="word_80">Miks</word>
<word id="word_81">Indrašis</word>
<word id="word_82">,</word>
<word id="word_83">Oskars</word>
<word id="word_84">Bārtulis</word>
<word id="word_85">,</word>
<word id="word_86">Ronalds</word>
<word id="word_87">Ķēniņš</word>
<word id="word_88">,</word>
<word id="word_89">Georgijs</word>
<word id="word_90">Pujacs</word>
<word id="word_91">un</word>
<word id="word_92">Lauris</word>
<word id="word_93">Dārziņš</word>
<word id="word_94">.</word>
<word id="word_95">Briti</word>
<word id="word_96">pirmajās</word>
<word id="word_97">desmit</word>
<word id="word_98">minūtēs</word>
<word id="word_99">katru</word>
<word id="word_100">vārtu</word>
<word id="word_101">gūšanas</word>
<word id="word_102">momentu</word>
<word id="word_103">pabeidza</word>
<word id="word_104">ar</word>
<word id="word_105">labu</word>
<word id="word_106">spēka</word>
<word id="word_107">paņēmienu</word>
<word id="word_108">,</word>
<word id="word_109">tad</word>
<word id="word_110">enerģija</word>
<word id="word_111">apsīka</word>
<word id="word_112">,</word>
<word id="word_113">bet</word>
<word id="word_114">turpinājumā</word>
<word id="word_115">viņi</word>
<word id="word_116">spēlēja</word>
<word id="word_117">diezgan</word>
<word id="word_118">netīri</word>
<word id="word_119">.</word>
<word id="word_120">Ar</word>
<word id="word_121">elkoni</word>
<word id="word_122">pa</word>
<word id="word_123">seju</word>
<word id="word_124">dabūja</word>
<word id="word_125">Jānis</word>
<word id="word_126">Sprukts</word>
<word id="word_127">,</word>
<word id="word_128">bortā</word>
<word id="word_129">ietrieca</word>
<word id="word_130">Arvīdu</word>
<word id="word_131">Reķi</word>
<word id="word_132">,</word>
<word id="word_133">sāpīgi</word>
<word id="word_134">cieta</word>
<word id="word_135">arī</word>
<word id="word_136">Miķelis</word>
<word id="word_137">Rēdlihs</word>
<word id="word_138">un</word>
<word id="word_139">Pujacs</word>
<word id="word_140">,</word>
<word id="word_141">kurš</word>
<word id="word_142">pēc</word>
<word id="word_143">mača</word>
<word id="word_144">laukumu</word>
<word id="word_145">atstāja</word>
<word id="word_146">pieklibojot</word>
<word id="word_147">.</word>
<word id="word_148">Latvijas</word>
<word id="word_149">izlases</word>
<word id="word_150">galvenais</word>
<word id="word_151">treneris</word>
<word id="word_152">Teds</word>
<word id="word_153">Nolans</word>
<word id="word_154">izveidoja</word>
<word id="word_155">interesantas</word>
<word id="word_156">pirmās</word>
<word id="word_157">divas</word>
<word id="word_158">uzbrucēju</word>
<word id="word_159">maiņas</word>
<word id="word_160">–</word>
<word id="word_161">Mārtiņš</word>
<word id="word_162">Karsums</word>
<word id="word_163">,</word>
<word id="word_164">Jānis</word>
<word id="word_165">Sprukts</word>
<word id="word_166">un</word>
<word id="word_167">Dārziņš</word>
<word id="word_168">,</word>
<word id="word_169">M.</word>
<word id="word_170">Rēdlihs</word>
<word id="word_171">,</word>
<word id="word_172">Ķēniņš</word>
<word id="word_173">un</word>
<word id="word_174">Roberts</word>
<word id="word_175">Jekimovs</word>
<word id="word_176">.</word>
<word id="word_177">Vairākumā</word>
<word id="word_178">Dārziņa</word>
<word id="word_179">vietā</word>
<word id="word_180">devās</word>
<word id="word_181">Miķelis</word>
<word id="word_182">,</word>
<word id="word_183">atjaunojot</word>
<word id="word_184">Rīgas</word>
<word id="word_185">&quot;</word>
<word id="word_186">Dinamo</word>
<word id="word_187">&quot;</word>
<word id="word_188">lielisko</word>
<word id="word_189">trio</word>
<word id="word_190">iepriekšējā</word>
<word id="word_191">sezonā</word>
<word id="word_192">,</word>
<word id="word_193">bet</word>
<word id="word_194">kā</word>
<word id="word_195">otrie</word>
<word id="word_196">vairākumā</word>
<word id="word_197">gāja</word>
<word id="word_198">tehniķi</word>
<word id="word_199">Ņiživijs</word>
<word id="word_200">,</word>
<word id="word_201">Indrašis</word>
<word id="word_202">un</word>
<word id="word_203">Dārziņš</word>
<word id="word_204">.</word>
<word id="word_205">Viņi</word>
<word id="word_206">arī</word>
<word id="word_207">trīsreiz</word>
<word id="word_208">realizēja</word>
<word id="word_209">skaitlisko</word>
<word id="word_210">vairākumu</word>
<word id="word_211">,</word>
<word id="word_212">un</word>
<word id="word_213">Ņiživijs</word>
<word id="word_214">atgriešanos</word>
<word id="word_215">valstsvienībā</word>
<word id="word_216">pēc</word>
<word id="word_217">teju</word>
<word id="word_218">divu</word>
<word id="word_219">gadu</word>
<word id="word_220">pārtraukuma</word>
<word id="word_221">atzīmēja</word>
<word id="word_222">ar</word>
<word id="word_223">trim</word>
<word id="word_224">rezultatīvām</word>
<word id="word_225">piespēlēm</word>
<word id="word_226">.</word>
<word id="word_227">Vairākumā</word>
<word id="word_228">savdabīgi</word>
<word id="word_229">bija</word>
<word id="word_230">tas</word>
<word id="word_231">,</word>
<word id="word_232">ka</word>
<word id="word_233">Sandis</word>
<word id="word_234">Ozoliņš</word>
<word id="word_235">lielākoties</word>
<word id="word_236">gāja</word>
<word id="word_237">vārtu</word>
<word id="word_238">priekšā</word>
<word id="word_239">aizsegt</word>
<word id="word_240">vārtsargam</word>
<word id="word_241">skatienu</word>
<word id="word_242">un</word>
<word id="word_243">saņemt</word>
<word id="word_244">aizsargu</word>
<word id="word_245">sitienus</word>
<word id="word_246">.</word>
<word id="word_247">Nākamajā</word>
<word id="word_248">dienā</word>
<word id="word_249">pret</word>
<word id="word_250">kazahiem</word>
<word id="word_251">tas</word>
<word id="word_252">jau</word>
<word id="word_253">vairs</word>
<word id="word_254">nebija</word>
<word id="word_255">manāms</word>
<word id="word_256">.</word>
<word id="word_257">Latvijas</word>
<word id="word_258">izlasē</word>
<word id="word_259">par</word>
<word id="word_260">labāko</word>
<word id="word_261">tika</word>
<word id="word_262">atzīts</word>
<word id="word_263">Gints</word>
<word id="word_264">Meija</word>
<word id="word_265">:</word>
<word id="word_266">&quot;</word>
<word id="word_267">Pirmo</word>
<word id="word_268">reizi</word>
<word id="word_269">spēlēju</word>
<word id="word_270">pret</word>
<word id="word_271">britiem</word>
<word id="word_272">,</word>
<word id="word_273">sākumā</word>
<word id="word_274">nezināju</word>
<word id="word_275">,</word>
<word id="word_276">ko</word>
<word id="word_277">gaidīt</word>
<word id="word_278">.</word>
<word id="word_279">Bet</word>
<word id="word_280">hokeju</word>
<word id="word_281">spēlē</word>
<word id="word_282">visur</word>
<word id="word_283">,</word>
<word id="word_284">un</word>
<word id="word_285">arī</word>
<word id="word_286">viņiem</word>
<word id="word_287">ir</word>
<word id="word_288">laba</word>
<word id="word_289">komanda</word>
<word id="word_290">,</word>
<word id="word_291">īpaši</word>
<word id="word_292">spēka</word>
<word id="word_293">spēlē</word>
<word id="word_294">.</word>
<word id="word_295">Mēs</word>
<word id="word_296">jau_arī</word>
<word id="word_297">tāpat</word>
<word id="word_298">cīnāmies</word>
<word id="word_299">.</word>
<word id="word_300">Trešajā</word>
<word id="word_301">periodā</word>
<word id="word_302">briti</word>
<word id="word_303">sāka</word>
<word id="word_304">ķeksēt</word>
<word id="word_305">,</word>
<word id="word_306">izdarīt</word>
<word id="word_307">slēptus</word>
<word id="word_308">sitienus</word>
<word id="word_309">,</word>
<word id="word_310">bakstīt</word>
<word id="word_311">.</word>
<word id="word_312">Mača</word>
<word id="word_313">sākumā</word>
<word id="word_314">vēl</word>
<word id="word_315">nejutos</word>
<word id="word_316">īsti</word>
<word id="word_317">savā</word>
<word id="word_318">ādā</word>
<word id="word_319">,</word>
<word id="word_320">tomēr</word>
<word id="word_321">guvu</word>
<word id="word_322">vārtus</word>
<word id="word_323">,</word>
<word id="word_324">kad</word>
<word id="word_325">Juris</word>
<word id="word_326">Štāls</word>
<word id="word_327">labi</word>
<word id="word_328">atdeva</word>
<word id="word_329">ripu</word>
<word id="word_330">vārtu</word>
<word id="word_331">priekšā</word>
<word id="word_332">.</word>
<word id="word_333">No</word>
<word id="word_334">otrā</word>
<word id="word_335">perioda</word>
<word id="word_336">aizgāja</word>
<word id="word_337">labi</word>
<word id="word_338">,</word>
<word id="word_339">uz</word>
<word id="word_340">beigām</word>
<word id="word_341">komanda</word>
<word id="word_342">sajuta</word>
<word id="word_343">spēli</word>
<word id="word_344">,</word>
<word id="word_345">un</word>
<word id="word_346">tad</word>
<word id="word_347">arī</word>
<word id="word_348">sametām</word>
<word id="word_349">.</word>
<word id="word_350">Kā</word>
<word id="word_351">mani</word>
<word id="word_352">ietekmēja</word>
<word id="word_353">tas</word>
<word id="word_354">,</word>
<word id="word_355">ka</word>
<word id="word_356">sākumā</word>
<word id="word_357">nebiju</word>
<word id="word_358">izlases</word>
<word id="word_359">kandidātos</word>
<word id="word_360">?</word>
<word id="word_361">Nekā</word>
<word id="word_362">,</word>
<word id="word_363">es</word>
<word id="word_364">par</word>
<word id="word_365">to</word>
<word id="word_366">nedomāju</word>
<word id="word_367">.</word>
<word id="word_368">Bet</word>
<word id="word_369">to</word>
<word id="word_370">,</word>
<word id="word_371">ka</word>
<word id="word_372">jānāk</word>
<word id="word_373">uz</word>
<word id="word_374">treniņiem</word>
<word id="word_375">,</word>
<word id="word_376">uzzināju</word>
<word id="word_377">sestdienas</word>
<word id="word_378">vakarā</word>
<word id="word_379">.</word>
<word id="word_380">&quot;</word>
<word id="word_381">Dālmena</word>
<word id="word_382">dāvana</word>
<word id="word_383">&quot;</word>
<word id="word_384">LA</word>
<word id="word_385">&quot;</word>
<word id="word_386">jau</word>
<word id="word_387">ziņoja</word>
<word id="word_388">,</word>
<word id="word_389">ka</word>
<word id="word_390">pirmajā</word>
<word id="word_391">dienā</word>
<word id="word_392">Kazahstānas</word>
<word id="word_393">hokejisti</word>
<word id="word_394">ar</word>
<word id="word_395">3</word>
<word id="word_396">:</word>
<word id="word_397">2</word>
<word id="word_398">pieveica</word>
<word id="word_399">frančus</word>
<word id="word_400">.</word>
<word id="word_401">Tādējādi</word>
<word id="word_402">Latvijas</word>
<word id="word_403">izlase</word>
<word id="word_404">mačā</word>
<word id="word_405">pret</word>
<word id="word_406">kazahiem</word>
<word id="word_407">nevarēja</word>
<word id="word_408">atļauties</word>
<word id="word_409">zaudējumu</word>
<word id="word_410">.</word>
<word id="word_411">Augstā</word>
<word id="word_412">likme</word>
<word id="word_413">iekārdināja</word>
<word id="word_414">hokeja</word>
<word id="word_415">fanus</word>
<word id="word_416">,</word>
<word id="word_417">un</word>
<word id="word_418">&quot;</word>
<word id="word_419">Arēnā</word>
<word id="word_420">Rīga</word>
<word id="word_421">&quot;</word>
<word id="word_422">tika</word>
<word id="word_423">tirgotas</word>
<word id="word_424">pat</word>
<word id="word_425">stāvvietas</word>
<word id="word_426">.</word>
<word id="word_427">Pēdējo</word>
<word id="word_428">reizi</word>
<word id="word_429">tāda</word>
<word id="word_430">ažiotāža</word>
<word id="word_431">ap</word>
<word id="word_432">izlasi</word>
<word id="word_433">bija</word>
<word id="word_434">olimpiskajā</word>
<word id="word_435">kvalifikācijā</word>
<word id="word_436">pirms</word>
<word id="word_437">četriem</word>
<word id="word_438">gadiem</word>
<word id="word_439">,</word>
<word id="word_440">kad</word>
<word id="word_441">pēdējo</word>
<word id="word_442">maču</word>
<word id="word_443">pret</word>
<word id="word_444">itāliešiem</word>
<word id="word_445">klātienē</word>
<word id="word_446">arīdzan</word>
<word id="word_447">noraudzījās</word>
<word id="word_448">desmit</word>
<word id="word_449">tūkstoši</word>
<word id="word_450">.</word>
<word id="word_451">Latvijas</word>
<word id="word_452">izlase</word>
<word id="word_453">sāka</word>
<word id="word_454">izcili</word>
<word id="word_455">.</word>
<word id="word_456">Vispirms</word>
<word id="word_457">ceturtā</word>
<word id="word_458">maiņa</word>
<word id="word_459">aktīvi</word>
<word id="word_460">nostrādāja</word>
<word id="word_461">vārtu</word>
<word id="word_462">priekšā</word>
<word id="word_463">un</word>
<word id="word_464">ripu</word>
<word id="word_465">iemeta</word>
<word id="word_466">Juris</word>
<word id="word_467">Štāls</word>
<word id="word_468">,</word>
<word id="word_469">nākamajā</word>
<word id="word_470">uzbrukumā</word>
<word id="word_471">Miķelis</word>
<word id="word_472">Rēdlihs</word>
<word id="word_473">pārspēja</word>
<word id="word_474">Vitāliju</word>
<word id="word_475">Koļesņiku</word>
<word id="word_476">,</word>
<word id="word_477">savu</word>
<word id="word_478">komandas</word>
<word id="word_479">biedru</word>
<word id="word_480">Jaroslavļas</word>
<word id="word_481">&quot;</word>
<word id="word_482">Lokomotiv</word>
<word id="word_483">&quot;</word>
<word id="word_484">,</word>
<word id="word_485">un</word>
<word id="word_486">pēc</word>
<word id="word_487">divarpus</word>
<word id="word_488">minūtēm</word>
<word id="word_489">jau</word>
<word id="word_490">2</word>
<word id="word_491">:</word>
<word id="word_492">0.</word>
<word id="word_493">Koļesņiku</word>
<word id="word_494">nomainīja</word>
<word id="word_495">Vitālijs</word>
<word id="word_496">Jeremejevs</word>
<word id="word_497">,</word>
<word id="word_498">kazahi</word>
<word id="word_499">turpināja</word>
<word id="word_500">pacietīgi</word>
<word id="word_501">gaidīt</word>
<word id="word_502">pretinieku</word>
<word id="word_503">kļūdas</word>
<word id="word_504">un</word>
<word id="word_505">arī</word>
<word id="word_506">sagaidīja</word>
<word id="word_507">–</word>
<word id="word_508">pretuzbrukumā</word>
<word id="word_509">precīzs</word>
<word id="word_510">bija</word>
<word id="word_511">Dmitrijs</word>
<word id="word_512">Upers</word>
<word id="word_513">,</word>
<word id="word_514">vairākumu</word>
<word id="word_515">izmantoja</word>
<word id="word_516">Romans</word>
<word id="word_517">Starčenko</word>
<word id="word_518">.</word>
<word id="word_519">Mūsējiem</word>
<word id="word_520">trešo</word>
<word id="word_521">ripu</word>
<word id="word_522">izkārtoja</word>
<word id="word_523">Sprukts</word>
<word id="word_524">,</word>
<word id="word_525">trešā</word>
<word id="word_526">perioda</word>
<word id="word_527">sākumā</word>
<word id="word_528">pretinieku</word>
<word id="word_529">zonā</word>
<word id="word_530">nomedījot</word>
<word id="word_531">Kevinu</word>
<word id="word_532">Dālmenu</word>
<word id="word_533">,</word>
<word id="word_534">tādējādi</word>
<word id="word_535">Kazahstānas</word>
<word id="word_536">izlasei</word>
<word id="word_537">turnīru</word>
<word id="word_538">faktiski</word>
<word id="word_539">noraka</word>
<word id="word_540">tās</word>
<word id="word_541">jaunais</word>
<word id="word_542">pilsonis</word>
<word id="word_543">un</word>
<word id="word_544">lielākā</word>
<word id="word_545">zvaigzne</word>
<word id="word_546">.</word>
<word id="word_547">Dārziņam</word>
<word id="word_548">atlika</word>
<word id="word_549">vien</word>
<word id="word_550">trāpīt</word>
<word id="word_551">tukšos</word>
<word id="word_552">vārtos</word>
<word id="word_553">.</word>
<word id="word_554">Pēdējā</word>
<word id="word_555">minūtē</word>
<word id="word_556">uzgavilēja</word>
<word id="word_557">arī</word>
<word id="word_558">kazahi</word>
<word id="word_559">,</word>
<word id="word_560">arēna</word>
<word id="word_561">pieklusa</word>
<word id="word_562">,</word>
<word id="word_563">video</word>
<word id="word_564">tika</word>
<word id="word_565">pētīts</word>
<word id="word_566">ilgi</word>
<word id="word_567">un</word>
<word id="word_568">sīki</word>
<word id="word_569">,</word>
<word id="word_570">taču</word>
<word id="word_571">atrisinājums</word>
<word id="word_572">bija</word>
<word id="word_573">laimīgs</word>
<word id="word_574">–</word>
<word id="word_575">Vadims</word>
<word id="word_576">Krasnoslobodcevs</word>
<word id="word_577">vārtus</word>
<word id="word_578">guvis</word>
<word id="word_579">ar</word>
<word id="word_580">slidu</word>
<word id="word_581">,</word>
<word id="word_582">tādēļ</word>
<word id="word_583">tos</word>
<word id="word_584">neieskaitīja</word>
<word id="word_585">.</word>
<word id="word_586">Uzvara</word>
<word id="word_587">ar</word>
<word id="word_588">3</word>
<word id="word_589">:</word>
<word id="word_590">2.</word>
<word id="word_591">Labākā</word>
<word id="word_592">spēlētāja</word>
<word id="word_593">balva</word>
<word id="word_594">tika</word>
<word id="word_595">Dārziņam</word>
<word id="word_596">,</word>
<word id="word_597">bet</word>
<word id="word_598">Ņiživijs</word>
<word id="word_599">kļuva</word>
<word id="word_600">par</word>
<word id="word_601">izlases</word>
<word id="word_602">rekordistu</word>
<word id="word_603">aizvadīto</word>
<word id="word_604">spēļu</word>
<word id="word_605">skaita</word>
<word id="word_606">ziņā</word>
<word id="word_607">(</word>
<word id="word_608">216</word>
<word id="word_609">)</word>
<word id="word_610">,</word>
<word id="word_611">apsteidzot</word>
<word id="word_612">Rodrigo</word>
<word id="word_613">Laviņu</word>
<word id="word_614">.</word>
<word id="word_615">Vārtsargs</word>
<word id="word_616">Edgars</word>
<word id="word_617">Masaļskis</word>
<word id="word_618">:</word>
<word id="word_619">&quot;</word>
<word id="word_620">Man</word>
<word id="word_621">bija</word>
<word id="word_622">skaidrs</word>
<word id="word_623">,</word>
<word id="word_624">ka</word>
<word id="word_625">kazahi</word>
<word id="word_626">trešo</word>
<word id="word_627">ripu</word>
<word id="word_628">iemeta</word>
<word id="word_629">ar</word>
<word id="word_630">slidu</word>
<word id="word_631">,</word>
<word id="word_632">jo</word>
<word id="word_633">nūja</word>
<word id="word_634">viņam</word>
<word id="word_635">bija</word>
<word id="word_636">pacelta</word>
<word id="word_637">,</word>
<word id="word_638">un</word>
<word id="word_639">citādi</word>
<word id="word_640">tur</word>
<word id="word_641">nekas</word>
<word id="word_642">nevarēja</word>
<word id="word_643">sanākt</word>
<word id="word_644">.</word>
<word id="word_645">Tomēr</word>
<word id="word_646">uztraucos</word>
<word id="word_647">,</word>
<word id="word_648">jo</word>
<word id="word_649">arī</word>
<word id="word_650">tiesneši</word>
<word id="word_651">mēdz</word>
<word id="word_652">kļūdīties</word>
<word id="word_653">.</word>
<word id="word_654">Šodien</word>
<word id="word_655">ātri</word>
<word id="word_656">iemetām</word>
<word id="word_657">divas</word>
<word id="word_658">ripas</word>
<word id="word_659">,</word>
<word id="word_660">spēle</word>
<word id="word_661">nomierinājās</word>
<word id="word_662">,</word>
<word id="word_663">bet</word>
<word id="word_664">pretinieki</word>
<word id="word_665">nesalūza</word>
<word id="word_666">–</word>
<word id="word_667">zināja</word>
<word id="word_668">,</word>
<word id="word_669">ka</word>
<word id="word_670">ir</word>
<word id="word_671">iespēja</word>
<word id="word_672">atspēlēties</word>
<word id="word_673">.</word>
<word id="word_674">To</word>
<word id="word_675">arī</word>
<word id="word_676">izdarīja</word>
<word id="word_677">,</word>
<word id="word_678">pēc</word>
<word id="word_679">otrā</word>
<word id="word_680">perioda</word>
<word id="word_681">mums</word>
<word id="word_682">ģērbtuvēs</word>
<word id="word_683">bija</word>
<word id="word_684">ļoti</word>
<word id="word_685">kaujiniecisks</word>
<word id="word_686">noskaņojums</word>
<word id="word_687">,</word>
<word id="word_688">jo</word>
<word id="word_689">sapratām</word>
<word id="word_690">,</word>
<word id="word_691">ka</word>
<word id="word_692">jāuzvar</word>
<word id="word_693">–</word>
<word id="word_694">citas</word>
<word id="word_695">iespējas</word>
<word id="word_696">tikt</word>
<word id="word_697">uz</word>
<word id="word_698">Sočiem</word>
<word id="word_699">nebūs</word>
<word id="word_700">.</word>
<word id="word_701">Tā</word>
<word id="word_702">bija</word>
<word id="word_703">divu</word>
<word id="word_704">līdzīgu</word>
<word id="word_705">komandu</word>
<word id="word_706">spēle</word>
<word id="word_707">,</word>
<word id="word_708">mēs</word>
<word id="word_709">varbūt</word>
<word id="word_710">vairāk</word>
<word id="word_711">gribējām</word>
<word id="word_712">,</word>
<word id="word_713">varbūt</word>
<word id="word_714">vairāk</word>
<word id="word_715">paveicās</word>
<word id="word_716">.</word>
<word id="word_717">Man</word>
<word id="word_718">gāja</word>
<word id="word_719">ļoti</word>
<word id="word_720">grūti</word>
<word id="word_721">–</word>
<word id="word_722">viena</word>
<word id="word_723">no</word>
<word id="word_724">sarežģītākajām</word>
<word id="word_725">spēlēm</word>
<word id="word_726">izlasē</word>
<word id="word_727">.</word>
<word id="word_728">Labi</word>
<word id="word_729">,</word>
<word id="word_730">ka</word>
<word id="word_731">tagad</word>
<word id="word_732">būs</word>
<word id="word_733">brīva</word>
<word id="word_734">diena</word>
<word id="word_735">,</word>
<word id="word_736">jo</word>
<word id="word_737">vajag</word>
<word id="word_738">atvilkt</word>
<word id="word_739">elpu</word>
<word id="word_740">.</word>
<word id="word_741">Arī</word>
<word id="word_742">angļiem</word>
<word id="word_743">nebija</word>
<word id="word_744">viegli</word>
<word id="word_745">izskriet</word>
<word id="word_746">līdzi</word>
<word id="word_747">.</word>
<word id="word_748">Skaidrs</word>
<word id="word_749">,</word>
<word id="word_750">ka</word>
<word id="word_751">mačam</word>
<word id="word_752">pret</word>
<word id="word_753">Francijas</word>
<word id="word_754">izlasi</word>
<word id="word_755">jāgatavojas</word>
<word id="word_756">ļoti</word>
<word id="word_757">nopietni</word>
<word id="word_758">,</word>
<word id="word_759">jo</word>
<word id="word_760">izdarīta</word>
<word id="word_761">tikai</word>
<word id="word_762">puse</word>
<word id="word_763">darba</word>
<word id="word_764">.</word>
<word id="word_765">&quot;</word>
<word id="word_766">Vērtīgais</word>
<word id="word_767">punkts</word>
<word id="word_768">Vakar</word>
<word id="word_769">pirmajā</word>
<word id="word_770">mačā</word>
<word id="word_771">Kazahstānas</word>
<word id="word_772">izlase</word>
<word id="word_773">ar</word>
<word id="word_774">6</word>
<word id="word_775">:</word>
<word id="word_776">0</word>
<word id="word_777">apspēlēja</word>
<word id="word_778">britus</word>
<word id="word_779">,</word>
<word id="word_780">kas</word>
<word id="word_781">nozīmēja</word>
<word id="word_782">,</word>
<word id="word_783">ka</word>
<word id="word_784">mūsējiem</word>
<word id="word_785">pret</word>
<word id="word_786">frančiem</word>
<word id="word_787">jāiegūst</word>
<word id="word_788">vismaz</word>
<word id="word_789">punkts</word>
<word id="word_790">,</word>
<word id="word_791">tātad</word>
<word id="word_792">nedrīkstam</word>
<word id="word_793">zaudēt</word>
<word id="word_794">pamatlaikā</word>
<word id="word_795">.</word>
<word id="word_796">Francijas</word>
<word id="word_797">hokejistiem</word>
<word id="word_798">vajadzēja</word>
<word id="word_799">vai_nu</word>
<word id="word_800">uzvaru</word>
<word id="word_801">ar</word>
<word id="word_802">vienu</word>
<word id="word_803">vārtu</word>
<word id="word_804">pārsvaru</word>
<word id="word_805">rezultatīvā</word>
<word id="word_806">spēlē</word>
<word id="word_807">,</word>
<word id="word_808">sākot</word>
<word id="word_809">ar</word>
<word id="word_810">4</word>
<word id="word_811">:</word>
<word id="word_812">3</word>
<word id="word_813">,</word>
<word id="word_814">vai</word>
<word id="word_815">ar</word>
<word id="word_816">divu</word>
<word id="word_817">ripu</word>
<word id="word_818">pārākumu</word>
<word id="word_819">,</word>
<word id="word_820">ko</word>
<word id="word_821">pirmajā</word>
<word id="word_822">periodā</word>
<word id="word_823">viņi</word>
<word id="word_824">arī</word>
<word id="word_825">panāca</word>
<word id="word_826">.</word>
<word id="word_827">Latvieši</word>
<word id="word_828">spēlēja</word>
<word id="word_829">nepārliecinoši</word>
<word id="word_830">,</word>
<word id="word_831">četras</word>
<word id="word_832">reizes</word>
<word id="word_833">nerealizējot</word>
<word id="word_834">vairākumu</word>
<word id="word_835">,</word>
<word id="word_836">tostarp</word>
<word id="word_837">50</word>
<word id="word_838">sekundes</word>
<word id="word_839">piecatā</word>
<word id="word_840">pret</word>
<word id="word_841">trim</word>
<word id="word_842">.</word>
<word id="word_843">Otrajā</word>
<word id="word_844">periodā</word>
<word id="word_845">viņi</word>
<word id="word_846">uz</word>
<word id="word_847">sāncenšu</word>
<word id="word_848">vārtiem</word>
<word id="word_849">devās</word>
<word id="word_850">mērķtiecīgāk</word>
<word id="word_851">,</word>
<word id="word_852">un</word>
<word id="word_853">35.</word>
<word id="word_854">minūtē</word>
<word id="word_855">Lauris</word>
<word id="word_856">Dārziņš</word>
<word id="word_857">pretuzbrukumā</word>
<word id="word_858">samazināja</word>
<word id="word_859">deficītu</word>
<word id="word_860">(</word>
<word id="word_861">1</word>
<word id="word_862">:</word>
<word id="word_863">2</word>
<word id="word_864">)</word>
<word id="word_865">,</word>
<word id="word_866">bet</word>
<word id="word_867">pēdējā</word>
<word id="word_868">perioda</word>
<word id="word_869">pirmajā</word>
<word id="word_870">minūtē</word>
<word id="word_871">pēc</word>
<word id="word_872">Laura</word>
<word id="word_873">piespēles</word>
<word id="word_874">rezultātu</word>
<word id="word_875">vienādoja</word>
<word id="word_876">Mārtiņš</word>
<word id="word_877">Karsums</word>
<word id="word_878">.</word>
<word id="word_879">Līdz</word>
<word id="word_880">pamatlaika</word>
<word id="word_881">beigām</word>
<word id="word_882">vārtus</word>
<word id="word_883">neguva</word>
<word id="word_884">neviena</word>
<word id="word_885">komanda</word>
<word id="word_886">,</word>
<word id="word_887">tādēļ</word>
<word id="word_888">Latvijas</word>
<word id="word_889">hokejistiem</word>
<word id="word_890">punkts</word>
<word id="word_891">un</word>
<word id="word_892">līdzdalība</word>
<word id="word_893">olimpiskajās</word>
<word id="word_894">spēlēs</word>
<word id="word_895">bija</word>
<word id="word_896">rokā</word>
<word id="word_897">par</word>
<word id="word_898">spīti</word>
<word id="word_899">zaudējumam</word>
<word id="word_900">papildlaikā</word>
<word id="word_901">.</word>
<word id="word_902">Slovēņu</word>
<word id="word_903">brīnums</word>
<word id="word_904">Ceļazīmi</word>
<word id="word_905">uz</word>
<word id="word_906">Sočiem</word>
<word id="word_907">izcīnīja</word>
<word id="word_908">arī</word>
<word id="word_909">Slovēnijas</word>
<word id="word_910">hokejisti</word>
<word id="word_911">,</word>
<word id="word_912">kvalifikācijas</word>
<word id="word_913">turnīra</word>
<word id="word_914">F</word>
<word id="word_915">grupā</word>
<word id="word_916">Vojensē</word>
<word id="word_917">pārsteidzoši</word>
<word id="word_918">pieveica</word>
<word id="word_919">gan</word>
<word id="word_920">baltkrievus</word>
<word id="word_921">(</word>
<word id="word_922">4</word>
<word id="word_923">:</word>
<word id="word_924">2</word>
<word id="word_925">)</word>
<word id="word_926">,</word>
<word id="word_927">gan</word>
<word id="word_928">mājiniekus</word>
<word id="word_929">dāņus</word>
<word id="word_930">(</word>
<word id="word_931">2</word>
<word id="word_932">:</word>
<word id="word_933">1</word>
<word id="word_934">)</word>
<word id="word_935">,</word>
<word id="word_936">pirmo</word>
<word id="word_937">vietu</word>
<word id="word_938">sev</word>
<word id="word_939">nodrošinot</word>
<word id="word_940">jau</word>
<word id="word_941">pirms</word>
<word id="word_942">pēdējā</word>
<word id="word_943">mača</word>
<word id="word_944">pret</word>
<word id="word_945">Ukrainas</word>
<word id="word_946">izlasi</word>
<word id="word_947">(</word>
<word id="word_948">6</word>
<word id="word_949">:</word>
<word id="word_950">1</word>
<word id="word_951">)</word>
<word id="word_952">.</word>
<word id="word_953">Slovēņi</word>
<word id="word_954">olimpiskajās</word>
<word id="word_955">spēlēs</word>
<word id="word_956">vēl</word>
<word id="word_957">nav</word>
<word id="word_958">piedalījušies</word>
<word id="word_959">.</word>
<word id="word_960">D</word>
<word id="word_961">grupā</word>
<word id="word_962">Bītigheimā-Bisingenē</word>
<word id="word_963">(</word>
<word id="word_964">Vācija</word>
<word id="word_965">)</word>
<word id="word_966">triumfēja</word>
<word id="word_967">Austrijas</word>
<word id="word_968">izlase</word>
<word id="word_969">.</word>
<word id="word_970">REZULTĀTI</word>
<word id="word_971">.</word>
<word id="word_972">HOKEJS</word>
<word id="word_973">OLIMPISKO</word>
<word id="word_974">SPĒĻU</word>
<word id="word_975">KVALIFIKĀCIJA</word>
<word id="word_976">E</word>
<word id="word_977">grupa</word>
<word id="word_978">Latvija</word>
<word id="word_979">–</word>
<word id="word_980">Lielbritānija</word>
<word id="word_981">6</word>
<word id="word_982">:</word>
<word id="word_983">2</word>
<word id="word_984">(</word>
<word id="word_985">2</word>
<word id="word_986">:</word>
<word id="word_987">1</word>
<word id="word_988">,</word>
<word id="word_989">1</word>
<word id="word_990">:</word>
<word id="word_991">0</word>
<word id="word_992">,</word>
<word id="word_993">3</word>
<word id="word_994">:</word>
<word id="word_995">1</word>
<word id="word_996">)</word>
<word id="word_997">,</word>
<word id="word_998">02:57</word>
<word id="word_999">Meija</word>
<word id="word_1000">(</word>
<word id="word_1001">Cipulis</word>
<word id="word_1002">,</word>
<word id="word_1003">Štāls</word>
<word id="word_1004">)</word>
<word id="word_1005">1</word>
<word id="word_1006">:</word>
<word id="word_1007">0</word>
<word id="word_1008">,</word>
<word id="word_1009">03:58</word>
<word id="word_1010">Douds</word>
<word id="word_1011">(</word>
<word id="word_1012">Šīlds</word>
<word id="word_1013">)</word>
<word id="word_1014">1</word>
<word id="word_1015">:</word>
<word id="word_1016">1</word>
<word id="word_1017">,</word>
<word id="word_1018">14:43</word>
<word id="word_1019">Indrašis</word>
<word id="word_1020">(</word>
<word id="word_1021">Ņiživijs</word>
<word id="word_1022">,</word>
<word id="word_1023">Dārziņš</word>
<word id="word_1024">,</word>
<word id="word_1025">vair</word>
<word id="word_1026">.</word>
<word id="word_1027">)</word>
<word id="word_1028">2</word>
<word id="word_1029">:</word>
<word id="word_1030">1</word>
<word id="word_1031">,</word>
<word id="word_1032">29</word>
<word id="word_1033">:</word>
<word id="word_1034">50</word>
<word id="word_1035">Bārtulis</word>
<word id="word_1036">(</word>
<word id="word_1037">Ņiživijs</word>
<word id="word_1038">,</word>
<word id="word_1039">vair</word>
<word id="word_1040">.</word>
<word id="word_1041">)</word>
<word id="word_1042">3</word>
<word id="word_1043">:</word>
<word id="word_1044">1</word>
<word id="word_1045">,</word>
<word id="word_1046">43</word>
<word id="word_1047">:</word>
<word id="word_1048">24</word>
<word id="word_1049">Ķēniņš</word>
<word id="word_1050">(</word>
<word id="word_1051">Jekimovs</word>
<word id="word_1052">,</word>
<word id="word_1053">M.</word>
<word id="word_1054">Rēdlihs</word>
<word id="word_1055">)</word>
<word id="word_1056">4</word>
<word id="word_1057">:</word>
<word id="word_1058">1</word>
<word id="word_1059">,</word>
<word id="word_1060">53</word>
<word id="word_1061">:</word>
<word id="word_1062">07</word>
<word id="word_1063">Pujacs</word>
<word id="word_1064">(</word>
<word id="word_1065">Meija</word>
<word id="word_1066">)</word>
<word id="word_1067">5</word>
<word id="word_1068">:</word>
<word id="word_1069">1</word>
<word id="word_1070">,</word>
<word id="word_1071">57</word>
<word id="word_1072">:</word>
<word id="word_1073">47</word>
<word id="word_1074">Pīkoks</word>
<word id="word_1075">(</word>
<word id="word_1076">Šīlds</word>
<word id="word_1077">,</word>
<word id="word_1078">O</word>
<word id="word_1079">’</word>
<word id="word_1080">Konors</word>
<word id="word_1081">,</word>
<word id="word_1082">vair</word>
<word id="word_1083">.</word>
<word id="word_1084">+</word>
<word id="word_1085">2</word>
<word id="word_1086">)</word>
<word id="word_1087">5</word>
<word id="word_1088">:</word>
<word id="word_1089">2</word>
<word id="word_1090">,</word>
<word id="word_1091">59</word>
<word id="word_1092">:</word>
<word id="word_1093">42</word>
<word id="word_1094">Dārziņš</word>
<word id="word_1095">(</word>
<word id="word_1096">Indrašis</word>
<word id="word_1097">,</word>
<word id="word_1098">Ņiživijs</word>
<word id="word_1099">,</word>
<word id="word_1100">vair</word>
<word id="word_1101">.</word>
<word id="word_1102">+</word>
<word id="word_1103">2</word>
<word id="word_1104">)</word>
<word id="word_1105">6</word>
<word id="word_1106">:</word>
<word id="word_1107">2.</word>
<word id="word_1108">Latvija</word>
<word id="word_1109">–</word>
<word id="word_1110">Kazahstāna</word>
<word id="word_1111">3</word>
<word id="word_1112">:</word>
<word id="word_1113">2</word>
<word id="word_1114">(</word>
<word id="word_1115">2</word>
<word id="word_1116">:</word>
<word id="word_1117">1</word>
<word id="word_1118">,</word>
<word id="word_1119">0</word>
<word id="word_1120">:</word>
<word id="word_1121">1</word>
<word id="word_1122">,</word>
<word id="word_1123">1</word>
<word id="word_1124">:</word>
<word id="word_1125">0</word>
<word id="word_1126">)</word>
<word id="word_1127">01:58</word>
<word id="word_1128">Štāls</word>
<word id="word_1129">(</word>
<word id="word_1130">Meija</word>
<word id="word_1131">,</word>
<word id="word_1132">Reķis</word>
<word id="word_1133">)</word>
<word id="word_1134">1</word>
<word id="word_1135">:</word>
<word id="word_1136">0</word>
<word id="word_1137">,</word>
<word id="word_1138">02:37</word>
<word id="word_1139">M.</word>
<word id="word_1140">Rēdlihs</word>
<word id="word_1141">(</word>
<word id="word_1142">Jekimovs</word>
<word id="word_1143">)</word>
<word id="word_1144">2</word>
<word id="word_1145">:</word>
<word id="word_1146">0</word>
<word id="word_1147">,</word>
<word id="word_1148">15:15</word>
<word id="word_1149">Upers</word>
<word id="word_1150">2</word>
<word id="word_1151">:</word>
<word id="word_1152">1</word>
<word id="word_1153">,</word>
<word id="word_1154">33</word>
<word id="word_1155">:</word>
<word id="word_1156">00</word>
<word id="word_1157">Starčenko</word>
<word id="word_1158">(</word>
<word id="word_1159">Aleksandrovs</word>
<word id="word_1160">,</word>
<word id="word_1161">vair</word>
<word id="word_1162">.</word>
<word id="word_1163">)</word>
<word id="word_1164">2</word>
<word id="word_1165">:</word>
<word id="word_1166">2</word>
<word id="word_1167">,</word>
<word id="word_1168">40</word>
<word id="word_1169">:</word>
<word id="word_1170">40</word>
<word id="word_1171">Dārziņš</word>
<word id="word_1172">(</word>
<word id="word_1173">Karsums</word>
<word id="word_1174">,</word>
<word id="word_1175">Sprukts</word>
<word id="word_1176">)</word>
<word id="word_1177">3</word>
<word id="word_1178">:</word>
<word id="word_1179">2.</word>
<word id="word_1180">Latvija</word>
<word id="word_1181">–</word>
<word id="word_1182">Francija</word>
<word id="word_1183">2</word>
<word id="word_1184">:</word>
<word id="word_1185">3</word>
<word id="word_1186">papildlaikā</word>
<word id="word_1187">(</word>
<word id="word_1188">0</word>
<word id="word_1189">:</word>
<word id="word_1190">2</word>
<word id="word_1191">,</word>
<word id="word_1192">1</word>
<word id="word_1193">:</word>
<word id="word_1194">0</word>
<word id="word_1195">,</word>
<word id="word_1196">1</word>
<word id="word_1197">:</word>
<word id="word_1198">0</word>
<word id="word_1199">,</word>
<word id="word_1200">0</word>
<word id="word_1201">:</word>
<word id="word_1202">1</word>
<word id="word_1203">)</word>
<word id="word_1204">,</word>
<word id="word_1205">02:50</word>
<word id="word_1206">Flerī</word>
<word id="word_1207">(</word>
<word id="word_1208">Ovitū</word>
<word id="word_1209">)</word>
<word id="word_1210">,</word>
<word id="word_1211">vair</word>
<word id="word_1212">.</word>
<word id="word_1213">)</word>
<word id="word_1214">0</word>
<word id="word_1215">:</word>
<word id="word_1216">1</word>
<word id="word_1217">,</word>
<word id="word_1218">14:50</word>
<word id="word_1219">Menjē</word>
<word id="word_1220">(</word>
<word id="word_1221">Derozjērs</word>
<word id="word_1222">)</word>
<word id="word_1223">0</word>
<word id="word_1224">:</word>
<word id="word_1225">2</word>
<word id="word_1226">,</word>
<word id="word_1227">34</word>
<word id="word_1228">:</word>
<word id="word_1229">59</word>
<word id="word_1230">Dārziņš</word>
<word id="word_1231">(</word>
<word id="word_1232">Ķēniņš</word>
<word id="word_1233">,</word>
<word id="word_1234">M.</word>
<word id="word_1235">Rēdlihs</word>
<word id="word_1236">)</word>
<word id="word_1237">1</word>
<word id="word_1238">:</word>
<word id="word_1239">2</word>
<word id="word_1240">,</word>
<word id="word_1241">40</word>
<word id="word_1242">:</word>
<word id="word_1243">12</word>
<word id="word_1244">Karsums</word>
<word id="word_1245">(</word>
<word id="word_1246">Dārziņš</word>
<word id="word_1247">)</word>
<word id="word_1248">2</word>
<word id="word_1249">:</word>
<word id="word_1250">2</word>
<word id="word_1251">,</word>
<word id="word_1252">64</word>
<word id="word_1253">:</word>
<word id="word_1254">20</word>
<word id="word_1255">Bellemārs</word>
<word id="word_1256">(</word>
<word id="word_1257">Amars</word>
<word id="word_1258">,</word>
<word id="word_1259">Menjē</word>
<word id="word_1260">)</word>
<word id="word_1261">2</word>
<word id="word_1262">:</word>
<word id="word_1263">3.</word>
<word id="word_1264">Francija</word>
<word id="word_1265">–</word>
<word id="word_1266">Lielbritānija</word>
<word id="word_1267">4</word>
<word id="word_1268">:</word>
<word id="word_1269">2</word>
<word id="word_1270">(</word>
<word id="word_1271">1</word>
<word id="word_1272">:</word>
<word id="word_1273">0</word>
<word id="word_1274">,</word>
<word id="word_1275">2</word>
<word id="word_1276">:</word>
<word id="word_1277">0</word>
<word id="word_1278">,</word>
<word id="word_1279">1</word>
<word id="word_1280">:</word>
<word id="word_1281">2</word>
<word id="word_1282">)</word>
<word id="word_1283">.</word>
<word id="word_1284">Kazahstāna</word>
<word id="word_1285">–</word>
<word id="word_1286">Lielbritānija</word>
<word id="word_1287">6</word>
<word id="word_1288">:</word>
<word id="word_1289">0</word>
<word id="word_1290">(</word>
<word id="word_1291">2</word>
<word id="word_1292">:</word>
<word id="word_1293">0</word>
<word id="word_1294">,</word>
<word id="word_1295">4</word>
<word id="word_1296">:</word>
<word id="word_1297">0</word>
<word id="word_1298">,</word>
<word id="word_1299">0</word>
<word id="word_1300">:</word>
<word id="word_1301">0</word>
<word id="word_1302">)</word>
<word id="word_1303">.</word>
</words>