<?xml version="1.0" encoding="UTF-8"?>
<!DOCTYPE words SYSTEM "words.dtd">
<words><word id="word_1">Diena</word>
<word id="word_2">:</word>
<word id="word_3">Pacienti</word>
<word id="word_4">,</word>
<word id="word_5">lūdzu</word>
<word id="word_6">,</word>
<word id="word_7">neriskējiet</word>
<word id="word_8">!</word>
<word id="word_9">Ārsti</word>
<word id="word_10">arī</word>
<word id="word_11">11</word>
<word id="word_12">Feb</word>
<word id="word_13">2013</word>
<word id="word_14">Ar</word>
<word id="word_15">plakātiem</word>
<word id="word_16">slimnīcās</word>
<word id="word_17">un</word>
<word id="word_18">videoklipiem</word>
<word id="word_19">televīzijā</word>
<word id="word_20">KNAB</word>
<word id="word_21">sāk</word>
<word id="word_22">kampaņu</word>
<word id="word_23">pret</word>
<word id="word_24">aploksnēm</word>
<word id="word_25">Pirms</word>
<word id="word_26">trim</word>
<word id="word_27">gadiem</word>
<word id="word_28">,</word>
<word id="word_29">kad</word>
<word id="word_30">Diena</word>
<word id="word_31">eksperimentā</word>
<word id="word_32">aicināja</word>
<word id="word_33">slimnīcas</word>
<word id="word_34">izlikt</word>
<word id="word_35">paziņojumus</word>
<word id="word_36">pacientiem</word>
<word id="word_37">–</word>
<word id="word_38">dāvanas</word>
<word id="word_39">un</word>
<word id="word_40">naudu</word>
<word id="word_41">,</word>
<word id="word_42">lūdzu</word>
<word id="word_43">,</word>
<word id="word_44">nenesiet</word>
<word id="word_45">,</word>
<word id="word_46">mūsu</word>
<word id="word_47">ārsti</word>
<word id="word_48">nepieņems</word>
<word id="word_49">–</word>
<word id="word_50">,</word>
<word id="word_51">atbildes</word>
<word id="word_52">lielākoties</word>
<word id="word_53">bija</word>
<word id="word_54">izvairīgas</word>
<word id="word_55">,</word>
<word id="word_56">taču</word>
<word id="word_57">drīzumā</word>
<word id="word_58">vairākas</word>
<word id="word_59">slimnīcas</word>
<word id="word_60">izvietos</word>
<word id="word_61">līdzīga</word>
<word id="word_62">satura</word>
<word id="word_63">plakātus</word>
<word id="word_64">.</word>
<word id="word_65">Plakātu</word>
<word id="word_66">«</word>
<word id="word_67">Neriskē</word>
<word id="word_68">!</word>
<word id="word_69">Pakalpojums</word>
<word id="word_70">jau</word>
<word id="word_71">ir</word>
<word id="word_72">apmaksāts</word>
<word id="word_73">!</word>
<word id="word_74">»</word>
<word id="word_75">ar</word>
<word id="word_76">ārstu</word>
<word id="word_77">,</word>
<word id="word_78">kurš</word>
<word id="word_79">noraida</word>
<word id="word_80">pacienta</word>
<word id="word_81">sniegto</word>
<word id="word_82">aploksni</word>
<word id="word_83">,</word>
<word id="word_84">sagatavojis</word>
<word id="word_85">Korupcijas</word>
<word id="word_86">novēršanas</word>
<word id="word_87">un</word>
<word id="word_88">apkarošanas</word>
<word id="word_89">birojs</word>
<word id="word_90">(</word>
<word id="word_91">KNAB</word>
<word id="word_92">)</word>
<word id="word_93">.</word>
<word id="word_94">Birojs</word>
<word id="word_95">novērojis</word>
<word id="word_96">–</word>
<word id="word_97">ledus</word>
<word id="word_98">ir</word>
<word id="word_99">sakustējies</word>
<word id="word_100">,</word>
<word id="word_101">ir</word>
<word id="word_102">jūtams</word>
<word id="word_103">atbalsts</word>
<word id="word_104">no</word>
<word id="word_105">ārstniecības</word>
<word id="word_106">iestāžu</word>
<word id="word_107">puses</word>
<word id="word_108">.</word>
<word id="word_109">KNAB</word>
<word id="word_110">sociālās</word>
<word id="word_111">kampaņas</word>
<word id="word_112">mērķis</word>
<word id="word_113">–</word>
<word id="word_114">veicināt</word>
<word id="word_115">sabiedrības</word>
<word id="word_116">neiecietību</word>
<word id="word_117">pret</word>
<word id="word_118">korupciju</word>
<word id="word_119">medicīnā</word>
<word id="word_120">un</word>
<word id="word_121">mudināt</word>
<word id="word_122">cilvēkus</word>
<word id="word_123">neiesaistīties</word>
<word id="word_124">prettiesiskās</word>
<word id="word_125">darbībās</word>
<word id="word_126">.</word>
<word id="word_127">No</word>
<word id="word_128">11.</word>
<word id="word_129">līdz</word>
<word id="word_130">24.</word>
<word id="word_131">februārim</word>
<word id="word_132">televīzijā</word>
<word id="word_133">demonstrēs</word>
<word id="word_134">kampaņas</word>
<word id="word_135">videoklipu</word>
<word id="word_136">,</word>
<word id="word_137">kuru</word>
<word id="word_138">veidojusi</word>
<word id="word_139">un</word>
<word id="word_140">bez</word>
<word id="word_141">maksas</word>
<word id="word_142">ļauj</word>
<word id="word_143">izmantot</word>
<word id="word_144">starptautiskās</word>
<word id="word_145">pretkorupcijas</word>
<word id="word_146">organizācijas</word>
<word id="word_147">Transparency</word>
<word id="word_148">International</word>
<word id="word_149">Lietuvas</word>
<word id="word_150">nodaļa</word>
<word id="word_151">.</word>
<word id="word_152">Izvietošana</word>
<word id="word_153">TV</word>
<word id="word_154">kanālos</word>
<word id="word_155">un</word>
<word id="word_156">videoklipa</word>
<word id="word_157">adaptācija</word>
<word id="word_158">izmaksājusi</word>
<word id="word_159">aptuveni</word>
<word id="word_160">16_000</word>
<word id="word_161">latu</word>
<word id="word_162">.</word>
<word id="word_163">Šogad</word>
<word id="word_164">1.</word>
<word id="word_165">aprīlī</word>
<word id="word_166">stāsies</word>
<word id="word_167">spēkā</word>
<word id="word_168">grozījumi</word>
<word id="word_169">Krimināllikumā</word>
<word id="word_170">,</word>
<word id="word_171">kas</word>
<word id="word_172">paredz</word>
<word id="word_173">sodu</word>
<word id="word_174">par</word>
<word id="word_175">materiāla</word>
<word id="word_176">labuma</word>
<word id="word_177">piedāvāšanu</word>
<word id="word_178">vai</word>
<word id="word_179">nodošanu</word>
<word id="word_180">valsts</word>
<word id="word_181">vai</word>
<word id="word_182">pašvaldības</word>
<word id="word_183">iestādes</word>
<word id="word_184">darbiniekiem</word>
<word id="word_185">,</word>
<word id="word_186">tajā</word>
<word id="word_187">skaitā</word>
<word id="word_188">arī</word>
<word id="word_189">mediķiem</word>
<word id="word_190">.</word>
<word id="word_191">Paredzētais</word>
<word id="word_192">sods</word>
<word id="word_193">–</word>
<word id="word_194">piespiedu</word>
<word id="word_195">darbs</word>
<word id="word_196">vai</word>
<word id="word_197">naudas</word>
<word id="word_198">sods</word>
<word id="word_199">,</word>
<word id="word_200">bet</word>
<word id="word_201">,</word>
<word id="word_202">ja</word>
<word id="word_203">darbības</word>
<word id="word_204">izdarītas</word>
<word id="word_205">lielā</word>
<word id="word_206">apmērā</word>
<word id="word_207">,</word>
<word id="word_208">–</word>
<word id="word_209">pat</word>
<word id="word_210">brīvības</word>
<word id="word_211">atņemšana</word>
<word id="word_212">uz</word>
<word id="word_213">laiku</word>
<word id="word_214">līdz</word>
<word id="word_215">diviem</word>
<word id="word_216">gadiem</word>
<word id="word_217">.</word>
<word id="word_218">Vienlaikus</word>
<word id="word_219">jaunās</word>
<word id="word_220">izmaiņas</word>
<word id="word_221">paredz</word>
<word id="word_222">atbrīvot</word>
<word id="word_223">labuma</word>
<word id="word_224">devēju</word>
<word id="word_225">no</word>
<word id="word_226">kriminālatbildības</word>
<word id="word_227">,</word>
<word id="word_228">ja</word>
<word id="word_229">labums</word>
<word id="word_230">pieprasīts</word>
<word id="word_231">vai</word>
<word id="word_232">izspiests</word>
<word id="word_233">un</word>
<word id="word_234">persona</word>
<word id="word_235">par</word>
<word id="word_236">to</word>
<word id="word_237">ziņojusi</word>
<word id="word_238">.</word>
<word id="word_239">Aizdomās</word>
<word id="word_240">par</word>
<word id="word_241">korupciju</word>
<word id="word_242">jāvēršas</word>
<word id="word_243">KNAB</word>
<word id="word_244">,</word>
<word id="word_245">zvanot</word>
<word id="word_246">uz</word>
<word id="word_247">uzticības</word>
<word id="word_248">tālruni</word>
<word id="word_249">:</word>
<word id="word_250">80002070.</word>
<word id="word_251">Ārstiem</word>
<word id="word_252">kriminālatbildība</word>
<word id="word_253">par</word>
<word id="word_254">prettiesisku</word>
<word id="word_255">materiālu</word>
<word id="word_256">labumu</word>
<word id="word_257">pieņemšanu</word>
<word id="word_258">noteikta</word>
<word id="word_259">jau</word>
<word id="word_260">pirms</word>
<word id="word_261">trim</word>
<word id="word_262">gadiem</word>
<word id="word_263">.</word>
<word id="word_264">«</word>
<word id="word_265">Jau</word>
<word id="word_266">pirmdien</word>
<word id="word_267">(</word>
<word id="word_268">šodien</word>
<word id="word_269">–</word>
<word id="word_270">red</word>
<word id="word_271">.</word>
<word id="word_272">)</word>
<word id="word_273">slimnīcā</word>
<word id="word_274">izliksim</word>
<word id="word_275">KNAB</word>
<word id="word_276">sagatavoto</word>
<word id="word_277">plakātu</word>
<word id="word_278">un</word>
<word id="word_279">informatīvos</word>
<word id="word_280">materiālus</word>
<word id="word_281">,</word>
<word id="word_282">»</word>
<word id="word_283">Dienai</word>
<word id="word_284">saka</word>
<word id="word_285">Bērnu</word>
<word id="word_286">slimnīcas</word>
<word id="word_287">pārstāve</word>
<word id="word_288">Romēna</word>
<word id="word_289">Namniece</word>
<word id="word_290">.</word>
<word id="word_291">Slimnīcas</word>
<word id="word_292">vadītāja</word>
<word id="word_293">Anda</word>
<word id="word_294">Čakša</word>
<word id="word_295">stāsta</word>
<word id="word_296">,</word>
<word id="word_297">ka</word>
<word id="word_298">martā</word>
<word id="word_299">plāno</word>
<word id="word_300">ar</word>
<word id="word_301">izmaiņām</word>
<word id="word_302">saistītos</word>
<word id="word_303">jautājumus</word>
<word id="word_304">aktualizēt</word>
<word id="word_305">arī</word>
<word id="word_306">sociālajos</word>
<word id="word_307">tīklos</word>
<word id="word_308">un</word>
<word id="word_309">slimnīcas</word>
<word id="word_310">mājaslapā</word>
<word id="word_311">.</word>
<word id="word_312">Slimnīca</word>
<word id="word_313">pēc</word>
<word id="word_314">savas</word>
<word id="word_315">iniciatīvas</word>
<word id="word_316">sākusi</word>
<word id="word_317">pilnveidot</word>
<word id="word_318">ētikas</word>
<word id="word_319">kodeksu</word>
<word id="word_320">,</word>
<word id="word_321">kas</word>
<word id="word_322">skars</word>
<word id="word_323">arī</word>
<word id="word_324">pateicību</word>
<word id="word_325">pieņemšanu</word>
<word id="word_326">.</word>
<word id="word_327">KNAB</word>
<word id="word_328">sociālās</word>
<word id="word_329">kampaņas</word>
<word id="word_330">pamatideja</word>
<word id="word_331">videoklipā</word>
<word id="word_332">ir</word>
<word id="word_333">šāda</word>
<word id="word_334">:</word>
<word id="word_335">ārstu</word>
<word id="word_336">uzpirkšana</word>
<word id="word_337">negarantē</word>
<word id="word_338">iespējas</word>
<word id="word_339">saņemt</word>
<word id="word_340">veselības</word>
<word id="word_341">aprūpes</word>
<word id="word_342">pakalpojumu</word>
<word id="word_343">,</word>
<word id="word_344">jo</word>
<word id="word_345">iespēja</word>
<word id="word_346">godīgā</word>
<word id="word_347">un</word>
<word id="word_348">likumīgā</word>
<word id="word_349">ceļā</word>
<word id="word_350">saņemt</word>
<word id="word_351">medicīnas</word>
<word id="word_352">pakalpojumus</word>
<word id="word_353">tikai</word>
<word id="word_354">sarūk</word>
<word id="word_355">.</word>
<word id="word_356">«</word>
<word id="word_357">Kukuļa</word>
<word id="word_358">summu</word>
<word id="word_359">inflācija</word>
<word id="word_360">un</word>
<word id="word_361">korupcijas</word>
<word id="word_362">pieaugums</word>
<word id="word_363">vēršas</word>
<word id="word_364">pret</word>
<word id="word_365">pacientu</word>
<word id="word_366">,</word>
<word id="word_367">tāpēc</word>
<word id="word_368">vienīgā</word>
<word id="word_369">izeja</word>
<word id="word_370">ir</word>
<word id="word_371">kukuli</word>
<word id="word_372">nedot</word>
<word id="word_373">,</word>
<word id="word_374">»</word>
<word id="word_375">skaidro</word>
<word id="word_376">Diāna</word>
<word id="word_377">Kurpniece</word>
<word id="word_378">,</word>
<word id="word_379">KNAB</word>
<word id="word_380">Korupcijas</word>
<word id="word_381">novēršanas</word>
<word id="word_382">nodaļas</word>
<word id="word_383">vadītāja</word>
<word id="word_384">.</word>
<word id="word_385">Pagājušajā</word>
<word id="word_386">ceturtdienā</word>
<word id="word_387">,</word>
<word id="word_388">tiekoties</word>
<word id="word_389">ar</word>
<word id="word_390">slimnīcu</word>
<word id="word_391">vadību</word>
<word id="word_392">,</word>
<word id="word_393">KNAB</word>
<word id="word_394">izdalīja</word>
<word id="word_395">kampaņas</word>
<word id="word_396">plakātus</word>
<word id="word_397">,</word>
<word id="word_398">aicinot</word>
<word id="word_399">tos</word>
<word id="word_400">izvietot</word>
<word id="word_401">slimnīcās</word>
<word id="word_402">un</word>
<word id="word_403">poliklīnikās</word>
<word id="word_404">.</word>
<word id="word_405">«</word>
<word id="word_406">Ar</word>
<word id="word_407">plakātu</word>
<word id="word_408">mēs</word>
<word id="word_409">vēlamies</word>
<word id="word_410">parādīt</word>
<word id="word_411">,</word>
<word id="word_412">ka</word>
<word id="word_413">ārsti</word>
<word id="word_414">ir</word>
<word id="word_415">augstu</word>
<word id="word_416">vērtējami</word>
<word id="word_417">un</word>
<word id="word_418">viņi</word>
<word id="word_419">pirmie</word>
<word id="word_420">var</word>
<word id="word_421">dot</word>
<word id="word_422">mājienu</word>
<word id="word_423">pacientam</word>
<word id="word_424">–</word>
<word id="word_425">mēs</word>
<word id="word_426">cienām</word>
<word id="word_427">savu</word>
<word id="word_428">profesiju</word>
<word id="word_429">,</word>
<word id="word_430">mēs</word>
<word id="word_431">esam</word>
<word id="word_432">ārsti</word>
<word id="word_433">un</word>
<word id="word_434">atsakāmies</word>
<word id="word_435">no</word>
<word id="word_436">naudas</word>
<word id="word_437">,</word>
<word id="word_438">ko</word>
<word id="word_439">pacients</word>
<word id="word_440">dod</word>
<word id="word_441">,</word>
<word id="word_442">»</word>
<word id="word_443">saka</word>
<word id="word_444">KNAB</word>
<word id="word_445">priekšnieks</word>
<word id="word_446">Jaroslavs</word>
<word id="word_447">Streļčenoks</word>
<word id="word_448">.</word>
<word id="word_449">Esot</word>
<word id="word_450">jārada</word>
<word id="word_451">izpratne</word>
<word id="word_452">,</word>
<word id="word_453">ka</word>
<word id="word_454">pacients</word>
<word id="word_455">saņem</word>
<word id="word_456">valsts</word>
<word id="word_457">apmaksātu</word>
<word id="word_458">pakalpojumu</word>
<word id="word_459">.</word>
<word id="word_460">200</word>
<word id="word_461">plakātu</word>
<word id="word_462">tirāža</word>
<word id="word_463">izmaksājusi</word>
<word id="word_464">70</word>
<word id="word_465">latu</word>
<word id="word_466">.</word>
<word id="word_467">J.</word>
<word id="word_468">Streļčenoks</word>
<word id="word_469">min</word>
<word id="word_470">piemēru</word>
<word id="word_471">,</word>
<word id="word_472">kas</word>
<word id="word_473">viņu</word>
<word id="word_474">patīkami</word>
<word id="word_475">pārsteidzis</word>
<word id="word_476">,</word>
<word id="word_477">–</word>
<word id="word_478">nesen</word>
<word id="word_479">Stradiņa</word>
<word id="word_480">slimnīcā</word>
<word id="word_481">iestājies</word>
<word id="word_482">pacients</word>
<word id="word_483">,</word>
<word id="word_484">kuram</word>
<word id="word_485">bija</word>
<word id="word_486">nepieciešama</word>
<word id="word_487">operācija</word>
<word id="word_488">,</word>
<word id="word_489">un</word>
<word id="word_490">palātā</word>
<word id="word_491">ienācis</word>
<word id="word_492">ārstējošais</word>
<word id="word_493">ārsts</word>
<word id="word_494">un</word>
<word id="word_495">teicis</word>
<word id="word_496">–</word>
<word id="word_497">cienījamais</word>
<word id="word_498">,</word>
<word id="word_499">ne</word>
<word id="word_500">man</word>
<word id="word_501">,</word>
<word id="word_502">ne</word>
<word id="word_503">medicīniskajam</word>
<word id="word_504">personālam</word>
<word id="word_505">neko</word>
<word id="word_506">–</word>
<word id="word_507">arī</word>
<word id="word_508">konfektes</word>
<word id="word_509">–</word>
<word id="word_510">nevajag</word>
<word id="word_511">dot</word>
<word id="word_512">,</word>
<word id="word_513">jo</word>
<word id="word_514">par</word>
<word id="word_515">visu</word>
<word id="word_516">ir</word>
<word id="word_517">samaksāts</word>
<word id="word_518">.</word>
<word id="word_519">«</word>
<word id="word_520">Tā</word>
<word id="word_521">ir</word>
<word id="word_522">nostāja</word>
<word id="word_523">,</word>
<word id="word_524">»</word>
<word id="word_525">saka</word>
<word id="word_526">J.</word>
<word id="word_527">Streļčenoks</word>
<word id="word_528">.</word>
<word id="word_529">Ārsta</word>
<word id="word_530">klusēšanu</word>
<word id="word_531">pacients</word>
<word id="word_532">varot</word>
<word id="word_533">saprast</word>
<word id="word_534">dažādi</word>
<word id="word_535">–</word>
<word id="word_536">vai</word>
<word id="word_537">ārsts</word>
<word id="word_538">gaida</word>
<word id="word_539">labumu</word>
<word id="word_540">vai</word>
<word id="word_541">domā</word>
<word id="word_542">par</word>
<word id="word_543">diagnozi</word>
<word id="word_544">,</word>
<word id="word_545">vai</word>
<word id="word_546">domā</word>
<word id="word_547">teikt</word>
<word id="word_548">vai</word>
<word id="word_549">neteikt</word>
<word id="word_550">ļoti</word>
<word id="word_551">sliktas</word>
<word id="word_552">ziņas</word>
<word id="word_553">.</word>
<word id="word_554">Šodien</word>
<word id="word_555">KNAB</word>
<word id="word_556">kopā</word>
<word id="word_557">ar</word>
<word id="word_558">tirgus</word>
<word id="word_559">un</word>
<word id="word_560">sociālo</word>
<word id="word_561">pētījumu</word>
<word id="word_562">aģentūru</word>
<word id="word_563">Latvijas</word>
<word id="word_564">fakti</word>
<word id="word_565">prezentēs</word>
<word id="word_566">jaunākās</word>
<word id="word_567">sabiedriskās</word>
<word id="word_568">domas</word>
<word id="word_569">aptaujas</word>
<word id="word_570">Attieksme</word>
<word id="word_571">pret</word>
<word id="word_572">korupciju</word>
<word id="word_573">Latvijā</word>
<word id="word_574">rezultātus</word>
<word id="word_575">.</word>
<word id="word_576">Pašadītus</word>
<word id="word_577">cimdus</word>
<word id="word_578">Izpētījusi</word>
<word id="word_579">ārvalstu</word>
<word id="word_580">pieredzi</word>
<word id="word_581">,</word>
<word id="word_582">D.</word>
<word id="word_583">Kurpniece</word>
<word id="word_584">saka</word>
<word id="word_585">–</word>
<word id="word_586">ja</word>
<word id="word_587">cilvēks</word>
<word id="word_588">ir</word>
<word id="word_589">ļoti</word>
<word id="word_590">pateicīgs</word>
<word id="word_591">,</word>
<word id="word_592">piemēram</word>
<word id="word_593">,</word>
<word id="word_594">piedzimstot</word>
<word id="word_595">bērnam</word>
<word id="word_596">,</word>
<word id="word_597">nevienā</word>
<word id="word_598">valstī</word>
<word id="word_599">nav</word>
<word id="word_600">kategoriska</word>
<word id="word_601">aizlieguma</word>
<word id="word_602">ārstniecības</word>
<word id="word_603">personām</word>
<word id="word_604">pēc</word>
<word id="word_605">pakalpojuma</word>
<word id="word_606">saņemšanas</word>
<word id="word_607">pieņemt</word>
<word id="word_608">dāvinājumu</word>
<word id="word_609">.</word>
<word id="word_610">«</word>
<word id="word_611">Kukuļdošanai</word>
<word id="word_612">svarīga</word>
<word id="word_613">ir</word>
<word id="word_614">cēloņsakarība</word>
<word id="word_615">–</word>
<word id="word_616">es</word>
<word id="word_617">dodu</word>
<word id="word_618">par</word>
<word id="word_619">kaut</word>
<word id="word_620">ko</word>
<word id="word_621">un</word>
<word id="word_622">apzinos</word>
<word id="word_623">,</word>
<word id="word_624">ka</word>
<word id="word_625">par</word>
<word id="word_626">to</word>
<word id="word_627">kaut</word>
<word id="word_628">ko</word>
<word id="word_629">saņemu</word>
<word id="word_630">pretī</word>
<word id="word_631">,</word>
<word id="word_632">un</word>
<word id="word_633">arī</word>
<word id="word_634">otra</word>
<word id="word_635">puse</word>
<word id="word_636">to</word>
<word id="word_637">apzinās</word>
<word id="word_638">,</word>
<word id="word_639">»</word>
<word id="word_640">stāsta</word>
<word id="word_641">D.</word>
<word id="word_642">Kurpniece</word>
<word id="word_643">.</word>
<word id="word_644">Tādējādi</word>
<word id="word_645">no</word>
<word id="word_646">izmeklēšanas</word>
<word id="word_647">viedokļa</word>
<word id="word_648">iespējams</word>
<word id="word_649">nošķirt</word>
<word id="word_650">,</word>
<word id="word_651">kad</word>
<word id="word_652">bijis</word>
<word id="word_653">kukulis</word>
<word id="word_654">un</word>
<word id="word_655">kad</word>
<word id="word_656">dāvana</word>
<word id="word_657">devības</word>
<word id="word_658">dēļ</word>
<word id="word_659">,</word>
<word id="word_660">neko</word>
<word id="word_661">neprasot</word>
<word id="word_662">pretī</word>
<word id="word_663">.</word>
<word id="word_664">Dāvinājums</word>
<word id="word_665">pieļaujams</word>
<word id="word_666">,</word>
<word id="word_667">«</word>
<word id="word_668">ja</word>
<word id="word_669">tiek</word>
<word id="word_670">dota</word>
<word id="word_671">neliela</word>
<word id="word_672">simboliska</word>
<word id="word_673">dāvana</word>
<word id="word_674">–</word>
<word id="word_675">ziedi</word>
<word id="word_676">,</word>
<word id="word_677">suvenīrs</word>
<word id="word_678">,</word>
<word id="word_679">piemēram</word>
<word id="word_680">,</word>
<word id="word_681">pašdarināts</word>
<word id="word_682">cimdu</word>
<word id="word_683">pāris</word>
<word id="word_684">,</word>
<word id="word_685">–</word>
<word id="word_686">tīrā</word>
<word id="word_687">pateicībā</word>
<word id="word_688">un</word>
<word id="word_689">ja</word>
<word id="word_690">tas</word>
<word id="word_691">nerada</word>
<word id="word_692">ārstniecības</word>
<word id="word_693">personai</word>
<word id="word_694">nekādas</word>
<word id="word_695">neērtības</word>
<word id="word_696">»</word>
<word id="word_697">,</word>
<word id="word_698">skaidro</word>
<word id="word_699">D.</word>
<word id="word_700">Kurpniece</word>
<word id="word_701">.</word>
<word id="word_702">Naudu</word>
<word id="word_703">un</word>
<word id="word_704">mantiskās</word>
<word id="word_705">vērtības</word>
<word id="word_706">gan</word>
<word id="word_707">tradicionāli</word>
<word id="word_708">par</word>
<word id="word_709">dāvanu</word>
<word id="word_710">neuzskata</word>
<word id="word_711">,</word>
<word id="word_712">drīzāk</word>
<word id="word_713">par</word>
<word id="word_714">kukuli</word>
<word id="word_715">.</word>
<word id="word_716">Lai</word>
<word id="word_717">nerastos</word>
<word id="word_718">neskaidrības</word>
<word id="word_719">,</word>
<word id="word_720">ko</word>
<word id="word_721">medmāsai</word>
<word id="word_722">darīt</word>
<word id="word_723">,</word>
<word id="word_724">ja</word>
<word id="word_725">pacients</word>
<word id="word_726">dod</word>
<word id="word_727">,</word>
<word id="word_728">piemēram</word>
<word id="word_729">,</word>
<word id="word_730">kafijas</word>
<word id="word_731">paku</word>
<word id="word_732">,</word>
<word id="word_733">vai</word>
<word id="word_734">tas</word>
<word id="word_735">ir</word>
<word id="word_736">kukulis</word>
<word id="word_737">vai</word>
<word id="word_738">nav</word>
<word id="word_739">,</word>
<word id="word_740">skaidrojums</word>
<word id="word_741">jānostiprina</word>
<word id="word_742">pašai</word>
<word id="word_743">slimnīcai</word>
<word id="word_744">,</word>
<word id="word_745">piemēram</word>
<word id="word_746">,</word>
<word id="word_747">ētikas</word>
<word id="word_748">kodeksā</word>
<word id="word_749">,</word>
<word id="word_750">norāda</word>
<word id="word_751">D.</word>
<word id="word_752">Kurpniece</word>
<word id="word_753">.</word>
<word id="word_754">Slimnīcas</word>
<word id="word_755">izteikušas</word>
<word id="word_756">vēlmi</word>
<word id="word_757">pēc</word>
<word id="word_758">vienota</word>
<word id="word_759">,</word>
<word id="word_760">centralizēta</word>
<word id="word_761">regulējuma</word>
<word id="word_762">no</word>
<word id="word_763">ārpuses</word>
<word id="word_764">,</word>
<word id="word_765">«</word>
<word id="word_766">bet</word>
<word id="word_767">mana</word>
<word id="word_768">nostāja</word>
<word id="word_769">–</word>
<word id="word_770">jābūt</word>
<word id="word_771">pašregulācijai</word>
<word id="word_772">»</word>
<word id="word_773">,</word>
<word id="word_774">saka</word>
<word id="word_775">D.</word>
<word id="word_776">Kurpniece</word>
<word id="word_777">.</word>
<word id="word_778">Vidzemes</word>
<word id="word_779">slimnīcas</word>
<word id="word_780">Valmierā</word>
<word id="word_781">pārstāve</word>
<word id="word_782">Benita</word>
<word id="word_783">Brila</word>
<word id="word_784">saka</word>
<word id="word_785">–</word>
<word id="word_786">plakātus</word>
<word id="word_787">izvietosim</word>
<word id="word_788">,</word>
<word id="word_789">par</word>
<word id="word_790">grozījumiem</word>
<word id="word_791">Krimināllikumā</word>
<word id="word_792">skaidrosim</word>
<word id="word_793">darbiniekiem</word>
<word id="word_794">.</word>
<word id="word_795">Viņa</word>
<word id="word_796">gan</word>
<word id="word_797">šauboties</word>
<word id="word_798">,</word>
<word id="word_799">ka</word>
<word id="word_800">reģionālā</word>
<word id="word_801">slimnīcā</word>
<word id="word_802">aploksnes</word>
<word id="word_803">varētu</word>
<word id="word_804">būt</word>
<word id="word_805">liela</word>
<word id="word_806">problēma</word>
<word id="word_807">,</word>
<word id="word_808">jo</word>
<word id="word_809">«</word>
<word id="word_810">mums</word>
<word id="word_811">95</word>
<word id="word_812">%</word>
<word id="word_813">ir</word>
<word id="word_814">neatliekamo</word>
<word id="word_815">pacientu</word>
<word id="word_816">,</word>
<word id="word_817">ļoti</word>
<word id="word_818">daudziem</word>
<word id="word_819">ir</word>
<word id="word_820">zemi</word>
<word id="word_821">ienākumi</word>
<word id="word_822">»</word>
<word id="word_823">.</word>
</words>