<?xml version="1.0" encoding="UTF-8"?>
<!DOCTYPE words SYSTEM "words.dtd">
<words><word id="word_1">Latvijas</word>
<word id="word_2">Avīze</word>
<word id="word_3">:</word>
<word id="word_4">Paēdis</word>
<word id="word_5">tūrists</word>
<word id="word_6">ir</word>
<word id="word_7">laimīgs</word>
<word id="word_8">11</word>
<word id="word_9">Feb</word>
<word id="word_10">2013</word>
<word id="word_11">Garšu</word>
<word id="word_12">un</word>
<word id="word_13">smaržu</word>
<word id="word_14">ceļojumi</word>
<word id="word_15">izstādē</word>
<word id="word_16">gadatirgū</word>
<word id="word_17">&quot;</word>
<word id="word_18">Balttour</word>
<word id="word_19">2013</word>
<word id="word_20">&quot;</word>
<word id="word_21">Ķīpsalas</word>
<word id="word_22">zālē</word>
<word id="word_23">&quot;</word>
<word id="word_24">Apceļo</word>
<word id="word_25">Latviju</word>
<word id="word_26">!</word>
<word id="word_27">&quot;</word>
<word id="word_28">visiem</word>
<word id="word_29">ceļotāju</word>
<word id="word_30">kārdinājumiem</word>
<word id="word_31">pa</word>
<word id="word_32">priekšu</word>
<word id="word_33">gozējās</word>
<word id="word_34">garšu</word>
<word id="word_35">un</word>
<word id="word_36">smaržu</word>
<word id="word_37">meistari</word>
<word id="word_38">.</word>
<word id="word_39">Gandrīz</word>
<word id="word_40">vai</word>
<word id="word_41">katrā</word>
<word id="word_42">stendā</word>
<word id="word_43">bija</word>
<word id="word_44">kas</word>
<word id="word_45">nobaudāms</word>
<word id="word_46">.</word>
<word id="word_47">Izskatās</word>
<word id="word_48">,</word>
<word id="word_49">ka</word>
<word id="word_50">dziedošās</word>
<word id="word_51">Latvijas</word>
<word id="word_52">tēlam</word>
<word id="word_53">radies</word>
<word id="word_54">spēcīgs</word>
<word id="word_55">konkurents</word>
<word id="word_56">–</word>
<word id="word_57">gardēžu</word>
<word id="word_58">zeme</word>
<word id="word_59">,</word>
<word id="word_60">un</word>
<word id="word_61">tie</word>
<word id="word_62">franči</word>
<word id="word_63">,</word>
<word id="word_64">kā</word>
<word id="word_65">sacīt</word>
<word id="word_66">jāsaka</word>
<word id="word_67">,</word>
<word id="word_68">lai</word>
<word id="word_69">pastāv</word>
<word id="word_70">pie</word>
<word id="word_71">ratiem</word>
<word id="word_72">,</word>
<word id="word_73">jo</word>
<word id="word_74">mūspusē</word>
<word id="word_75">taisa</word>
<word id="word_76">arī</word>
<word id="word_77">vīnu</word>
<word id="word_78">.</word>
<word id="word_79">Vīna</word>
<word id="word_80">mucai</word>
<word id="word_81">spunde</word>
<word id="word_82">vaļā</word>
<word id="word_83">Kurzemes</word>
<word id="word_84">vīndari</word>
<word id="word_85">saka</word>
<word id="word_86">–</word>
<word id="word_87">viņu</word>
<word id="word_88">vīns</word>
<word id="word_89">līdz</word>
<word id="word_90">veikalam</word>
<word id="word_91">pat</word>
<word id="word_92">neaiziet</word>
<word id="word_93">,</word>
<word id="word_94">visu</word>
<word id="word_95">nogaršo</word>
<word id="word_96">un</word>
<word id="word_97">izpērk</word>
<word id="word_98">tūristi</word>
<word id="word_99">.</word>
<word id="word_100">Par</word>
<word id="word_101">labu</word>
<word id="word_102">nākusi</word>
<word id="word_103">pērn</word>
<word id="word_104">sāktā</word>
<word id="word_105">Kurzemes</word>
<word id="word_106">romantiskā</word>
<word id="word_107">vīna</word>
<word id="word_108">tūre</word>
<word id="word_109">individuālajiem</word>
<word id="word_110">tūristiem</word>
<word id="word_111">un</word>
<word id="word_112">grupām</word>
<word id="word_113">,</word>
<word id="word_114">kas</word>
<word id="word_115">ved</word>
<word id="word_116">cauri</word>
<word id="word_117">Kandavai</word>
<word id="word_118">,</word>
<word id="word_119">Sabilei</word>
<word id="word_120">,</word>
<word id="word_121">Rendai</word>
<word id="word_122">,</word>
<word id="word_123">Kuldīgai</word>
<word id="word_124">,</word>
<word id="word_125">Aizputei</word>
<word id="word_126">,</word>
<word id="word_127">Durbei</word>
<word id="word_128">.</word>
<word id="word_129">Kā</word>
<word id="word_130">stāsta</word>
<word id="word_131">viens</word>
<word id="word_132">no</word>
<word id="word_133">idejas</word>
<word id="word_134">rosinātājiem</word>
<word id="word_135">,</word>
<word id="word_136">Kurzemes</word>
<word id="word_137">Tūrisma</word>
<word id="word_138">asociācijas</word>
<word id="word_139">vadītājs</word>
<word id="word_140">Artis</word>
<word id="word_141">Gustovskis</word>
<word id="word_142">,</word>
<word id="word_143">vīndariem</word>
<word id="word_144">,</word>
<word id="word_145">kuri</word>
<word id="word_146">agrāk</word>
<word id="word_147">gada</word>
<word id="word_148">laikā</word>
<word id="word_149">pat</word>
<word id="word_150">daļu</word>
<word id="word_151">produkcijas</word>
<word id="word_152">nevarēja</word>
<word id="word_153">notirgot</word>
<word id="word_154">,</word>
<word id="word_155">tagad</word>
<word id="word_156">visi</word>
<word id="word_157">vīni</word>
<word id="word_158">cauri</word>
<word id="word_159">!</word>
<word id="word_160">&quot;</word>
<word id="word_161">Tas</word>
<word id="word_162">arī</word>
<word id="word_163">bija</word>
<word id="word_164">mērķis</word>
<word id="word_165">,</word>
<word id="word_166">kas</word>
<word id="word_167">jāsasniedz</word>
<word id="word_168">.</word>
<word id="word_169">&quot;</word>
<word id="word_170">Katrs</word>
<word id="word_171">otrais</word>
<word id="word_172">Kurzemes</word>
<word id="word_173">vīndaris</word>
<word id="word_174">taisa</word>
<word id="word_175">vīnu</word>
<word id="word_176">no</word>
<word id="word_177">vīn-ogām</word>
<word id="word_178">,</word>
<word id="word_179">taču</word>
<word id="word_180">ne</word>
<word id="word_181">mazāk</word>
<word id="word_182">iecienīti</word>
<word id="word_183">ir</word>
<word id="word_184">arī</word>
<word id="word_185">citu</word>
<word id="word_186">ogu</word>
<word id="word_187">un</word>
<word id="word_188">augļu</word>
<word id="word_189">brūvējumi</word>
<word id="word_190">.</word>
<word id="word_191">Vīna</word>
<word id="word_192">gatavošanas</word>
<word id="word_193">atmoda</word>
<word id="word_194">sākusies</word>
<word id="word_195">pēc</word>
<word id="word_196">nesenajiem</word>
<word id="word_197">grozījumiem</word>
<word id="word_198">likumā</word>
<word id="word_199">,</word>
<word id="word_200">kas</word>
<word id="word_201">nosaka</word>
<word id="word_202">,</word>
<word id="word_203">ka</word>
<word id="word_204">par</word>
<word id="word_205">tirgošanu</word>
<word id="word_206">vairs</word>
<word id="word_207">nav</word>
<word id="word_208">jāmaksā</word>
<word id="word_209">nejēdzīgi</word>
<word id="word_210">liela</word>
<word id="word_211">drošības</word>
<word id="word_212">maksa</word>
<word id="word_213">,</word>
<word id="word_214">nupat</word>
<word id="word_215">Latvijā</word>
<word id="word_216">zināmi</word>
<word id="word_217">jau</word>
<word id="word_218">vairāk</word>
<word id="word_219">nekā</word>
<word id="word_220">30</word>
<word id="word_221">aktīvi</word>
<word id="word_222">vīndari</word>
<word id="word_223">.</word>
<word id="word_224">Mārtiņa</word>
<word id="word_225">Santa</word>
<word id="word_226">nelielo</word>
<word id="word_227">Aizputes</word>
<word id="word_228">vīna</word>
<word id="word_229">darītavu</word>
<word id="word_230">pat</word>
<word id="word_231">bez</word>
<word id="word_232">īpašas</word>
<word id="word_233">reklāmas</word>
<word id="word_234">pagājušajā</word>
<word id="word_235">gadā</word>
<word id="word_236">apciemojuši</word>
<word id="word_237">divi</word>
<word id="word_238">tūkstoši</word>
<word id="word_239">tūristu</word>
<word id="word_240">.</word>
<word id="word_241">&quot;</word>
<word id="word_242">Izpirka</word>
<word id="word_243">pagrabu</word>
<word id="word_244">tukšu</word>
<word id="word_245">,</word>
<word id="word_246">spēj</word>
<word id="word_247">tikai</word>
<word id="word_248">lasīt</word>
<word id="word_249">ogas</word>
<word id="word_250">un</word>
<word id="word_251">taisīt</word>
<word id="word_252">,</word>
<word id="word_253">&quot;</word>
<word id="word_254">apmierināti</word>
<word id="word_255">smaida</word>
<word id="word_256">Mārtiņš</word>
<word id="word_257">un</word>
<word id="word_258">piedāvā</word>
<word id="word_259">nogaršot</word>
<word id="word_260">rabarberu</word>
<word id="word_261">vīnu</word>
<word id="word_262">,</word>
<word id="word_263">piebilstot</word>
<word id="word_264">,</word>
<word id="word_265">ka</word>
<word id="word_266">viņa</word>
<word id="word_267">gatavotie</word>
<word id="word_268">tīk</word>
<word id="word_269">gan</word>
<word id="word_270">pašu</word>
<word id="word_271">ļaudīm</word>
<word id="word_272">,</word>
<word id="word_273">gan</word>
<word id="word_274">ārzemniekiem</word>
<word id="word_275">,</word>
<word id="word_276">par</word>
<word id="word_277">ko</word>
<word id="word_278">pārliecinājies</word>
<word id="word_279">arī</word>
<word id="word_280">pagājušajā</word>
<word id="word_281">gadā</word>
<word id="word_282">Beļģijā</word>
<word id="word_283">,</word>
<word id="word_284">kurp</word>
<word id="word_285">devies</word>
<word id="word_286">pēc</word>
<word id="word_287">Latvijas</word>
<word id="word_288">vēstniecības</word>
<word id="word_289">uzaicinājuma</word>
<word id="word_290">.</word>
<word id="word_291">&quot;</word>
<word id="word_292">Tirdziņš</word>
<word id="word_293">vēl</word>
<word id="word_294">nebija</word>
<word id="word_295">sācies</word>
<word id="word_296">,</word>
<word id="word_297">kad</word>
<word id="word_298">mani</word>
<word id="word_299">vīni</word>
<word id="word_300">jau</word>
<word id="word_301">bija</word>
<word id="word_302">izpirkti</word>
<word id="word_303">.</word>
<word id="word_304">&quot;</word>
<word id="word_305">Mārtiņš</word>
<word id="word_306">savus</word>
<word id="word_307">ciemiņus</word>
<word id="word_308">ne_tikai</word>
<word id="word_309">cienā</word>
<word id="word_310">ar</word>
<word id="word_311">vīnu</word>
<word id="word_312">,</word>
<word id="word_313">bet</word>
<word id="word_314">ogu</word>
<word id="word_315">laikā</word>
<word id="word_316">ļauj</word>
<word id="word_317">pašiem</word>
<word id="word_318">lielajā</word>
<word id="word_319">baļļā</word>
<word id="word_320">spiest</word>
<word id="word_321">sulu</word>
<word id="word_322">&quot;</word>
<word id="word_323">pa</word>
<word id="word_324">Čelentāno</word>
<word id="word_325">modei</word>
<word id="word_326">&quot;</word>
<word id="word_327">.</word>
<word id="word_328">Kopā</word>
<word id="word_329">ar</word>
<word id="word_330">vīna</word>
<word id="word_331">glāzi</word>
<word id="word_332">nāk</word>
<word id="word_333">arī</word>
<word id="word_334">vietējo</word>
<word id="word_335">mājražotāju</word>
<word id="word_336">sarūpēts</word>
<word id="word_337">cienasts</word>
<word id="word_338">.</word>
<word id="word_339">Sabilnieki</word>
<word id="word_340">pie</word>
<word id="word_341">vīna</word>
<word id="word_342">piedāvā</word>
<word id="word_343">arī</word>
<word id="word_344">Sabiles</word>
<word id="word_345">austeres</word>
<word id="word_346">.</word>
<word id="word_347">Kas</word>
<word id="word_348">tās</word>
<word id="word_349">tādas</word>
<word id="word_350">?</word>
<word id="word_351">Tad</word>
<word id="word_352">jābrauc</word>
<word id="word_353">garšot</word>
<word id="word_354">,</word>
<word id="word_355">aicina</word>
<word id="word_356">daiļās</word>
<word id="word_357">Saldus</word>
<word id="word_358">Dionīsa</word>
<word id="word_359">sūtnes</word>
<word id="word_360">,</word>
<word id="word_361">rotājušās</word>
<word id="word_362">ar</word>
<word id="word_363">vīnogu</word>
<word id="word_364">ķekariem</word>
<word id="word_365">.</word>
<word id="word_366">Svilpene</word>
<word id="word_367">māla</word>
<word id="word_368">traukā</word>
<word id="word_369">Kandavnieces</word>
<word id="word_370">Kitijas</word>
<word id="word_371">Švīgeres</word>
<word id="word_372">mammai</word>
<word id="word_373">tā</word>
<word id="word_374">negaršoja</word>
<word id="word_375">tauku</word>
<word id="word_376">putra</word>
<word id="word_377">,</word>
<word id="word_378">ka</word>
<word id="word_379">viņa</word>
<word id="word_380">to</word>
<word id="word_381">nosauca</word>
<word id="word_382">par</word>
<word id="word_383">svilpeni</word>
<word id="word_384">.</word>
<word id="word_385">Taču</word>
<word id="word_386">meitai</word>
<word id="word_387">tūrisma</word>
<word id="word_388">izstādē</word>
<word id="word_389">viruma</word>
<word id="word_390">trauks</word>
<word id="word_391">ik</word>
<word id="word_392">pa</word>
<word id="word_393">brīdim</word>
<word id="word_394">jāuzpilda</word>
<word id="word_395">–</word>
<word id="word_396">cilvēki</word>
<word id="word_397">vienkāršo</word>
<word id="word_398">ēdienu</word>
<word id="word_399">no</word>
<word id="word_400">miežu</word>
<word id="word_401">putraimiem</word>
<word id="word_402">,</word>
<word id="word_403">kas</word>
<word id="word_404">savārīti</word>
<word id="word_405">kopā</word>
<word id="word_406">ar</word>
<word id="word_407">cūku</word>
<word id="word_408">ribiņām</word>
<word id="word_409">,</word>
<word id="word_410">sīpoliem</word>
<word id="word_411">,</word>
<word id="word_412">sāli</word>
<word id="word_413">un</word>
<word id="word_414">pipariem</word>
<word id="word_415">,</word>
<word id="word_416">uzlūko</word>
<word id="word_417">kā</word>
<word id="word_418">kaut</word>
<word id="word_419">ko</word>
<word id="word_420">eksotisku</word>
<word id="word_421">.</word>
<word id="word_422">Kitija</word>
<word id="word_423">pārstāv</word>
<word id="word_424">Kandavas</word>
<word id="word_425">amatnieku</word>
<word id="word_426">biedrību</word>
<word id="word_427">,</word>
<word id="word_428">kas</word>
<word id="word_429">ceļotājiem</word>
<word id="word_430">izrāda</word>
<word id="word_431">ne_tikai</word>
<word id="word_432">novada</word>
<word id="word_433">kultūras</word>
<word id="word_434">un</word>
<word id="word_435">vēstures</word>
<word id="word_436">bagātības</word>
<word id="word_437">,</word>
<word id="word_438">bet</word>
<word id="word_439">pamāca</word>
<word id="word_440">arī</word>
<word id="word_441">senās</word>
<word id="word_442">amata</word>
<word id="word_443">prasmēs</word>
<word id="word_444">un</word>
<word id="word_445">tagad</word>
<word id="word_446">arī</word>
<word id="word_447">cienā</word>
<word id="word_448">ar</word>
<word id="word_449">svilpeni</word>
<word id="word_450">.</word>
<word id="word_451">&quot;</word>
<word id="word_452">Paēdis</word>
<word id="word_453">cilvēks</word>
<word id="word_454">ir</word>
<word id="word_455">laimīgs</word>
<word id="word_456">cilvēks</word>
<word id="word_457">,</word>
<word id="word_458">&quot;</word>
<word id="word_459">nosaka</word>
<word id="word_460">Kitija</word>
<word id="word_461">.</word>
<word id="word_462">Turpat</word>
<word id="word_463">netālu</word>
<word id="word_464">rosās</word>
<word id="word_465">Alsungas</word>
<word id="word_466">&quot;</word>
<word id="word_467">Spēlmaņu</word>
<word id="word_468">&quot;</word>
<word id="word_469">kroga</word>
<word id="word_470">īpašnieki</word>
<word id="word_471">Mairita</word>
<word id="word_472">un</word>
<word id="word_473">Kalvis</word>
<word id="word_474">Slavinski</word>
<word id="word_475">ar</word>
<word id="word_476">jau</word>
<word id="word_477">tradicionālajiem</word>
<word id="word_478">sklandraušiem</word>
<word id="word_479">,</word>
<word id="word_480">taču</word>
<word id="word_481">tie</word>
<word id="word_482">viņu</word>
<word id="word_483">biznesā</word>
<word id="word_484">esot</word>
<word id="word_485">tikai</word>
<word id="word_486">kā</word>
<word id="word_487">piedeva</word>
<word id="word_488">.</word>
<word id="word_489">Kroga</word>
<word id="word_490">saimnieks</word>
<word id="word_491">stāsta</word>
<word id="word_492">,</word>
<word id="word_493">ka</word>
<word id="word_494">jau</word>
<word id="word_495">trešo</word>
<word id="word_496">gadu</word>
<word id="word_497">&quot;</word>
<word id="word_498">spiež</word>
<word id="word_499">uz</word>
<word id="word_500">nacionālajiem</word>
<word id="word_501">ēdieniem</word>
<word id="word_502">&quot;</word>
<word id="word_503">,</word>
<word id="word_504">gidi</word>
<word id="word_505">priecājas</word>
<word id="word_506">–</word>
<word id="word_507">kas</word>
<word id="word_508">nekaiš</word>
<word id="word_509">pie</word>
<word id="word_510">jums</word>
<word id="word_511">atbraukt</word>
<word id="word_512">,</word>
<word id="word_513">ierodamies</word>
<word id="word_514">un</word>
<word id="word_515">divas</word>
<word id="word_516">trīs</word>
<word id="word_517">stundas</word>
<word id="word_518">varam</word>
<word id="word_519">atvilkt</word>
<word id="word_520">elpu</word>
<word id="word_521">!</word>
<word id="word_522">Tikmēr</word>
<word id="word_523">tūristi</word>
<word id="word_524">kopā</word>
<word id="word_525">ar</word>
<word id="word_526">suitu</word>
<word id="word_527">saimniecēm</word>
<word id="word_528">lauku</word>
<word id="word_529">ķēķī</word>
<word id="word_530">uz</word>
<word id="word_531">dzīvas</word>
<word id="word_532">uguns</word>
<word id="word_533">gatavo</word>
<word id="word_534">gan</word>
<word id="word_535">suit&apos;</word>
<word id="word_536">grūden&apos;</word>
<word id="word_537">,</word>
<word id="word_538">gan</word>
<word id="word_539">ķiļķen&apos;</word>
<word id="word_540">a&apos;</word>
<word id="word_541">žaudēt&apos;</word>
<word id="word_542">rib&apos;</word>
<word id="word_543">un</word>
<word id="word_544">daudzus</word>
<word id="word_545">citus</word>
<word id="word_546">tās</word>
<word id="word_547">puses</word>
<word id="word_548">labumus</word>
<word id="word_549">.</word>
<word id="word_550">Pērn</word>
<word id="word_551">pat</word>
<word id="word_552">180</word>
<word id="word_553">riteņbraucēji</word>
<word id="word_554">no</word>
<word id="word_555">dažādām</word>
<word id="word_556">valstīm</word>
<word id="word_557">ieradušies</word>
<word id="word_558">–</word>
<word id="word_559">ar</word>
<word id="word_560">visiem</word>
<word id="word_561">tikuši</word>
<word id="word_562">galā</word>
<word id="word_563">,</word>
<word id="word_564">un</word>
<word id="word_565">,</word>
<word id="word_566">kad</word>
<word id="word_567">vēl</word>
<word id="word_568">sui-tenes</word>
<word id="word_569">nāk</word>
<word id="word_570">klāt</word>
<word id="word_571">ar</word>
<word id="word_572">savu</word>
<word id="word_573">kultūras</word>
<word id="word_574">programmu</word>
<word id="word_575">,</word>
<word id="word_576">tad</word>
<word id="word_577">līk-smība</word>
<word id="word_578">sit</word>
<word id="word_579">augstu</word>
<word id="word_580">vilni</word>
<word id="word_581">.</word>
<word id="word_582">&quot;</word>
<word id="word_583">Igauņi</word>
<word id="word_584">saka</word>
<word id="word_585">–</word>
<word id="word_586">jūs</word>
<word id="word_587">,</word>
<word id="word_588">latvieši</word>
<word id="word_589">,</word>
<word id="word_590">gan</word>
<word id="word_591">esat</word>
<word id="word_592">tādi</word>
<word id="word_593">gard-ēži</word>
<word id="word_594">!</word>
<word id="word_595">Jums</word>
<word id="word_596">ir</word>
<word id="word_597">tāds</word>
<word id="word_598">siers</word>
<word id="word_599">,</word>
<word id="word_600">gaļa</word>
<word id="word_601">,</word>
<word id="word_602">kaņepes</word>
<word id="word_603">,</word>
<word id="word_604">zaptes</word>
<word id="word_605">!</word>
<word id="word_606">&quot;</word>
<word id="word_607">atstāsta</word>
<word id="word_608">&quot;</word>
<word id="word_609">Donu</word>
<word id="word_610">&quot;</word>
<word id="word_611">saimniece</word>
<word id="word_612">Ilze</word>
<word id="word_613">Briede</word>
<word id="word_614">no</word>
<word id="word_615">Smiltenes</word>
<word id="word_616">puses</word>
<word id="word_617">,</word>
<word id="word_618">kuras</word>
<word id="word_619">maizes</word>
<word id="word_620">darbnīcā</word>
<word id="word_621">katrs</word>
<word id="word_622">ciemiņš</word>
<word id="word_623">pats</word>
<word id="word_624">veido</word>
<word id="word_625">kukulīti</word>
<word id="word_626">un</word>
<word id="word_627">šauj</word>
<word id="word_628">to</word>
<word id="word_629">īstā</word>
<word id="word_630">maizes</word>
<word id="word_631">krāsnī</word>
<word id="word_632">.</word>
<word id="word_633">Nupat</word>
<word id="word_634">vairāk</word>
<word id="word_635">braucot</word>
<word id="word_636">tūristi</word>
<word id="word_637">no</word>
<word id="word_638">Igaunijas</word>
<word id="word_639">un</word>
<word id="word_640">arī</word>
<word id="word_641">Krievijas</word>
<word id="word_642">.</word>
<word id="word_643">&quot;</word>
<word id="word_644">Kamēr</word>
<word id="word_645">maizīte</word>
<word id="word_646">cepas</word>
<word id="word_647">,</word>
<word id="word_648">palaižam</word>
<word id="word_649">zālītē</word>
<word id="word_650">pusdienās</word>
<word id="word_651">.</word>
<word id="word_652">Piedāvājam</word>
<word id="word_653">vienkāršu</word>
<word id="word_654">ēdienu</word>
<word id="word_655">,</word>
<word id="word_656">&quot;</word>
<word id="word_657">savā</word>
<word id="word_658">sešu</word>
<word id="word_659">gadu</word>
<word id="word_660">pieredzē</word>
<word id="word_661">dalās</word>
<word id="word_662">saimniece</word>
<word id="word_663">.</word>
<word id="word_664">Līdzās</word>
<word id="word_665">vēderpriekiem</word>
<word id="word_666">viņa</word>
<word id="word_667">stāsta</word>
<word id="word_668">par</word>
<word id="word_669">tradīcijām</word>
<word id="word_670">,</word>
<word id="word_671">maizes</word>
<word id="word_672">cepšanu</word>
<word id="word_673">.</word>
<word id="word_674">&quot;</word>
<word id="word_675">Kā</word>
<word id="word_676">es</word>
<word id="word_677">saku</word>
<word id="word_678">,</word>
<word id="word_679">ja</word>
<word id="word_680">tu</word>
<word id="word_681">esi</word>
<word id="word_682">iepazinis</word>
<word id="word_683">mūsu</word>
<word id="word_684">maizi</word>
<word id="word_685">,</word>
<word id="word_686">tad</word>
<word id="word_687">esi</word>
<word id="word_688">iepazinis</word>
<word id="word_689">latvieti</word>
<word id="word_690">!</word>
<word id="word_691">&quot;</word>
<word id="word_692">Astoņi</word>
<word id="word_693">jauni</word>
<word id="word_694">etnomaršruti</word>
<word id="word_695">&quot;</word>
<word id="word_696">Viss</word>
<word id="word_697">ir</word>
<word id="word_698">labs</word>
<word id="word_699">,</word>
<word id="word_700">kas</word>
<word id="word_701">atšķirīgs</word>
<word id="word_702">no</word>
<word id="word_703">masu</word>
<word id="word_704">tūrisma</word>
<word id="word_705">.</word>
<word id="word_706">Tāpēc</word>
<word id="word_707">arī</word>
<word id="word_708">izveidojām</word>
<word id="word_709">etnogrāfiskos</word>
<word id="word_710">maršrutus</word>
<word id="word_711">,</word>
<word id="word_712">jo</word>
<word id="word_713">cilvēki</word>
<word id="word_714">arvien</word>
<word id="word_715">vairāk</word>
<word id="word_716">interesējas</word>
<word id="word_717">,</word>
<word id="word_718">kas</word>
<word id="word_719">ir</word>
<word id="word_720">sklandrauši</word>
<word id="word_721">,</word>
<word id="word_722">ķiļķeni</word>
<word id="word_723">,</word>
<word id="word_724">kartupeļu</word>
<word id="word_725">klimpas</word>
<word id="word_726">,</word>
<word id="word_727">skābputra</word>
<word id="word_728">,</word>
<word id="word_729">un</word>
<word id="word_730">visu</word>
<word id="word_731">to</word>
<word id="word_732">grib</word>
<word id="word_733">pagaršot</word>
<word id="word_734">.</word>
<word id="word_735">Ceļotāji</word>
<word id="word_736">vēlas</word>
<word id="word_737">zināt</word>
<word id="word_738">atšķirības</word>
<word id="word_739">valodā</word>
<word id="word_740">,</word>
<word id="word_741">dialektus</word>
<word id="word_742">,</word>
<word id="word_743">saknes</word>
<word id="word_744">,</word>
<word id="word_745">piederību</word>
<word id="word_746">.</word>
<word id="word_747">Tā</word>
<word id="word_748">ir</word>
<word id="word_749">kā</word>
<word id="word_750">plūsma</word>
<word id="word_751">–</word>
<word id="word_752">apzināties</word>
<word id="word_753">,</word>
<word id="word_754">ka</word>
<word id="word_755">esi</word>
<word id="word_756">latvietis</word>
<word id="word_757">,</word>
<word id="word_758">un</word>
<word id="word_759">latvietis</word>
<word id="word_760">ir</word>
<word id="word_761">ļoti</word>
<word id="word_762">dažāds</word>
<word id="word_763">,</word>
<word id="word_764">&quot;</word>
<word id="word_765">ceļotāju</word>
<word id="word_766">vēlmes</word>
<word id="word_767">un</word>
<word id="word_768">jauno</word>
<word id="word_769">piedāvājumu</word>
<word id="word_770">raksturo</word>
<word id="word_771">asociācijas</word>
<word id="word_772">&quot;</word>
<word id="word_773">Lauku</word>
<word id="word_774">ceļotājs</word>
<word id="word_775">&quot;</word>
<word id="word_776">prezidente</word>
<word id="word_777">Asnāte</word>
<word id="word_778">Ziemele</word>
<word id="word_779">.</word>
<word id="word_780">Latgales</word>
<word id="word_781">,</word>
<word id="word_782">Zemgales</word>
<word id="word_783">,</word>
<word id="word_784">Lejaskurzemes</word>
<word id="word_785">,</word>
<word id="word_786">Suitu</word>
<word id="word_787">,</word>
<word id="word_788">Lībiešu</word>
<word id="word_789">krasta</word>
<word id="word_790">,</word>
<word id="word_791">Sēlijas</word>
<word id="word_792">,</word>
<word id="word_793">Piebalgas</word>
<word id="word_794">un</word>
<word id="word_795">Daugavas</word>
<word id="word_796">maršruti</word>
<word id="word_797">izveidoti</word>
<word id="word_798">divu</word>
<word id="word_799">līdz</word>
<word id="word_800">trīs</word>
<word id="word_801">dienu</word>
<word id="word_802">ceļojumam</word>
<word id="word_803">ar</word>
<word id="word_804">25</word>
<word id="word_805">līdz</word>
<word id="word_806">30</word>
<word id="word_807">objektiem</word>
<word id="word_808">.</word>
<word id="word_809">Līdzās</word>
<word id="word_810">tiem</word>
<word id="word_811">kopā</word>
<word id="word_812">ar</word>
<word id="word_813">igauņu</word>
<word id="word_814">kolēģiem</word>
<word id="word_815">sagatavota</word>
<word id="word_816">kultūras</word>
<word id="word_817">mantojuma</word>
<word id="word_818">karte</word>
<word id="word_819">&quot;</word>
<word id="word_820">Vērts</word>
<word id="word_821">redzēt</word>
<word id="word_822">&quot;</word>
<word id="word_823">ar</word>
<word id="word_824">150</word>
<word id="word_825">izcilām</word>
<word id="word_826">vietām</word>
<word id="word_827">.</word>
</words>