<?xml version="1.0" encoding="UTF-8"?>
<!DOCTYPE words SYSTEM "words.dtd">
<words><word id="word_1">Latvijas</word>
<word id="word_2">Avīze</word>
<word id="word_3">:</word>
<word id="word_4">Ar</word>
<word id="word_5">domām</word>
<word id="word_6">jau</word>
<word id="word_7">Rīgā</word>
<word id="word_8">11</word>
<word id="word_9">Feb</word>
<word id="word_10">2013</word>
<word id="word_11">Latvijas</word>
<word id="word_12">basketbola</word>
<word id="word_13">čempionvienība</word>
<word id="word_14">&quot;</word>
<word id="word_15">VEF</word>
<word id="word_16">Rīga</word>
<word id="word_17">&quot;</word>
<word id="word_18">VTB</word>
<word id="word_19">Vienotās</word>
<word id="word_20">līgas</word>
<word id="word_21">mačā</word>
<word id="word_22">Kauņā</word>
<word id="word_23">ar</word>
<word id="word_24">71</word>
<word id="word_25">:</word>
<word id="word_26">86</word>
<word id="word_27">zaudēja</word>
<word id="word_28">&quot;</word>
<word id="word_29">Žalgirim</word>
<word id="word_30">&quot;</word>
<word id="word_31">,</word>
<word id="word_32">paturot</word>
<word id="word_33">prātā</word>
<word id="word_34">rītdienas</word>
<word id="word_35">svarīgo</word>
<word id="word_36">spēli</word>
<word id="word_37">Eiropas</word>
<word id="word_38">kausa</word>
<word id="word_39">izcīņā</word>
<word id="word_40">Rīgā</word>
<word id="word_41">pret</word>
<word id="word_42">&quot;</word>
<word id="word_43">Valencia</word>
<word id="word_44">&quot;</word>
<word id="word_45">.</word>
<word id="word_46">&quot;</word>
<word id="word_47">Divas</word>
<word id="word_48">reizes</word>
<word id="word_49">vienā</word>
<word id="word_50">sezonā</word>
<word id="word_51">uzvarēt</word>
<word id="word_52">&quot;</word>
<word id="word_53">Žalgiri</word>
<word id="word_54">&quot;</word>
<word id="word_55">būtu</word>
<word id="word_56">kas</word>
<word id="word_57">no</word>
<word id="word_58">fantastikas</word>
<word id="word_59">.</word>
<word id="word_60">Kauņas</word>
<word id="word_61">komandai</word>
<word id="word_62">ir</word>
<word id="word_63">lielāki</word>
<word id="word_64">finanšu</word>
<word id="word_65">resursi</word>
<word id="word_66">,</word>
<word id="word_67">līdzvērtīgu</word>
<word id="word_68">rezervistu</word>
<word id="word_69">sols</word>
<word id="word_70">,</word>
<word id="word_71">turklāt</word>
<word id="word_72">arī</word>
<word id="word_73">šoreiz</word>
<word id="word_74">tā</word>
<word id="word_75">rādīja</word>
<word id="word_76">skaistu</word>
<word id="word_77">basketbolu</word>
<word id="word_78">,</word>
<word id="word_79">&quot;</word>
<word id="word_80">atzina</word>
<word id="word_81">rīdzinieku</word>
<word id="word_82">treneris</word>
<word id="word_83">Ramūns</word>
<word id="word_84">Butauts</word>
<word id="word_85">.</word>
<word id="word_86">Neveiksmes</word>
<word id="word_87">iemesli</word>
<word id="word_88">ir</word>
<word id="word_89">&quot;</word>
<word id="word_90">VEF</word>
<word id="word_91">Rīgas</word>
<word id="word_92">&quot;</word>
<word id="word_93">līdera</word>
<word id="word_94">un</word>
<word id="word_95">VTB</word>
<word id="word_96">līgas</word>
<word id="word_97">rezultatīvākā</word>
<word id="word_98">spēlētāja</word>
<word id="word_99">Ērla</word>
<word id="word_100">Roulenda</word>
<word id="word_101">sliktākā</word>
<word id="word_102">spēle</word>
<word id="word_103">šosezon</word>
<word id="word_104">–</word>
<word id="word_105">tikai</word>
<word id="word_106">divi</word>
<word id="word_107">punkti</word>
<word id="word_108">un</word>
<word id="word_109">astoņas</word>
<word id="word_110">kļūdas</word>
<word id="word_111">,</word>
<word id="word_112">kā_arī</word>
<word id="word_113">visas</word>
<word id="word_114">komandas</word>
<word id="word_115">23</word>
<word id="word_116">kļūdas</word>
<word id="word_117">.</word>
<word id="word_118">Spēles</word>
<word id="word_119">pirmajā</word>
<word id="word_120">pusē</word>
<word id="word_121">iekrita</word>
<word id="word_122">pieci</word>
<word id="word_123">tālmetieni</word>
<word id="word_124">no</word>
<word id="word_125">septiņiem</word>
<word id="word_126">,</word>
<word id="word_127">kas</word>
<word id="word_128">deva</word>
<word id="word_129">iespēju</word>
<word id="word_130">turēt</word>
<word id="word_131">līdzi</word>
<word id="word_132">mājiniekiem</word>
<word id="word_133">rezultātā</word>
<word id="word_134">.</word>
<word id="word_135">Otrajā</word>
<word id="word_136">puslaikā</word>
<word id="word_137">no</word>
<word id="word_138">mīnus</word>
<word id="word_139">18</word>
<word id="word_140">divreiz</word>
<word id="word_141">izdevās</word>
<word id="word_142">tuvoties</word>
<word id="word_143">līdz</word>
<word id="word_144">septiņu</word>
<word id="word_145">punktu</word>
<word id="word_146">deficītam</word>
<word id="word_147">,</word>
<word id="word_148">tomēr</word>
<word id="word_149">&quot;</word>
<word id="word_150">Žalgiris</word>
<word id="word_151">&quot;</word>
<word id="word_152">bija</word>
<word id="word_153">galvas</word>
<word id="word_154">tiesu</word>
<word id="word_155">pārāks</word>
<word id="word_156">un</word>
<word id="word_157">guva</word>
<word id="word_158">pelnītu</word>
<word id="word_159">revanšu</word>
<word id="word_160">.</word>
<word id="word_161">Piebilstams</word>
<word id="word_162">,</word>
<word id="word_163">ka</word>
<word id="word_164">finansiālo</word>
<word id="word_165">sarežģījumu</word>
<word id="word_166">dēļ</word>
<word id="word_167">Kauņas</word>
<word id="word_168">komandas</word>
<word id="word_169">spēlētāji</word>
<word id="word_170">trīs</word>
<word id="word_171">mēnešus</word>
<word id="word_172">nav</word>
<word id="word_173">saņēmuši</word>
<word id="word_174">algas</word>
<word id="word_175">,</word>
<word id="word_176">parādam</word>
<word id="word_177">sasniedzot</word>
<word id="word_178">teju</word>
<word id="word_179">miljonu</word>
<word id="word_180">latu</word>
<word id="word_181">.</word>
<word id="word_182">Baltijas</word>
<word id="word_183">basketbola</word>
<word id="word_184">līgas</word>
<word id="word_185">Top-16</word>
<word id="word_186">posmā</word>
<word id="word_187">ventspilnieki</word>
<word id="word_188">un</word>
<word id="word_189">&quot;</word>
<word id="word_190">Barons</word>
<word id="word_191">kvartāls</word>
<word id="word_192">&quot;</word>
<word id="word_193">izcīnīja</word>
<word id="word_194">pa</word>
<word id="word_195">ceturtajai</word>
<word id="word_196">uzvarai</word>
<word id="word_197">,</word>
<word id="word_198">nodrošinot</word>
<word id="word_199">sev</word>
<word id="word_200">vietu</word>
<word id="word_201">ceturtdaļfinālā</word>
<word id="word_202">.</word>
<word id="word_203">Valmieriešiem</word>
<word id="word_204">tāda</word>
<word id="word_205">iespēja</word>
<word id="word_206">bija</word>
<word id="word_207">Šauļos</word>
<word id="word_208">,</word>
<word id="word_209">spēles</word>
<word id="word_210">galotnē</word>
<word id="word_211">gan</word>
<word id="word_212">pietrūka</word>
<word id="word_213">viena</word>
<word id="word_214">precīza</word>
<word id="word_215">metiena</word>
<word id="word_216">.</word>
<word id="word_217">REZULTĀTI</word>
<word id="word_218">.</word>
<word id="word_219">BASKETBOLS</word>
<word id="word_220">VTB</word>
<word id="word_221">VIENOTĀ</word>
<word id="word_222">LĪGA</word>
<word id="word_223">,</word>
<word id="word_224">B</word>
<word id="word_225">GRUPA</word>
<word id="word_226">l</word>
<word id="word_227">Kauņas</word>
<word id="word_228">&quot;</word>
<word id="word_229">Žalgiris</word>
<word id="word_230">&quot;</word>
<word id="word_231">–</word>
<word id="word_232">&quot;</word>
<word id="word_233">VEF</word>
<word id="word_234">Rīga</word>
<word id="word_235">&quot;</word>
<word id="word_236">86</word>
<word id="word_237">:</word>
<word id="word_238">71</word>
<word id="word_239">(</word>
<word id="word_240">19:21</word>
<word id="word_241">,</word>
<word id="word_242">44</word>
<word id="word_243">:</word>
<word id="word_244">37</word>
<word id="word_245">,</word>
<word id="word_246">70</word>
<word id="word_247">:</word>
<word id="word_248">60</word>
<word id="word_249">)</word>
<word id="word_250">,</word>
<word id="word_251">D.</word>
<word id="word_252">Lavrinovičs</word>
<word id="word_253">14</word>
<word id="word_254">,</word>
<word id="word_255">Kuzminsks</word>
<word id="word_256">12</word>
<word id="word_257">,</word>
<word id="word_258">Jankūns</word>
<word id="word_259">11</word>
<word id="word_260">,</word>
<word id="word_261">Lafaijets</word>
<word id="word_262">10</word>
<word id="word_263">;</word>
<word id="word_264">Daniels</word>
<word id="word_265">22</word>
<word id="word_266">,</word>
<word id="word_267">Zavacks</word>
<word id="word_268">un</word>
<word id="word_269">Janičenoks</word>
<word id="word_270">pa</word>
<word id="word_271">8</word>
<word id="word_272">,</word>
<word id="word_273">Hemiltons</word>
<word id="word_274">7</word>
<word id="word_275">,</word>
<word id="word_276">Kavaļausks</word>
<word id="word_277">un</word>
<word id="word_278">Jahovičs</word>
<word id="word_279">pa</word>
<word id="word_280">6</word>
<word id="word_281">,</word>
<word id="word_282">Strēlnieks</word>
<word id="word_283">un</word>
<word id="word_284">Bertāns</word>
<word id="word_285">pa</word>
<word id="word_286">5</word>
<word id="word_287">,</word>
<word id="word_288">Blaus</word>
<word id="word_289">un</word>
<word id="word_290">Roulends</word>
<word id="word_291">pa</word>
<word id="word_292">2.</word>
<word id="word_293">Tabulā</word>
<word id="word_294">:</word>
<word id="word_295">1.</word>
<word id="word_296">&quot;</word>
<word id="word_297">Žalgiris</word>
<word id="word_298">&quot;</word>
<word id="word_299">13</word>
<word id="word_300">-</word>
<word id="word_301">1</word>
<word id="word_302">,</word>
<word id="word_303">2.</word>
<word id="word_304">&quot;</word>
<word id="word_305">CSKA</word>
<word id="word_306">&quot;</word>
<word id="word_307">11</word>
<word id="word_308">-</word>
<word id="word_309">2</word>
<word id="word_310">,</word>
<word id="word_311">3.</word>
<word id="word_312">&quot;</word>
<word id="word_313">Lokomotiv-Kubaņ</word>
<word id="word_314">&quot;</word>
<word id="word_315">9</word>
<word id="word_316">-</word>
<word id="word_317">4</word>
<word id="word_318">,</word>
<word id="word_319">4.</word>
<word id="word_320">&quot;</word>
<word id="word_321">VEF</word>
<word id="word_322">Rīga</word>
<word id="word_323">&quot;</word>
<word id="word_324">9</word>
<word id="word_325">-</word>
<word id="word_326">5</word>
<word id="word_327">,</word>
<word id="word_328">5.</word>
<word id="word_329">&quot;</word>
<word id="word_330">Ņižņij</word>
<word id="word_331">Novgorod</word>
<word id="word_332">&quot;</word>
<word id="word_333">7</word>
<word id="word_334">-</word>
<word id="word_335">6</word>
<word id="word_336">,</word>
<word id="word_337">6.</word>
<word id="word_338">&quot;</word>
<word id="word_339">Triumf</word>
<word id="word_340">&quot;</word>
<word id="word_341">6</word>
<word id="word_342">-</word>
<word id="word_343">7</word>
<word id="word_344">,</word>
<word id="word_345">7.</word>
<word id="word_346">&quot;</word>
<word id="word_347">Jeņisej</word>
<word id="word_348">&quot;</word>
<word id="word_349">5</word>
<word id="word_350">-</word>
<word id="word_351">8</word>
<word id="word_352">,</word>
<word id="word_353">8.</word>
<word id="word_354">&quot;</word>
<word id="word_355">Nymburk</word>
<word id="word_356">&quot;</word>
<word id="word_357">4</word>
<word id="word_358">-</word>
<word id="word_359">9</word>
<word id="word_360">,</word>
<word id="word_361">9.</word>
<word id="word_362">&quot;</word>
<word id="word_363">Neptunas</word>
<word id="word_364">&quot;</word>
<word id="word_365">2</word>
<word id="word_366">-</word>
<word id="word_367">11</word>
<word id="word_368">,</word>
<word id="word_369">10.</word>
<word id="word_370">&quot;</word>
<word id="word_371">Minsk</word>
<word id="word_372">&quot;</word>
<word id="word_373">0</word>
<word id="word_374">-</word>
<word id="word_375">13.</word>
<word id="word_376">BALTIJAS</word>
<word id="word_377">LĪGA</word>
<word id="word_378">E</word>
<word id="word_379">grupa</word>
<word id="word_380">l</word>
<word id="word_381">BK</word>
<word id="word_382">&quot;</word>
<word id="word_383">Ventspils</word>
<word id="word_384">&quot;</word>
<word id="word_385">–</word>
<word id="word_386">&quot;</word>
<word id="word_387">Lietkabelis</word>
<word id="word_388">&quot;</word>
<word id="word_389">88</word>
<word id="word_390">:</word>
<word id="word_391">64</word>
<word id="word_392">(</word>
<word id="word_393">29</word>
<word id="word_394">:</word>
<word id="word_395">9</word>
<word id="word_396">,</word>
<word id="word_397">50</word>
<word id="word_398">:</word>
<word id="word_399">38</word>
<word id="word_400">,</word>
<word id="word_401">68</word>
<word id="word_402">:</word>
<word id="word_403">54</word>
<word id="word_404">)</word>
<word id="word_405">,</word>
<word id="word_406">Laksa</word>
<word id="word_407">16</word>
<word id="word_408">,</word>
<word id="word_409">Meiers</word>
<word id="word_410">15</word>
<word id="word_411">+</word>
<word id="word_412">14</word>
<word id="word_413">AB</word>
<word id="word_414">,</word>
<word id="word_415">Timma</word>
<word id="word_416">15</word>
<word id="word_417">;</word>
<word id="word_418">Jogela</word>
<word id="word_419">18</word>
<word id="word_420">,</word>
<word id="word_421">Butkevičs</word>
<word id="word_422">12.</word>
<word id="word_423">l</word>
<word id="word_424">&quot;</word>
<word id="word_425">Barons</word>
<word id="word_426">kvartāls</word>
<word id="word_427">&quot;</word>
<word id="word_428">–</word>
<word id="word_429">&quot;</word>
<word id="word_430">Pärnu</word>
<word id="word_431">&quot;</word>
<word id="word_432">99</word>
<word id="word_433">:</word>
<word id="word_434">94</word>
<word id="word_435">(</word>
<word id="word_436">26</word>
<word id="word_437">:</word>
<word id="word_438">25</word>
<word id="word_439">,</word>
<word id="word_440">48</word>
<word id="word_441">:</word>
<word id="word_442">54</word>
<word id="word_443">,</word>
<word id="word_444">74</word>
<word id="word_445">:</word>
<word id="word_446">70</word>
<word id="word_447">)</word>
<word id="word_448">,</word>
<word id="word_449">Keins</word>
<word id="word_450">25</word>
<word id="word_451">+</word>
<word id="word_452">17</word>
<word id="word_453">AB</word>
<word id="word_454">,</word>
<word id="word_455">Gulbis</word>
<word id="word_456">un</word>
<word id="word_457">Brūniņš</word>
<word id="word_458">pa</word>
<word id="word_459">18</word>
<word id="word_460">;</word>
<word id="word_461">Pečukevičs</word>
<word id="word_462">32</word>
<word id="word_463">+</word>
<word id="word_464">10</word>
<word id="word_465">AB</word>
<word id="word_466">,</word>
<word id="word_467">Matuļonis</word>
<word id="word_468">24</word>
<word id="word_469">,</word>
<word id="word_470">Kitsings</word>
<word id="word_471">16.</word>
<word id="word_472">Tabulā</word>
<word id="word_473">:</word>
<word id="word_474">1.</word>
<word id="word_475">&quot;</word>
<word id="word_476">Barons</word>
<word id="word_477">kvartāls</word>
<word id="word_478">&quot;</word>
<word id="word_479">4</word>
<word id="word_480">-</word>
<word id="word_481">0</word>
<word id="word_482">,</word>
<word id="word_483">2.</word>
<word id="word_484">BK</word>
<word id="word_485">&quot;</word>
<word id="word_486">Ventspils</word>
<word id="word_487">&quot;</word>
<word id="word_488">4</word>
<word id="word_489">-</word>
<word id="word_490">1</word>
<word id="word_491">,</word>
<word id="word_492">3.</word>
<word id="word_493">&quot;</word>
<word id="word_494">Lietkabelis</word>
<word id="word_495">&quot;</word>
<word id="word_496">1</word>
<word id="word_497">-</word>
<word id="word_498">3</word>
<word id="word_499">,</word>
<word id="word_500">4.</word>
<word id="word_501">&quot;</word>
<word id="word_502">Pärnu</word>
<word id="word_503">&quot;</word>
<word id="word_504">0</word>
<word id="word_505">-</word>
<word id="word_506">5.</word>
<word id="word_507">F</word>
<word id="word_508">grupa</word>
<word id="word_509">l</word>
<word id="word_510">&quot;</word>
<word id="word_511">Šiauliai</word>
<word id="word_512">&quot;</word>
<word id="word_513">–</word>
<word id="word_514">BK</word>
<word id="word_515">&quot;</word>
<word id="word_516">Valmiera</word>
<word id="word_517">&quot;</word>
<word id="word_518">82</word>
<word id="word_519">:</word>
<word id="word_520">81</word>
<word id="word_521">(</word>
<word id="word_522">14:15</word>
<word id="word_523">,</word>
<word id="word_524">42</word>
<word id="word_525">:</word>
<word id="word_526">33</word>
<word id="word_527">,</word>
<word id="word_528">59</word>
<word id="word_529">:</word>
<word id="word_530">54</word>
<word id="word_531">)</word>
<word id="word_532">,</word>
<word id="word_533">Alijevs</word>
<word id="word_534">15</word>
<word id="word_535">,</word>
<word id="word_536">Galdiks</word>
<word id="word_537">un</word>
<word id="word_538">Samens</word>
<word id="word_539">pa</word>
<word id="word_540">14</word>
<word id="word_541">;</word>
<word id="word_542">Kaufmanis</word>
<word id="word_543">23</word>
<word id="word_544">,</word>
<word id="word_545">Gabrāns</word>
<word id="word_546">17</word>
<word id="word_547">,</word>
<word id="word_548">Ziediņš</word>
<word id="word_549">16</word>
<word id="word_550">+</word>
<word id="word_551">10</word>
<word id="word_552">AB</word>
<word id="word_553">.</word>
<word id="word_554">Tabulā</word>
<word id="word_555">:</word>
<word id="word_556">1.</word>
<word id="word_557">&quot;</word>
<word id="word_558">TU</word>
<word id="word_559">/</word>
<word id="word_560">Rock</word>
<word id="word_561">&quot;</word>
<word id="word_562">4</word>
<word id="word_563">-</word>
<word id="word_564">0</word>
<word id="word_565">,</word>
<word id="word_566">2.</word>
<word id="word_567">BK</word>
<word id="word_568">&quot;</word>
<word id="word_569">Valmiera</word>
<word id="word_570">&quot;</word>
<word id="word_571">2</word>
<word id="word_572">-</word>
<word id="word_573">2</word>
<word id="word_574">,</word>
<word id="word_575">3.</word>
<word id="word_576">&quot;</word>
<word id="word_577">Šiauliai</word>
<word id="word_578">&quot;</word>
<word id="word_579">2</word>
<word id="word_580">-</word>
<word id="word_581">2</word>
<word id="word_582">,</word>
<word id="word_583">4.</word>
<word id="word_584">&quot;</word>
<word id="word_585">Sakalai</word>
<word id="word_586">&quot;</word>
<word id="word_587">0</word>
<word id="word_588">-</word>
<word id="word_589">4.</word>
</words>