<?xml version="1.0" encoding="UTF-8"?>
<!DOCTYPE words SYSTEM "words.dtd">
<words><word id="word_1">Diena</word>
<word id="word_2">:</word>
<word id="word_3">Paaugstināts</word>
<word id="word_4">reitings</word>
<word id="word_5">ļauj</word>
<word id="word_6">cerēt</word>
<word id="word_7">uz</word>
<word id="word_8">investīcijām</word>
<word id="word_9">11</word>
<word id="word_10">Feb</word>
<word id="word_11">2013</word>
<word id="word_12">Latvijai</word>
<word id="word_13">paveras</word>
<word id="word_14">plašākas</word>
<word id="word_15">iespējas</word>
<word id="word_16">piesaistīt</word>
<word id="word_17">investorus</word>
<word id="word_18">,</word>
<word id="word_19">un</word>
<word id="word_20">mūsu</word>
<word id="word_21">valsts</word>
<word id="word_22">uzņēmējiem</word>
<word id="word_23">varētu</word>
<word id="word_24">būt</word>
<word id="word_25">vieglāk</word>
<word id="word_26">veidot</word>
<word id="word_27">starptautisko</word>
<word id="word_28">sadarbību</word>
<word id="word_29">.</word>
<word id="word_30">Uz</word>
<word id="word_31">to</word>
<word id="word_32">ļauj</word>
<word id="word_33">cerēt</word>
<word id="word_34">fakts</word>
<word id="word_35">,</word>
<word id="word_36">ka</word>
<word id="word_37">Japānas</word>
<word id="word_38">reitingu</word>
<word id="word_39">aģentūra</word>
<word id="word_40">Rating</word>
<word id="word_41">and</word>
<word id="word_42">Investment</word>
<word id="word_43">Information</word>
<word id="word_44">,</word>
<word id="word_45">Inc</word>
<word id="word_46">.</word>
<word id="word_47">(</word>
<word id="word_48">R</word>
<word id="word_49">&amp;</word>
<word id="word_50">I</word>
<word id="word_51">)</word>
<word id="word_52">paaugstinājusi</word>
<word id="word_53">Latvijas</word>
<word id="word_54">kredītreitingu</word>
<word id="word_55">par</word>
<word id="word_56">vienu</word>
<word id="word_57">pakāpi</word>
<word id="word_58">,</word>
<word id="word_59">nosakot</word>
<word id="word_60">stabilu</word>
<word id="word_61">kredītreitinga</word>
<word id="word_62">nākotnes</word>
<word id="word_63">prognozi</word>
<word id="word_64">.</word>
<word id="word_65">Latvijas</word>
<word id="word_66">novērtējums</word>
<word id="word_67">ilgtermiņa</word>
<word id="word_68">saistībām</word>
<word id="word_69">ārvalstu</word>
<word id="word_70">valūtā</word>
<word id="word_71">paaugstināts</word>
<word id="word_72">no</word>
<word id="word_73">«</word>
<word id="word_74">BBB</word>
<word id="word_75">-</word>
<word id="word_76">»</word>
<word id="word_77">līdz</word>
<word id="word_78">«</word>
<word id="word_79">BBB</word>
<word id="word_80">»</word>
<word id="word_81">.</word>
<word id="word_82">«</word>
<word id="word_83">Aģentūras</word>
<word id="word_84">novērtējums</word>
<word id="word_85">ir</word>
<word id="word_86">svarīgs</word>
<word id="word_87">arī</word>
<word id="word_88">tāpēc</word>
<word id="word_89">,</word>
<word id="word_90">ka</word>
<word id="word_91">plānojam</word>
<word id="word_92">izlaist</word>
<word id="word_93">Latvijas</word>
<word id="word_94">valsts</word>
<word id="word_95">obligācijas</word>
<word id="word_96">Japānas</word>
<word id="word_97">tirgū</word>
<word id="word_98">,</word>
<word id="word_99">lai</word>
<word id="word_100">diversificētu</word>
<word id="word_101">sava</word>
<word id="word_102">parāda</word>
<word id="word_103">pārfinansēšanu</word>
<word id="word_104">,</word>
<word id="word_105">»</word>
<word id="word_106">norāda</word>
<word id="word_107">finanšu</word>
<word id="word_108">ministrs</word>
<word id="word_109">Andris</word>
<word id="word_110">Vilks</word>
<word id="word_111">.</word>
<word id="word_112">R</word>
<word id="word_113">&amp;</word>
<word id="word_114">I</word>
<word id="word_115">uzsver</word>
<word id="word_116">,</word>
<word id="word_117">ka</word>
<word id="word_118">palielinājies</word>
<word id="word_119">Latvijas</word>
<word id="word_120">eksports</word>
<word id="word_121">,</word>
<word id="word_122">bet</word>
<word id="word_123">privātā</word>
<word id="word_124">patēriņa</word>
<word id="word_125">kāpums</word>
<word id="word_126">skaidrojams</word>
<word id="word_127">ar</word>
<word id="word_128">situācijas</word>
<word id="word_129">uzlabošanos</word>
<word id="word_130">darba</word>
<word id="word_131">tirgū</word>
<word id="word_132">un</word>
<word id="word_133">mājsaimniecību</word>
<word id="word_134">parāda</word>
<word id="word_135">sloga</word>
<word id="word_136">samazināšanos</word>
<word id="word_137">.</word>
<word id="word_138">Latvijas</word>
<word id="word_139">kredītreitingu</word>
<word id="word_140">nosaka</word>
<word id="word_141">R</word>
<word id="word_142">&amp;</word>
<word id="word_143">I</word>
<word id="word_144">un</word>
<word id="word_145">vēl</word>
<word id="word_146">trīs</word>
<word id="word_147">starptautiski</word>
<word id="word_148">pazīstamas</word>
<word id="word_149">reitinga</word>
<word id="word_150">aģentūras</word>
<word id="word_151">:</word>
<word id="word_152">Moody</word>
<word id="word_153">’</word>
<word id="word_154">s</word>
<word id="word_155">Investors</word>
<word id="word_156">Service</word>
<word id="word_157">,</word>
<word id="word_158">Fitch</word>
<word id="word_159">Ratings</word>
<word id="word_160">un</word>
<word id="word_161">Standard</word>
<word id="word_162">&amp;</word>
<word id="word_163">Poor</word>
<word id="word_164">’</word>
<word id="word_165">s</word>
<word id="word_166">.</word>
</words>