<?xml version="1.0" encoding="UTF-8"?>
<!DOCTYPE markables SYSTEM "markables.dtd">
<markables xmlns="www.eml.org/NameSpaces/coref">
<markable id="markable_1" span="word_22..word_24" coref_class="empty" category="sum" mmax_level="coref"  rule="none"  type="none"/>
<markable id="markable_2" span="word_29..word_30" coref_class="empty" category="profession" mmax_level="coref"  rule="none"  type="none"/>
<markable id="markable_3" span="word_31..word_32" coref_class="empty" category="person" mmax_level="coref"  rule="none"  type="none"/>
<markable id="markable_4" span="word_58" coref_class="empty" category="profession" mmax_level="coref"  rule="none"  type="none"/>
<markable id="markable_5" span="word_62..word_63" coref_class="empty" category="sum" mmax_level="coref"  rule="none"  type="none"/>
<markable id="markable_6" span="word_75" coref_class="empty" category="profession" mmax_level="coref"  rule="none"  type="none"/>
<markable id="markable_7" span="word_90..word_92" coref_class="empty" category="sum" mmax_level="coref"  rule="none"  type="none"/>
<markable id="markable_8" span="word_113..word_114" coref_class="empty" category="person" mmax_level="coref"  rule="none"  type="none"/>
<markable id="markable_9" span="word_116" coref_class="empty" category="profession" mmax_level="coref"  rule="none"  type="none"/>
<markable id="markable_10" span="word_149..word_150" coref_class="empty" category="sum" mmax_level="coref"  rule="none"  type="none"/>
<markable id="markable_11" span="word_168..word_169" coref_class="empty" category="person" mmax_level="coref"  rule="none"  type="none"/>
<markable id="markable_12" span="word_180..word_181" coref_class="empty" category="time" mmax_level="coref"  rule="none"  type="none"/>
<markable id="markable_13" span="word_277" coref_class="empty" category="profession" mmax_level="coref"  rule="none"  type="none"/>
<markable id="markable_14" span="word_307..word_308" coref_class="empty" category="sum" mmax_level="coref"  rule="none"  type="none"/>
</markables>