<?xml version="1.0" encoding="UTF-8"?>
<!DOCTYPE markables SYSTEM "markables.dtd">
<markables xmlns="www.eml.org/NameSpaces/coref">
<markable id="markable_102" span="word_778..word_781" coref_class="empty"  category="profession"  mmax_level="coref"  rule="none"  type="none" />
<markable id="markable_101" span="word_780" coref_class="empty"  category="location"  mmax_level="coref"  rule="none"  type="none" />
<markable id="markable_100" span="word_778..word_779" coref_class="empty"  category="organization"  mmax_level="coref"  rule="none"  type="none" />
<markable id="markable_66" span="word_285..word_287" coref_class="empty"  category="profession"  mmax_level="coref"  rule="none"  type="none" />
<markable id="markable_67" span="word_291..word_292" coref_class="empty"  category="profession"  mmax_level="coref"  rule="none"  type="none" />
<markable id="markable_104" span="word_811..word_812" coref_class="empty"  category="sum"  mmax_level="coref"  rule="none"  type="none" />
<markable id="markable_68" span="word_293..word_294" coref_class="empty"  category="person"  mmax_level="coref"  rule="none"  type="none" />
<markable id="markable_103" span="word_782..word_783" coref_class="empty"  category="person"  mmax_level="coref"  rule="none"  type="none" />
<markable id="markable_69" span="word_298" coref_class="empty"  category="time"  mmax_level="coref"  rule="none"  type="none" />
<markable id="markable_62" span="word_283" coref_class="empty"  category="media"  mmax_level="coref"  rule="none"  type="none" />
<markable id="markable_63" span="word_285..word_286" coref_class="empty"  category="organization"  mmax_level="coref"  rule="none"  type="none" />
<markable id="markable_65" span="word_288..word_289" coref_class="empty"  category="person"  mmax_level="coref"  rule="none"  type="none" />
<markable id="markable_60" span="word_268" coref_class="empty"  category="time"  mmax_level="coref"  rule="none"  type="none" />
<markable id="markable_61" span="word_275" coref_class="empty"  category="organization"  mmax_level="coref"  rule="none"  type="none" />
<markable id="markable_79" span="word_413" coref_class="empty"  category="profession"  mmax_level="coref"  rule="none"  type="none" />
<markable id="markable_77" span="word_385..word_386" coref_class="empty"  category="time"  mmax_level="coref"  rule="none"  type="none" />
<markable id="markable_78" span="word_393" coref_class="empty"  category="organization"  mmax_level="coref"  rule="none"  type="none" />
<markable id="markable_75" span="word_379..word_382" coref_class="empty"  category="organization"  mmax_level="coref"  rule="none"  type="none" />
<markable id="markable_76" span="word_379..word_383" coref_class="empty"  category="profession"  mmax_level="coref"  rule="none"  type="none" />
<markable id="markable_73" span="word_376..word_377" coref_class="empty"  category="person"  mmax_level="coref"  rule="none"  type="none" />
<markable id="markable_74" span="word_379" coref_class="empty"  category="organization"  mmax_level="coref"  rule="none"  type="none" />
<markable id="markable_71" span="word_335" coref_class="empty"  category="profession"  mmax_level="coref"  rule="none"  type="none" />
<markable id="markable_70" span="word_327" coref_class="empty"  category="organization"  mmax_level="coref"  rule="none"  type="none" />
<markable id="markable_44" span="word_30" coref_class="empty"  category="media"  mmax_level="coref"  rule="none"  type="none" />
<markable id="markable_81" span="word_444" coref_class="empty"  category="organization"  mmax_level="coref"  rule="none"  type="none" />
<markable id="markable_45" span="word_85..word_89" coref_class="empty"  category="organization"  mmax_level="coref"  rule="none"  type="none" />
<markable id="markable_80" span="word_432" coref_class="empty"  category="profession"  mmax_level="coref"  rule="none"  type="none" />
<markable id="markable_46" span="word_91" coref_class="empty"  category="organization"  mmax_level="coref"  rule="none"  type="none" />
<markable id="markable_83" span="word_446..word_447" coref_class="empty"  category="person"  mmax_level="coref"  rule="none"  type="none" />
<markable id="markable_47" span="word_109" coref_class="empty"  category="organization"  mmax_level="coref"  rule="none"  type="none" />
<markable id="markable_82" span="word_444..word_445" coref_class="empty"  category="profession"  mmax_level="coref"  rule="none"  type="none" />
<markable id="markable_48" span="word_130..word_131" coref_class="empty"  category="time"  mmax_level="coref"  rule="none"  type="none" />
<markable id="markable_85" span="word_467..word_468" coref_class="empty"  category="person"  mmax_level="coref"  rule="none"  type="none" />
<markable id="markable_49" span="word_128" coref_class="empty"  category="time"  mmax_level="coref"  rule="none"  type="none" />
<markable id="markable_84" span="word_464..word_465" coref_class="empty"  category="sum"  mmax_level="coref"  rule="none"  type="none" />
<markable id="markable_87" span="word_493" coref_class="empty"  category="profession"  mmax_level="coref"  rule="none"  type="none" />
<markable id="markable_86" span="word_479..word_480" coref_class="empty"  category="organization"  mmax_level="coref"  rule="none"  type="none" />
<markable id="markable_89" span="word_529" coref_class="empty"  category="profession"  mmax_level="coref"  rule="none"  type="none" />
<markable id="markable_88" span="word_526..word_527" coref_class="empty"  category="person"  mmax_level="coref"  rule="none"  type="none" />
<markable id="markable_41" span="word_1" coref_class="empty"  category="media"  mmax_level="coref"  rule="none"  type="none" />
<markable id="markable_42" span="word_11..word_13" coref_class="empty"  category="time"  mmax_level="coref"  rule="none"  type="none" />
<markable id="markable_43" span="word_20" coref_class="empty"  category="organization"  mmax_level="coref"  rule="none"  type="none" />
<markable id="markable_90" span="word_537" coref_class="empty"  category="profession"  mmax_level="coref"  rule="none"  type="none" />
<markable id="markable_94" span="word_582..word_583" coref_class="empty"  category="person"  mmax_level="coref"  rule="none"  type="none" />
<markable id="markable_57" span="word_76" coref_class="empty"  category="profession"  mmax_level="coref"  rule="none"  type="none" />
<markable id="markable_93" span="word_570..word_573" coref_class="empty"  category="event"  mmax_level="coref"  rule="none"  type="none" />
<markable id="markable_58" span="word_243" coref_class="empty"  category="organization"  mmax_level="coref"  rule="none"  type="none" />
<markable id="markable_92" span="word_563..word_564" coref_class="empty"  category="organization"  mmax_level="coref"  rule="none"  type="none" />
<markable id="markable_55" span="word_163" coref_class="empty"  category="time"  mmax_level="coref"  rule="none"  type="none" />
<markable id="markable_91" span="word_555" coref_class="empty"  category="organization"  mmax_level="coref"  rule="none"  type="none" />
<markable id="markable_56" span="word_47" coref_class="empty"  category="profession"  mmax_level="coref"  rule="none"  type="none" />
<markable id="markable_98" span="word_751..word_752" coref_class="empty"  category="person"  mmax_level="coref"  rule="none"  type="none" />
<markable id="markable_97" span="word_721" coref_class="empty"  category="profession"  mmax_level="coref"  rule="none"  type="none" />
<markable id="markable_96" span="word_699..word_700" coref_class="empty"  category="person"  mmax_level="coref"  rule="none"  type="none" />
<markable id="markable_59" span="word_251" coref_class="empty"  category="profession"  mmax_level="coref"  rule="none"  type="none" />
<markable id="markable_95" span="word_641..word_642" coref_class="empty"  category="person"  mmax_level="coref"  rule="none"  type="none" />
<markable id="markable_50" span="word_147..word_148" coref_class="empty"  category="organization"  mmax_level="coref"  rule="none"  type="none" />
<markable id="markable_99" span="word_775..word_776" coref_class="empty"  category="person"  mmax_level="coref"  rule="none"  type="none" />
<markable id="markable_53" span="word_160..word_161" coref_class="empty"  category="sum"  mmax_level="coref"  rule="none"  type="none" />
<markable id="markable_54" span="word_164..word_165" coref_class="empty"  category="time"  mmax_level="coref"  rule="none"  type="none" />
<markable id="markable_51" span="word_149" coref_class="empty"  category="location"  mmax_level="coref"  rule="none"  type="none" />
<markable id="markable_52" span="word_147..word_150" coref_class="empty"  category="organization"  mmax_level="coref"  rule="none"  type="none" />
</markables>