<?xml version="1.0" encoding="UTF-8"?>
<!DOCTYPE markables SYSTEM "markables.dtd">
<markables xmlns="www.eml.org/NameSpaces/coref">
<markable id="markable_1" span="word_3..word_4" coref_class="empty" category="person" mmax_level="coref"  rule="none"  type="none"/>
<markable id="markable_2" span="word_6" coref_class="empty" category="person" mmax_level="coref"  rule="none"  type="none"/>
<markable id="markable_3" span="word_11..word_12" coref_class="empty" category="time" mmax_level="coref"  rule="none"  type="none"/>
<markable id="markable_4" span="word_15..word_17" coref_class="empty" category="organization" mmax_level="coref"  rule="none"  type="none"/>
<markable id="markable_5" span="word_23..word_24" coref_class="empty" category="person" mmax_level="coref"  rule="none"  type="none"/>
<markable id="markable_6" span="word_26" coref_class="empty" category="profession" mmax_level="coref"  rule="none"  type="none"/>
<markable id="markable_7" span="word_27..word_28" coref_class="empty" category="person" mmax_level="coref"  rule="none"  type="none"/>
<markable id="markable_8" span="word_32" coref_class="empty" category="location" mmax_level="coref"  rule="none"  type="none"/>
<markable id="markable_9" span="word_36" coref_class="empty" category="organization" mmax_level="coref"  rule="none"  type="none"/>
<markable id="markable_10" span="word_42" coref_class="empty" category="location" mmax_level="coref"  rule="none"  type="none"/>
<markable id="markable_11" span="word_45" coref_class="empty" category="profession" mmax_level="coref"  rule="none"  type="none"/>
<markable id="markable_12" span="word_46..word_47" coref_class="empty" category="person" mmax_level="coref"  rule="none"  type="none"/>
<markable id="markable_13" span="word_49..word_51" coref_class="empty" category="organization" mmax_level="coref"  rule="none"  type="none"/>
<markable id="markable_14" span="word_54..word_55" coref_class="empty" category="person" mmax_level="coref"  rule="none"  type="none"/>
<markable id="markable_15" span="word_64" coref_class="empty" category="profession" mmax_level="coref"  rule="none"  type="none"/>
<markable id="markable_16" span="word_68" coref_class="empty" category="location" mmax_level="coref"  rule="none"  type="none"/>
<markable id="markable_17" span="word_71..word_72" coref_class="empty" category="person" mmax_level="coref"  rule="none"  type="none"/>
<markable id="markable_18" span="word_75" coref_class="empty" category="location" mmax_level="coref"  rule="none"  type="none"/>
<markable id="markable_19" span="word_82..word_83" coref_class="empty" category="time" mmax_level="coref"  rule="none"  type="none"/>
<markable id="markable_20" span="word_87" coref_class="empty" category="organization" mmax_level="coref"  rule="none"  type="none"/>
<markable id="markable_21" span="word_90..word_91" coref_class="empty" category="person" mmax_level="coref"  rule="none"  type="none"/>
<markable id="markable_22" span="word_93..word_94" coref_class="empty" category="person" mmax_level="coref"  rule="none"  type="none"/>
<markable id="markable_23" span="word_96..word_97" coref_class="empty" category="person" mmax_level="coref"  rule="none"  type="none"/>
<markable id="markable_24" span="word_106" coref_class="empty" category="profession" mmax_level="coref"  rule="none"  type="none"/>
<markable id="markable_25" span="word_107..word_108" coref_class="empty" category="person" mmax_level="coref"  rule="none"  type="none"/>
<markable id="markable_26" span="word_112..word_113" coref_class="empty" category="person" mmax_level="coref"  rule="none"  type="none"/>
<markable id="markable_27" span="word_115..word_116" coref_class="empty" category="person" mmax_level="coref"  rule="none"  type="none"/>
<markable id="markable_28" span="word_123" coref_class="empty" category="profession" mmax_level="coref"  rule="none"  type="none"/>
<markable id="markable_29" span="word_124..word_125" coref_class="empty" category="person" mmax_level="coref"  rule="none"  type="none"/>
<markable id="markable_30" span="word_127" coref_class="empty" category="organization" mmax_level="coref"  rule="none"  type="none"/>
<markable id="markable_31" span="word_129..word_130" coref_class="empty" category="person" mmax_level="coref"  rule="none"  type="none"/>
</markables>