<?xml version="1.0" encoding="UTF-8"?>
<!DOCTYPE words SYSTEM "words.dtd">
<words><word id="word_1">Latvijas</word>
<word id="word_2">Avīze</word>
<word id="word_3">:</word>
<word id="word_4">&quot;</word>
<word id="word_5">Rīgas</word>
<word id="word_6">meži</word>
<word id="word_7">&quot;</word>
<word id="word_8">maina</word>
<word id="word_9">spēles</word>
<word id="word_10">noteikumus</word>
<word id="word_11">11</word>
<word id="word_12">Feb</word>
<word id="word_13">2013</word>
<word id="word_14">Pēc</word>
<word id="word_15">gadiem</word>
<word id="word_16">trim</word>
<word id="word_17">SIA</word>
<word id="word_18">&quot;</word>
<word id="word_19">Rīgas</word>
<word id="word_20">meži</word>
<word id="word_21">&quot;</word>
<word id="word_22">visu</word>
<word id="word_23">iegūto</word>
<word id="word_24">koksni</word>
<word id="word_25">pārstrādās</word>
<word id="word_26">paši</word>
<word id="word_27">Izaudzēto</word>
<word id="word_28">pārstrādās</word>
<word id="word_29">&quot;</word>
<word id="word_30">Norupē</word>
<word id="word_31">&quot;</word>
<word id="word_32">Šajos</word>
<word id="word_33">gados</word>
<word id="word_34">pašā</word>
<word id="word_35">būtībā</word>
<word id="word_36">mainījusies</word>
<word id="word_37">gan</word>
<word id="word_38">Rīgai</word>
<word id="word_39">piederošo</word>
<word id="word_40">mežu</word>
<word id="word_41">,</word>
<word id="word_42">gan</word>
<word id="word_43">Mežaparka</word>
<word id="word_44">apsaimniekošanas</word>
<word id="word_45">koncepcija</word>
<word id="word_46">.</word>
<word id="word_47">Kādreiz</word>
<word id="word_48">Rīgas</word>
<word id="word_49">priedes</word>
<word id="word_50">tika</word>
<word id="word_51">pārdotas</word>
<word id="word_52">augošu</word>
<word id="word_53">koku</word>
<word id="word_54">izsolēs</word>
<word id="word_55">,</word>
<word id="word_56">uz</word>
<word id="word_57">celma</word>
<word id="word_58">,</word>
<word id="word_59">bet</word>
<word id="word_60">šodien</word>
<word id="word_61">uzņēmums</word>
<word id="word_62">visus</word>
<word id="word_63">mežsaim-nieciskos</word>
<word id="word_64">darbus</word>
<word id="word_65">veic</word>
<word id="word_66">pašu</word>
<word id="word_67">spēkiem</word>
<word id="word_68">un</word>
<word id="word_69">jau</word>
<word id="word_70">martā</word>
<word id="word_71">daļa</word>
<word id="word_72">no</word>
<word id="word_73">nocirstā</word>
<word id="word_74">tiks</word>
<word id="word_75">pārstrādāta</word>
<word id="word_76">uzņēmumam</word>
<word id="word_77">piederošajā</word>
<word id="word_78">zāģētavā</word>
<word id="word_79">.</word>
<word id="word_80">Tās</word>
<word id="word_81">jauda</word>
<word id="word_82">būs</word>
<word id="word_83">50_000</word>
<word id="word_84">kubikmetru</word>
<word id="word_85">apaļkoksnes</word>
<word id="word_86">gadā</word>
<word id="word_87">.</word>
<word id="word_88">A.</word>
<word id="word_89">Tauriņš</word>
<word id="word_90">:</word>
<word id="word_91">&quot;</word>
<word id="word_92">Tā</word>
<word id="word_93">ir</word>
<word id="word_94">aptuveni</word>
<word id="word_95">trešā</word>
<word id="word_96">daļa</word>
<word id="word_97">no</word>
<word id="word_98">tāmes</word>
<word id="word_99">,</word>
<word id="word_100">ko</word>
<word id="word_101">gadā</word>
<word id="word_102">varam</word>
<word id="word_103">nocirst</word>
<word id="word_104">.</word>
<word id="word_105">Pārstrādāsim</word>
<word id="word_106">sīkkoksni</word>
<word id="word_107">,</word>
<word id="word_108">tā_ka</word>
<word id="word_109">pagaidām</word>
<word id="word_110">lielo</word>
<word id="word_111">dimensiju</word>
<word id="word_112">zāģbaļķu</word>
<word id="word_113">pircējus</word>
<word id="word_114">mūsu</word>
<word id="word_115">projekts</word>
<word id="word_116">neietekmēs</word>
<word id="word_117">.</word>
<word id="word_118">Mēs</word>
<word id="word_119">ražosim</word>
<word id="word_120">sausus</word>
<word id="word_121">,</word>
<word id="word_122">ēvelētus</word>
<word id="word_123">dēļus</word>
<word id="word_124">-</word>
<word id="word_125">mēbeļu</word>
<word id="word_126">sagataves</word>
<word id="word_127">.</word>
<word id="word_128">Iestrādāsimies</word>
<word id="word_129">,</word>
<word id="word_130">un</word>
<word id="word_131">pēc</word>
<word id="word_132">gada</word>
<word id="word_133">diviem</word>
<word id="word_134">plānojam</word>
<word id="word_135">vēl</word>
<word id="word_136">vienas</word>
<word id="word_137">zāģētavas</word>
<word id="word_138">būvi</word>
<word id="word_139">.</word>
<word id="word_140">Tās</word>
<word id="word_141">jauda</word>
<word id="word_142">jau</word>
<word id="word_143">būs</word>
<word id="word_144">divreiz</word>
<word id="word_145">lielāka</word>
<word id="word_146">.</word>
<word id="word_147">Būvēsim</word>
<word id="word_148">arī</word>
<word id="word_149">koģenerācijas</word>
<word id="word_150">staciju</word>
<word id="word_151">,</word>
<word id="word_152">kurā</word>
<word id="word_153">varēs</word>
<word id="word_154">sadedzināt</word>
<word id="word_155">visas</word>
<word id="word_156">ciršanas</word>
<word id="word_157">atliekas</word>
<word id="word_158">un</word>
<word id="word_159">mazvērtīgo</word>
<word id="word_160">koksni</word>
<word id="word_161">.</word>
<word id="word_162">Vairāk</word>
<word id="word_163">pelnīsim</word>
<word id="word_164">,</word>
<word id="word_165">vairāk</word>
<word id="word_166">varēsim</word>
<word id="word_167">ieguldīt</word>
<word id="word_168">attīstībā</word>
<word id="word_169">.</word>
<word id="word_170">&quot;</word>
<word id="word_171">Piecu</word>
<word id="word_172">gadu</word>
<word id="word_173">laikā</word>
<word id="word_174">SIA</word>
<word id="word_175">&quot;</word>
<word id="word_176">Rīgas</word>
<word id="word_177">meži</word>
<word id="word_178">&quot;</word>
<word id="word_179">Rīgas</word>
<word id="word_180">attīstībā</word>
<word id="word_181">investējuši</word>
<word id="word_182">3,7</word>
<word id="word_183">miljonus</word>
<word id="word_184">latu</word>
<word id="word_185">.</word>
<word id="word_186">Uzņēmuma</word>
<word id="word_187">apgrozījums</word>
<word id="word_188">pērn</word>
<word id="word_189">sasniedzis</word>
<word id="word_190">4,7</word>
<word id="word_191">miljonus</word>
<word id="word_192">latu</word>
<word id="word_193">,</word>
<word id="word_194">bet</word>
<word id="word_195">prognozes</word>
<word id="word_196">liecina</word>
<word id="word_197">,</word>
<word id="word_198">ka</word>
<word id="word_199">,</word>
<word id="word_200">pateicoties</word>
<word id="word_201">uzsāktajai</word>
<word id="word_202">pārstrādei</word>
<word id="word_203">,</word>
<word id="word_204">šogad</word>
<word id="word_205">tas</word>
<word id="word_206">tuvosies</word>
<word id="word_207">septiņiem</word>
<word id="word_208">miljoniem</word>
<word id="word_209">.</word>
<word id="word_210">Jaunās</word>
<word id="word_211">kokzāģētavas</word>
<word id="word_212">&quot;</word>
<word id="word_213">Norupe</word>
<word id="word_214">&quot;</word>
<word id="word_215">,</word>
<word id="word_216">kas</word>
<word id="word_217">atrodas</word>
<word id="word_218">netālu</word>
<word id="word_219">no</word>
<word id="word_220">Ogres</word>
<word id="word_221">,</word>
<word id="word_222">komanda</word>
<word id="word_223">jau</word>
<word id="word_224">nokomplektēta</word>
<word id="word_225">.</word>
<word id="word_226">Bažas</word>
<word id="word_227">par</word>
<word id="word_228">to</word>
<word id="word_229">,</word>
<word id="word_230">ka</word>
<word id="word_231">darbspējīgu</word>
<word id="word_232">ciivēku</word>
<word id="word_233">atrast</word>
<word id="word_234">būs</word>
<word id="word_235">grūti</word>
<word id="word_236">,</word>
<word id="word_237">izrādījušās</word>
<word id="word_238">veltas</word>
<word id="word_239">-</word>
<word id="word_240">visi</word>
<word id="word_241">priecīgi</word>
<word id="word_242">,</word>
<word id="word_243">ka</word>
<word id="word_244">nu</word>
<word id="word_245">darbs</word>
<word id="word_246">tuvāk</word>
<word id="word_247">mājām</word>
<word id="word_248">.</word>
<word id="word_249">Pašiem</word>
<word id="word_250">savi</word>
<word id="word_251">zāģētāji</word>
<word id="word_252">&quot;</word>
<word id="word_253">Rīgas</word>
<word id="word_254">mežos</word>
<word id="word_255">&quot;</word>
<word id="word_256">būtiskas</word>
<word id="word_257">pārmaiņas</word>
<word id="word_258">arī</word>
<word id="word_259">mežu</word>
<word id="word_260">apsaimniekošanā</word>
<word id="word_261">.</word>
<word id="word_262">Ir</word>
<word id="word_263">izveidota</word>
<word id="word_264">divpadsmit</word>
<word id="word_265">cilvēku</word>
<word id="word_266">mežizstrādātāju</word>
<word id="word_267">brigāde</word>
<word id="word_268">,</word>
<word id="word_269">kas</word>
<word id="word_270">strādā</word>
<word id="word_271">ar</word>
<word id="word_272">motor-zāģiem</word>
<word id="word_273">un</word>
<word id="word_274">kuriem</word>
<word id="word_275">ir</word>
<word id="word_276">pašiem</word>
<word id="word_277">sava</word>
<word id="word_278">tehnika</word>
<word id="word_279">,</word>
<word id="word_280">ar</word>
<word id="word_281">ko</word>
<word id="word_282">izvest</word>
<word id="word_283">apaļkokus</word>
<word id="word_284">no</word>
<word id="word_285">cirsmas</word>
<word id="word_286">.</word>
<word id="word_287">Brigādi</word>
<word id="word_288">vada</word>
<word id="word_289">mežizstrādes</word>
<word id="word_290">meistars</word>
<word id="word_291">A.</word>
<word id="word_292">Tauriņš</word>
<word id="word_293">:</word>
<word id="word_294">&quot;</word>
<word id="word_295">Mums</word>
<word id="word_296">ir</word>
<word id="word_297">daudz</word>
<word id="word_298">cirsmu</word>
<word id="word_299">,</word>
<word id="word_300">kas</word>
<word id="word_301">prasa</word>
<word id="word_302">roku</word>
<word id="word_303">darbu</word>
<word id="word_304">gan</word>
<word id="word_305">kvalitātes</word>
<word id="word_306">,</word>
<word id="word_307">gan</word>
<word id="word_308">pieejamības</word>
<word id="word_309">ziņā</word>
<word id="word_310">.</word>
<word id="word_311">Ir</word>
<word id="word_312">uzkrājusies</word>
<word id="word_313">koksne</word>
<word id="word_314">,</word>
<word id="word_315">kas</word>
<word id="word_316">dažādu</word>
<word id="word_317">iemeslu</word>
<word id="word_318">dēļ</word>
<word id="word_319">izsolē</word>
<word id="word_320">netiek</word>
<word id="word_321">pārdota</word>
<word id="word_322">.</word>
<word id="word_323">Tagad</word>
<word id="word_324">mēs</word>
<word id="word_325">tur</word>
<word id="word_326">iaižam</word>
<word id="word_327">iekšā</word>
<word id="word_328">savus</word>
<word id="word_329">strādniekus</word>
<word id="word_330">.</word>
<word id="word_331">Šādi</word>
<word id="word_332">nocirsti</word>
<word id="word_333">pirmie</word>
<word id="word_334">16_000</word>
<word id="word_335">kubikmetru</word>
<word id="word_336">.</word>
<word id="word_337">Secinām</word>
<word id="word_338">,</word>
<word id="word_339">ka</word>
<word id="word_340">,</word>
<word id="word_341">cērtot</word>
<word id="word_342">pašiem</word>
<word id="word_343">,</word>
<word id="word_344">veidojas</word>
<word id="word_345">vērtīgāki</word>
<word id="word_346">sortimenti</word>
<word id="word_347">un</word>
<word id="word_348">mēs</word>
<word id="word_349">gūstam</word>
<word id="word_350">lielāku</word>
<word id="word_351">peļņu</word>
<word id="word_352">nekā</word>
<word id="word_353">tad</word>
<word id="word_354">,</word>
<word id="word_355">ja</word>
<word id="word_356">būtu</word>
<word id="word_357">pārdevuši</word>
<word id="word_358">augošus</word>
<word id="word_359">kokus</word>
<word id="word_360">uz</word>
<word id="word_361">celma</word>
<word id="word_362">.</word>
<word id="word_363">Rezultāti</word>
<word id="word_364">mūs</word>
<word id="word_365">iepriecina</word>
<word id="word_366">,</word>
<word id="word_367">tāpēc</word>
<word id="word_368">gribam</word>
<word id="word_369">šo</word>
<word id="word_370">lietu</word>
<word id="word_371">attīstīt</word>
<word id="word_372">.</word>
<word id="word_373">&quot;</word>
<word id="word_374">Šīs</word>
<word id="word_375">brigādes</word>
<word id="word_376">izstrādā</word>
<word id="word_377">arī</word>
<word id="word_378">izlases</word>
<word id="word_379">cirsmas</word>
<word id="word_380">,</word>
<word id="word_381">kas</word>
<word id="word_382">prasa</word>
<word id="word_383">īpaši</word>
<word id="word_384">saudzīgu</word>
<word id="word_385">attieksmi</word>
<word id="word_386">.</word>
<word id="word_387">Par</word>
<word id="word_388">to</word>
<word id="word_389">,</word>
<word id="word_390">vai</word>
<word id="word_391">uzņēmums</word>
<word id="word_392">iegādāsies</word>
<word id="word_393">arī</word>
<word id="word_394">pats</word>
<word id="word_395">savus</word>
<word id="word_396">harvesterus</word>
<word id="word_397">un</word>
<word id="word_398">for-varderus</word>
<word id="word_399">,</word>
<word id="word_400">Aivars</word>
<word id="word_401">Tauriņš</word>
<word id="word_402">nav</word>
<word id="word_403">pārliecināts</word>
<word id="word_404">,</word>
<word id="word_405">sakot</word>
<word id="word_406">,</word>
<word id="word_407">ka</word>
<word id="word_408">ar</word>
<word id="word_409">ambīcijām</word>
<word id="word_410">esot</word>
<word id="word_411">jābūt</word>
<word id="word_412">uzmanīgam</word>
<word id="word_413">,</word>
<word id="word_414">taču</word>
<word id="word_415">sākums</word>
<word id="word_416">liecinot</word>
<word id="word_417">,</word>
<word id="word_418">ka</word>
<word id="word_419">izvēlētais</word>
<word id="word_420">attīstības</word>
<word id="word_421">ceļš</word>
<word id="word_422">ir</word>
<word id="word_423">pareizs</word>
<word id="word_424">.</word>
<word id="word_425">Izmaiņas</word>
<word id="word_426">notikušas</word>
<word id="word_427">arī</word>
<word id="word_428">jaunaudžu</word>
<word id="word_429">kopšanā</word>
<word id="word_430">.</word>
<word id="word_431">Kopš</word>
<word id="word_432">pagājušā</word>
<word id="word_433">pavasara</word>
<word id="word_434">&quot;</word>
<word id="word_435">Rīgas</word>
<word id="word_436">mežos</word>
<word id="word_437">&quot;</word>
<word id="word_438">mežu</word>
<word id="word_439">stāda</word>
<word id="word_440">un</word>
<word id="word_441">ravē</word>
<word id="word_442">ne</word>
<word id="word_443">vairs</word>
<word id="word_444">dažādu</word>
<word id="word_445">starpniekfirmu</word>
<word id="word_446">nolīgti</word>
<word id="word_447">strādnieki</word>
<word id="word_448">,</word>
<word id="word_449">bet</word>
<word id="word_450">gan</word>
<word id="word_451">pašu</word>
<word id="word_452">mežniecību</word>
<word id="word_453">darbinieki</word>
<word id="word_454">.</word>
<word id="word_455">Mežsargi</word>
<word id="word_456">stāda</word>
<word id="word_457">mežu</word>
<word id="word_458">un</word>
<word id="word_459">raksta</word>
<word id="word_460">dienasgrāmatas</word>
<word id="word_461">Tas</word>
<word id="word_462">mežsargiem</word>
<word id="word_463">un</word>
<word id="word_464">mežziņiem</word>
<word id="word_465">dod</word>
<word id="word_466">ne_tikai</word>
<word id="word_467">iespēju</word>
<word id="word_468">nopelnīt</word>
<word id="word_469">,</word>
<word id="word_470">bet</word>
<word id="word_471">ar</word>
<word id="word_472">vairāk</word>
<word id="word_473">laika</word>
<word id="word_474">pavadīt</word>
<word id="word_475">savā</word>
<word id="word_476">apgaitā</word>
<word id="word_477">.</word>
<word id="word_478">A.</word>
<word id="word_479">Tauriņš</word>
<word id="word_480">:</word>
<word id="word_481">&quot;</word>
<word id="word_482">Liela</word>
<word id="word_483">daļa</word>
<word id="word_484">mežsargu</word>
<word id="word_485">jau_arī</word>
<word id="word_486">līdz</word>
<word id="word_487">šim</word>
<word id="word_488">savā</word>
<word id="word_489">teritorijā</word>
<word id="word_490">gan</word>
<word id="word_491">stādīja</word>
<word id="word_492">,</word>
<word id="word_493">gan</word>
<word id="word_494">kopa</word>
<word id="word_495">mežu</word>
<word id="word_496">,</word>
<word id="word_497">gan</word>
<word id="word_498">ne</word>
<word id="word_499">kā</word>
<word id="word_500">mūsu</word>
<word id="word_501">darbinieki</word>
<word id="word_502">,</word>
<word id="word_503">bet</word>
<word id="word_504">slēdzot</word>
<word id="word_505">līgumu</word>
<word id="word_506">ar</word>
<word id="word_507">uzņēmumu</word>
<word id="word_508">,</word>
<word id="word_509">kas</word>
<word id="word_510">savukārt</word>
<word id="word_511">bija</word>
<word id="word_512">slēdzis</word>
<word id="word_513">līgumu</word>
<word id="word_514">ar</word>
<word id="word_515">&quot;</word>
<word id="word_516">Rīgas</word>
<word id="word_517">mežiem</word>
<word id="word_518">&quot;</word>
<word id="word_519">.</word>
<word id="word_520">Tagad</word>
<word id="word_521">spēles</word>
<word id="word_522">noteikumi</word>
<word id="word_523">ir</word>
<word id="word_524">mainīti</word>
<word id="word_525">-</word>
<word id="word_526">tie</word>
<word id="word_527">ir</word>
<word id="word_528">vienkāršāki</word>
<word id="word_529">un</word>
<word id="word_530">izdevīgāki</word>
<word id="word_531">-</word>
<word id="word_532">cilvēkiem</word>
<word id="word_533">ir</word>
<word id="word_534">iespējas</word>
<word id="word_535">nopelnīt</word>
<word id="word_536">uzņēmumā</word>
<word id="word_537">,</word>
<word id="word_538">kas</word>
<word id="word_539">ir</word>
<word id="word_540">viņu</word>
<word id="word_541">pamata</word>
<word id="word_542">darba</word>
<word id="word_543">vieta</word>
<word id="word_544">,</word>
<word id="word_545">un</word>
<word id="word_546">saņemt</word>
<word id="word_547">visas</word>
<word id="word_548">sociālās</word>
<word id="word_549">garantijas</word>
<word id="word_550">.</word>
<word id="word_551">Kopš</word>
<word id="word_552">pavasara</word>
<word id="word_553">mēs</word>
<word id="word_554">mežu</word>
<word id="word_555">atjaunošanu</word>
<word id="word_556">un</word>
<word id="word_557">kopšanu</word>
<word id="word_558">kādos</word>
<word id="word_559">80</word>
<word id="word_560">%</word>
<word id="word_561">platībās</word>
<word id="word_562">veicam</word>
<word id="word_563">paši</word>
<word id="word_564">.</word>
<word id="word_565">Mežniecībās</word>
<word id="word_566">,</word>
<word id="word_567">kur</word>
<word id="word_568">iepriekšējos</word>
<word id="word_569">gados</word>
<word id="word_570">bijusi</word>
<word id="word_571">ciršana</word>
<word id="word_572">un</word>
<word id="word_573">darba</word>
<word id="word_574">vairāk</word>
<word id="word_575">,</word>
<word id="word_576">pieņemam</word>
<word id="word_577">strādniekus</word>
<word id="word_578">.</word>
<word id="word_579">Mežsargi</word>
<word id="word_580">ir</word>
<word id="word_581">apmierināti</word>
<word id="word_582">un</word>
<word id="word_583">mēs</word>
<word id="word_584">arī</word>
<word id="word_585">.</word>
<word id="word_586">&quot;</word>
<word id="word_587">Taču</word>
<word id="word_588">mežsargiem</word>
<word id="word_589">kopš</word>
<word id="word_590">septembra</word>
<word id="word_591">ir</word>
<word id="word_592">vēl</word>
<word id="word_593">viens</word>
<word id="word_594">uzdevums</word>
<word id="word_595">-</word>
<word id="word_596">vi</word>
<word id="word_597">-</word>
<word id="word_598">ņiem</word>
<word id="word_599">jāraksta</word>
<word id="word_600">dienasgrāmatas</word>
<word id="word_601">,</word>
<word id="word_602">jāpiefiksē</word>
<word id="word_603">,</word>
<word id="word_604">kas</word>
<word id="word_605">dienas</word>
<word id="word_606">laikā</word>
<word id="word_607">padarīts</word>
<word id="word_608">.</word>
<word id="word_609">Un</word>
<word id="word_610">katram</word>
<word id="word_611">mežzinim</word>
<word id="word_612">ir</word>
<word id="word_613">uzdevums</word>
<word id="word_614">šo</word>
<word id="word_615">dienasgrāmatu</word>
<word id="word_616">šad</word>
<word id="word_617">tad</word>
<word id="word_618">palasīt</word>
<word id="word_619">.</word>
<word id="word_620">Pagaidām</word>
<word id="word_621">gan</word>
<word id="word_622">vienots</word>
<word id="word_623">rakstīšanas</word>
<word id="word_624">stils</word>
<word id="word_625">neesot</word>
<word id="word_626">panākts</word>
<word id="word_627">,</word>
<word id="word_628">viens</word>
<word id="word_629">rakstot</word>
<word id="word_630">sausi</word>
<word id="word_631">,</word>
<word id="word_632">cits</word>
<word id="word_633">-</word>
<word id="word_634">liriski</word>
<word id="word_635">.</word>
<word id="word_636">Viens</word>
<word id="word_637">bēdājas</word>
<word id="word_638">,</word>
<word id="word_639">ka</word>
<word id="word_640">nav</word>
<word id="word_641">vairāk</word>
<word id="word_642">vietas</word>
<word id="word_643">,</word>
<word id="word_644">kur</word>
<word id="word_645">rakstīt</word>
<word id="word_646">,</word>
<word id="word_647">cits</word>
<word id="word_648">atkal</word>
<word id="word_649">nesaprot</word>
<word id="word_650">,</word>
<word id="word_651">ko</word>
<word id="word_652">vispār</word>
<word id="word_653">rakstīt</word>
<word id="word_654">.</word>
<word id="word_655">Dienasgrāmatu</word>
<word id="word_656">mērķis</word>
<word id="word_657">esot</word>
<word id="word_658">disciplinēt</word>
<word id="word_659">mežsargu</word>
<word id="word_660">,</word>
<word id="word_661">lai</word>
<word id="word_662">viņš</word>
<word id="word_663">arī</word>
<word id="word_664">pats</word>
<word id="word_665">izvērtētu</word>
<word id="word_666">,</word>
<word id="word_667">ko</word>
<word id="word_668">paveicis</word>
<word id="word_669">.</word>
<word id="word_670">Piecu</word>
<word id="word_671">gadu</word>
<word id="word_672">laikā</word>
<word id="word_673">&quot;</word>
<word id="word_674">Rīgas</word>
<word id="word_675">mežos</word>
<word id="word_676">&quot;</word>
<word id="word_677">septiņu</word>
<word id="word_678">mežniecību</word>
<word id="word_679">vietā</word>
<word id="word_680">palikušas</word>
<word id="word_681">piecas</word>
<word id="word_682">.</word>
<word id="word_683">Vai</word>
<word id="word_684">reforma</word>
<word id="word_685">turpināsies</word>
<word id="word_686">?</word>
<word id="word_687">Aivars</word>
<word id="word_688">Tauriņš</word>
<word id="word_689">to</word>
<word id="word_690">apstiprina</word>
<word id="word_691">,</word>
<word id="word_692">taču</word>
<word id="word_693">piebilst</word>
<word id="word_694">,</word>
<word id="word_695">ka</word>
<word id="word_696">tas</word>
<word id="word_697">notiks</word>
<word id="word_698">nesāpīgi</word>
<word id="word_699">:</word>
<word id="word_700">&quot;</word>
<word id="word_701">Ir</word>
<word id="word_702">doma</word>
<word id="word_703">pārzināmu</word>
<word id="word_704">reorganizāciju</word>
<word id="word_705">,</word>
<word id="word_706">jo</word>
<word id="word_707">laiki</word>
<word id="word_708">ir</word>
<word id="word_709">mainījušies</word>
<word id="word_710">.</word>
<word id="word_711">Nepieciešams</word>
<word id="word_712">mežsargu</word>
<word id="word_713">nodrošināt</word>
<word id="word_714">ar</word>
<word id="word_715">labu</word>
<word id="word_716">auto</word>
<word id="word_717">,</word>
<word id="word_718">GPS</word>
<word id="word_719">un</word>
<word id="word_720">palielināt</word>
<word id="word_721">apgaitas</word>
<word id="word_722">,</word>
<word id="word_723">kas</word>
<word id="word_724">tagad</word>
<word id="word_725">nav</word>
<word id="word_726">lielākas</word>
<word id="word_727">par</word>
<word id="word_728">1500</word>
<word id="word_729">-</word>
<word id="word_730">2000</word>
<word id="word_731">hektāriem</word>
<word id="word_732">.</word>
<word id="word_733">Tāds</word>
<word id="word_734">ir</word>
<word id="word_735">plāns</word>
<word id="word_736">,</word>
<word id="word_737">taču</word>
<word id="word_738">realizējam</word>
<word id="word_739">to</word>
<word id="word_740">pamazām</word>
<word id="word_741">-</word>
<word id="word_742">ja</word>
<word id="word_743">kāds</word>
<word id="word_744">aiziet</word>
<word id="word_745">prom</word>
<word id="word_746">vai</word>
<word id="word_747">pensijā</word>
<word id="word_748">,</word>
<word id="word_749">tad</word>
<word id="word_750">jaunu</word>
<word id="word_751">vietā</word>
<word id="word_752">nepieņemam</word>
<word id="word_753">,</word>
<word id="word_754">bet</word>
<word id="word_755">platību</word>
<word id="word_756">sadalām</word>
<word id="word_757">starp</word>
<word id="word_758">kaimiņiem</word>
<word id="word_759">.</word>
<word id="word_760">Ja</word>
<word id="word_761">ir</word>
<word id="word_762">lielāka</word>
<word id="word_763">atbildība</word>
<word id="word_764">,</word>
<word id="word_765">lielāka</word>
<word id="word_766">arī</word>
<word id="word_767">alga</word>
<word id="word_768">.</word>
<word id="word_769">&quot;</word>
<word id="word_770">Tomēr</word>
<word id="word_771">viss</word>
<word id="word_772">nav</word>
<word id="word_773">tik</word>
<word id="word_774">vienkārši</word>
<word id="word_775">-</word>
<word id="word_776">ja</word>
<word id="word_777">māki</word>
<word id="word_778">,</word>
<word id="word_779">ej</word>
<word id="word_780">,</word>
<word id="word_781">kop</word>
<word id="word_782">un</word>
<word id="word_783">ravē</word>
<word id="word_784">!</word>
<word id="word_785">Kolīdz</word>
<word id="word_786">runa</word>
<word id="word_787">ir</word>
<word id="word_788">par</word>
<word id="word_789">krūmgriežiem</word>
<word id="word_790">un</word>
<word id="word_791">motor</word>
<word id="word_792">-</word>
<word id="word_793">zāģiem</word>
<word id="word_794">,</word>
<word id="word_795">vajadzīgas</word>
<word id="word_796">tiesības</word>
<word id="word_797">,</word>
<word id="word_798">spectērps</word>
<word id="word_799">,</word>
<word id="word_800">ķiveres</word>
<word id="word_801">un</word>
<word id="word_802">zābaki</word>
<word id="word_803">.</word>
<word id="word_804">Un</word>
<word id="word_805">tas</word>
<word id="word_806">viss</word>
<word id="word_807">krietni</word>
<word id="word_808">maksā</word>
<word id="word_809">.</word>
<word id="word_810">A.</word>
<word id="word_811">Tauriņš</word>
<word id="word_812">piekrīt</word>
<word id="word_813">,</word>
<word id="word_814">ka</word>
<word id="word_815">pirmajā</word>
<word id="word_816">gadā</word>
<word id="word_817">izdevumi</word>
<word id="word_818">esot</word>
<word id="word_819">lieli</word>
<word id="word_820">,</word>
<word id="word_821">taču</word>
<word id="word_822">tās</word>
<word id="word_823">ir</word>
<word id="word_824">ilgtermiņa</word>
<word id="word_825">investīcijas</word>
<word id="word_826">,</word>
<word id="word_827">kas</word>
<word id="word_828">noteikti</word>
<word id="word_829">atmaksāsies</word>
<word id="word_830">.</word>
<word id="word_831">Šogad</word>
<word id="word_832">mežu</word>
<word id="word_833">atjaunošana</word>
<word id="word_834">veikta</word>
<word id="word_835">350</word>
<word id="word_836">hektāros</word>
<word id="word_837">,</word>
<word id="word_838">bet</word>
<word id="word_839">piecu</word>
<word id="word_840">gadu</word>
<word id="word_841">laikā</word>
<word id="word_842">&quot;</word>
<word id="word_843">Rīgas</word>
<word id="word_844">meži</word>
<word id="word_845">&quot;</word>
<word id="word_846">atjaunojuši</word>
<word id="word_847">1600</word>
<word id="word_848">hektārus</word>
<word id="word_849">,</word>
<word id="word_850">iestādot</word>
<word id="word_851">6,5</word>
<word id="word_852">miljonus</word>
<word id="word_853">kociņu</word>
<word id="word_854">.</word>
<word id="word_855">Septiņdesmit</word>
<word id="word_856">procentu</word>
<word id="word_857">platības</word>
<word id="word_858">tiek</word>
<word id="word_859">atjaunotas</word>
<word id="word_860">ar</word>
<word id="word_861">priedi</word>
<word id="word_862">.</word>
<word id="word_863">Vislabākās</word>
<word id="word_864">sēklas</word>
<word id="word_865">Latvijā</word>
<word id="word_866">Lielas</word>
<word id="word_867">pārmaiņas</word>
<word id="word_868">notikušas</word>
<word id="word_869">arī</word>
<word id="word_870">&quot;</word>
<word id="word_871">Norupes</word>
<word id="word_872">&quot;</word>
<word id="word_873">kok</word>
<word id="word_874">-</word>
<word id="word_875">audzētavā</word>
<word id="word_876">,</word>
<word id="word_877">kuras</word>
<word id="word_878">attīstībā</word>
<word id="word_879">investēti</word>
<word id="word_880">400_000</word>
<word id="word_881">latu</word>
<word id="word_882">.</word>
<word id="word_883">Sakārtotas</word>
<word id="word_884">,</word>
<word id="word_885">rekonstruētas</word>
<word id="word_886">vecās</word>
<word id="word_887">siltumnīcas</word>
<word id="word_888">,</word>
<word id="word_889">tām</word>
<word id="word_890">piebūvēti</word>
<word id="word_891">pagarinājumi</word>
<word id="word_892">,</word>
<word id="word_893">iegādāta</word>
<word id="word_894">vajadzīgā</word>
<word id="word_895">tehnika</word>
<word id="word_896">.</word>
<word id="word_897">ATauriņš</word>
<word id="word_898">:</word>
<word id="word_899">&quot;</word>
<word id="word_900">Gadā</word>
<word id="word_901">,</word>
<word id="word_902">sējot</word>
<word id="word_903">divas</word>
<word id="word_904">reizes</word>
<word id="word_905">,</word>
<word id="word_906">varam</word>
<word id="word_907">izaudzēt</word>
<word id="word_908">3_200_000</word>
<word id="word_909">stādiņu</word>
<word id="word_910">.</word>
<word id="word_911">Varbūt</word>
<word id="word_912">,</word>
<word id="word_913">ka</word>
<word id="word_914">jaudas</word>
<word id="word_915">rezerves</word>
<word id="word_916">vēl</word>
<word id="word_917">pastāv</word>
<word id="word_918">,</word>
<word id="word_919">jo</word>
<word id="word_920">esam</word>
<word id="word_921">mēģinājuši</word>
<word id="word_922">sēt</word>
<word id="word_923">trešo</word>
<word id="word_924">reizi</word>
<word id="word_925">.</word>
<word id="word_926">Parādās</word>
<word id="word_927">iespējas</word>
<word id="word_928">pārpalikumus</word>
<word id="word_929">realizēt</word>
<word id="word_930">,</word>
<word id="word_931">līdz</word>
<word id="word_932">ar</word>
<word id="word_933">to</word>
<word id="word_934">pašizmaksa</word>
<word id="word_935">sarūk</word>
<word id="word_936">.</word>
<word id="word_937">Mums</word>
<word id="word_938">pašiem</word>
<word id="word_939">mežu</word>
<word id="word_940">atjaunošanai</word>
<word id="word_941">ik</word>
<word id="word_942">gadus</word>
<word id="word_943">vajag</word>
<word id="word_944">1_300_000</word>
<word id="word_945">stādiņu</word>
<word id="word_946">.</word>
<word id="word_947">&quot;</word>
<word id="word_948">Burtiski</word>
<word id="word_949">pirms</word>
<word id="word_950">nedēļas</word>
<word id="word_951">sertifikātu</word>
<word id="word_952">saņēmusi</word>
<word id="word_953">arī</word>
<word id="word_954">no</word>
<word id="word_955">&quot;</word>
<word id="word_956">Rīgas</word>
<word id="word_957">mežu</word>
<word id="word_958">&quot;</word>
<word id="word_959">priežu</word>
<word id="word_960">sēklu</word>
<word id="word_961">plantāciju</word>
<word id="word_962">pirmā</word>
<word id="word_963">raža</word>
<word id="word_964">.</word>
<word id="word_965">Tie</word>
<word id="word_966">ir</word>
<word id="word_967">pirmie</word>
<word id="word_968">350</word>
<word id="word_969">g</word>
<word id="word_970">priežu</word>
<word id="word_971">sēklu</word>
<word id="word_972">,</word>
<word id="word_973">ar</word>
<word id="word_974">ko</word>
<word id="word_975">iespējams</word>
<word id="word_976">atjaunot</word>
<word id="word_977">trīs</word>
<word id="word_978">hektārus</word>
<word id="word_979">meža</word>
<word id="word_980">.</word>
<word id="word_981">Taču</word>
<word id="word_982">būtiskākais</word>
<word id="word_983">,</word>
<word id="word_984">kas</word>
<word id="word_985">priecē</word>
<word id="word_986">sēklu</word>
<word id="word_987">plantācijas</word>
<word id="word_988">kopējus</word>
<word id="word_989">,</word>
<word id="word_990">ir</word>
<word id="word_991">tas</word>
<word id="word_992">,</word>
<word id="word_993">ka</word>
<word id="word_994">šīs</word>
<word id="word_995">sēklas</word>
<word id="word_996">novērtētas</word>
<word id="word_997">kā</word>
<word id="word_998">pārākas</word>
<word id="word_999">-</word>
<word id="word_1000">tā</word>
<word id="word_1001">ir</word>
<word id="word_1002">pati</word>
<word id="word_1003">labākā</word>
<word id="word_1004">kvalitāte</word>
<word id="word_1005">,</word>
<word id="word_1006">kāda</word>
<word id="word_1007">vien</word>
<word id="word_1008">Latvijā</word>
<word id="word_1009">atrodama</word>
<word id="word_1010">.</word>
<word id="word_1011">Selekcionāri</word>
<word id="word_1012">liecina</word>
<word id="word_1013">,</word>
<word id="word_1014">ka</word>
<word id="word_1015">prie-dītes</word>
<word id="word_1016">,</word>
<word id="word_1017">kas</word>
<word id="word_1018">audzētas</word>
<word id="word_1019">no</word>
<word id="word_1020">&quot;</word>
<word id="word_1021">Rīgas</word>
<word id="word_1022">mežu</word>
<word id="word_1023">&quot;</word>
<word id="word_1024">sēklu</word>
<word id="word_1025">plantācijā</word>
<word id="word_1026">iegūtajiem</word>
<word id="word_1027">čiekuriem</word>
<word id="word_1028">,</word>
<word id="word_1029">augot</word>
<word id="word_1030">divreiz</word>
<word id="word_1031">ātrāk</word>
<word id="word_1032">nekā</word>
<word id="word_1033">parasts</word>
<word id="word_1034">mežs</word>
<word id="word_1035">.</word>
<word id="word_1036">Saposta</word>
<word id="word_1037">Lucavsala</word>
<word id="word_1038">Kopš</word>
<word id="word_1039">pagājušā</word>
<word id="word_1040">gada</word>
<word id="word_1041">Rīgas</word>
<word id="word_1042">mežu</word>
<word id="word_1043">apsaimniekotāji</word>
<word id="word_1044">atbild</word>
<word id="word_1045">ne_tikai</word>
<word id="word_1046">par</word>
<word id="word_1047">Mežaparka</word>
<word id="word_1048">,</word>
<word id="word_1049">bet_arī</word>
<word id="word_1050">Rīgas</word>
<word id="word_1051">dārzu</word>
<word id="word_1052">un</word>
<word id="word_1053">parku</word>
<word id="word_1054">apsaimniekošanu</word>
<word id="word_1055">.</word>
<word id="word_1056">Apvienojoties</word>
<word id="word_1057">ar</word>
<word id="word_1058">uzņēmumu</word>
<word id="word_1059">&quot;</word>
<word id="word_1060">Rīgas</word>
<word id="word_1061">dārzi</word>
<word id="word_1062">un</word>
<word id="word_1063">parki</word>
<word id="word_1064">&quot;</word>
<word id="word_1065">,</word>
<word id="word_1066">&quot;</word>
<word id="word_1067">Rīgas</word>
<word id="word_1068">meži</word>
<word id="word_1069">&quot;</word>
<word id="word_1070">kļuva</word>
<word id="word_1071">divreiz</word>
<word id="word_1072">lielāki</word>
<word id="word_1073">un</word>
<word id="word_1074">nu</word>
<word id="word_1075">uzņēmuma</word>
<word id="word_1076">darbinieku</word>
<word id="word_1077">skaits</word>
<word id="word_1078">tuvojas</word>
<word id="word_1079">trim</word>
<word id="word_1080">simtiem</word>
<word id="word_1081">.</word>
<word id="word_1082">Jau</word>
<word id="word_1083">šovasar</word>
<word id="word_1084">papildus</word>
<word id="word_1085">ikdienas</word>
<word id="word_1086">darbiem</word>
<word id="word_1087">saposta</word>
<word id="word_1088">Lucavsala</word>
<word id="word_1089">,</word>
<word id="word_1090">pārvēršot</word>
<word id="word_1091">bezpajumtnieku</word>
<word id="word_1092">iecienītu</word>
<word id="word_1093">pilsētas</word>
<word id="word_1094">centra</word>
<word id="word_1095">teritoriju</word>
<word id="word_1096">par</word>
<word id="word_1097">vietu</word>
<word id="word_1098">,</word>
<word id="word_1099">kur</word>
<word id="word_1100">tīkami</word>
<word id="word_1101">uzkavēties</word>
<word id="word_1102">ikvienam</word>
<word id="word_1103">.</word>
<word id="word_1104">Nākamgad</word>
<word id="word_1105">tās</word>
<word id="word_1106">labiekārtošana</word>
<word id="word_1107">turpināsies</word>
<word id="word_1108">,</word>
<word id="word_1109">ierīkojot</word>
<word id="word_1110">sporta</word>
<word id="word_1111">un</word>
<word id="word_1112">rotaļu</word>
<word id="word_1113">laukumus</word>
<word id="word_1114">.</word>
<word id="word_1115">A.</word>
<word id="word_1116">Tauriņš</word>
<word id="word_1117">:</word>
<word id="word_1118">&quot;</word>
<word id="word_1119">Mūsu</word>
<word id="word_1120">jaunie</word>
<word id="word_1121">kolēģi</word>
<word id="word_1122">ir</word>
<word id="word_1123">ļoti</word>
<word id="word_1124">labi</word>
<word id="word_1125">profesionāļi</word>
<word id="word_1126">un</word>
<word id="word_1127">sava</word>
<word id="word_1128">darba</word>
<word id="word_1129">entuziasti</word>
<word id="word_1130">.</word>
<word id="word_1131">Atkal</word>
<word id="word_1132">esam</word>
<word id="word_1133">iepirkuši</word>
<word id="word_1134">sīpolpuķes</word>
<word id="word_1135">un</word>
<word id="word_1136">pavasarī</word>
<word id="word_1137">liksim</word>
<word id="word_1138">tās</word>
<word id="word_1139">dobēs</word>
<word id="word_1140">.</word>
<word id="word_1141">Manuprāt</word>
<word id="word_1142">,</word>
<word id="word_1143">ir</word>
<word id="word_1144">nepiedodami</word>
<word id="word_1145">,</word>
<word id="word_1146">ka</word>
<word id="word_1147">lielākā</word>
<word id="word_1148">daļa</word>
<word id="word_1149">dobju</word>
<word id="word_1150">Rīgas</word>
<word id="word_1151">parkos</word>
<word id="word_1152">pārvērstas</word>
<word id="word_1153">par</word>
<word id="word_1154">mauriņiem</word>
<word id="word_1155">,</word>
<word id="word_1156">jo</word>
<word id="word_1157">Rīga</word>
<word id="word_1158">taču</word>
<word id="word_1159">bija</word>
<word id="word_1160">slavena</word>
<word id="word_1161">ar</word>
<word id="word_1162">savām</word>
<word id="word_1163">krāšņajām</word>
<word id="word_1164">puķu</word>
<word id="word_1165">dobēm</word>
<word id="word_1166">,</word>
<word id="word_1167">kas</word>
<word id="word_1168">ziedēja</word>
<word id="word_1169">visu</word>
<word id="word_1170">vasaru</word>
<word id="word_1171">.</word>
<word id="word_1172">&quot;</word>
<word id="word_1173">Arī</word>
<word id="word_1174">dārzu</word>
<word id="word_1175">un</word>
<word id="word_1176">parku</word>
<word id="word_1177">saimniecību</word>
<word id="word_1178">gaida</word>
<word id="word_1179">pārmaiņas</word>
<word id="word_1180">,</word>
<word id="word_1181">jo</word>
<word id="word_1182">darba</word>
<word id="word_1183">intensifikācijas</word>
<word id="word_1184">un</word>
<word id="word_1185">mehanizācijas</word>
<word id="word_1186">ziņā</word>
<word id="word_1187">&quot;</word>
<word id="word_1188">Rīgas</word>
<word id="word_1189">dārzi</word>
<word id="word_1190">un</word>
<word id="word_1191">parki</word>
<word id="word_1192">&quot;</word>
<word id="word_1193">bija</word>
<word id="word_1194">palikuši</word>
<word id="word_1195">iepakaļ</word>
<word id="word_1196">laikam</word>
<word id="word_1197">.</word>
<word id="word_1198">Tāpēc</word>
<word id="word_1199">tiks</word>
<word id="word_1200">gādāta</word>
<word id="word_1201">tehnika</word>
<word id="word_1202">.</word>
<word id="word_1203">Tikšanās</word>
<word id="word_1204">vieta</word>
<word id="word_1205">-</word>
<word id="word_1206">Mežaparks</word>
<word id="word_1207">Savukārt</word>
<word id="word_1208">Mežaparks</word>
<word id="word_1209">kļuvis</word>
<word id="word_1210">par</word>
<word id="word_1211">rīdziniekiem</word>
<word id="word_1212">tīkamu</word>
<word id="word_1213">atpūtas</word>
<word id="word_1214">vietu</word>
<word id="word_1215">,</word>
<word id="word_1216">kur</word>
<word id="word_1217">pat</word>
<word id="word_1218">pašās</word>
<word id="word_1219">saltākajās</word>
<word id="word_1220">dienās</word>
<word id="word_1221">netrūkst</word>
<word id="word_1222">ne</word>
<word id="word_1223">slēpotāju</word>
<word id="word_1224">,</word>
<word id="word_1225">ne</word>
<word id="word_1226">bērnu</word>
<word id="word_1227">,</word>
<word id="word_1228">kas</word>
<word id="word_1229">dod</word>
<word id="word_1230">priekšroku</word>
<word id="word_1231">šļūkšanai</word>
<word id="word_1232">ar</word>
<word id="word_1233">kamerām</word>
<word id="word_1234">no</word>
<word id="word_1235">lielā</word>
<word id="word_1236">estrādes</word>
<word id="word_1237">kalna</word>
<word id="word_1238">.</word>
<word id="word_1239">Mežaparks</word>
<word id="word_1240">kļūst</word>
<word id="word_1241">aizvien</word>
<word id="word_1242">populārāks</word>
<word id="word_1243">gan</word>
<word id="word_1244">svētkos</word>
<word id="word_1245">,</word>
<word id="word_1246">gan</word>
<word id="word_1247">darba</word>
<word id="word_1248">dienās</word>
<word id="word_1249">.</word>
<word id="word_1250">Grūti</word>
<word id="word_1251">pat</word>
<word id="word_1252">uzskaitīt</word>
<word id="word_1253">visus</word>
<word id="word_1254">pasākumus</word>
<word id="word_1255">,</word>
<word id="word_1256">kas</word>
<word id="word_1257">tikai</word>
<word id="word_1258">pēdējā</word>
<word id="word_1259">gada</word>
<word id="word_1260">laikā</word>
<word id="word_1261">sarīkoti</word>
<word id="word_1262">Mežaparkā</word>
<word id="word_1263">.</word>
<word id="word_1264">Nu</word>
<word id="word_1265">jau</word>
<word id="word_1266">trešo</word>
<word id="word_1267">gadu</word>
<word id="word_1268">te</word>
<word id="word_1269">darbojas</word>
<word id="word_1270">Sniega</word>
<word id="word_1271">parks</word>
<word id="word_1272">.</word>
<word id="word_1273">Vasarā</word>
<word id="word_1274">Mežaparkā</word>
<word id="word_1275">notika</word>
<word id="word_1276">Rīgas</word>
<word id="word_1277">bērnu</word>
<word id="word_1278">dziesmu</word>
<word id="word_1279">svētki</word>
<word id="word_1280">.</word>
<word id="word_1281">Tad</word>
<word id="word_1282">vēl</word>
<word id="word_1283">Lieldienas</word>
<word id="word_1284">,</word>
<word id="word_1285">Veselības</word>
<word id="word_1286">diena</word>
<word id="word_1287">,</word>
<word id="word_1288">Lielā</word>
<word id="word_1289">talka</word>
<word id="word_1290">,</word>
<word id="word_1291">Dzintara</word>
<word id="word_1292">Volga</word>
<word id="word_1293">.</word>
<word id="word_1294">Teātra</word>
<word id="word_1295">un</word>
<word id="word_1296">mūzikas</word>
<word id="word_1297">festivāls</word>
<word id="word_1298">notika</word>
<word id="word_1299">Zaļajā</word>
<word id="word_1300">teātrī</word>
<word id="word_1301">,</word>
<word id="word_1302">kura</word>
<word id="word_1303">atdzīvināšana</word>
<word id="word_1304">vērtējama</word>
<word id="word_1305">kā</word>
<word id="word_1306">drosmīgs</word>
<word id="word_1307">pasākums</word>
<word id="word_1308">.</word>
<word id="word_1309">A.</word>
<word id="word_1310">Tauriņš</word>
<word id="word_1311">:</word>
<word id="word_1312">&quot;</word>
<word id="word_1313">Skatītāju</word>
<word id="word_1314">atsaucība</word>
<word id="word_1315">un</word>
<word id="word_1316">atsauksmes</word>
<word id="word_1317">apliecināja</word>
<word id="word_1318">,</word>
<word id="word_1319">ka</word>
<word id="word_1320">Zaļais</word>
<word id="word_1321">teātris</word>
<word id="word_1322">Rīgai</word>
<word id="word_1323">ir</word>
<word id="word_1324">vajadzīgs</word>
<word id="word_1325">,</word>
<word id="word_1326">jo</word>
<word id="word_1327">mūsu</word>
<word id="word_1328">tauta</word>
<word id="word_1329">mīl</word>
<word id="word_1330">brīvdabas</word>
<word id="word_1331">izrādes</word>
<word id="word_1332">.</word>
<word id="word_1333">Jāpadomā</word>
<word id="word_1334">par</word>
<word id="word_1335">infrastruktūru</word>
<word id="word_1336">-</word>
<word id="word_1337">aktieriem</word>
<word id="word_1338">vajadzīgas</word>
<word id="word_1339">ģērbtuves</word>
<word id="word_1340">,</word>
<word id="word_1341">bet</word>
<word id="word_1342">skatītājiem</word>
<word id="word_1343">-</word>
<word id="word_1344">iespēja</word>
<word id="word_1345">nesamirkt</word>
<word id="word_1346">.</word>
<word id="word_1347">Saviem</word>
<word id="word_1348">spēkiem</word>
<word id="word_1349">&quot;</word>
<word id="word_1350">Rīgas</word>
<word id="word_1351">mežiem</word>
<word id="word_1352">&quot;</word>
<word id="word_1353">šo</word>
<word id="word_1354">jautājumu</word>
<word id="word_1355">atrisināt</word>
<word id="word_1356">nav</word>
<word id="word_1357">iespējams</word>
<word id="word_1358">,</word>
<word id="word_1359">taču</word>
<word id="word_1360">Rīgas</word>
<word id="word_1361">mērs</word>
<word id="word_1362">labiekārtošanas</word>
<word id="word_1363">ideju</word>
<word id="word_1364">principā</word>
<word id="word_1365">ir</word>
<word id="word_1366">atbalstījis</word>
<word id="word_1367">.</word>
<word id="word_1368">Tas</word>
<word id="word_1369">ir</word>
<word id="word_1370">tuvāko</word>
<word id="word_1371">trīs</word>
<word id="word_1372">četru</word>
<word id="word_1373">gadu</word>
<word id="word_1374">uzdevums</word>
<word id="word_1375">.</word>
<word id="word_1376">Varbūt</word>
<word id="word_1377">izbūvēsim</word>
<word id="word_1378">kaut</word>
<word id="word_1379">ko</word>
<word id="word_1380">līdzīgu</word>
<word id="word_1381">koncertzālei</word>
<word id="word_1382">Dzintaros</word>
<word id="word_1383">.</word>
<word id="word_1384">&quot;</word>
<word id="word_1385">Mežaparkam</word>
<word id="word_1386">atdzīvoties</word>
<word id="word_1387">likusi</word>
<word id="word_1388">arī</word>
<word id="word_1389">izstāde</word>
<word id="word_1390">&quot;</word>
<word id="word_1391">Iepazīsties</word>
<word id="word_1392">-</word>
<word id="word_1393">koks</word>
<word id="word_1394">&quot;</word>
<word id="word_1395">,</word>
<word id="word_1396">kas</word>
<word id="word_1397">bija</word>
<word id="word_1398">atvērta</word>
<word id="word_1399">arī</word>
<word id="word_1400">Muzeju</word>
<word id="word_1401">naktī</word>
<word id="word_1402">.</word>
<word id="word_1403">Uz</word>
<word id="word_1404">to</word>
<word id="word_1405">ekskursijās</word>
<word id="word_1406">brauc</word>
<word id="word_1407">daudz</word>
<word id="word_1408">jauniešu</word>
<word id="word_1409">un</word>
<word id="word_1410">bērnu</word>
<word id="word_1411">.</word>
<word id="word_1412">Ideja</word>
<word id="word_1413">par</word>
<word id="word_1414">izstādes</word>
<word id="word_1415">izveidošanu</word>
<word id="word_1416">pieder</word>
<word id="word_1417">&quot;</word>
<word id="word_1418">Rīgas</word>
<word id="word_1419">mežu</word>
<word id="word_1420">&quot;</word>
<word id="word_1421">apsaimniekotājiem</word>
<word id="word_1422">,</word>
<word id="word_1423">taču</word>
<word id="word_1424">tās</word>
<word id="word_1425">īstenošanā</word>
<word id="word_1426">piedalījās</word>
<word id="word_1427">visa</word>
<word id="word_1428">meža</word>
<word id="word_1429">nozare</word>
<word id="word_1430">.</word>
<word id="word_1431">Pateicoties</word>
<word id="word_1432">saimnieku</word>
<word id="word_1433">viesmīlībai</word>
<word id="word_1434">,</word>
<word id="word_1435">Mežaparkā</word>
<word id="word_1436">tagad</word>
<word id="word_1437">notiek</word>
<word id="word_1438">arī</word>
<word id="word_1439">Latvijas</word>
<word id="word_1440">Pašvaldību</word>
<word id="word_1441">savienības</word>
<word id="word_1442">,</word>
<word id="word_1443">Kokrūpniecības</word>
<word id="word_1444">federācijas</word>
<word id="word_1445">,</word>
<word id="word_1446">Meža</word>
<word id="word_1447">īpašnieku</word>
<word id="word_1448">biedrības</word>
<word id="word_1449">,</word>
<word id="word_1450">Zemkopības</word>
<word id="word_1451">ministrijas</word>
<word id="word_1452">rīkoti</word>
<word id="word_1453">pasākumi</word>
<word id="word_1454">.</word>
<word id="word_1455">Arī</word>
<word id="word_1456">Meža</word>
<word id="word_1457">dienas</word>
<word id="word_1458">,</word>
<word id="word_1459">Meža</word>
<word id="word_1460">olimpiādes</word>
<word id="word_1461">un</word>
<word id="word_1462">meža</word>
<word id="word_1463">nozares</word>
<word id="word_1464">gada</word>
<word id="word_1465">balvas</word>
<word id="word_1466">&quot;</word>
<word id="word_1467">Zelta</word>
<word id="word_1468">čiekurs</word>
<word id="word_1469">&quot;</word>
<word id="word_1470">pasniegšanas</word>
<word id="word_1471">ceremonija</word>
<word id="word_1472">.</word>
<word id="word_1473">Ir</word>
<word id="word_1474">iegūta</word>
<word id="word_1475">laba</word>
<word id="word_1476">vieta</word>
<word id="word_1477">,</word>
<word id="word_1478">kur</word>
<word id="word_1479">pulcēties</word>
<word id="word_1480">.</word>
<word id="word_1481">Publikācija</word>
<word id="word_1482">tapusi</word>
<word id="word_1483">sadarbībā</word>
<word id="word_1484">ar</word>
<word id="word_1485">SIA</word>
<word id="word_1486">&quot;</word>
<word id="word_1487">Rīgas</word>
<word id="word_1488">meži</word>
<word id="word_1489">&quot;</word>
<word id="word_1490">VIEDOKLIS</word>
<word id="word_1491">Rīgas</word>
<word id="word_1492">domes</word>
<word id="word_1493">priekšsēdētāja</word>
<word id="word_1494">vietnieks</word>
<word id="word_1495">ANDRIS</word>
<word id="word_1496">AMERIKS</word>
<word id="word_1497">:</word>
<word id="word_1498">&quot;</word>
<word id="word_1499">Nav</word>
<word id="word_1500">otra</word>
<word id="word_1501">tāda</word>
<word id="word_1502">Rīgas</word>
<word id="word_1503">pašvaldības</word>
<word id="word_1504">uzņēmuma</word>
<word id="word_1505">,</word>
<word id="word_1506">kas</word>
<word id="word_1507">piecu</word>
<word id="word_1508">gadu</word>
<word id="word_1509">laikā</word>
<word id="word_1510">būtu</word>
<word id="word_1511">paveicis</word>
<word id="word_1512">tik</word>
<word id="word_1513">daudz</word>
<word id="word_1514">,</word>
<word id="word_1515">cik</word>
<word id="word_1516">SIA</word>
<word id="word_1517">&quot;</word>
<word id="word_1518">Rīgas</word>
<word id="word_1519">meži</word>
<word id="word_1520">&quot;</word>
<word id="word_1521">.</word>
<word id="word_1522">Risks</word>
<word id="word_1523">,</word>
<word id="word_1524">dibinot</word>
<word id="word_1525">uzņēmumu</word>
<word id="word_1526">,</word>
<word id="word_1527">kura</word>
<word id="word_1528">darbību</word>
<word id="word_1529">neregulē</word>
<word id="word_1530">ne</word>
<word id="word_1531">tarifi</word>
<word id="word_1532">,</word>
<word id="word_1533">ne</word>
<word id="word_1534">padome</word>
<word id="word_1535">,</word>
<word id="word_1536">ir</word>
<word id="word_1537">pilnībā</word>
<word id="word_1538">attaisnojies</word>
<word id="word_1539">.</word>
<word id="word_1540">Šis</word>
<word id="word_1541">ir</word>
<word id="word_1542">bijis</word>
<word id="word_1543">viens</word>
<word id="word_1544">no</word>
<word id="word_1545">veiksmīgākajiem</word>
<word id="word_1546">,</word>
<word id="word_1547">ja</word>
<word id="word_1548">ne</word>
<word id="word_1549">pats</word>
<word id="word_1550">veiksmīgākais</word>
<word id="word_1551">Rīgas</word>
<word id="word_1552">domes</word>
<word id="word_1553">lēmums</word>
<word id="word_1554">uzņēmējdarbības</word>
<word id="word_1555">jomā</word>
<word id="word_1556">.</word>
<word id="word_1557">&quot;</word>
</words>