<?xml version="1.0" encoding="UTF-8"?>
<!DOCTYPE markables SYSTEM "markables.dtd">
<markables xmlns="www.eml.org/NameSpaces/sentence">
<markable mmax_level="sentence" id="markable_1" span="word_1..word_7" />
<markable mmax_level="sentence" id="markable_2" span="word_8..word_10" />
<markable mmax_level="sentence" id="markable_3" span="word_11..word_40" />
<markable mmax_level="sentence" id="markable_4" span="word_41..word_55" />
<markable mmax_level="sentence" id="markable_5" span="word_56..word_67" />
<markable mmax_level="sentence" id="markable_6" span="word_68..word_69" />
<markable mmax_level="sentence" id="markable_7" span="word_70..word_98" />
<markable mmax_level="sentence" id="markable_8" span="word_99..word_110" />
<markable mmax_level="sentence" id="markable_9" span="word_111..word_118" />
<markable mmax_level="sentence" id="markable_10" span="word_119..word_124" />
<markable mmax_level="sentence" id="markable_11" span="word_125..word_131" />
<markable mmax_level="sentence" id="markable_12" span="word_132..word_167" />
<markable mmax_level="sentence" id="markable_13" span="word_168..word_186" />
<markable mmax_level="sentence" id="markable_14" span="word_187..word_188" />
<markable mmax_level="sentence" id="markable_15" span="word_189..word_205" />
<markable mmax_level="sentence" id="markable_16" span="word_206..word_208" />
<markable mmax_level="sentence" id="markable_17" span="word_209..word_245" />
<markable mmax_level="sentence" id="markable_18" span="word_246..word_257" />
<markable mmax_level="sentence" id="markable_19" span="word_258..word_280" />
<markable mmax_level="sentence" id="markable_20" span="word_281..word_311" />
<markable mmax_level="sentence" id="markable_21" span="word_312..word_313" />
<markable mmax_level="sentence" id="markable_22" span="word_314..word_346" />
<markable mmax_level="sentence" id="markable_23" span="word_347..word_351" />
<markable mmax_level="sentence" id="markable_24" span="word_352..word_374" />
<markable mmax_level="sentence" id="markable_25" span="word_375..word_386" />
<markable mmax_level="sentence" id="markable_26" span="word_387..word_414" />
<markable mmax_level="sentence" id="markable_27" span="word_415..word_416" />
<markable mmax_level="sentence" id="markable_28" span="word_417..word_464" />
<markable mmax_level="sentence" id="markable_29" span="word_465..word_470" />
<markable mmax_level="sentence" id="markable_30" span="word_471..word_494" />
<markable mmax_level="sentence" id="markable_31" span="word_495..word_540" />
<markable mmax_level="sentence" id="markable_32" span="word_541..word_548" />
<markable mmax_level="sentence" id="markable_33" span="word_549..word_550" />
<markable mmax_level="sentence" id="markable_34" span="word_551..word_583" />
<markable mmax_level="sentence" id="markable_35" span="word_584..word_595" />
<markable mmax_level="sentence" id="markable_36" span="word_596..word_611" />
<markable mmax_level="sentence" id="markable_37" span="word_612..word_613" />
<markable mmax_level="sentence" id="markable_38" span="word_614..word_628" />
<markable mmax_level="sentence" id="markable_39" span="word_629..word_654" />
<markable mmax_level="sentence" id="markable_40" span="word_655..word_681" />
<markable mmax_level="sentence" id="markable_41" span="word_682..word_707" />
<markable mmax_level="sentence" id="markable_42" span="word_708..word_740" />
<markable mmax_level="sentence" id="markable_43" span="word_741..word_748" />
<markable mmax_level="sentence" id="markable_44" span="word_749..word_750" />
<markable mmax_level="sentence" id="markable_45" span="word_751..word_765" />
<markable mmax_level="sentence" id="markable_46" span="word_766..word_784" />
<markable mmax_level="sentence" id="markable_47" span="word_785..word_803" />
<markable mmax_level="sentence" id="markable_48" span="word_804..word_805" />
<markable mmax_level="sentence" id="markable_49" span="word_806..word_816" />
<markable mmax_level="sentence" id="markable_50" span="word_817..word_819" />
<markable mmax_level="sentence" id="markable_51" span="word_820..word_848" />
<markable mmax_level="sentence" id="markable_52" span="word_849..word_867" />
<markable mmax_level="sentence" id="markable_53" span="word_868..word_893" />
<markable mmax_level="sentence" id="markable_54" span="word_894..word_911" />
<markable mmax_level="sentence" id="markable_55" span="word_912..word_934" />
<markable mmax_level="sentence" id="markable_56" span="word_935..word_936" />
<markable mmax_level="sentence" id="markable_57" span="word_937..word_992" />
<markable mmax_level="sentence" id="markable_58" span="word_993..word_1005" />
<markable mmax_level="sentence" id="markable_59" span="word_1006..word_1048" />
<markable mmax_level="sentence" id="markable_60" span="word_1049..word_1058" />
<markable mmax_level="sentence" id="markable_61" span="word_1059..word_1060" />
<markable mmax_level="sentence" id="markable_62" span="word_1061..word_1096" />
<markable mmax_level="sentence" id="markable_63" span="word_1097..word_1133" />
<markable mmax_level="sentence" id="markable_64" span="word_1134..word_1135" />
<markable mmax_level="sentence" id="markable_65" span="word_1136..word_1183" />
<markable mmax_level="sentence" id="markable_66" span="word_1184..word_1207" />
<markable mmax_level="sentence" id="markable_67" span="word_1208..word_1218" />
<markable mmax_level="sentence" id="markable_68" span="word_1219..word_1226" />
<markable mmax_level="sentence" id="markable_69" span="word_1227..word_1251" />
<markable mmax_level="sentence" id="markable_70" span="word_1252" />
<markable mmax_level="sentence" id="markable_71" span="word_1253..word_1273" />
<markable mmax_level="sentence" id="markable_72" span="word_1274..word_1299" />
<markable mmax_level="sentence" id="markable_73" span="word_1300..word_1322" />
<markable mmax_level="sentence" id="markable_74" span="word_1323..word_1338" />
<markable mmax_level="sentence" id="markable_75" span="word_1339..word_1365" />
<markable mmax_level="sentence" id="markable_76" span="word_1366..word_1386" />
</markables>