<?xml version="1.0" encoding="UTF-8"?>
<!DOCTYPE words SYSTEM "words.dtd">
<words><word id="word_1">Diena</word>
<word id="word_2">:</word>
<word id="word_3">Lems</word>
<word id="word_4">par</word>
<word id="word_5">vilcienu</word>
<word id="word_6">projektu</word>
<word id="word_7">11</word>
<word id="word_8">Feb</word>
<word id="word_9">2013</word>
<word id="word_10">Satiksmes</word>
<word id="word_11">ministrija</word>
<word id="word_12">gaidīs</word>
<word id="word_13">no</word>
<word id="word_14">a/s</word>
<word id="word_15">Pasažieru</word>
<word id="word_16">vilciens</word>
<word id="word_17">rakstisku</word>
<word id="word_18">ziņojumu</word>
<word id="word_19">par</word>
<word id="word_20">mediācijas</word>
<word id="word_21">sarunām</word>
<word id="word_22">ar</word>
<word id="word_23">Spānijas</word>
<word id="word_24">uzņēmumu</word>
<word id="word_25">Construcciones</word>
<word id="word_26">y</word>
<word id="word_27">Auxiliar</word>
<word id="word_28">de</word>
<word id="word_29">Ferrocarriles</word>
<word id="word_30">,</word>
<word id="word_31">lēmums</word>
<word id="word_32">par</word>
<word id="word_33">vilcienu</word>
<word id="word_34">iepirkuma</word>
<word id="word_35">turpināšanu</word>
<word id="word_36">vai</word>
<word id="word_37">finansējuma</word>
<word id="word_38">pārdali</word>
<word id="word_39">citiem</word>
<word id="word_40">projektiem</word>
<word id="word_41">tiks</word>
<word id="word_42">pieņemts</word>
<word id="word_43">valdībā</word>
<word id="word_44">,</word>
<word id="word_45">12.</word>
<word id="word_46">februārī</word>
<word id="word_47">,</word>
<word id="word_48">vēsta</word>
<word id="word_49">LETA</word>
<word id="word_50">.</word>
</words>