<?xml version="1.0" encoding="UTF-8"?>
<!DOCTYPE words SYSTEM "words.dtd">
<words><word id="word_1">MADONA</word>
<word id="word_2">VADONIS</word>
<word id="word_3">TŪRISTIEM</word>
<word id="word_4">19_3_4.</word>
<word id="word_5">Izdevusi</word>
<word id="word_6">L.</word>
<word id="word_7">S.</word>
<word id="word_8">C.</word>
<word id="word_9">O.</word>
<word id="word_10">Madonas</word>
<word id="word_11">79.</word>
<word id="word_12">vienība</word>
<word id="word_13">(</word>
<word id="word_14">irāiuatu</word>
<word id="word_15">spiestuve</word>
<word id="word_16">.</word>
<word id="word_17">KONKURKNTS</word>
<word id="word_18">*</word>
<word id="word_19">Mutlonā</word>
<word id="word_20">,</word>
<word id="word_21">Blaumaņa</word>
<word id="word_22">ielA</word>
<word id="word_23">0</word>
<word id="word_24">Ievadam</word>
<word id="word_25">Pazīsti</word>
<word id="word_26">savu</word>
<word id="word_27">džimto</word>
<word id="word_28">zemi</word>
<word id="word_29">!</word>
<word id="word_30">Tas</word>
<word id="word_31">ir</word>
<word id="word_32">sauciens</word>
<word id="word_33">,</word>
<word id="word_34">kaš</word>
<word id="word_35">aicina</word>
<word id="word_36">katru</word>
<word id="word_37">kā</word>
<word id="word_38">vecu</word>
<word id="word_39">,</word>
<word id="word_40">tā</word>
<word id="word_41">jaunu</word>
<word id="word_42">iepazīties</word>
<word id="word_43">ar</word>
<word id="word_44">tēvu</word>
<word id="word_45">žemes</word>
<word id="word_46">skaistajām</word>
<word id="word_47">vietām</word>
<word id="word_48">.</word>
<word id="word_49">lepazīties</word>
<word id="word_50">ar</word>
<word id="word_51">tām</word>
<word id="word_52">vietām</word>
<word id="word_53">,</word>
<word id="word_54">kas</word>
<word id="word_55">ir</word>
<word id="word_56">netikai</word>
<word id="word_57">skaistas</word>
<word id="word_58">,</word>
<word id="word_59">bet</word>
<word id="word_60">ari</word>
<word id="word_61">vēsturiskas</word>
<word id="word_62">.</word>
<word id="word_63">Ar</word>
<word id="word_64">vietām</word>
<word id="word_65">no</word>
<word id="word_66">kurām</word>
<word id="word_67">iedegās</word>
<word id="word_68">Latvijas</word>
<word id="word_69">brīvības</word>
<word id="word_70">l_i_e_s_m_a</word>
<word id="word_71">*</word>
<word id="word_72">Šīs</word>
<word id="word_73">mazās</word>
<word id="word_74">brošuriņas</word>
<word id="word_75">mērķis</word>
<word id="word_76">ir</word>
<word id="word_77">dot</word>
<word id="word_78">vispārējos</word>
<word id="word_79">vilcienos</word>
<word id="word_80">aprakstu</word>
<word id="word_81">par</word>
<word id="word_82">Madonas</word>
<word id="word_83">un</word>
<word id="word_84">apkārtnes</word>
<word id="word_85">ievērības</word>
<word id="word_86">cienīgām</word>
<word id="word_87">vietām</word>
<word id="word_88">.</word>
<word id="word_89">Tūristi</word>
<word id="word_90">un</word>
<word id="word_91">visa</word>
<word id="word_92">pārējā</word>
<word id="word_93">Latvija</word>
<word id="word_94">maz</word>
<word id="word_95">vēl</word>
<word id="word_96">pazīst</word>
<word id="word_97">Madonu</word>
<word id="word_98">,</word>
<word id="word_99">jo</word>
<word id="word_100">nebija</word>
<word id="word_101">nekādi</word>
<word id="word_102">prospekti</word>
<word id="word_103">no</word>
<word id="word_104">kā</word>
<word id="word_105">gūt</word>
<word id="word_106">skaidrību</word>
<word id="word_107">par</word>
<word id="word_108">Madonas</word>
<word id="word_109">tiesām</word>
<word id="word_110">skaistajiem</word>
<word id="word_111">dabas</word>
<word id="word_112">skatiem</word>
<word id="word_113">.</word>
<word id="word_114">Cerams</word>
<word id="word_115">,</word>
<word id="word_116">ka</word>
<word id="word_117">lielais</word>
<word id="word_118">robs</word>
<word id="word_119">būs</word>
<word id="word_120">kaut</word>
<word id="word_121">cik</word>
<word id="word_122">aizpildīts</word>
<word id="word_123">.</word>
<word id="word_124">Ja_arī</word>
<word id="word_125">sastādīšanas</word>
<word id="word_126">darbā</word>
<word id="word_127">radušies</word>
<word id="word_128">trūkumi</word>
<word id="word_129">,</word>
<word id="word_130">tad</word>
<word id="word_131">ar</word>
<word id="word_132">sabiedrības</word>
<word id="word_133">laipno</word>
<word id="word_134">atsaucību</word>
<word id="word_135">tos</word>
<word id="word_136">centīsimies</word>
<word id="word_137">novērst</word>
<word id="word_138">turpmākajos</word>
<word id="word_139">izdevumos</word>
<word id="word_140">.</word>
<word id="word_141">Latvi</word>
<word id="word_142">,</word>
<word id="word_143">apceļo</word>
<word id="word_144">un</word>
<word id="word_145">mīlē</word>
<word id="word_146">savu</word>
<word id="word_147">Latviju</word>
<word id="word_148">!</word>
<word id="word_149">Autors</word>
<word id="word_150">.</word>
<word id="word_151">5</word>
<word id="word_152">Skats</word>
<word id="word_153">uz</word>
<word id="word_154">Lazdonas</word>
<word id="word_155">pils</word>
<word id="word_156">ezeru</word>
<word id="word_157">Madonas</word>
<word id="word_158">pilsēta</word>
<word id="word_159">Madona</word>
<word id="word_160">ir</word>
<word id="word_161">Austrumvidzemcs</word>
<word id="word_162">centrs</word>
<word id="word_163">.</word>
<word id="word_164">Tā</word>
<word id="word_165">atrodas</word>
<word id="word_166">pašā</word>
<word id="word_167">apriņķa</word>
<word id="word_168">sirdī</word>
<word id="word_169">,</word>
<word id="word_170">Vidzemes</word>
<word id="word_171">augstienas</word>
<word id="word_172">nogāzē</word>
<word id="word_173">.</word>
<word id="word_174">No</word>
<word id="word_175">valsts</word>
<word id="word_176">galvas</word>
<word id="word_177">pilsētas</word>
<word id="word_178">viņu</word>
<word id="word_179">šķir</word>
<word id="word_180">149</word>
<word id="word_181">km</word>
<word id="word_182">attālums</word>
<word id="word_183">pa</word>
<word id="word_184">lielceļu</word>
<word id="word_185">un</word>
<word id="word_186">8</word>
<word id="word_187">km</word>
<word id="word_188">vairāk</word>
<word id="word_189">pa</word>
<word id="word_190">dzelzceļu</word>
<word id="word_191">.</word>
<word id="word_192">Tuvākās</word>
<word id="word_193">lielākās</word>
<word id="word_194">apdzīvotās</word>
<word id="word_195">vietas</word>
<word id="word_196">:</word>
<word id="word_197">Cesvaine</word>
<word id="word_198">,</word>
<word id="word_199">Ļaudona</word>
<word id="word_200">,</word>
<word id="word_201">Mārciena</word>
<word id="word_202">,</word>
<word id="word_203">Vestiena</word>
<word id="word_204">...</word>
<word id="word_205">Čeki</word>
<word id="word_206">ceļi</word>
<word id="word_207">no</word>
<word id="word_208">visām</word>
<word id="word_209">debess</word>
<word id="word_210">pusēm</word>
<word id="word_211">ieved</word>
<word id="word_212">Madonā</word>
<word id="word_213">.</word>
<word id="word_214">Uzkrīt</word>
<word id="word_215">uzreiz</word>
<word id="word_216">pilsētas</word>
<word id="word_217">svaigums</word>
<word id="word_218">,</word>
<word id="word_219">un</word>
<word id="word_220">glītās</word>
<word id="word_221">mājas</word>
<word id="word_222">blakus</word>
<word id="word_223">nelieliem</word>
<word id="word_224">dārziem</word>
<word id="word_225">.</word>
<word id="word_226">Tamdēļ</word>
<word id="word_227">,</word>
<word id="word_228">ne</word>
<word id="word_229">par</word>
<word id="word_230">velti</word>
<word id="word_231">,</word>
<word id="word_232">Madonu</word>
<word id="word_233">sauc</word>
<word id="word_234">par</word>
<word id="word_235">dārzu</word>
<word id="word_236">pilsētu</word>
<word id="word_237">.</word>
<word id="word_238">Šis</word>
<word id="word_239">nosaukums</word>
<word id="word_240">arī</word>
<word id="word_241">pilnīgi</word>
<word id="word_242">attaisnojas</word>
<word id="word_243">.</word>
<word id="word_244">Glitas</word>
<word id="word_245">.</word>
<word id="word_246">taisnas</word>
<word id="word_247">,</word>
<word id="word_248">liepām</word>
<word id="word_249">apstādītas</word>
<word id="word_250">ielas</word>
<word id="word_251">ved</word>
<word id="word_252">krustām</word>
<word id="word_253">šķērsām</word>
<word id="word_254">pa</word>
<word id="word_255">pilsētu</word>
<word id="word_256">.</word>
<word id="word_257">Galvenās</word>
<word id="word_258">ielas</word>
<word id="word_259">bruģētas</word>
<word id="word_260">un</word>
<word id="word_261">gar</word>
<word id="word_262">mājām</word>
<word id="word_263">ierīkoti</word>
<word id="word_264">lieti</word>
<word id="word_265">trotuāri</word>
<word id="word_266">—</word>
<word id="word_267">„</word>
<word id="word_268">vakara</word>
<word id="word_269">pastaigai</word>
<word id="word_270">&quot;</word>
<word id="word_271">.</word>
<word id="word_272">Arī</word>
<word id="word_273">pilsētas</word>
<word id="word_274">valde</word>
<word id="word_275">ir</word>
<word id="word_276">rūpējusies</word>
<word id="word_277">par</word>
<word id="word_278">madoniešu</word>
<word id="word_279">labklājību</word>
<word id="word_280">,</word>
<word id="word_281">uzceldama</word>
<word id="word_282">tādas</word>
<word id="word_283">ēkas</word>
<word id="word_284">ka</word>
<word id="word_285">divas</word>
<word id="word_286">skolas</word>
<word id="word_287">—</word>
<word id="word_288">ģimnāziju</word>
<word id="word_289">un</word>
<word id="word_290">pamatskolu</word>
<word id="word_291">.</word>
<word id="word_292">Ģimnāzijas</word>
<word id="word_293">masīvais</word>
<word id="word_294">6</word>
<word id="word_295">stāvs</word>
<word id="word_296">jau</word>
<word id="word_297">pa</word>
<word id="word_298">gabalu</word>
<word id="word_299">dūrās</word>
<word id="word_300">iebraucējam</word>
<word id="word_301">acis</word>
<word id="word_302">.</word>
<word id="word_303">Tā</word>
<word id="word_304">atrodās</word>
<word id="word_305">skaistā</word>
<word id="word_306">vietā</word>
<word id="word_307">;</word>
<word id="word_308">romantiskās</word>
<word id="word_309">Gravas</word>
<word id="word_310">krastā</word>
<word id="word_311">.</word>
<word id="word_312">Celtne</word>
<word id="word_313">bij</word>
<word id="word_314">pirmais</word>
<word id="word_315">trīsstāvu</word>
<word id="word_316">nams</word>
<word id="word_317">Madonā</word>
<word id="word_318">un</word>
<word id="word_319">izmaksāja</word>
<word id="word_320">ap</word>
<word id="word_321">(</word>
<word id="word_322">260.000</word>
<word id="word_323">ls</word>
<word id="word_324">)</word>
<word id="word_325">13</word>
<word id="word_326">milj.</word>
<word id="word_327">rubļu</word>
<word id="word_328">.</word>
<word id="word_329">Vairākas</word>
<word id="word_330">valsts</word>
<word id="word_331">ēkas</word>
<word id="word_332">grezno</word>
<word id="word_333">Madonas</word>
<word id="word_334">panorāmu</word>
<word id="word_335">.</word>
<word id="word_336">Skaista</word>
<word id="word_337">māja</word>
<word id="word_338">Tirgus</word>
<word id="word_339">un</word>
<word id="word_340">Rīgas</word>
<word id="word_341">bulv</word>
<word id="word_342">.</word>
<word id="word_343">stūri</word>
<word id="word_344">—</word>
<word id="word_345">pasts</word>
<word id="word_346">un</word>
<word id="word_347">Avotu</word>
<word id="word_348">ielā</word>
<word id="word_349">Apriņķa</word>
<word id="word_350">valdes</word>
<word id="word_351">un</word>
<word id="word_352">policijas</word>
<word id="word_353">nams</word>
<word id="word_354">.</word>
<word id="word_355">Dzelzceļa</word>
<word id="word_356">stacija</word>
<word id="word_357">ievērojama</word>
<word id="word_358">ar</word>
<word id="word_359">to</word>
<word id="word_360">,</word>
<word id="word_361">ka</word>
<word id="word_362">uzglabājusi</word>
<word id="word_363">savu</word>
<word id="word_364">veco</word>
<word id="word_365">formu</word>
<word id="word_366">.</word>
<word id="word_367">Pēdējos</word>
<word id="word_368">gados</word>
<word id="word_369">Madona</word>
<word id="word_370">strauji</word>
<word id="word_371">apbūvējas</word>
<word id="word_372">un</word>
<word id="word_373">no</word>
<word id="word_374">pēdējām</word>
<word id="word_375">ievērojamām</word>
<word id="word_376">celtnēm</word>
<word id="word_377">mināms</word>
<word id="word_378">—</word>
<word id="word_379">Aizsargu</word>
<word id="word_380">,</word>
<word id="word_381">nams</word>
<word id="word_382">.</word>
<word id="word_383">Jauka</word>
<word id="word_384">pastaigāšanās</word>
<word id="word_385">vieta</word>
<word id="word_386">pa</word>
<word id="word_387">vakariem</word>
<word id="word_388">ir</word>
<word id="word_389">pilsētas</word>
<word id="word_390">parks</word>
<word id="word_391">.</word>
<word id="word_392">Tas</word>
<word id="word_393">ierīkots</word>
<word id="word_394">Muižas</word>
<word id="word_395">kalna</word>
<word id="word_396">dienv</word>
<word id="word_397">.</word>
<word id="word_398">-</word>
<word id="word_399">vakaru</word>
<word id="word_400">pusē</word>
<word id="word_401">.</word>
<word id="word_402">Stāvās</word>
<word id="word_403">Jēkaba</word>
<word id="word_404">trepes</word>
<word id="word_405">no</word>
<word id="word_406">Dārza</word>
<word id="word_407">un</word>
<word id="word_408">Blaumaņa</word>
<word id="word_409">ielas</word>
<word id="word_410">puses</word>
<word id="word_411">ved</word>
<word id="word_412">kalna</word>
<word id="word_413">galā</word>
<word id="word_414">,</word>
<word id="word_415">kur</word>
<word id="word_416">atrodas</word>
<word id="word_417">izrīkojumu</word>
<word id="word_418">laukums</word>
<word id="word_419">.</word>
<word id="word_420">Apkārt</word>
<word id="word_421">vijas</word>
<word id="word_422">brīnišķi</word>
<word id="word_423">celiņi</word>
<word id="word_424">.</word>
<word id="word_425">Šur</word>
<word id="word_426">tur</word>
<word id="word_427">klusākās</word>
<word id="word_428">REZERVĒTS</word>
<word id="word_429">prov</word>
<word id="word_430">.</word>
<word id="word_431">P.</word>
<word id="word_432">Dolmana</word>
<word id="word_433">kgm</word>
<word id="word_434">ļ_j_ļ</word>
<word id="word_435">7</word>
<word id="word_436">vietās</word>
<word id="word_437">stāv</word>
<word id="word_438">soli</word>
<word id="word_439">,</word>
<word id="word_440">kas</word>
<word id="word_441">kalpo</word>
<word id="word_442">īstai</word>
<word id="word_443">romantikai</word>
<word id="word_444">.</word>
<word id="word_445">Skaisti</word>
<word id="word_446">ir</word>
<word id="word_447">apstaigāt</word>
<word id="word_448">Madonas</word>
<word id="word_449">nomales</word>
<word id="word_450">un</word>
<word id="word_451">raudzīties</word>
<word id="word_452">uz</word>
<word id="word_453">ielejā</word>
<word id="word_454">gulošo</word>
<word id="word_455">centru</word>
<word id="word_456">—</word>
<word id="word_457">veco</word>
<word id="word_458">pilsētu</word>
<word id="word_459">.</word>
<word id="word_460">Romantikas</word>
<word id="word_461">iedvesmotāja</word>
<word id="word_462">ir</word>
<word id="word_463">Madonas</word>
<word id="word_464">sirds</word>
<word id="word_465">Grava</word>
<word id="word_466">,</word>
<word id="word_467">kas</word>
<word id="word_468">savā</word>
<word id="word_469">ēnainā</word>
<word id="word_470">zaļumā</word>
<word id="word_471">dod</word>
<word id="word_472">patīkamu</word>
<word id="word_473">atpūtu</word>
<word id="word_474">nogurušam</word>
<word id="word_475">ceļiniekam</word>
<word id="word_476">.</word>
<word id="word_477">Primitīvi</word>
<word id="word_478">,</word>
<word id="word_479">etektīvi</word>
<word id="word_480">celiņi</word>
<word id="word_481">lokās</word>
<word id="word_482">šurpu</word>
<word id="word_483">turpu</word>
<word id="word_484">pa</word>
<word id="word_485">krūmu</word>
<word id="word_486">biezokņiem</word>
<word id="word_487">un</word>
<word id="word_488">upītes</word>
<word id="word_489">līkumotiem</word>
<word id="word_490">krastiem</word>
<word id="word_491">Jautri</word>
<word id="word_492">čalodama</word>
<word id="word_493">rit</word>
<word id="word_494">upes</word>
<word id="word_495">straume</word>
<word id="word_496">,</word>
<word id="word_497">kas</word>
<word id="word_498">sajaukdamās</word>
<word id="word_499">ar</word>
<word id="word_500">lakstīgalu</word>
<word id="word_501">balsīm</word>
<word id="word_502">,</word>
<word id="word_503">dod</word>
<word id="word_504">īstu</word>
<word id="word_505">mūzikas</word>
<word id="word_506">un</word>
<word id="word_507">neizsīkstošas</word>
<word id="word_508">iekāres</word>
<word id="word_509">baudu</word>
<word id="word_510">.</word>
<word id="word_511">Tu</word>
<word id="word_512">,</word>
<word id="word_513">cilvēks</word>
<word id="word_514">,</word>
<word id="word_515">vari</word>
<word id="word_516">klausīties</word>
<word id="word_517">,</word>
<word id="word_518">klausīties</word>
<word id="word_519">...</word>
<word id="word_520">un</word>
<word id="word_521">tomēr</word>
<word id="word_522">tev</word>
<word id="word_523">neapniks</word>
<word id="word_524">.</word>
<word id="word_525">Cik</word>
<word id="word_526">tīkami</word>
<word id="word_527">atsēsties</word>
<word id="word_528">uz</word>
<word id="word_529">maza</word>
<word id="word_530">soliņa</word>
<word id="word_531">,</word>
<word id="word_532">ko</word>
<word id="word_533">klāj</word>
<word id="word_534">simtiem</word>
<word id="word_535">sagriestas</word>
<word id="word_536">monogramas</word>
<word id="word_537">un</word>
<word id="word_538">raudzīties</word>
<word id="word_539">pāri</word>
<word id="word_540">koku</word>
<word id="word_541">galiem</word>
<word id="word_542">noejošās</word>
<word id="word_543">saules</word>
<word id="word_544">atblāzmā</word>
<word id="word_545">.</word>
<word id="word_546">Šī</word>
<word id="word_547">Madonas</word>
<word id="word_548">pērle</word>
<word id="word_549">ar</word>
<word id="word_550">savu</word>
<word id="word_551">mirdzumu</word>
<word id="word_552">aicina</word>
<word id="word_553">Jūs</word>
<word id="word_554">—</word>
<word id="word_555">tūristus</word>
<word id="word_556">un</word>
<word id="word_557">svešniekus</word>
<word id="word_558">.</word>
<word id="word_559">Pilsēta</word>
<word id="word_560">izcēlusies</word>
<word id="word_561">ap</word>
<word id="word_562">bijušo</word>
<word id="word_563">Lever-krogu</word>
<word id="word_564">(</word>
<word id="word_565">tag</word>
<word id="word_566">.</word>
<word id="word_567">Krūmiņa</word>
<word id="word_568">māju</word>
<word id="word_569">Rīgas</word>
<word id="word_570">ielā</word>
<word id="word_571">)</word>
<word id="word_572">,</word>
<word id="word_573">kas</word>
<word id="word_574">agrāk</word>
<word id="word_575">bijusi</word>
<word id="word_576">ceļinieku</word>
<word id="word_577">pieturas</word>
<word id="word_578">vieta</word>
<word id="word_579">.</word>
<word id="word_580">Laiks</word>
<word id="word_581">ap</word>
<word id="word_582">krogu</word>
<word id="word_583">un</word>
<word id="word_584">tuvējo</word>
<word id="word_585">Biržu</word>
<word id="word_586">muižu</word>
<word id="word_587">,</word>
<word id="word_588">kas</word>
<word id="word_589">piederēja</word>
<word id="word_590">baronam</word>
<word id="word_591">Vulfam</word>
<word id="word_592">,</word>
<word id="word_593">izveidoja</word>
<word id="word_594">cilvēku</word>
<word id="word_595">mītnes</word>
<word id="word_596">un</word>
<word id="word_597">tagad</word>
<word id="word_598">Madonas</word>
<word id="word_599">platību</word>
<word id="word_600">var</word>
<word id="word_601">rēķināt</word>
<word id="word_602">uz</word>
<word id="word_603">5</word>
<word id="word_604">kv</word>
<word id="word_605">.</word>
<word id="word_606">km</word>
<word id="word_607">.</word>
<word id="word_608">Gatavu</word>
<word id="word_609">apģērbu</word>
<word id="word_610">un</word>
<word id="word_611">manufohfDras</word>
<word id="word_612">tirgotava</word>
<word id="word_613">E.</word>
<word id="word_614">AZENS</word>
<word id="word_615">iMadonā</word>
<word id="word_616">,</word>
<word id="word_617">Rīgas</word>
<word id="word_618">bulv.</word>
<word id="word_619">7</word>
<word id="word_620">-</word>
<word id="word_621">a</word>
<word id="word_622">Turpat</word>
<word id="word_623">dabūjami</word>
<word id="word_624">arī</word>
<word id="word_625">apavi</word>
<word id="word_626">.</word>
<word id="word_627">8</word>
<word id="word_628">Skats</word>
<word id="word_629">no</word>
<word id="word_630">Madonas</word>
<word id="word_631">apkārtnes</word>
<word id="word_632">Ceļotājam</word>
<word id="word_633">par</word>
<word id="word_634">naktsmājām</word>
<word id="word_635">nav</word>
<word id="word_636">ko</word>
<word id="word_637">bēdāties</word>
<word id="word_638">,</word>
<word id="word_639">jo</word>
<word id="word_640">pilsētā</word>
<word id="word_641">atrodas</word>
<word id="word_642">6</word>
<word id="word_643">viesnīcas</word>
<word id="word_644">.</word>
<word id="word_645">Ir</word>
<word id="word_646">arī</word>
<word id="word_647">daudz</word>
<word id="word_648">veikalu</word>
<word id="word_649">un</word>
<word id="word_650">citas</word>
<word id="word_651">labierīcības</word>
<word id="word_652">.</word>
<word id="word_653">No</word>
<word id="word_654">administratīvām</word>
<word id="word_655">iestādēm</word>
<word id="word_656">minamās</word>
<word id="word_657">:</word>
<word id="word_658">apriņķa</word>
<word id="word_659">policija</word>
<word id="word_660">,</word>
<word id="word_661">pasts</word>
<word id="word_662">,</word>
<word id="word_663">Latvijas</word>
<word id="word_664">Bankas</word>
<word id="word_665">Madonas</word>
<word id="word_666">nodaļa</word>
<word id="word_667">,</word>
<word id="word_668">pilsētas</word>
<word id="word_669">valde</word>
<word id="word_670">,</word>
<word id="word_671">Madonas</word>
<word id="word_672">apriņķa</word>
<word id="word_673">tiesu</word>
<word id="word_674">izpildītājs</word>
<word id="word_675">,</word>
<word id="word_676">Madonas</word>
<word id="word_677">apriņķa</word>
<word id="word_678">I.</word>
<word id="word_679">un</word>
<word id="word_680">111.</word>
<word id="word_681">iec.</word>
<word id="word_682">miertiesneši</word>
<word id="word_683">.</word>
<word id="word_684">Madonā</word>
<word id="word_685">iznāk</word>
<word id="word_686">arī</word>
<word id="word_687">plaša</word>
<word id="word_688">vietējā</word>
<word id="word_689">avīze</word>
<word id="word_690">~</word>
<word id="word_691">Madonas</word>
<word id="word_692">Ziņas</word>
<word id="word_693">&quot;</word>
<word id="word_694">,</word>
<word id="word_695">kas</word>
<word id="word_696">tūristiem</word>
<word id="word_697">var</word>
<word id="word_698">sniegt</word>
<word id="word_699">plašu</word>
<word id="word_700">informāciju</word>
<word id="word_701">par</word>
<word id="word_702">apkārtnes</word>
<word id="word_703">notikumiem</word>
<word id="word_704">.</word>
<word id="word_705">Lazdonas</word>
<word id="word_706">pareizticīgo</word>
<word id="word_707">kapsētā</word>
<word id="word_708">atrodas</word>
<word id="word_709">7</word>
<word id="word_710">Latvijas</word>
<word id="word_711">karā</word>
<word id="word_712">kritušo</word>
<word id="word_713">kapi</word>
<word id="word_714">,</word>
<word id="word_715">ko</word>
<word id="word_716">pēdējā</word>
<word id="word_717">laikā</word>
<word id="word_718">apkopj</word>
<word id="word_719">sabiedriskās</word>
<word id="word_720">organizācijas</word>
<word id="word_721">No</word>
<word id="word_722">rūpniecības</word>
<word id="word_723">un</word>
<word id="word_724">tirdzniecības</word>
<word id="word_725">uzņēmumiem</word>
<word id="word_726">ievērojamākie</word>
<word id="word_727">būtu</word>
<word id="word_728">:</word>
<word id="word_729">P.</word>
<word id="word_730">Rozīša</word>
<word id="word_731">koku</word>
<word id="word_732">apstrādāšanas</word>
<word id="word_733">fabrika</word>
<word id="word_734">un</word>
<word id="word_735">C.</word>
<word id="word_736">S.</word>
<word id="word_737">„</word>
<word id="word_738">Konzums</word>
<word id="word_739">&quot;</word>
<word id="word_740">Madonas</word>
<word id="word_741">nodaļa</word>
<word id="word_742">.</word>
<word id="word_743">9</word>
<word id="word_744">Tuvākā</word>
<word id="word_745">apkārtne</word>
<word id="word_746">Madonas</word>
<word id="word_747">apkārtne</word>
<word id="word_748">ievērojama</word>
<word id="word_749">ar</word>
<word id="word_750">savu</word>
<word id="word_751">ezeru</word>
<word id="word_752">un</word>
<word id="word_753">kalnu</word>
<word id="word_754">bagātību</word>
<word id="word_755">Kalni</word>
<word id="word_756">mainās</word>
<word id="word_757">ar</word>
<word id="word_758">ielejām</word>
<word id="word_759">,</word>
<word id="word_760">lauki</word>
<word id="word_761">ar</word>
<word id="word_762">mežiem</word>
<word id="word_763">,</word>
<word id="word_764">kuru</word>
<word id="word_765">vidū</word>
<word id="word_766">pamirdz</word>
<word id="word_767">ezeru</word>
<word id="word_768">tumšie</word>
<word id="word_769">līmeņi</word>
<word id="word_770">Tie</word>
<word id="word_771">ir</word>
<word id="word_772">neaizmirstami</word>
<word id="word_773">skati</word>
<word id="word_774">,</word>
<word id="word_775">kad</word>
<word id="word_776">no</word>
<word id="word_777">kalna</word>
<word id="word_778">gala</word>
<word id="word_779">ars</word>
<word id="word_780">vēro</word>
<word id="word_781">krāšņo</word>
<word id="word_782">ieleju</word>
<word id="word_783">,</word>
<word id="word_784">kas</word>
<word id="word_785">atgādina</word>
<word id="word_786">„</word>
<word id="word_787">tūkstošezeru</word>
<word id="word_788">zemi</word>
<word id="word_789">&quot;</word>
<word id="word_790">.</word>
<word id="word_791">Un</word>
<word id="word_792">ik</word>
<word id="word_793">uz</word>
<word id="word_794">soļa</word>
<word id="word_795">daba</word>
<word id="word_796">uzbur</word>
<word id="word_797">jaunu</word>
<word id="word_798">ainavu</word>
<word id="word_799">,</word>
<word id="word_800">vēl</word>
<word id="word_801">neaizmirstamāku</word>
<word id="word_802">,</word>
<word id="word_803">vel</word>
<word id="word_804">skaistāku</word>
<word id="word_805">no</word>
<word id="word_806">tiem</word>
<word id="word_807">pašiem</word>
<word id="word_808">elementiem</word>
<word id="word_809">:</word>
<word id="word_810">meža</word>
<word id="word_811">,</word>
<word id="word_812">ezera</word>
<word id="word_813">tumši</word>
<word id="word_814">spīdīgā</word>
<word id="word_815">līmeņa</word>
<word id="word_816">un</word>
<word id="word_817">mākoņainā</word>
<word id="word_818">debess</word>
<word id="word_819">lauka</word>
<word id="word_820">.</word>
<word id="word_821">Ceļš</word>
<word id="word_822">novedis</word>
<word id="word_823">trīs</word>
<word id="word_824">ar</word>
<word id="word_825">pus</word>
<word id="word_826">km</word>
<word id="word_827">no</word>
<word id="word_828">Madonas</word>
<word id="word_829">.</word>
<word id="word_830">Starp</word>
<word id="word_831">kokiem</word>
<word id="word_832">paspīd</word>
<word id="word_833">dzidrs</word>
<word id="word_834">līmenis</word>
<word id="word_835">,</word>
<word id="word_836">kam</word>
<word id="word_837">pāri</word>
<word id="word_838">otrā</word>
<word id="word_839">krasta</word>
<word id="word_840">saules</word>
<word id="word_841">staru</word>
<word id="word_842">aplieta</word>
<word id="word_843">diženi</word>
<word id="word_844">no</word>
<word id="word_845">koku</word>
<word id="word_846">lapotņiem</word>
<word id="word_847">izceļas</word>
<word id="word_848">masīvā</word>
<word id="word_849">Lazdonas</word>
<word id="word_850">pils</word>
<word id="word_851">—</word>
<word id="word_852">kādreizējā</word>
<word id="word_853">barona</word>
<word id="word_854">Vulfa</word>
<word id="word_855">medību</word>
<word id="word_856">rezidence</word>
<word id="word_857">.</word>
<word id="word_858">Celta</word>
<word id="word_859">no</word>
<word id="word_860">pelēkiem</word>
<word id="word_861">lauku</word>
<word id="word_862">akmeņiem&apos;</word>
<word id="word_863">un</word>
<word id="word_864">sarkaniem</word>
<word id="word_865">ķieģeļiem</word>
<word id="word_866">.</word>
<word id="word_867">Pakrastē</word>
<word id="word_868">skalojas</word>
<word id="word_869">drūmā</word>
<word id="word_870">ezera</word>
<word id="word_871">viļņi</word>
<word id="word_872">.</word>
<word id="word_873">Tauta</word>
<word id="word_874">to</word>
<word id="word_875">nokrustījusi</word>
<word id="word_876">par</word>
<word id="word_877">Bezdibens</word>
<word id="word_878">ezeru</word>
<word id="word_879">,</word>
<word id="word_880">lai_gan</word>
<word id="word_881">parasti</word>
<word id="word_882">viņu</word>
<word id="word_883">sauc</word>
<word id="word_884">Pils</word>
<word id="word_885">ezeru</word>
<word id="word_886">.</word>
<word id="word_887">Teika</word>
<word id="word_888">stāsta</word>
<word id="word_889">,</word>
<word id="word_890">ka</word>
<word id="word_891">pazemē</word>
<word id="word_892">atrodas</word>
<word id="word_893">savienojums</word>
<word id="word_894">ar</word>
<word id="word_895">netālu</word>
<word id="word_896">atrodošos</word>
<word id="word_897">Rāceņu</word>
<word id="word_898">ezeru</word>
<word id="word_899">,</word>
<word id="word_900">kam</word>
<word id="word_901">krasti</word>
<word id="word_902">arī</word>
<word id="word_903">pa</word>
<word id="word_904">lielākai</word>
<word id="word_905">daļai</word>
<word id="word_906">apauguši</word>
<word id="word_907">mežiem</word>
<word id="word_908">.</word>
<word id="word_909">Abu</word>
<word id="word_910">ezeru</word>
<word id="word_911">forma</word>
<word id="word_912">,</word>
<word id="word_913">it</word>
<word id="word_914">sevišķi</word>
<word id="word_915">Pilsezera</word>
<word id="word_916">ir</word>
<word id="word_917">upesveidīga</word>
<word id="word_918">.</word>
<word id="word_919">Viņš</word>
<word id="word_920">ir</word>
<word id="word_921">šaurs</word>
<word id="word_922">,</word>
<word id="word_923">līkumots</word>
<word id="word_924">—</word>
<word id="word_925">daudz</word>
<word id="word_926">līču</word>
<word id="word_927">.</word>
<word id="word_928">Līmenis</word>
<word id="word_929">tumšs</word>
<word id="word_930">.</word>
<word id="word_931">Austrumu</word>
<word id="word_932">krastā</word>
<word id="word_933">stiepjas</word>
<word id="word_934">lielceļš</word>
<word id="word_935">,</word>
<word id="word_936">kas</word>
<word id="word_937">ietverts</word>
<word id="word_938">vecu</word>
<word id="word_939">bērzu</word>
<word id="word_940">alejā</word>
<word id="word_941">.</word>
<word id="word_942">Gaļas</word>
<word id="word_943">un</word>
<word id="word_944">desu</word>
<word id="word_945">tirgotava</word>
<word id="word_946">K.</word>
<word id="word_947">Spalviņš</word>
<word id="word_948">Madonā</word>
<word id="word_949">,</word>
<word id="word_950">Rīgas</word>
<word id="word_951">bulv.</word>
<word id="word_952">4</word>
<word id="word_953">.</word>
<word id="word_954">Svaigas</word>
<word id="word_955">desas</word>
<word id="word_956">.</word>
<word id="word_957">10</word>
<word id="word_958">Rāceņu</word>
<word id="word_959">ezeru</word>
<word id="word_960">izlieto</word>
<word id="word_961">p-Īdēšanai</word>
<word id="word_962">sportisti</word>
<word id="word_963">-</word>
<word id="word_964">peldētāji</word>
<word id="word_965">,</word>
<word id="word_966">jo</word>
<word id="word_967">te</word>
<word id="word_968">ierīkots</word>
<word id="word_969">lecamais</word>
<word id="word_970">tramplīns</word>
<word id="word_971">.</word>
<word id="word_972">Arī</word>
<word id="word_973">apsaulošanās</word>
<word id="word_974">līdzenajā</word>
<word id="word_975">meža</word>
<word id="word_976">laukimiņā</word>
<word id="word_977">lieliska</word>
<word id="word_978">.</word>
<word id="word_979">lelejā</word>
<word id="word_980">pie</word>
<word id="word_981">Lazdonas</word>
<word id="word_982">baznīcām</word>
<word id="word_983">guļ</word>
<word id="word_984">Lazdonas</word>
<word id="word_985">jeb</word>
<word id="word_986">Baznīcas</word>
<word id="word_987">ezers</word>
<word id="word_988">.</word>
<word id="word_989">Tā</word>
<word id="word_990">krasti</word>
<word id="word_991">ir</word>
<word id="word_992">kaili</word>
<word id="word_993">un</word>
<word id="word_994">visapkārt</word>
<word id="word_995">skatam</word>
<word id="word_996">pieejami</word>
<word id="word_997">,</word>
<word id="word_998">atskaitot</word>
<word id="word_999">divus</word>
<word id="word_1000">lielos</word>
<word id="word_1001">līčus</word>
<word id="word_1002">.</word>
<word id="word_1003">Arī</word>
<word id="word_1004">šo</word>
<word id="word_1005">ezeru</word>
<word id="word_1006">madoniesi</word>
<word id="word_1007">izlieto</word>
<word id="word_1008">peldēšanās</word>
<word id="word_1009">sportam</word>
<word id="word_1010">.</word>
<word id="word_1011">Par</word>
<word id="word_1012">šo</word>
<word id="word_1013">ezeru</word>
<word id="word_1014">iet</word>
<word id="word_1015">nostāsts</word>
<word id="word_1016">,</word>
<word id="word_1017">ka</word>
<word id="word_1018">tas</word>
<word id="word_1019">cēlies</word>
<word id="word_1020">ezeru</word>
<word id="word_1021">~</word>
<word id="word_1022">lidošanas</word>
<word id="word_1023">&quot;</word>
<word id="word_1024">laikmetā</word>
<word id="word_1025">.</word>
<word id="word_1026">Sievas</word>
<word id="word_1027">velējušās</word>
<word id="word_1028">mājas</word>
<word id="word_1029">pagalma</word>
<word id="word_1030">.</word>
<word id="word_1031">Viena</word>
<word id="word_1032">iesaukusies</word>
<word id="word_1033">:</word>
<word id="word_1034">~</word>
<word id="word_1035">Bērzons</word>
<word id="word_1036">nāk</word>
<word id="word_1037">!</word>
<word id="word_1038">&quot;</word>
<word id="word_1039">—</word>
<word id="word_1040">Ezers</word>
<word id="word_1041">nokritis</word>
<word id="word_1042">ar</word>
<word id="word_1043">visām</word>
<word id="word_1044">zivīm</word>
<word id="word_1045">.</word>
<word id="word_1046">Vēl</word>
<word id="word_1047">tagad</word>
<word id="word_1048">vienā</word>
<word id="word_1049">no</word>
<word id="word_1050">ezera</word>
<word id="word_1051">līčiem</word>
<word id="word_1052">var</word>
<word id="word_1053">redzēt</word>
<word id="word_1054">skaidrā</word>
<word id="word_1055">ūdenī</word>
<word id="word_1056">māju</word>
<word id="word_1057">pamatus</word>
<word id="word_1058">un</word>
<word id="word_1059">satrunējušus</word>
<word id="word_1060">baļķus</word>
<word id="word_1061">.</word>
<word id="word_1062">Runa</word>
<word id="word_1063">arī</word>
<word id="word_1064">ka</word>
<word id="word_1065">ezera</word>
<word id="word_1066">dzīvojot</word>
<word id="word_1067">vecis</word>
<word id="word_1068">,</word>
<word id="word_1069">kas</word>
<word id="word_1070">prasot</word>
<word id="word_1071">septiņus</word>
<word id="word_1072">upurus</word>
<word id="word_1073">.</word>
<word id="word_1074">Pieci</word>
<word id="word_1075">jau</word>
<word id="word_1076">esot</word>
<word id="word_1077">...</word>
<word id="word_1078">Kartēs</word>
<word id="word_1079">,</word>
<word id="word_1080">iesauktais</word>
<word id="word_1081">Lazdonas</word>
<word id="word_1082">jeb</word>
<word id="word_1083">Baznīcas</word>
<word id="word_1084">ezers</word>
<word id="word_1085">apzīmēts</word>
<word id="word_1086">zem</word>
<word id="word_1087">Bērzaunes</word>
<word id="word_1088">ezera</word>
<word id="word_1089">nosaukuma</word>
<word id="word_1090">,</word>
<word id="word_1091">kas</word>
<word id="word_1092">arī</word>
<word id="word_1093">atbilst</word>
<word id="word_1094">teikas</word>
<word id="word_1095">nostāstam</word>
<word id="word_1096">,</word>
<word id="word_1097">jo</word>
<word id="word_1098">ezers</word>
<word id="word_1099">pa</word>
<word id="word_1100">gaisu</word>
<word id="word_1101">esot</word>
<word id="word_1102">atlidojis</word>
<word id="word_1103">no</word>
<word id="word_1104">Bērzaunes</word>
<word id="word_1105">.</word>
<word id="word_1106">Tāpat</word>
<word id="word_1107">kartēs</word>
<word id="word_1108">nav</word>
<word id="word_1109">atrodams</word>
<word id="word_1110">Pils</word>
<word id="word_1111">ezers</word>
<word id="word_1112">,</word>
<word id="word_1113">bet</word>
<word id="word_1114">gan</word>
<word id="word_1115">Lazdonas</word>
<word id="word_1116">ezers</word>
<word id="word_1117">tā</word>
<word id="word_1118">tas</word>
<word id="word_1119">ir</word>
<word id="word_1120">pareizāk</word>
<word id="word_1121">,</word>
<word id="word_1122">jo</word>
<word id="word_1123">šī</word>
<word id="word_1124">ezera</word>
<word id="word_1125">krastā</word>
<word id="word_1126">paceļas</word>
<word id="word_1127">Lazdonas</word>
<word id="word_1128">muiža</word>
<word id="word_1129">.</word>
<word id="word_1130">Nav</word>
<word id="word_1131">atrodams</word>
<word id="word_1132">arī</word>
<word id="word_1133">tāds</word>
<word id="word_1134">Rāceņu</word>
<word id="word_1135">ezers</word>
<word id="word_1136">,</word>
<word id="word_1137">kas</word>
<word id="word_1138">iesaukts</word>
<word id="word_1139">no</word>
<word id="word_1140">tuvumā</word>
<word id="word_1141">esošām</word>
<word id="word_1142">„</word>
<word id="word_1143">Rāceņu</word>
<word id="word_1144">&quot;</word>
<word id="word_1145">mājām</word>
<word id="word_1146">.</word>
<word id="word_1147">Kartē</word>
<word id="word_1148">Rāceņu</word>
<word id="word_1149">ezers</word>
<word id="word_1150">nosaukts</word>
<word id="word_1151">par</word>
<word id="word_1152">Plāksnes</word>
<word id="word_1153">ezeru</word>
<word id="word_1154">,</word>
<word id="word_1155">tas</word>
<word id="word_1156">laikam</word>
<word id="word_1157">tāpēc</word>
<word id="word_1158">,</word>
<word id="word_1159">ka</word>
<word id="word_1160">tam</word>
<word id="word_1161">ir</word>
<word id="word_1162">pa</word>
<word id="word_1163">lielākai</word>
<word id="word_1164">daļai</word>
<word id="word_1165">mierīgs</word>
<word id="word_1166">līmenis</word>
<word id="word_1167">.</word>
<word id="word_1168">Vēji</word>
<word id="word_1169">netiek</word>
<word id="word_1170">klāt</word>
<word id="word_1171">,</word>
<word id="word_1172">jo</word>
<word id="word_1173">ezers</word>
<word id="word_1174">gwļ</word>
<word id="word_1175">mežiem</word>
<word id="word_1176">apaugušu</word>
<word id="word_1177">kalnu</word>
<word id="word_1178">aizvējā</word>
<word id="word_1179">.</word>
<word id="word_1180">Pie</word>
<word id="word_1181">Lazdonas</word>
<word id="word_1182">ev</word>
<word id="word_1183">.</word>
<word id="word_1184">-</word>
<word id="word_1185">lut</word>
<word id="word_1186">.</word>
<word id="word_1187">mac</word>
<word id="word_1188">.</word>
<word id="word_1189">muižas</word>
<word id="word_1190">atrodas</word>
<word id="word_1191">mazs</word>
<word id="word_1192">Mednieki</word>
<word id="word_1193">!</word>
<word id="word_1194">Iegriežoties</word>
<word id="word_1195">Madonā</word>
<word id="word_1196">,</word>
<word id="word_1197">neaizmirstiet</word>
<word id="word_1198">ie</word>
<word id="word_1199">-</word>
<word id="word_1200">gādāties</word>
<word id="word_1201">šaujamos</word>
<word id="word_1202">piederumus</word>
<word id="word_1203">pie</word>
<word id="word_1204">E.</word>
<word id="word_1205">GLAZN1EKA</word>
<word id="word_1206">Rīgas</word>
<word id="word_1207">bulv.</word>
<word id="word_1208">9.</word>
<word id="word_1209">Turpat</word>
<word id="word_1210">krāsai</word>
<word id="word_1211">mālderiem</word>
<word id="word_1212">!</word>
<word id="word_1213">11</word>
<word id="word_1214">ezeriņš</word>
<word id="word_1215">,</word>
<word id="word_1216">kas</word>
<word id="word_1217">ievērojams</word>
<word id="word_1218">ar</word>
<word id="word_1219">saviem</word>
<word id="word_1220">diviem</word>
<word id="word_1221">dibeniem</word>
<word id="word_1222">.</word>
<word id="word_1223">Pirmām</word>
<word id="word_1224">dibenam</word>
<word id="word_1225">lieli</word>
<word id="word_1226">caurumi</word>
<word id="word_1227">,</word>
<word id="word_1228">kas</word>
<word id="word_1229">atduras</word>
<word id="word_1230">otrā</word>
<word id="word_1231">dibenā</word>
<word id="word_1232">.</word>
<word id="word_1233">Ezeriņš</word>
<word id="word_1234">aizaug</word>
<word id="word_1235">...</word>
<word id="word_1236">Ziemeļ-vakaru</word>
<word id="word_1237">pusē</word>
<word id="word_1238">aiz</word>
<word id="word_1239">Madonas</word>
<word id="word_1240">kalnu</word>
<word id="word_1241">ieslēgts</word>
<word id="word_1242">,</word>
<word id="word_1243">mežu</word>
<word id="word_1244">apņemts</word>
<word id="word_1245">stāv</word>
<word id="word_1246">Madonas</word>
<word id="word_1247">ezers</word>
<word id="word_1248">,</word>
<word id="word_1249">kura</word>
<word id="word_1250">līmenis</word>
<word id="word_1251">atrodas</word>
<word id="word_1252">augstāk</word>
<word id="word_1253">par</word>
<word id="word_1254">pašu</word>
<word id="word_1255">Madonu</word>
<word id="word_1256">.</word>
<word id="word_1257">No</word>
<word id="word_1258">šī</word>
<word id="word_1259">ezera</word>
<word id="word_1260">ir</word>
<word id="word_1261">projektēts</word>
<word id="word_1262">ņemt</word>
<word id="word_1263">Madonas</word>
<word id="word_1264">kanalizācijai</word>
<word id="word_1265">ūdeni</word>
<word id="word_1266">.</word>
<word id="word_1267">Cauri</word>
<word id="word_1268">Madonai</word>
<word id="word_1269">tek</word>
<word id="word_1270">Gravas</word>
<word id="word_1271">upe</word>
<word id="word_1272">,</word>
<word id="word_1273">kurā</word>
<word id="word_1274">ierīkoti</word>
<word id="word_1275">vairāki</word>
<word id="word_1276">aizdambējumi</word>
<word id="word_1277">,</word>
<word id="word_1278">kas</word>
<word id="word_1279">noder</word>
<word id="word_1280">,</word>
<word id="word_1281">gan</word>
<word id="word_1282">ugunsgrēka</word>
<word id="word_1283">gadījienā</word>
<word id="word_1284">,</word>
<word id="word_1285">gan</word>
<word id="word_1286">karstā</word>
<word id="word_1287">laikā</word>
<word id="word_1288">veldzei</word>
<word id="word_1289">.</word>
<word id="word_1290">Iztecējusi</word>
<word id="word_1291">cauri</word>
<word id="word_1292">Madonai</word>
<word id="word_1293">Gravas</word>
<word id="word_1294">upe</word>
<word id="word_1295">maina</word>
<word id="word_1296">savu</word>
<word id="word_1297">nosaukumu</word>
<word id="word_1298">un</word>
<word id="word_1299">saucas</word>
<word id="word_1300">Ļisa</word>
<word id="word_1301">.</word>
<word id="word_1302">Tanī</word>
<word id="word_1303">dzīvo</word>
<word id="word_1304">daudz</word>
<word id="word_1305">foreļu</word>
<word id="word_1306">.</word>
<word id="word_1307">Viņa</word>
<word id="word_1308">ietek</word>
<word id="word_1309">Kūjā</word>
<word id="word_1310">.</word>
<word id="word_1311">Jauki</word>
<word id="word_1312">ir</word>
<word id="word_1313">braukt</word>
<word id="word_1314">pa</word>
<word id="word_1315">Lazdonas</word>
<word id="word_1316">un</word>
<word id="word_1317">Ļaudonas</word>
<word id="word_1318">ceļiem</word>
<word id="word_1319">,</word>
<word id="word_1320">kad</word>
<word id="word_1321">no</word>
<word id="word_1322">katras</word>
<word id="word_1323">kalna</word>
<word id="word_1324">virsas</word>
<word id="word_1325">atklājas</word>
<word id="word_1326">skaistas</word>
<word id="word_1327">ezeriem</word>
<word id="word_1328">greznotas</word>
<word id="word_1329">dabas</word>
<word id="word_1330">ainavas</word>
<word id="word_1331">.</word>
<word id="word_1332">Starp</word>
<word id="word_1333">citu</word>
<word id="word_1334">arī</word>
<word id="word_1335">ievērojami</word>
<word id="word_1336">I</word>
<word id="word_1337">Mm</word>
<word id="word_1338">8</word>
<word id="word_1339">dēli</word>
<word id="word_1340">Madonā</word>
<word id="word_1341">,</word>
<word id="word_1342">Rīgas</word>
<word id="word_1343">bulv.</word>
<word id="word_1344">7</word>
<word id="word_1345">Koloniāl-metālpreces</word>
<word id="word_1346">šaujamie</word>
<word id="word_1347">ieroči</word>
<word id="word_1348">un</word>
<word id="word_1349">to</word>
<word id="word_1350">piederumi</word>
<word id="word_1351">Firma</word>
<word id="word_1352">izceļas</word>
<word id="word_1353">ar</word>
<word id="word_1354">savu</word>
<word id="word_1355">solīdumu</word>
<word id="word_1356">—</word>
<word id="word_1357">latviešu</word>
<word id="word_1358">uzņēmums</word>
<word id="word_1359">ir</word>
<word id="word_1360">Ļaudonas</word>
<word id="word_1361">kalni</word>
<word id="word_1362">—</word>
<word id="word_1363">stāvi</word>
<word id="word_1364">,</word>
<word id="word_1365">daži</word>
<word id="word_1366">gari</word>
<word id="word_1367">.</word>
<word id="word_1368">Ziema</word>
<word id="word_1369">īsta</word>
<word id="word_1370">slēpotāju</word>
<word id="word_1371">paradīze</word>
<word id="word_1372">No</word>
<word id="word_1373">upēm</word>
<word id="word_1374">ievērojamākās</word>
<word id="word_1375">Madonas</word>
<word id="word_1376">tuvākā</word>
<word id="word_1377">apkārtnē</word>
<word id="word_1378">ir</word>
<word id="word_1379">:</word>
<word id="word_1380">Brese</word>
<word id="word_1381">Arona</word>
<word id="word_1382">,</word>
<word id="word_1383">Smecere</word>
<word id="word_1384">.</word>
<word id="word_1385">Pirmā</word>
<word id="word_1386">ir</word>
<word id="word_1387">ļoti</word>
<word id="word_1388">strauja</word>
<word id="word_1389">un</word>
<word id="word_1390">krāčaina</word>
<word id="word_1391">.</word>
<word id="word_1392">Breses</word>
<word id="word_1393">kalna</word>
<word id="word_1394">(</word>
<word id="word_1395">180</word>
<word id="word_1396">m</word>
<word id="word_1397">)</word>
<word id="word_1398">tuvumā</word>
<word id="word_1399">tai</word>
<word id="word_1400">ir</word>
<word id="word_1401">divas</word>
<word id="word_1402">ūdens</word>
<word id="word_1403">dzirnavas</word>
<word id="word_1404">.</word>
<word id="word_1405">Agrāk</word>
<word id="word_1406">bijušas</word>
<word id="word_1407">trīs</word>
<word id="word_1408">,</word>
<word id="word_1409">bet</word>
<word id="word_1410">no</word>
<word id="word_1411">vienām</word>
<word id="word_1412">tagad</word>
<word id="word_1413">palikušas</word>
<word id="word_1414">tikai</word>
<word id="word_1415">drupas</word>
<word id="word_1416">.</word>
<word id="word_1417">Breses</word>
<word id="word_1418">kalns</word>
<word id="word_1419">atrodas</word>
<word id="word_1420">2</word>
<word id="word_1421">km</word>
<word id="word_1422">no</word>
<word id="word_1423">Madonas</word>
<word id="word_1424">,</word>
<word id="word_1425">Gulbenes</word>
<word id="word_1426">ceļa</word>
<word id="word_1427">malā</word>
<word id="word_1428">.</word>
<word id="word_1429">Viņa</word>
<word id="word_1430">augstums</word>
<word id="word_1431">ir</word>
<word id="word_1432">ap</word>
<word id="word_1433">180</word>
<word id="word_1434">m</word>
<word id="word_1435">un</word>
<word id="word_1436">tas</word>
<word id="word_1437">viss</word>
<word id="word_1438">noklāts</word>
<word id="word_1439">ar</word>
<word id="word_1440">mežu</word>
<word id="word_1441">,</word>
<word id="word_1442">tomēr</word>
<word id="word_1443">no</word>
<word id="word_1444">viena</word>
<word id="word_1445">gala</word>
<word id="word_1446">atveras</word>
<word id="word_1447">plašs</word>
<word id="word_1448">skats</word>
<word id="word_1449">uz</word>
<word id="word_1450">Madonu</word>
<word id="word_1451">un</word>
<word id="word_1452">apkārtni</word>
<word id="word_1453">.</word>
<word id="word_1454">Breses</word>
<word id="word_1455">kalna</word>
<word id="word_1456">apkārtnē</word>
<word id="word_1457">aug</word>
<word id="word_1458">Anemone</word>
<word id="word_1459">silvestris</word>
<word id="word_1460">(</word>
<word id="word_1461">~</word>
<word id="word_1462">meža</word>
<word id="word_1463">vizbulīte</word>
<word id="word_1464">&quot;</word>
<word id="word_1465">)</word>
<word id="word_1466">.</word>
<word id="word_1467">Tās</word>
<word id="word_1468">baltie</word>
<word id="word_1469">ziedi</word>
<word id="word_1470">Latvijā</word>
<word id="word_1471">ir</word>
<word id="word_1472">sastopami</word>
<word id="word_1473">tikai</word>
<word id="word_1474">te</word>
<word id="word_1475">un</word>
<word id="word_1476">nedaudz</word>
<word id="word_1477">arī</word>
<word id="word_1478">Koknesē</word>
<word id="word_1479">.</word>
<word id="word_1480">Arona</word>
<word id="word_1481">Madonas</word>
<word id="word_1482">tuvumā</word>
<word id="word_1483">pilna</word>
<word id="word_1484">vēžiem</word>
<word id="word_1485">un</word>
<word id="word_1486">uz</word>
<word id="word_1487">to</word>
<word id="word_1488">bieži</word>
<word id="word_1489">vien</word>
<word id="word_1490">izbrauc</word>
<word id="word_1491">vēžotāji</word>
<word id="word_1492">.</word>
<word id="word_1493">Arī</word>
<word id="word_1494">jaukie</word>
<word id="word_1495">dabas</word>
<word id="word_1496">skati</word>
<word id="word_1497">,</word>
<word id="word_1498">ko</word>
<word id="word_1499">veido</word>
<word id="word_1500">Aronas</word>
<word id="word_1501">liči</word>
<word id="word_1502">,</word>
<word id="word_1503">smilšakmena</word>
<word id="word_1504">kraujas</word>
<word id="word_1505">,</word>
<word id="word_1506">saliņas</word>
<word id="word_1507">v</word>
<word id="word_1508">.</word>
<word id="word_1509">c</word>
<word id="word_1510">.</word>
<word id="word_1511">padara</word>
<word id="word_1512">Aronu</word>
<word id="word_1513">it</word>
<word id="word_1514">sevišķi</word>
<word id="word_1515">pievilcīgu</word>
<word id="word_1516">.</word>
<word id="word_1517">Agrāk</word>
<word id="word_1518">zvejotas</word>
<word id="word_1519">arī</word>
<word id="word_1520">pērles</word>
<word id="word_1521">Bērzaunes</word>
<word id="word_1522">ceļa</word>
<word id="word_1523">malā</word>
<word id="word_1524">,</word>
<word id="word_1525">blakus</word>
<word id="word_1526">Aronas</word>
<word id="word_1527">līkumainam</word>
<word id="word_1528">gājumam</word>
<word id="word_1529">atrodas</word>
<word id="word_1530">senlatviešu</word>
<word id="word_1531">pilskalns</word>
<word id="word_1532">—</word>
<word id="word_1533">„</word>
<word id="word_1534">Aronas</word>
<word id="word_1535">kalns</word>
<word id="word_1536">&quot;</word>
<word id="word_1537">.</word>
<word id="word_1538">Par</word>
<word id="word_1539">šī</word>
<word id="word_1540">kalna</word>
<word id="word_1541">izcelšanos</word>
<word id="word_1542">ir</word>
<word id="word_1543">vairākas</word>
<word id="word_1544">teikas</word>
<word id="word_1545">,</word>
<word id="word_1546">bet</word>
<word id="word_1547">parastais</word>
<word id="word_1548">stāstījums</word>
<word id="word_1549">,</word>
<word id="word_1550">ko</word>
<word id="word_1551">ruuā</word>
<word id="word_1552">tuvumā</word>
<word id="word_1553">dzīvojošie</word>
<word id="word_1554">zemnieki</word>
<word id="word_1555">ir</word>
<word id="word_1556">,</word>
<word id="word_1557">ka</word>
<word id="word_1558">Aronas</word>
<word id="word_1559">kalnu</word>
<word id="word_1560">sanesuši</word>
<word id="word_1561">krievu</word>
<word id="word_1562">zaldāti</word>
<word id="word_1563">cepurēm</word>
<word id="word_1564">.</word>
<word id="word_1565">Kalns</word>
<word id="word_1566">no</word>
<word id="word_1567">trim</word>
<word id="word_1568">pusēm</word>
<word id="word_1569">apaudzis</word>
<word id="word_1570">ar</word>
<word id="word_1571">mežu</word>
<word id="word_1572">,</word>
<word id="word_1573">atstādams</word>
<word id="word_1574">dienvidu</word>
<word id="word_1575">pusē</word>
<word id="word_1576">kailu</word>
<word id="word_1577">,</word>
<word id="word_1578">zāli</word>
<word id="word_1579">apaugušu</word>
<word id="word_1580">stāvu</word>
<word id="word_1581">nogāzi</word>
<word id="word_1582">.</word>
<word id="word_1583">Virsma</word>
<word id="word_1584">kalnam</word>
<word id="word_1585">galdveidīga</word>
<word id="word_1586">,</word>
<word id="word_1587">tāpēc</word>
<word id="word_1588">te</word>
<word id="word_1589">tiek</word>
<word id="word_1590">bieži</word>
<word id="word_1591">sarīkoti</word>
<word id="word_1592">zaļumu</word>
<word id="word_1593">svētki</word>
<word id="word_1594">.</word>
<word id="word_1595">Pati</word>
<word id="word_1596">Arona</word>
<word id="word_1597">tek</word>
<word id="word_1598">līkum-līkumiem</word>
<word id="word_1599">.</word>
<word id="word_1600">2</word>
<word id="word_1601">A</word>
<word id="word_1602">-</word>
<word id="word_1603">Cinītis</word>
<word id="word_1604">un</word>
<word id="word_1605">J</word>
<word id="word_1606">-</word>
<word id="word_1607">Purgalis</word>
<word id="word_1608">Madonā</word>
<word id="word_1609">,</word>
<word id="word_1610">Rīgas</word>
<word id="word_1611">bulv.</word>
<word id="word_1612">3</word>
<word id="word_1613">Adu</word>
<word id="word_1614">un</word>
<word id="word_1615">apavu</word>
<word id="word_1616">tirgotava</word>
<word id="word_1617">13</word>
<word id="word_1618">Skats</word>
<word id="word_1619">no</word>
<word id="word_1620">Madonas</word>
<word id="word_1621">Pie</word>
<word id="word_1622">Mārcienas</word>
<word id="word_1623">stacijas</word>
<word id="word_1624">izveidojies</word>
<word id="word_1625">mazs</word>
<word id="word_1626">ūdenskritums</word>
<word id="word_1627">,</word>
<word id="word_1628">kas</word>
<word id="word_1629">kā</word>
<word id="word_1630">skaista</word>
<word id="word_1631">glezna</word>
<word id="word_1632">krīt</word>
<word id="word_1633">vilcienā</word>
<word id="word_1634">braucējam</word>
<word id="word_1635">acīs</word>
<word id="word_1636">.</word>
<word id="word_1637">Mārcienā</word>
<word id="word_1638">ievērojams</word>
<word id="word_1639">ir</word>
<word id="word_1640">senais</word>
<word id="word_1641">babaronu</word>
<word id="word_1642">parks</word>
<word id="word_1643">,</word>
<word id="word_1644">kura</word>
<word id="word_1645">vidū</word>
<word id="word_1646">atradās</word>
<word id="word_1647">pilsdrupas</word>
<word id="word_1648">,</word>
<word id="word_1649">bet</word>
<word id="word_1650">kuras</word>
<word id="word_1651">būvmateriāli</word>
<word id="word_1652">tika</word>
<word id="word_1653">izlietoti</word>
<word id="word_1654">Aizsargu</word>
<word id="word_1655">nama</word>
<word id="word_1656">būvei</word>
<word id="word_1657">Madonā</word>
<word id="word_1658">.</word>
<word id="word_1659">Pils</word>
<word id="word_1660">bijusi</word>
<word id="word_1661">grezna</word>
<word id="word_1662">,</word>
<word id="word_1663">bet</word>
<word id="word_1664">kara</word>
<word id="word_1665">laikā</word>
<word id="word_1666">nodedzināta</word>
<word id="word_1667">.</word>
<word id="word_1668">Mārcienas</word>
<word id="word_1669">apkārtne</word>
<word id="word_1670">neko</word>
<word id="word_1671">jaunu</word>
<word id="word_1672">neienes</word>
<word id="word_1673">,</word>
<word id="word_1674">tikai</word>
<word id="word_1675">Bērzaunes</word>
<word id="word_1676">-</word>
<word id="word_1677">Vestienas</word>
<word id="word_1678">virzienā</word>
<word id="word_1679">veidojās</word>
<word id="word_1680">intere</word>
<word id="word_1681">-</word>
<word id="word_1682">14</word>
<word id="word_1683">Santas</word>
<word id="word_1684">skalu</word>
<word id="word_1685">gleznas</word>
<word id="word_1686">.</word>
<word id="word_1687">Uz</word>
<word id="word_1688">Gaisiņkalnu</word>
<word id="word_1689">ved</word>
<word id="word_1690">ceļš</word>
<word id="word_1691">,</word>
<word id="word_1692">kas</word>
<word id="word_1693">apstādīts</word>
<word id="word_1694">kokiem</word>
<word id="word_1695">un</word>
<word id="word_1696">pēc</word>
<word id="word_1697">dažu</word>
<word id="word_1698">domām</word>
<word id="word_1699">skaistākais</word>
<word id="word_1700">Latvijā</word>
<word id="word_1701">Latvijas</word>
<word id="word_1702">milzis</word>
<word id="word_1703">Gaisiņš</word>
<word id="word_1704">—</word>
<word id="word_1705">314</word>
<word id="word_1706">m</word>
<word id="word_1707">virs</word>
<word id="word_1708">jūras</word>
<word id="word_1709">līmeņa</word>
<word id="word_1710">.</word>
<word id="word_1711">Nekas</word>
<word id="word_1712">apkārtnē</word>
<word id="word_1713">neliecina</word>
<word id="word_1714">,</word>
<word id="word_1715">ka</word>
<word id="word_1716">tuvumā</word>
<word id="word_1717">slēpjas</word>
<word id="word_1718">mūsu</word>
<word id="word_1719">dzimtenes</word>
<word id="word_1720">augstākais</word>
<word id="word_1721">kalns</word>
<word id="word_1722">,</word>
<word id="word_1723">ka</word>
<word id="word_1724">tik</word>
<word id="word_1725">ap</word>
<word id="word_1726">6</word>
<word id="word_1727">km</word>
<word id="word_1728">no</word>
<word id="word_1729">Bērzaunes</word>
<word id="word_1730">var</word>
<word id="word_1731">ieraudzīt</word>
<word id="word_1732">augsto</word>
<word id="word_1733">torni</word>
<word id="word_1734">.</word>
<word id="word_1735">Seko</word>
<word id="word_1736">rādītājs</word>
<word id="word_1737">:</word>
<word id="word_1738">~</word>
<word id="word_1739">Uz</word>
<word id="word_1740">Gaisiņkalnu</word>
<word id="word_1741">&quot;</word>
<word id="word_1742">.</word>
<word id="word_1743">Lēzens</word>
<word id="word_1744">kāpiens</word>
<word id="word_1745">augšup</word>
<word id="word_1746">,</word>
<word id="word_1747">līdz</word>
<word id="word_1748">beidzot</word>
<word id="word_1749">stāvums</word>
<word id="word_1750">un</word>
<word id="word_1751">Gaisiņš</word>
<word id="word_1752">sasniegts</word>
<word id="word_1753">.</word>
<word id="word_1754">Kalna</word>
<word id="word_1755">virsotnē</word>
<word id="word_1756">bērza</word>
<word id="word_1757">birze</word>
<word id="word_1758">,</word>
<word id="word_1759">zalumlaukums</word>
<word id="word_1760">un</word>
<word id="word_1761">tornis</word>
<word id="word_1762">,</word>
<word id="word_1763">no</word>
<word id="word_1764">kura</word>
<word id="word_1765">skaidrā</word>
<word id="word_1766">laikā</word>
<word id="word_1767">var</word>
<word id="word_1768">redzēt</word>
<word id="word_1769">Rīgu</word>
<word id="word_1770">,</word>
<word id="word_1771">tad_jau</word>
<word id="word_1772">ari</word>
<word id="word_1773">saprotams</word>
<word id="word_1774">apkārtējais</word>
<word id="word_1775">plašais</word>
<word id="word_1776">skats</word>
<word id="word_1777">:</word>
<word id="word_1778">ezeri</word>
<word id="word_1779">,</word>
<word id="word_1780">meži</word>
<word id="word_1781">,</word>
<word id="word_1782">kalni</word>
<word id="word_1783">,</word>
<word id="word_1784">baznīcu</word>
<word id="word_1785">torņi</word>
<word id="word_1786">v_c</word>
<word id="word_1787">.</word>
<word id="word_1788">Valsts</word>
<word id="word_1789">Prezidents</word>
<word id="word_1790">Alberts</word>
<word id="word_1791">Kviesis</word>
<word id="word_1792">arī</word>
<word id="word_1793">apmeklējis</word>
<word id="word_1794">šo</word>
<word id="word_1795">kalnu</word>
<word id="word_1796">,</word>
<word id="word_1797">par</word>
<word id="word_1798">ko</word>
<word id="word_1799">vēsta</word>
<word id="word_1800">gravējums</word>
<word id="word_1801">akmens</word>
<word id="word_1802">plātnē</word>
<word id="word_1803">.</word>
<word id="word_1804">Atpakaļceļš</word>
<word id="word_1805">uz</word>
<word id="word_1806">Madonu</word>
<word id="word_1807">ved</word>
<word id="word_1808">cauri</word>
<word id="word_1809">Smeceres</word>
<word id="word_1810">silam</word>
<word id="word_1811">,</word>
<word id="word_1812">kur</word>
<word id="word_1813">pēckara</word>
<word id="word_1814">un</word>
<word id="word_1815">kara</word>
<word id="word_1816">gados</word>
<word id="word_1817">mituši</word>
<word id="word_1818">bandīti</word>
<word id="word_1819">.</word>
<word id="word_1820">Daudz</word>
<word id="word_1821">cilvēku</word>
<word id="word_1822">te</word>
<word id="word_1823">šauti</word>
<word id="word_1824">.</word>
<word id="word_1825">Savā</word>
<word id="word_1826">laikā</word>
<word id="word_1827">te</word>
<word id="word_1828">darbojušies</word>
<word id="word_1829">~</word>
<word id="word_1830">zaļie</word>
<word id="word_1831">&quot;</word>
<word id="word_1832">leģendārā</word>
<word id="word_1833">varoņa</word>
<word id="word_1834">Artura</word>
<word id="word_1835">V_c_c</word>
<word id="word_1836">ka</word>
<word id="word_1837">1</word>
<word id="word_1838">n_i_ņ_a</word>
<word id="word_1839">vadībā</word>
<word id="word_1840">.</word>
<word id="word_1841">Pusceļā</word>
<word id="word_1842">starp</word>
<word id="word_1843">Madonu</word>
<word id="word_1844">un</word>
<word id="word_1845">Mārcienu</word>
<word id="word_1846">stāv</word>
<word id="word_1847">Smeceīcs</word>
<word id="word_1848">krogs</word>
<word id="word_1849">,</word>
<word id="word_1850">ko</word>
<word id="word_1851">madonieši</word>
<word id="word_1852">iesaukuši</word>
<word id="word_1853">par</word>
<word id="word_1854">savu</word>
<word id="word_1855">~</word>
<word id="word_1856">Baložkrogu</word>
<word id="word_1857">&quot;</word>
<word id="word_1858">.</word>
<word id="word_1859">Ap</word>
<word id="word_1860">trīs</word>
<word id="word_1861">3</word>
<word id="word_1862">km</word>
<word id="word_1863">no</word>
<word id="word_1864">Madonas</word>
<word id="word_1865">atrodas</word>
<word id="word_1866">9.</word>
<word id="word_1867">Madonas</word>
<word id="word_1868">aizsargu</word>
<word id="word_1869">pulka</word>
<word id="word_1870">šautuve</word>
<word id="word_1871">,</word>
<word id="word_1872">kas</word>
<word id="word_1873">ierīkota</word>
<word id="word_1874">ērti</word>
<word id="word_1875">un</word>
<word id="word_1876">atbilst</word>
<word id="word_1877">tagadnes</word>
<word id="word_1878">prasībām</word>
<word id="word_1879">Netālu</word>
<word id="word_1880">atrodas</word>
<word id="word_1881">Jumizers</word>
<word id="word_1882">,</word>
<word id="word_1883">kas</word>
<word id="word_1884">ir</word>
<word id="word_1885">aizaudzis</word>
<word id="word_1886">ezers</word>
<word id="word_1887">.</word>
<word id="word_1888">Tam</word>
<word id="word_1889">pāri</word>
<word id="word_1890">ved</word>
<word id="word_1891">dzelzceļstiga</word>
<word id="word_1892">no</word>
<word id="word_1893">kuras</word>
<word id="word_1894">kafa</word>
<word id="word_1895">gados</word>
<word id="word_1896">nogāzies</word>
<word id="word_1897">vilciens</word>
<word id="word_1898">Vakara</word>
<word id="word_1899">virzienā</word>
<word id="word_1900">no</word>
<word id="word_1901">Madonas</word>
<word id="word_1902">ceļš</word>
<word id="word_1903">strauji</word>
<word id="word_1904">vijas</word>
<word id="word_1905">augšup</word>
<word id="word_1906">.</word>
<word id="word_1907">Atveras</word>
<word id="word_1908">plaši</word>
<word id="word_1909">kalnu</word>
<word id="word_1910">skati</word>
<word id="word_1911">.</word>
<word id="word_1912">Horicontā</word>
<word id="word_1913">redzami</word>
<word id="word_1914">vairums</word>
<word id="word_1915">Vidzemes</word>
<word id="word_1916">(</word>
<word id="word_1917">Piebalgas</word>
<word id="word_1918">)</word>
<word id="word_1919">augstienas</word>
<word id="word_1920">Kam</word>
<word id="word_1921">dzīves</word>
<word id="word_1922">prieks</word>
<word id="word_1923">un</word>
<word id="word_1924">darba</word>
<word id="word_1925">mīlestība</word>
<word id="word_1926">,</word>
<word id="word_1927">lai</word>
<word id="word_1928">griežas</word>
<word id="word_1929">Z.</word>
<word id="word_1930">Lapsas</word>
<word id="word_1931">dzelzs</word>
<word id="word_1932">preču</word>
<word id="word_1933">tirgotavā</word>
<word id="word_1934">Madonā</word>
<word id="word_1935">Rīgas</word>
<word id="word_1936">blv</word>
<word id="word_1937">.</word>
<word id="word_1938">3</word>
<word id="word_1939">,</word>
<word id="word_1940">Kārkliņa</word>
<word id="word_1941">nama</word>
<word id="word_1942">paša</word>
<word id="word_1943">viducī</word>
<word id="word_1944">15</word>
<word id="word_1945">kalni</word>
<word id="word_1946">.</word>
<word id="word_1947">Tuvāk</word>
<word id="word_1948">skaistākās</word>
<word id="word_1949">vietas</word>
<word id="word_1950">ir</word>
<word id="word_1951">ap</word>
<word id="word_1952">Kusas</word>
<word id="word_1953">muižu</word>
<word id="word_1954">.</word>
<word id="word_1955">Te</word>
<word id="word_1956">redzama</word>
<word id="word_1957">visa</word>
<word id="word_1958">veco</word>
<word id="word_1959">,</word>
<word id="word_1960">pagājušo</word>
<word id="word_1961">laiku</word>
<word id="word_1962">godība</word>
<word id="word_1963">.</word>
<word id="word_1964">Veclaicīgās</word>
<word id="word_1965">ēkas</word>
<word id="word_1966">un</word>
<word id="word_1967">sirmais</word>
<word id="word_1968">parks</word>
<word id="word_1969">,</word>
<word id="word_1970">kas</word>
<word id="word_1971">pievelk</word>
<word id="word_1972">ar</word>
<word id="word_1973">savu</word>
<word id="word_1974">krāšņo</word>
<word id="word_1975">ierīkojumu</word>
<word id="word_1976">.</word>
<word id="word_1977">Tālāk</word>
<word id="word_1978">aiz</word>
<word id="word_1979">Lodes</word>
<word id="word_1980">muižas</word>
<word id="word_1981">pie</word>
<word id="word_1982">Salnas</word>
<word id="word_1983">kroga</word>
<word id="word_1984">redzama</word>
<word id="word_1985">Ogre</word>
<word id="word_1986">savā</word>
<word id="word_1987">sākuma</word>
<word id="word_1988">šaurumā</word>
<word id="word_1989">,</word>
<word id="word_1990">kurai</word>
<word id="word_1991">nav</word>
<word id="word_1992">ko</word>
<word id="word_1993">pāri</word>
<word id="word_1994">lēkt</word>
<word id="word_1995">.</word>
<word id="word_1996">Liezeres</word>
<word id="word_1997">kapsētā</word>
<word id="word_1998">atrodas</word>
<word id="word_1999">kritušo</word>
<word id="word_2000">varoņu</word>
<word id="word_2001">partizāņu</word>
<word id="word_2002">kapi</word>
<word id="word_2003">.</word>
<word id="word_2004">Tuvumā</word>
<word id="word_2005">krāšņi</word>
<word id="word_2006">,</word>
<word id="word_2007">zivju</word>
<word id="word_2008">bagāti</word>
<word id="word_2009">ezeri</word>
<word id="word_2010">.</word>
<word id="word_2011">Netāju</word>
<word id="word_2012">no</word>
<word id="word_2013">Bērzaunes</word>
<word id="word_2014">ev</word>
<word id="word_2015">.</word>
<word id="word_2016">-</word>
<word id="word_2017">lutera</word>
<word id="word_2018">baznīcas</word>
<word id="word_2019">,</word>
<word id="word_2020">kas</word>
<word id="word_2021">izceļas</word>
<word id="word_2022">ar</word>
<word id="word_2023">savu</word>
<word id="word_2024">augsto</word>
<word id="word_2025">torni</word>
<word id="word_2026">,</word>
<word id="word_2027">kam</word>
<word id="word_2028">gailis</word>
<word id="word_2029">galā</word>
<word id="word_2030">un</word>
<word id="word_2031">vapeņu</word>
<word id="word_2032">zīmējumiem</word>
<word id="word_2033">,</word>
<word id="word_2034">atrodas</word>
<word id="word_2035">pilsdrupas</word>
<word id="word_2036">.</word>
<word id="word_2037">Te</word>
<word id="word_2038">savā</word>
<word id="word_2039">laikā</word>
<word id="word_2040">dzīvojis</word>
<word id="word_2041">vēsturiski</word>
<word id="word_2042">ievērojamais</word>
<word id="word_2043">barons</word>
<word id="word_2044">Tidenhauzens</word>
<word id="word_2045">.</word>
<word id="word_2046">Uz</word>
<word id="word_2047">ceļu</word>
<word id="word_2048">krustojuma</word>
<word id="word_2049">netālu</word>
<word id="word_2050">no</word>
<word id="word_2051">kapsētas</word>
<word id="word_2052">tuvu</word>
<word id="word_2053">pie</word>
<word id="word_2054">kilometra</word>
<word id="word_2055">staba</word>
<word id="word_2056">guļ</word>
<word id="word_2057">vientuļa</word>
<word id="word_2058">kapa</word>
<word id="word_2059">kopiņa</word>
<word id="word_2060">ar</word>
<word id="word_2061">vienkāršu</word>
<word id="word_2062">koka</word>
<word id="word_2063">/</word>
<word id="word_2064">krustu</word>
<word id="word_2065">.</word>
<word id="word_2066">Še</word>
<word id="word_2067">atdusas</word>
<word id="word_2068">kāda</word>
<word id="word_2069">veca</word>
<word id="word_2070">lauku</word>
<word id="word_2071">māmiņa</word>
<word id="word_2072">,</word>
<word id="word_2073">kas</word>
<word id="word_2074">krita</word>
<word id="word_2075">par</word>
<word id="word_2076">lielinieku</word>
<word id="word_2077">upuri</word>
<word id="word_2078">kara</word>
<word id="word_2079">gados</word>
<word id="word_2080">.</word>
<word id="word_2081">Par</word>
<word id="word_2082">vītolu</word>
<word id="word_2083">aleju</word>
<word id="word_2084">starp</word>
<word id="word_2085">muižu</word>
<word id="word_2086">un</word>
<word id="word_2087">baznīcu</word>
<word id="word_2088">valda</word>
<word id="word_2089">nostāsts</word>
<word id="word_2090">ka</word>
<word id="word_2091">to</word>
<word id="word_2092">stādījuši</word>
<word id="word_2093">zviedru</word>
<word id="word_2094">karavīri</word>
<word id="word_2095">:</word>
<word id="word_2096">iesprauduši</word>
<word id="word_2097">vienkārši</word>
<word id="word_2098">vītolu</word>
<word id="word_2099">nūjas</word>
<word id="word_2100">,</word>
<word id="word_2101">kas</word>
<word id="word_2102">ar</word>
<word id="word_2103">laiku</word>
<word id="word_2104">sākušas</word>
<word id="word_2105">lapot</word>
<word id="word_2106">.</word>
<word id="word_2107">Bērzaunes</word>
<word id="word_2108">pagasts</word>
<word id="word_2109">ievērojams</word>
<word id="word_2110">arī</word>
<word id="word_2111">ar</word>
<word id="word_2112">lielo</word>
<word id="word_2113">pareizticīgo</word>
<word id="word_2114">vairumu</word>
<word id="word_2115">.</word>
<word id="word_2116">Smeceres</word>
<word id="word_2117">upe</word>
<word id="word_2118">,</word>
<word id="word_2119">kas</word>
<word id="word_2120">tek</word>
<word id="word_2121">garam</word>
<word id="word_2122">Smeceres</word>
<word id="word_2123">krogam</word>
<word id="word_2124">ir</word>
<word id="word_2125">bagāta</word>
<word id="word_2126">forelēm</word>
<word id="word_2127">.</word>
<word id="word_2128">Pelšu</word>
<word id="word_2129">ezers</word>
<word id="word_2130">atrodas</word>
<word id="word_2131">pie</word>
<word id="word_2132">Lazdonas</word>
<word id="word_2133">pag.</word>
<word id="word_2134">Trulēm</word>
<word id="word_2135">,</word>
<word id="word_2136">kur</word>
<word id="word_2137">ir</word>
<word id="word_2138">tūristu</word>
<word id="word_2139">mītne</word>
<word id="word_2140">.</word>
<word id="word_2141">Šis</word>
<word id="word_2142">aizaugošais</word>
<word id="word_2143">ezers</word>
<word id="word_2144">ievērojams</word>
<word id="word_2145">ar</word>
<word id="word_2146">grimstošo</word>
<word id="word_2147">salu</word>
<word id="word_2148">un</word>
<word id="word_2149">karūsām</word>
<word id="word_2150">.</word>
<word id="word_2151">Vairāk</word>
<word id="word_2152">uz</word>
<word id="word_2153">Zelgauskas</word>
<word id="word_2154">pusi</word>
<word id="word_2155">Aronas</word>
<word id="word_2156">krāšņajā</word>
<word id="word_2157">krastā</word>
<word id="word_2158">atrodas</word>
<word id="word_2159">Birānu</word>
<word id="word_2160">spēkstacija</word>
<word id="word_2161">un</word>
<word id="word_2162">dzirnavas</word>
<word id="word_2163">.</word>
<word id="word_2164">Šī</word>
<word id="word_2165">V.</word>
<word id="word_2166">E.</word>
<word id="word_2167">F.</word>
<word id="word_2168">Radio</word>
<word id="word_2169">piederumu</word>
<word id="word_2170">aģentūra</word>
<word id="word_2171">Madonā</word>
<word id="word_2172">,</word>
<word id="word_2173">Tirgus</word>
<word id="word_2174">ielā</word>
<word id="word_2175">Nr.</word>
<word id="word_2176">2</word>
<word id="word_2177">16</word>
<word id="word_2178">Madoniešu</word>
<word id="word_2179">iemīļotā</word>
<word id="word_2180">peldvieta</word>
<word id="word_2181">pie</word>
<word id="word_2182">Rāceņu</word>
<word id="word_2183">ezera</word>
<word id="word_2184">spēkstacija</word>
<word id="word_2185">apgādā</word>
<word id="word_2186">Madonu</word>
<word id="word_2187">ar</word>
<word id="word_2188">elektrisko</word>
<word id="word_2189">enerģiju</word>
<word id="word_2190">un</word>
<word id="word_2191">atrodas</word>
<word id="word_2192">ap</word>
<word id="word_2193">5</word>
<word id="word_2194">km</word>
<word id="word_2195">no</word>
<word id="word_2196">Madonas</word>
<word id="word_2197">.</word>
<word id="word_2198">Vispār</word>
<word id="word_2199">šinī</word>
<word id="word_2200">rajonā</word>
<word id="word_2201">ir</word>
<word id="word_2202">daudz</word>
<word id="word_2203">dzirnavu</word>
<word id="word_2204">,</word>
<word id="word_2205">kas</word>
<word id="word_2206">piedod</word>
<word id="word_2207">skaistumu</word>
<word id="word_2208">apkārtnei</word>
<word id="word_2209">.</word>
<word id="word_2210">Pie</word>
<word id="word_2211">Sarkaņu</word>
<word id="word_2212">pagasta</word>
<word id="word_2213">Rēķu</word>
<word id="word_2214">mājām</word>
<word id="word_2215">atrodas</word>
<word id="word_2216">R_ē_ķ_v</word>
<word id="word_2217">kalns</word>
<word id="word_2218">no</word>
<word id="word_2219">kura</word>
<word id="word_2220">virsotnes</word>
<word id="word_2221">var</word>
<word id="word_2222">redzēt</word>
<word id="word_2223">pus</word>
<word id="word_2224">Latgales</word>
<word id="word_2225">.</word>
<word id="word_2226">Kalna</word>
<word id="word_2227">augstums26o</word>
<word id="word_2228">m</word>
<word id="word_2229">un</word>
<word id="word_2230">atrodas</word>
<word id="word_2231">ap</word>
<word id="word_2232">6</word>
<word id="word_2233">km</word>
<word id="word_2234">no</word>
<word id="word_2235">Madonas</word>
<word id="word_2236">.</word>
<word id="word_2237">Virsotne</word>
<word id="word_2238">izdevīga</word>
<word id="word_2239">apkārtnes</word>
<word id="word_2240">aplūkošanai</word>
<word id="word_2241">—</word>
<word id="word_2242">kaila</word>
<word id="word_2243">.</word>
<word id="word_2244">No</word>
<word id="word_2245">šejienes</word>
<word id="word_2246">var</word>
<word id="word_2247">redzēt</word>
<word id="word_2248">17</word>
<word id="word_2249">v</word>
<word id="word_2250">airākus</word>
<word id="word_2251">Latgales</word>
<word id="word_2252">katoļu</word>
<word id="word_2253">baznīcu</word>
<word id="word_2254">101</word>
<word id="word_2255">-</word>
<word id="word_2256">-</word>
<word id="word_2257">-</word>
<word id="word_2258">nu</word>
<word id="word_2259">s</word>
<word id="word_2260">.</word>
<word id="word_2261">Tālāk</word>
<word id="word_2262">ceļš</word>
<word id="word_2263">ved</word>
<word id="word_2264">garām</word>
<word id="word_2265">Cišu</word>
<word id="word_2266">kalnam</word>
<word id="word_2267">.</word>
<word id="word_2268">Tas</word>
<word id="word_2269">ir</word>
<word id="word_2270">stāvs</word>
<word id="word_2271">un</word>
<word id="word_2272">uzkāpšana</word>
<word id="word_2273">prasa</word>
<word id="word_2274">lielas</word>
<word id="word_2275">pūles</word>
<word id="word_2276">.</word>
<word id="word_2277">Skats</word>
<word id="word_2278">ir</word>
<word id="word_2279">šaurāks</word>
<word id="word_2280">,</word>
<word id="word_2281">jo</word>
<word id="word_2282">virsotni</word>
<word id="word_2283">sedz</word>
<word id="word_2284">koki</word>
<word id="word_2285">un</word>
<word id="word_2286">apkārtnes</word>
<word id="word_2287">ir</word>
<word id="word_2288">kalni</word>
<word id="word_2289">.</word>
<word id="word_2290">levērojama</word>
<word id="word_2291">vieta</word>
<word id="word_2292">ir</word>
<word id="word_2293">Biksēres</word>
<word id="word_2294">muižas</word>
<word id="word_2295">tuvākā</word>
<word id="word_2296">apkārtne</word>
<word id="word_2297">,</word>
<word id="word_2298">ko</word>
<word id="word_2299">ieņem</word>
<word id="word_2300">dziļa</word>
<word id="word_2301">grava</word>
<word id="word_2302">,</word>
<word id="word_2303">kas</word>
<word id="word_2304">līdzīga</word>
<word id="word_2305">Pērses</word>
<word id="word_2306">gravai</word>
<word id="word_2307">.</word>
<word id="word_2308">Te</word>
<word id="word_2309">atrodas</word>
<word id="word_2310">arī</word>
<word id="word_2311">veco</word>
<word id="word_2312">baronu</word>
<word id="word_2313">kapi</word>
<word id="word_2314">.</word>
<word id="word_2315">Izdarīti</word>
<word id="word_2316">arī</word>
<word id="word_2317">vairāki</word>
<word id="word_2318">vērtīgi</word>
<word id="word_2319">archoloģiski</word>
<word id="word_2320">izrakumi</word>
<word id="word_2321">.</word>
<word id="word_2322">Ceļa</word>
<word id="word_2323">malā</word>
<word id="word_2324">ir</word>
<word id="word_2325">Biksēres</word>
<word id="word_2326">dzirnavas</word>
<word id="word_2327">.</word>
<word id="word_2328">Daudz</word>
<word id="word_2329">ļaunuma</word>
<word id="word_2330">Madonai</word>
<word id="word_2331">nodarījis</word>
<word id="word_2332">pēdējais</word>
<word id="word_2333">Biksēres</word>
<word id="word_2334">barons</word>
<word id="word_2335">Magnus</word>
<word id="word_2336">,</word>
<word id="word_2337">kas</word>
<word id="word_2338">bijis</word>
<word id="word_2339">vācu</word>
<word id="word_2340">spiegs</word>
<word id="word_2341">.</word>
<word id="word_2342">Nesaules</word>
<word id="word_2343">kalns</word>
<word id="word_2344">—</word>
<word id="word_2345">287</word>
<word id="word_2346">m</word>
<word id="word_2347">ir</word>
<word id="word_2348">trešais</word>
<word id="word_2349">augstākais</word>
<word id="word_2350">kalns</word>
<word id="word_2351">Latvijā</word>
<word id="word_2352">.</word>
<word id="word_2353">Kalns</word>
<word id="word_2354">grūti</word>
<word id="word_2355">atrodams</word>
<word id="word_2356">,</word>
<word id="word_2357">ja</word>
<word id="word_2358">nav</word>
<word id="word_2359">kartes</word>
<word id="word_2360">,</word>
<word id="word_2361">jo</word>
<word id="word_2362">tas</word>
<word id="word_2363">no</word>
<word id="word_2364">apkārtnes</word>
<word id="word_2365">neizceļas</word>
<word id="word_2366">—</word>
<word id="word_2367">apaudzis</word>
<word id="word_2368">mežu</word>
<word id="word_2369">.</word>
<word id="word_2370">Vienīgi</word>
<word id="word_2371">ziemeļu</word>
<word id="word_2372">pusē</word>
<word id="word_2373">neliels</word>
<word id="word_2374">izciitums</word>
<word id="word_2375">.</word>
<word id="word_2376">Vienā</word>
<word id="word_2377">galā</word>
<word id="word_2378">ezers</word>
<word id="word_2379">.</word>
<word id="word_2380">Austrumu</word>
<word id="word_2381">virziena</word>
<word id="word_2382">iesākas</word>
<word id="word_2383">plašais</word>
<word id="word_2384">Lubānas</word>
<word id="word_2385">līdzenums</word>
<word id="word_2386">ko</word>
<word id="word_2387">šķērso</word>
<word id="word_2388">Aiviekste</word>
<word id="word_2389">.</word>
<word id="word_2390">Meirāni</word>
<word id="word_2391">ievērojami</word>
<word id="word_2392">ar</word>
<word id="word_2393">pulkveža</word>
<word id="word_2394">Kalpaka</word>
<word id="word_2395">atdusas</word>
<word id="word_2396">vietu</word>
<word id="word_2397">~</word>
<word id="word_2398">Visagala</word>
<word id="word_2399">&quot;</word>
<word id="word_2400">kapos</word>
<word id="word_2401">.</word>
<word id="word_2402">Piemineklis</word>
<word id="word_2403">uzcelts</word>
<word id="word_2404">gandrīz</word>
<word id="word_2405">pašā</word>
<word id="word_2406">kapsētas</word>
<word id="word_2407">centrā</word>
<word id="word_2408">.</word>
<word id="word_2409">No</word>
<word id="word_2410">ārpuses</word>
<word id="word_2411">redzēt</word>
<word id="word_2412">nevar</word>
<word id="word_2413">—</word>
<word id="word_2414">koki</word>
<word id="word_2415">priekšā</word>
<word id="word_2416">.</word>
<word id="word_2417">Aiz</word>
<word id="word_2418">kapsētas</word>
<word id="word_2419">lejā</word>
<word id="word_2420">ir</word>
<word id="word_2421">Visagalas</word>
<word id="word_2422">ezeri</word>
<word id="word_2423">.</word>
<word id="word_2424">Aiviekste</word>
<word id="word_2425">tiek</word>
<word id="word_2426">bagarēta</word>
<word id="word_2427">un</word>
<word id="word_2428">padziļināta</word>
<word id="word_2429">,</word>
<word id="word_2430">jo</word>
<word id="word_2431">pavasaros</word>
<word id="word_2432">stipri</word>
<word id="word_2433">pārplūst</word>
<word id="word_2434">.</word>
<word id="word_2435">Ap</word>
<word id="word_2436">Meirāniem</word>
<word id="word_2437">purvaini</word>
<word id="word_2438">klāņi</word>
<word id="word_2439">.</word>
<word id="word_2440">tālāk</word>
<word id="word_2441">ap</word>
<word id="word_2442">Saikavu</word>
<word id="word_2443">stingrāks</word>
<word id="word_2444">krasts</word>
<word id="word_2445">.</word>
<word id="word_2446">Saikavā</word>
<word id="word_2447">daba</word>
<word id="word_2448">paliek</word>
<word id="word_2449">vienmuļīga</word>
<word id="word_2450">.</word>
<word id="word_2451">Valda</word>
<word id="word_2452">līdzenums</word>
<word id="word_2453">,</word>
<word id="word_2454">ja</word>
<word id="word_2455">nebūtu</word>
<word id="word_2456">mežiņu</word>
<word id="word_2457">,</word>
<word id="word_2458">tad</word>
<word id="word_2459">uzkristu</word>
<word id="word_2460">stipra</word>
<word id="word_2461">līdzība</word>
<word id="word_2462">ar</word>
<word id="word_2463">Holandi</word>
<word id="word_2464">,</word>
<word id="word_2465">jo</word>
<word id="word_2466">izplatītas</word>
<word id="word_2467">vējdzirnavas</word>
<word id="word_2468">.</word>
<word id="word_2469">A</word>
<word id="word_2470">-</word>
<word id="word_2471">Rubenis</word>
<word id="word_2472">-</word>
<word id="word_2473">„</word>
<word id="word_2474">Letas</word>
<word id="word_2475">&quot;</word>
<word id="word_2476">kioskā</word>
<word id="word_2477">Madonā</word>
<word id="word_2478">,</word>
<word id="word_2479">tūristi</word>
<word id="word_2480">var</word>
<word id="word_2481">dabūt</word>
<word id="word_2482">krāšņo</word>
<word id="word_2483">apkārtnes</word>
<word id="word_2484">skatu</word>
<word id="word_2485">fotogrāfijas</word>
<word id="word_2486">18</word>
<word id="word_2487">Pulkveža</word>
<word id="word_2488">Kalpaka</word>
<word id="word_2489">piemineklis</word>
<word id="word_2490">Visagala</word>
<word id="word_2491">kapos</word>
<word id="word_2492">Interesanti</word>
<word id="word_2493">sastapt</word>
<word id="word_2494">Saikavas</word>
<word id="word_2495">pagasta</word>
<word id="word_2496">gudruli</word>
<word id="word_2497">Jāņu</word>
<word id="word_2498">Jāni</word>
<word id="word_2499">,</word>
<word id="word_2500">kas</word>
<word id="word_2501">zin</word>
<word id="word_2502">daudz</word>
<word id="word_2503">stāstīt</word>
<word id="word_2504">par</word>
<word id="word_2505">veciem</word>
<word id="word_2506">laikiem</word>
<word id="word_2507">un</word>
<word id="word_2508">savām</word>
<word id="word_2509">dēkām</word>
<word id="word_2510">.</word>
<word id="word_2511">Starp</word>
<word id="word_2512">citu</word>
<word id="word_2513">viņš</word>
<word id="word_2514">minēts</word>
<word id="word_2515">arī</word>
<word id="word_2516">J</word>
<word id="word_2517">Ezeriņa</word>
<word id="word_2518">Viņš</word>
<word id="word_2519">esot</word>
<word id="word_2520">izgudrojis</word>
<word id="word_2521">ūdens</word>
<word id="word_2522">velosipēdu</word>
<word id="word_2523">un</word>
<word id="word_2524">cūku</word>
<word id="word_2525">ganāmo</word>
<word id="word_2526">mašīnu</word>
<word id="word_2527">t</word>
<word id="word_2528">.</word>
<word id="word_2529">i</word>
<word id="word_2530">.</word>
<word id="word_2531">pārvietojamu</word>
<word id="word_2532">aploku</word>
<word id="word_2533">,</word>
<word id="word_2534">ko</word>
<word id="word_2535">pielietojot</word>
<word id="word_2536">.</word>
<word id="word_2537">Aiz</word>
<word id="word_2538">Saikavas</word>
<word id="word_2539">jau</word>
<word id="word_2540">jūtams</word>
<word id="word_2541">Latgales</word>
<word id="word_2542">iespaids</word>
<word id="word_2543">,</word>
<word id="word_2544">Ceļu</word>
<word id="word_2545">krustos</word>
<word id="word_2546">krucifiksi</word>
<word id="word_2547">un</word>
<word id="word_2548">svētbildes</word>
<word id="word_2549">.</word>
<word id="word_2550">Arī</word>
<word id="word_2551">ēkas</word>
<word id="word_2552">savādākas</word>
<word id="word_2553">Mežā</word>
<word id="word_2554">,</word>
<word id="word_2555">ceļa</word>
<word id="word_2556">malā</word>
<word id="word_2557">starp</word>
<word id="word_2558">Kamatauskām</word>
<word id="word_2559">un</word>
<word id="word_2560">Jaunsaikavas</word>
<word id="word_2561">piemiņas</word>
<word id="word_2562">akmens</word>
<word id="word_2563">kādam</word>
<word id="word_2564">noslepkavotam</word>
<word id="word_2565">ādu</word>
<word id="word_2566">lirgotājam</word>
<word id="word_2567">.</word>
<word id="word_2568">Vecsaikavā</word>
<word id="word_2569">izceļas</word>
<word id="word_2570">parks</word>
<word id="word_2571">,</word>
<word id="word_2572">kas</word>
<word id="word_2573">šinī</word>
<word id="word_2574">1L</word>
<word id="word_2575">dzenumā</word>
<word id="word_2576">ir</word>
<word id="word_2577">skaistākā</word>
<word id="word_2578">vieta</word>
<word id="word_2579">.</word>
<word id="word_2580">Uz</word>
<word id="word_2581">dienvidiem</word>
<word id="word_2582">no</word>
<word id="word_2583">Saikavas</word>
<word id="word_2584">Aiviekstas</word>
<word id="word_2585">krastos</word>
<word id="word_2586">guļ</word>
<word id="word_2587">Ļaudonas</word>
<word id="word_2588">miests</word>
<word id="word_2589">.</word>
<word id="word_2590">Te</word>
<word id="word_2591">ir</word>
<word id="word_2592">vietējais</word>
<word id="word_2593">administratī</word>
<word id="word_2594">&amp;</word>
<word id="word_2595">11</word>
<word id="word_2596">Jt</word>
<word id="word_2597">i</word>
<word id="word_2598">*</word>
<word id="word_2599">*</word>
<word id="word_2600">*</word>
<word id="word_2601">*</word>
<word id="word_2602">*</word>
<word id="word_2603">19</word>
<word id="word_2604">vais</word>
<word id="word_2605">centrs</word>
<word id="word_2606">.</word>
<word id="word_2607">Ir</word>
<word id="word_2608">arī</word>
<word id="word_2609">parks</word>
<word id="word_2610">,</word>
<word id="word_2611">peldētava</word>
<word id="word_2612">un</word>
<word id="word_2613">dzelzs</word>
<word id="word_2614">tilts</word>
<word id="word_2615">.</word>
<word id="word_2616">Veca</word>
<word id="word_2617">stila</word>
<word id="word_2618">baznīca</word>
<word id="word_2619">.</word>
<word id="word_2620">Jaunkalsnavā</word>
<word id="word_2621">ievērojams</word>
<word id="word_2622">ir</word>
<word id="word_2623">Madonas</word>
<word id="word_2624">raidītājs</word>
<word id="word_2625">,</word>
<word id="word_2626">kura</word>
<word id="word_2627">masti</word>
<word id="word_2628">pa</word>
<word id="word_2629">gabalu</word>
<word id="word_2630">izceļas</word>
<word id="word_2631">meža</word>
<word id="word_2632">vidū</word>
<word id="word_2633">.</word>
<word id="word_2634">Ari</word>
<word id="word_2635">garāmbraucot</word>
<word id="word_2636">tie</word>
<word id="word_2637">redzami</word>
<word id="word_2638">no</word>
<word id="word_2639">dzelzceļa</word>
<word id="word_2640">.</word>
<word id="word_2641">Raidītājs</word>
<word id="word_2642">atrodas</word>
<word id="word_2643">uz</word>
<word id="word_2644">Latgales</word>
<word id="word_2645">robežas</word>
<word id="word_2646">pie</word>
<word id="word_2647">Aiviekstes</word>
<word id="word_2648">spēkstacijas</word>
<word id="word_2649">.</word>
<word id="word_2650">Tā</word>
<word id="word_2651">ir</word>
<word id="word_2652">techniski</word>
<word id="word_2653">ļoti</word>
<word id="word_2654">pilnīga</word>
<word id="word_2655">—</word>
<word id="word_2656">lielākā</word>
<word id="word_2657">turbīna</word>
<word id="word_2658">Lātvijā</word>
<word id="word_2659">.</word>
<word id="word_2660">Veckalsnavā</word>
<word id="word_2661">ievērojama</word>
<word id="word_2662">baznīca</word>
<word id="word_2663">,</word>
<word id="word_2664">kūjai</word>
<word id="word_2665">ļoti</word>
<word id="word_2666">augsts</word>
<word id="word_2667">tornis</word>
<word id="word_2668">.</word>
<word id="word_2669">Pie</word>
<word id="word_2670">baznīcas</word>
<word id="word_2671">vecs</word>
<word id="word_2672">baronu</word>
<word id="word_2673">kaps</word>
<word id="word_2674">,</word>
<word id="word_2675">kas</word>
<word id="word_2676">redzams</word>
<word id="word_2677">pēc</word>
<word id="word_2678">vecā</word>
<word id="word_2679">pieminekļa</word>
<word id="word_2680">.</word>
<word id="word_2681">Baznīcas</word>
<word id="word_2682">lejā</word>
<word id="word_2683">guļ</word>
<word id="word_2684">ezers</word>
<word id="word_2685">,</word>
<word id="word_2686">kura</word>
<word id="word_2687">krastos</word>
<word id="word_2688">vēl</word>
<word id="word_2689">redzamas</word>
<word id="word_2690">kara</word>
<word id="word_2691">pēdas</word>
<word id="word_2692">—</word>
<word id="word_2693">tranšejas</word>
<word id="word_2694">.</word>
<word id="word_2695">Ar</word>
<word id="word_2696">to</word>
<word id="word_2697">nu</word>
<word id="word_2698">būtu</word>
<word id="word_2699">galvenos</word>
<word id="word_2700">vilcienos</word>
<word id="word_2701">izsmelts</word>
<word id="word_2702">Malonas</word>
<word id="word_2703">un</word>
<word id="word_2704">apkārtnes</word>
<word id="word_2705">ievērojamāko</word>
<word id="word_2706">,</word>
<word id="word_2707">skaistāko</word>
<word id="word_2708">vietu</word>
<word id="word_2709">pskats</word>
<word id="word_2710">.</word>
<word id="word_2711">Mēs</word>
<word id="word_2712">,</word>
<word id="word_2713">madonieši</word>
<word id="word_2714">,</word>
<word id="word_2715">gaidīsim</word>
<word id="word_2716">,</word>
<word id="word_2717">kad</word>
<word id="word_2718">Jūs</word>
<word id="word_2719">apmelēsiet</word>
<word id="word_2720">Madonu</word>
<word id="word_2721">un</word>
<word id="word_2722">iepazīstināsim</word>
<word id="word_2723">Jūs</word>
<word id="word_2724">ar</word>
<word id="word_2725">vietām</word>
<word id="word_2726">,</word>
<word id="word_2727">kas</word>
<word id="word_2728">rī</word>
<word id="word_2729">ir</word>
<word id="word_2730">skaistas</word>
<word id="word_2731">,</word>
<word id="word_2732">bet</word>
<word id="word_2733">telpu</word>
<word id="word_2734">trūkuma</word>
<word id="word_2735">dēļ</word>
<word id="word_2736">šore</word>
<word id="word_2737">z</word>
<word id="word_2738">atstājām</word>
<word id="word_2739">neminētas</word>
<word id="word_2740">.</word>
<word id="word_2741">Ar</word>
<word id="word_2742">laiku</word>
<word id="word_2743">viss</word>
<word id="word_2744">ieritēs</word>
<word id="word_2745">normālākā</word>
<word id="word_2746">.</word>
<word id="word_2747">ultnē</word>
<word id="word_2748">un</word>
<word id="word_2749">arī</word>
<word id="word_2750">šis</word>
<word id="word_2751">prospekts</word>
<word id="word_2752">izveidosies</word>
<word id="word_2753">pilnīgi</word>
<word id="word_2754">.</word>
<word id="word_2755">Uz</word>
<word id="word_2756">redzēšanos</word>
<word id="word_2757">Madonā</word>
<word id="word_2758">!</word>
<word id="word_2759">•</word>
<word id="word_2760">•</word>
<word id="word_2761">—</word>
<word id="word_2762">—</word>
<word id="word_2763">—</word>
<word id="word_2764">aaaaoonaana</word>
<word id="word_2765">»</word>
<word id="word_2766">«</word>
<word id="word_2767">MMMB</word>
<word id="word_2768">&gt;</word>
<word id="word_2769">«</word>
<word id="word_2770">a</word>
<word id="word_2771">_</word>
<word id="word_2772">»</word>
<word id="word_2773">_</word>
<word id="word_2774">au</word>
<word id="word_2775">—</word>
<word id="word_2776">mmmm-m</word>
<word id="word_2777">—</word>
<word id="word_2778">mmm</word>
<word id="word_2779">I</word>
<word id="word_2780">Modernākā</word>
<word id="word_2781">dāmu</word>
<word id="word_2782">un</word>
<word id="word_2783">kungu</word>
<word id="word_2784">j</word>
<word id="word_2785">frizētava</word>
<word id="word_2786">E.</word>
<word id="word_2787">Rocis</word>
<word id="word_2788">,</word>
<word id="word_2789">Madonā</word>
<word id="word_2790">Rīgas</word>
<word id="word_2791">bulv.</word>
<word id="word_2792">15</word>
<word id="word_2793">Maiznīca</word>
<word id="word_2794">konditoreja</word>
<word id="word_2795">K.</word>
<word id="word_2796">Jaunrubenis</word>
<word id="word_2797">Madona</word>
<word id="word_2798">,</word>
<word id="word_2799">Rīgas</word>
<word id="word_2800">bulv.</word>
<word id="word_2801">11.</word>
<word id="word_2802">Tāļr</word>
<word id="word_2803">.</word>
<word id="word_2804">47</word>
<word id="word_2805">Vecākā</word>
<word id="word_2806">velosipēdu</word>
<word id="word_2807">tirgotava</word>
<word id="word_2808">rin</word>
<word id="word_2809">izlabošanas</word>
<word id="word_2810">darbnīca</word>
<word id="word_2811">Madonā</word>
<word id="word_2812">,</word>
<word id="word_2813">Baložu</word>
<word id="word_2814">iela</word>
<word id="word_2815">4</word>
<word id="word_2816">,</word>
<word id="word_2817">P.</word>
<word id="word_2818">Rigerts</word>
<word id="word_2819">.</word>
<word id="word_2820">Jaunā</word>
<word id="word_2821">mechaniskā</word>
<word id="word_2822">darbnica</word>
<word id="word_2823">:</word>
<word id="word_2824">visiem</word>
<word id="word_2825">parocīgi</word>
<word id="word_2826">,</word>
<word id="word_2827">pie</word>
<word id="word_2828">bencīna</word>
<word id="word_2829">tanka</word>
<word id="word_2830">,</word>
<word id="word_2831">Rīgas</word>
<word id="word_2832">bulv.</word>
<word id="word_2833">9</word>
<word id="word_2834">(</word>
<word id="word_2835">sētā</word>
<word id="word_2836">)</word>
<word id="word_2837">J.</word>
<word id="word_2838">Ķirsons</word>
<word id="word_2839">.</word>
<word id="word_2840">Gatavu</word>
<word id="word_2841">apģērbu</word>
<word id="word_2842">un</word>
<word id="word_2843">manufaktūras</word>
<word id="word_2844">tirgotava</word>
<word id="word_2845">A.</word>
<word id="word_2846">BreģlS</word>
<word id="word_2847">,</word>
<word id="word_2848">Madonā</word>
<word id="word_2849">,</word>
<word id="word_2850">Rīgas</word>
<word id="word_2851">bulv</word>
<word id="word_2852">.</word>
<word id="word_2853">Rātmindera</word>
<word id="word_2854">namā</word>
<word id="word_2855">Madonā</word>
<word id="word_2856">būdami</word>
<word id="word_2857">iegriežaties</word>
<word id="word_2858">J.</word>
<word id="word_2859">Augustona</word>
<word id="word_2860">gatavu</word>
<word id="word_2861">apģērbu</word>
<word id="word_2862">,</word>
<word id="word_2863">manufaktūras</word>
<word id="word_2864">un</word>
<word id="word_2865">modes</word>
<word id="word_2866">preču</word>
<word id="word_2867">tirgotavā</word>
<word id="word_2868">,</word>
<word id="word_2869">Madonā</word>
<word id="word_2870">,</word>
<word id="word_2871">Rīgas</word>
<word id="word_2872">bulv.</word>
<word id="word_2873">19</word>
<word id="word_2874">(</word>
<word id="word_2875">pie</word>
<word id="word_2876">pasta</word>
<word id="word_2877">)</word>
<word id="word_2878">.</word>
<word id="word_2879">Dažādu</word>
<word id="word_2880">precu</word>
<word id="word_2881">tirgotava</word>
<word id="word_2882">J.</word>
<word id="word_2883">Kacins</word>
<word id="word_2884">Madona</word>
<word id="word_2885">,</word>
<word id="word_2886">Rīgas</word>
<word id="word_2887">bulv.</word>
<word id="word_2888">6</word>
<word id="word_2889">-</word>
<word id="word_2890">a</word>
<word id="word_2891">Dažādu</word>
<word id="word_2892">preču</word>
<word id="word_2893">tirgotava</word>
<word id="word_2894">N.</word>
<word id="word_2895">Bands</word>
<word id="word_2896">Madona</word>
<word id="word_2897">,</word>
<word id="word_2898">Rīgas</word>
<word id="word_2899">bulv.</word>
<word id="word_2900">4.</word>
<word id="word_2901">:</word>
<word id="word_2902">&apos;</word>
<word id="word_2903">.</word>
<word id="word_2904">Viss</word>
<word id="word_2905">vajadzīgais</word>
<word id="word_2906">dabūjams</word>
<word id="word_2907">J.</word>
<word id="word_2908">BANDA</word>
<word id="word_2909">dažādu</word>
<word id="word_2910">preču</word>
<word id="word_2911">tirgotavā</word>
<word id="word_2912">Madonā</word>
<word id="word_2913">,</word>
<word id="word_2914">Rīgas</word>
<word id="word_2915">bulv.</word>
<word id="word_2916">3</word>
<word id="word_2917">.</word>
<word id="word_2918">Modes</word>
<word id="word_2919">preču</word>
<word id="word_2920">tirgotava</word>
<word id="word_2921">K.</word>
<word id="word_2922">TŪCIS</word>
<word id="word_2923">,</word>
<word id="word_2924">Madonā</word>
<word id="word_2925">,</word>
<word id="word_2926">Rīgas</word>
<word id="word_2927">bulv.</word>
<word id="word_2928">11</word>
<word id="word_2929">.</word>
<word id="word_2930">Grāmatu</word>
<word id="word_2931">spiestuve</word>
<word id="word_2932">un</word>
<word id="word_2933">sietuve</word>
<word id="word_2934">,</word>
<word id="word_2935">,</word>
<word id="word_2936">KONKURENTS</word>
<word id="word_2937">&quot;</word>
<word id="word_2938">Madonā</word>
<word id="word_2939">,</word>
<word id="word_2940">Blaumaņa</word>
<word id="word_2941">Ielā</word>
<word id="word_2942">Ne</word>
<word id="word_2943">6</word>
<word id="word_2944">.</word>
</words>