<?xml version="1.0" encoding="UTF-8"?>
<!DOCTYPE markables SYSTEM "markables.dtd">
<markables xmlns="www.eml.org/NameSpaces/coref">
<markable id="markable_1" span="word_1..word_3" coref_class="empty" category="product" mmax_level="coref"  rule="none"  type="none"/>
<markable id="markable_2" span="word_4" coref_class="empty" category="time" mmax_level="coref"  rule="none"  type="none"/>
<markable id="markable_3" span="word_6..word_12" coref_class="empty" category="organization" mmax_level="coref"  rule="none"  type="none"/>
<markable id="markable_4" span="word_17" coref_class="empty" category="organization" mmax_level="coref"  rule="none"  type="none"/>
<markable id="markable_5" span="word_19" coref_class="empty" category="location" mmax_level="coref"  rule="none"  type="none"/>
<markable id="markable_6" span="word_21" coref_class="empty" category="person" mmax_level="coref"  rule="none"  type="none"/>
<markable id="markable_7" span="word_68" coref_class="empty" category="location" mmax_level="coref"  rule="none"  type="none"/>
<markable id="markable_8" span="word_82" coref_class="empty" category="location" mmax_level="coref"  rule="none"  type="none"/>
<markable id="markable_9" span="word_93" coref_class="empty" category="location" mmax_level="coref"  rule="none"  type="none"/>
<markable id="markable_10" span="word_97" coref_class="empty" category="location" mmax_level="coref"  rule="none"  type="none"/>
<markable id="markable_11" span="word_108" coref_class="empty" category="location" mmax_level="coref"  rule="none"  type="none"/>
<markable id="markable_12" span="word_147" coref_class="empty" category="location" mmax_level="coref"  rule="none"  type="none"/>
<markable id="markable_13" span="word_157" coref_class="empty" category="location" mmax_level="coref"  rule="none"  type="none"/>
<markable id="markable_14" span="word_159" coref_class="empty" category="location" mmax_level="coref"  rule="none"  type="none"/>
<markable id="markable_15" span="word_161" coref_class="empty" category="location" mmax_level="coref"  rule="none"  type="none"/>
<markable id="markable_16" span="word_170" coref_class="empty" category="location" mmax_level="coref"  rule="none"  type="none"/>
<markable id="markable_17" span="word_197" coref_class="empty" category="location" mmax_level="coref"  rule="none"  type="none"/>
<markable id="markable_18" span="word_199" coref_class="empty" category="location" mmax_level="coref"  rule="none"  type="none"/>
<markable id="markable_19" span="word_201" coref_class="empty" category="location" mmax_level="coref"  rule="none"  type="none"/>
<markable id="markable_20" span="word_203" coref_class="empty" category="location" mmax_level="coref"  rule="none"  type="none"/>
<markable id="markable_21" span="word_212" coref_class="empty" category="location" mmax_level="coref"  rule="none"  type="none"/>
<markable id="markable_22" span="word_232" coref_class="empty" category="location" mmax_level="coref"  rule="none"  type="none"/>
<markable id="markable_23" span="word_309" coref_class="empty" category="location" mmax_level="coref"  rule="none"  type="none"/>
<markable id="markable_24" span="word_317" coref_class="empty" category="location" mmax_level="coref"  rule="none"  type="none"/>
<markable id="markable_25" span="word_322..word_323" coref_class="empty" category="sum" mmax_level="coref"  rule="none"  type="none"/>
<markable id="markable_26" span="word_325..word_327" coref_class="empty" category="sum" mmax_level="coref"  rule="none"  type="none"/>
<markable id="markable_27" span="word_333" coref_class="empty" category="location" mmax_level="coref"  rule="none"  type="none"/>
<markable id="markable_28" span="word_340" coref_class="empty" category="location" mmax_level="coref"  rule="none"  type="none"/>
<markable id="markable_29" span="word_349..word_352" coref_class="empty" category="organization" mmax_level="coref"  rule="none"  type="none"/>
<markable id="markable_30" span="word_369" coref_class="empty" category="location" mmax_level="coref"  rule="none"  type="none"/>
<markable id="markable_31" span="word_379..word_381" coref_class="empty" category="location" mmax_level="coref"  rule="none"  type="none"/>
<markable id="markable_32" span="word_394..word_395" coref_class="empty" category="location" mmax_level="coref"  rule="none"  type="none"/>
<markable id="markable_33" span="word_403..word_404" coref_class="empty" category="location" mmax_level="coref"  rule="none"  type="none"/>
<markable id="markable_34" span="word_406" coref_class="empty" category="location" mmax_level="coref"  rule="none"  type="none"/>
<markable id="markable_35" span="word_408" coref_class="empty" category="person" mmax_level="coref"  rule="none"  type="none"/>
<markable id="markable_36" span="word_431..word_432" coref_class="empty" category="person" mmax_level="coref"  rule="none"  type="none"/>
<markable id="markable_37" span="word_448" coref_class="empty" category="location" mmax_level="coref"  rule="none"  type="none"/>
<markable id="markable_38" span="word_463" coref_class="empty" category="location" mmax_level="coref"  rule="none"  type="none"/>
<markable id="markable_39" span="word_465" coref_class="empty" category="location" mmax_level="coref"  rule="none"  type="none"/>
<markable id="markable_40" span="word_547" coref_class="empty" category="location" mmax_level="coref"  rule="none"  type="none"/>
<markable id="markable_41" span="word_563" coref_class="empty" category="location" mmax_level="coref"  rule="none"  type="none"/>
<markable id="markable_42" span="word_567" coref_class="empty" category="person" mmax_level="coref"  rule="none"  type="none"/>
<markable id="markable_43" span="word_569" coref_class="empty" category="location" mmax_level="coref"  rule="none"  type="none"/>
<markable id="markable_44" span="word_585..word_586" coref_class="empty" category="location" mmax_level="coref"  rule="none"  type="none"/>
<markable id="markable_45" span="word_591" coref_class="empty" category="person" mmax_level="coref"  rule="none"  type="none"/>
<markable id="markable_46" span="word_598" coref_class="empty" category="location" mmax_level="coref"  rule="none"  type="none"/>
<markable id="markable_47" span="word_613..word_614" coref_class="empty" category="person" mmax_level="coref"  rule="none"  type="none"/>
<markable id="markable_48" span="word_615" coref_class="empty" category="location" mmax_level="coref"  rule="none"  type="none"/>
<markable id="markable_49" span="word_617" coref_class="empty" category="location" mmax_level="coref"  rule="none"  type="none"/>
<markable id="markable_50" span="word_630" coref_class="empty" category="location" mmax_level="coref"  rule="none"  type="none"/>
<markable id="markable_51" span="word_663..word_664" coref_class="empty" category="organization" mmax_level="coref"  rule="none"  type="none"/>
<markable id="markable_52" span="word_665" coref_class="empty" category="location" mmax_level="coref"  rule="none"  type="none"/>
<markable id="markable_53" span="word_671..word_672" coref_class="empty" category="location" mmax_level="coref"  rule="none"  type="none"/>
<markable id="markable_54" span="word_673..word_674" coref_class="empty" category="profession" mmax_level="coref"  rule="none"  type="none"/>
<markable id="markable_55" span="word_676..word_677" coref_class="empty" category="location" mmax_level="coref"  rule="none"  type="none"/>
<markable id="markable_56" span="word_682" coref_class="empty" category="profession" mmax_level="coref"  rule="none"  type="none"/>
<markable id="markable_57" span="word_684" coref_class="empty" category="location" mmax_level="coref"  rule="none"  type="none"/>
<markable id="markable_58" span="word_691..word_692" coref_class="empty" category="media" mmax_level="coref"  rule="none"  type="none"/>
<markable id="markable_59" span="word_705..word_707" coref_class="empty" category="location" mmax_level="coref"  rule="none"  type="none"/>
<markable id="markable_60" span="word_710" coref_class="empty" category="location" mmax_level="coref"  rule="none"  type="none"/>
<markable id="markable_61" span="word_729..word_733" coref_class="empty" category="organization" mmax_level="coref"  rule="none"  type="none"/>
<markable id="markable_62" span="word_735..word_741" coref_class="empty" category="organization" mmax_level="coref"  rule="none"  type="none"/>
<markable id="markable_63" span="word_746" coref_class="empty" category="location" mmax_level="coref"  rule="none"  type="none"/>
<markable id="markable_64" span="word_828" coref_class="empty" category="location" mmax_level="coref"  rule="none"  type="none"/>
<markable id="markable_65" span="word_849..word_850" coref_class="empty" category="location" mmax_level="coref"  rule="none"  type="none"/>
<markable id="markable_66" span="word_854" coref_class="empty" category="person" mmax_level="coref"  rule="none"  type="none"/>
<markable id="markable_67" span="word_877..word_878" coref_class="empty" category="location" mmax_level="coref"  rule="none"  type="none"/>
<markable id="markable_68" span="word_884..word_885" coref_class="empty" category="location" mmax_level="coref"  rule="none"  type="none"/>
<markable id="markable_69" span="word_897..word_898" coref_class="empty" category="location" mmax_level="coref"  rule="none"  type="none"/>
<markable id="markable_70" span="word_915" coref_class="empty" category="location" mmax_level="coref"  rule="none"  type="none"/>
<markable id="markable_71" span="word_942..word_945" coref_class="empty" category="organization" mmax_level="coref"  rule="none"  type="none"/>
<markable id="markable_72" span="word_946..word_947" coref_class="empty" category="person" mmax_level="coref"  rule="none"  type="none"/>
<markable id="markable_73" span="word_948" coref_class="empty" category="location" mmax_level="coref"  rule="none"  type="none"/>
<markable id="markable_74" span="word_950" coref_class="empty" category="location" mmax_level="coref"  rule="none"  type="none"/>
<markable id="markable_75" span="word_958..word_959" coref_class="empty" category="location" mmax_level="coref"  rule="none"  type="none"/>
<markable id="markable_76" span="word_981" coref_class="empty" category="location" mmax_level="coref"  rule="none"  type="none"/>
<markable id="markable_77" span="word_984" coref_class="empty" category="location" mmax_level="coref"  rule="none"  type="none"/>
<markable id="markable_78" span="word_986..word_987" coref_class="empty" category="location" mmax_level="coref"  rule="none"  type="none"/>
<markable id="markable_79" span="word_1035" coref_class="empty" category="location" mmax_level="coref"  rule="none"  type="none"/>
<markable id="markable_80" span="word_1081" coref_class="empty" category="location" mmax_level="coref"  rule="none"  type="none"/>
<markable id="markable_81" span="word_1083..word_1084" coref_class="empty" category="location" mmax_level="coref"  rule="none"  type="none"/>
<markable id="markable_82" span="word_1087..word_1088" coref_class="empty" category="location" mmax_level="coref"  rule="none"  type="none"/>
<markable id="markable_83" span="word_1104" coref_class="empty" category="location" mmax_level="coref"  rule="none"  type="none"/>
<markable id="markable_84" span="word_1110..word_1111" coref_class="empty" category="location" mmax_level="coref"  rule="none"  type="none"/>
<markable id="markable_85" span="word_1115..word_1116" coref_class="empty" category="location" mmax_level="coref"  rule="none"  type="none"/>
<markable id="markable_86" span="word_1127..word_1128" coref_class="empty" category="location" mmax_level="coref"  rule="none"  type="none"/>
<markable id="markable_87" span="word_1134..word_1135" coref_class="empty" category="location" mmax_level="coref"  rule="none"  type="none"/>
<markable id="markable_88" span="word_1148..word_1149" coref_class="empty" category="location" mmax_level="coref"  rule="none"  type="none"/>
<markable id="markable_89" span="word_1152..word_1153" coref_class="empty" category="location" mmax_level="coref"  rule="none"  type="none"/>
<markable id="markable_90" span="word_1181" coref_class="empty" category="location" mmax_level="coref"  rule="none"  type="none"/>
<markable id="markable_91" span="word_1192" coref_class="empty" category="profession" mmax_level="coref"  rule="none"  type="none"/>
<markable id="markable_92" span="word_1195" coref_class="empty" category="location" mmax_level="coref"  rule="none"  type="none"/>
<markable id="markable_93" span="word_1204..word_1205" coref_class="empty" category="person" mmax_level="coref"  rule="none"  type="none"/>
<markable id="markable_94" span="word_1206" coref_class="empty" category="location" mmax_level="coref"  rule="none"  type="none"/>
<markable id="markable_95" span="word_1239" coref_class="empty" category="location" mmax_level="coref"  rule="none"  type="none"/>
<markable id="markable_96" span="word_1246..word_1247" coref_class="empty" category="location" mmax_level="coref"  rule="none"  type="none"/>
<markable id="markable_97" span="word_1255" coref_class="empty" category="location" mmax_level="coref"  rule="none"  type="none"/>
<markable id="markable_98" span="word_1263" coref_class="empty" category="location" mmax_level="coref"  rule="none"  type="none"/>
<markable id="markable_99" span="word_1268" coref_class="empty" category="location" mmax_level="coref"  rule="none"  type="none"/>
<markable id="markable_100" span="word_1270..word_1271" coref_class="empty" category="location" mmax_level="coref"  rule="none"  type="none"/>
<markable id="markable_101" span="word_1292..word_1294" coref_class="empty" category="location" mmax_level="coref"  rule="none"  type="none"/>
<markable id="markable_102" span="word_1300" coref_class="empty" category="location" mmax_level="coref"  rule="none"  type="none"/>
<markable id="markable_103" span="word_1309" coref_class="empty" category="location" mmax_level="coref"  rule="none"  type="none"/>
<markable id="markable_104" span="word_1315" coref_class="empty" category="location" mmax_level="coref"  rule="none"  type="none"/>
<markable id="markable_105" span="word_1317" coref_class="empty" category="location" mmax_level="coref"  rule="none"  type="none"/>
<markable id="markable_106" span="word_1340" coref_class="empty" category="location" mmax_level="coref"  rule="none"  type="none"/>
<markable id="markable_107" span="word_1342" coref_class="empty" category="location" mmax_level="coref"  rule="none"  type="none"/>
<markable id="markable_108" span="word_1360..word_1361" coref_class="empty" category="location" mmax_level="coref"  rule="none"  type="none"/>
<markable id="markable_109" span="word_1375" coref_class="empty" category="location" mmax_level="coref"  rule="none"  type="none"/>
<markable id="markable_110" span="word_1380..word_1381" coref_class="empty" category="location" mmax_level="coref"  rule="none"  type="none"/>
<markable id="markable_111" span="word_1383" coref_class="empty" category="location" mmax_level="coref"  rule="none"  type="none"/>
<markable id="markable_112" span="word_1392..word_1393" coref_class="empty" category="location" mmax_level="coref"  rule="none"  type="none"/>
<markable id="markable_113" span="word_1417..word_1418" coref_class="empty" category="location" mmax_level="coref"  rule="none"  type="none"/>
<markable id="markable_114" span="word_1423" coref_class="empty" category="location" mmax_level="coref"  rule="none"  type="none"/>
<markable id="markable_115" span="word_1425" coref_class="empty" category="location" mmax_level="coref"  rule="none"  type="none"/>
<markable id="markable_116" span="word_1450" coref_class="empty" category="location" mmax_level="coref"  rule="none"  type="none"/>
<markable id="markable_117" span="word_1454..word_1455" coref_class="empty" category="location" mmax_level="coref"  rule="none"  type="none"/>
<markable id="markable_118" span="word_1470" coref_class="empty" category="location" mmax_level="coref"  rule="none"  type="none"/>
<markable id="markable_119" span="word_1478" coref_class="empty" category="location" mmax_level="coref"  rule="none"  type="none"/>
<markable id="markable_120" span="word_1480..word_1481" coref_class="empty" category="location" mmax_level="coref"  rule="none"  type="none"/>
<markable id="markable_121" span="word_1500" coref_class="empty" category="location" mmax_level="coref"  rule="none"  type="none"/>
<markable id="markable_122" span="word_1512" coref_class="empty" category="location" mmax_level="coref"  rule="none"  type="none"/>
<markable id="markable_123" span="word_1521" coref_class="empty" category="location" mmax_level="coref"  rule="none"  type="none"/>
<markable id="markable_124" span="word_1526" coref_class="empty" category="location" mmax_level="coref"  rule="none"  type="none"/>
<markable id="markable_125" span="word_1534..word_1535" coref_class="empty" category="location" mmax_level="coref"  rule="none"  type="none"/>
<markable id="markable_126" span="word_1558..word_1559" coref_class="empty" category="location" mmax_level="coref"  rule="none"  type="none"/>
<markable id="markable_127" span="word_1596" coref_class="empty" category="location" mmax_level="coref"  rule="none"  type="none"/>
<markable id="markable_128" span="word_1601..word_1603" coref_class="empty" category="person" mmax_level="coref"  rule="none"  type="none"/>
<markable id="markable_129" span="word_1605..word_1607" coref_class="empty" category="person" mmax_level="coref"  rule="none"  type="none"/>
<markable id="markable_130" span="word_1608" coref_class="empty" category="location" mmax_level="coref"  rule="none"  type="none"/>
<markable id="markable_131" span="word_1610" coref_class="empty" category="location" mmax_level="coref"  rule="none"  type="none"/>
<markable id="markable_132" span="word_1613..word_1616" coref_class="empty" category="organization" mmax_level="coref"  rule="none"  type="none"/>
<markable id="markable_133" span="word_1620" coref_class="empty" category="location" mmax_level="coref"  rule="none"  type="none"/>
<markable id="markable_134" span="word_1622..word_1623" coref_class="empty" category="location" mmax_level="coref"  rule="none"  type="none"/>
<markable id="markable_135" span="word_1637" coref_class="empty" category="location" mmax_level="coref"  rule="none"  type="none"/>
<markable id="markable_136" span="word_1654..word_1655" coref_class="empty" category="location" mmax_level="coref"  rule="none"  type="none"/>
<markable id="markable_137" span="word_1657" coref_class="empty" category="location" mmax_level="coref"  rule="none"  type="none"/>
<markable id="markable_138" span="word_1668" coref_class="empty" category="location" mmax_level="coref"  rule="none"  type="none"/>
<markable id="markable_139" span="word_1675" coref_class="empty" category="location" mmax_level="coref"  rule="none"  type="none"/>
<markable id="markable_140" span="word_1677" coref_class="empty" category="location" mmax_level="coref"  rule="none"  type="none"/>
<markable id="markable_141" span="word_1688" coref_class="empty" category="location" mmax_level="coref"  rule="none"  type="none"/>
<markable id="markable_142" span="word_1701" coref_class="empty" category="location" mmax_level="coref"  rule="none"  type="none"/>
<markable id="markable_143" span="word_1703" coref_class="empty" category="location" mmax_level="coref"  rule="none"  type="none"/>
<markable id="markable_144" span="word_1729" coref_class="empty" category="location" mmax_level="coref"  rule="none"  type="none"/>
<markable id="markable_145" span="word_1740" coref_class="empty" category="location" mmax_level="coref"  rule="none"  type="none"/>
<markable id="markable_146" span="word_1751" coref_class="empty" category="location" mmax_level="coref"  rule="none"  type="none"/>
<markable id="markable_147" span="word_1769" coref_class="empty" category="location" mmax_level="coref"  rule="none"  type="none"/>
<markable id="markable_148" span="word_1788..word_1789" coref_class="empty" category="profession" mmax_level="coref"  rule="none"  type="none"/>
<markable id="markable_149" span="word_1790..word_1791" coref_class="empty" category="person" mmax_level="coref"  rule="none"  type="none"/>
<markable id="markable_150" span="word_1806" coref_class="empty" category="location" mmax_level="coref"  rule="none"  type="none"/>
<markable id="markable_151" span="word_1809..word_1810" coref_class="empty" category="location" mmax_level="coref"  rule="none"  type="none"/>
<markable id="markable_152" span="word_1834..word_1838" coref_class="empty" category="person" mmax_level="coref"  rule="none"  type="none"/>
<markable id="markable_153" span="word_1843" coref_class="empty" category="location" mmax_level="coref"  rule="none"  type="none"/>
<markable id="markable_154" span="word_1845" coref_class="empty" category="location" mmax_level="coref"  rule="none"  type="none"/>
<markable id="markable_155" span="word_1847..word_1848" coref_class="empty" category="location" mmax_level="coref"  rule="none"  type="none"/>
<markable id="markable_156" span="word_1856" coref_class="empty" category="location" mmax_level="coref"  rule="none"  type="none"/>
<markable id="markable_157" span="word_1864" coref_class="empty" category="location" mmax_level="coref"  rule="none"  type="none"/>
<markable id="markable_158" span="word_1866..word_1870" coref_class="empty" category="organization" mmax_level="coref"  rule="none"  type="none"/>
<markable id="markable_159" span="word_1881" coref_class="empty" category="location" mmax_level="coref"  rule="none"  type="none"/>
<markable id="markable_160" span="word_1901" coref_class="empty" category="location" mmax_level="coref"  rule="none"  type="none"/>
<markable id="markable_161" span="word_1915..word_1919" coref_class="empty" category="location" mmax_level="coref"  rule="none"  type="none"/>
<markable id="markable_162" span="word_1929..word_1933" coref_class="empty" category="organization" mmax_level="coref"  rule="none"  type="none"/>
<markable id="markable_163" span="word_1934..word_1935" coref_class="empty" category="location" mmax_level="coref"  rule="none"  type="none"/>
<markable id="markable_164" span="word_1940..word_1941" coref_class="empty" category="location" mmax_level="coref"  rule="none"  type="none"/>
<markable id="markable_165" span="word_1952..word_1953" coref_class="empty" category="location" mmax_level="coref"  rule="none"  type="none"/>
<markable id="markable_166" span="word_1979..word_1980" coref_class="empty" category="location" mmax_level="coref"  rule="none"  type="none"/>
<markable id="markable_167" span="word_1982..word_1983" coref_class="empty" category="location" mmax_level="coref"  rule="none"  type="none"/>
<markable id="markable_168" span="word_1985" coref_class="empty" category="location" mmax_level="coref"  rule="none"  type="none"/>
<markable id="markable_169" span="word_1996..word_1997" coref_class="empty" category="location" mmax_level="coref"  rule="none"  type="none"/>
<markable id="markable_170" span="word_2016..word_2018" coref_class="empty" category="organization" mmax_level="coref"  rule="none"  type="none"/>
<markable id="markable_171" span="word_2044" coref_class="empty" category="person" mmax_level="coref"  rule="none"  type="none"/>
<markable id="markable_172" span="word_2093" coref_class="empty" category="organization" mmax_level="coref"  rule="none"  type="none"/>
<markable id="markable_173" span="word_2107..word_2108" coref_class="empty" category="location" mmax_level="coref"  rule="none"  type="none"/>
<markable id="markable_174" span="word_2116..word_2117" coref_class="empty" category="location" mmax_level="coref"  rule="none"  type="none"/>
<markable id="markable_175" span="word_2122..word_2123" coref_class="empty" category="location" mmax_level="coref"  rule="none"  type="none"/>
<markable id="markable_176" span="word_2128..word_2129" coref_class="empty" category="location" mmax_level="coref"  rule="none"  type="none"/>
<markable id="markable_177" span="word_2132..word_2133" coref_class="empty" category="location" mmax_level="coref"  rule="none"  type="none"/>
<markable id="markable_178" span="word_2153" coref_class="empty" category="location" mmax_level="coref"  rule="none"  type="none"/>
<markable id="markable_179" span="word_2155" coref_class="empty" category="location" mmax_level="coref"  rule="none"  type="none"/>
<markable id="markable_180" span="word_2159..word_2160" coref_class="empty" category="organization" mmax_level="coref"  rule="none"  type="none"/>
<markable id="markable_181" span="word_2165..word_2170" coref_class="empty" category="organization" mmax_level="coref"  rule="none"  type="none"/>
<markable id="markable_182" span="word_2171" coref_class="empty" category="location" mmax_level="coref"  rule="none"  type="none"/>
<markable id="markable_183" span="word_2182..word_2183" coref_class="empty" category="location" mmax_level="coref"  rule="none"  type="none"/>
<markable id="markable_184" span="word_2186" coref_class="empty" category="location" mmax_level="coref"  rule="none"  type="none"/>
<markable id="markable_185" span="word_2196" coref_class="empty" category="location" mmax_level="coref"  rule="none"  type="none"/>
<markable id="markable_186" span="word_2211..word_2212" coref_class="empty" category="location" mmax_level="coref"  rule="none"  type="none"/>
<markable id="markable_187" span="word_2216..word_2217" coref_class="empty" category="location" mmax_level="coref"  rule="none"  type="none"/>
<markable id="markable_188" span="word_2224" coref_class="empty" category="location" mmax_level="coref"  rule="none"  type="none"/>
<markable id="markable_189" span="word_2235" coref_class="empty" category="location" mmax_level="coref"  rule="none"  type="none"/>
<markable id="markable_190" span="word_2251" coref_class="empty" category="location" mmax_level="coref"  rule="none"  type="none"/>
<markable id="markable_191" span="word_2265..word_2266" coref_class="empty" category="location" mmax_level="coref"  rule="none"  type="none"/>
<markable id="markable_192" span="word_2293..word_2294" coref_class="empty" category="location" mmax_level="coref"  rule="none"  type="none"/>
<markable id="markable_193" span="word_2305..word_2306" coref_class="empty" category="location" mmax_level="coref"  rule="none"  type="none"/>
<markable id="markable_194" span="word_2325..word_2326" coref_class="empty" category="location" mmax_level="coref"  rule="none"  type="none"/>
<markable id="markable_195" span="word_2330" coref_class="empty" category="location" mmax_level="coref"  rule="none"  type="none"/>
<markable id="markable_196" span="word_2333" coref_class="empty" category="location" mmax_level="coref"  rule="none"  type="none"/>
<markable id="markable_197" span="word_2335" coref_class="empty" category="person" mmax_level="coref"  rule="none"  type="none"/>
<markable id="markable_198" span="word_2342..word_2343" coref_class="empty" category="location" mmax_level="coref"  rule="none"  type="none"/>
<markable id="markable_199" span="word_2351" coref_class="empty" category="location" mmax_level="coref"  rule="none"  type="none"/>
<markable id="markable_200" span="word_2384..word_2385" coref_class="empty" category="location" mmax_level="coref"  rule="none"  type="none"/>
<markable id="markable_201" span="word_2388" coref_class="empty" category="location" mmax_level="coref"  rule="none"  type="none"/>
<markable id="markable_202" span="word_2390" coref_class="empty" category="location" mmax_level="coref"  rule="none"  type="none"/>
<markable id="markable_203" span="word_2394" coref_class="empty" category="person" mmax_level="coref"  rule="none"  type="none"/>
<markable id="markable_204" span="word_2398..word_2400" coref_class="empty" category="location" mmax_level="coref"  rule="none"  type="none"/>
<markable id="markable_205" span="word_2421..word_2422" coref_class="empty" category="location" mmax_level="coref"  rule="none"  type="none"/>
<markable id="markable_206" span="word_2424" coref_class="empty" category="location" mmax_level="coref"  rule="none"  type="none"/>
<markable id="markable_207" span="word_2436" coref_class="empty" category="location" mmax_level="coref"  rule="none"  type="none"/>
<markable id="markable_208" span="word_2442" coref_class="empty" category="location" mmax_level="coref"  rule="none"  type="none"/>
<markable id="markable_209" span="word_2446" coref_class="empty" category="location" mmax_level="coref"  rule="none"  type="none"/>
<markable id="markable_210" span="word_2463" coref_class="empty" category="location" mmax_level="coref"  rule="none"  type="none"/>
<markable id="markable_211" span="word_2469..word_2471" coref_class="empty" category="person" mmax_level="coref"  rule="none"  type="none"/>
<markable id="markable_212" span="word_2474" coref_class="empty" category="organization" mmax_level="coref"  rule="none"  type="none"/>
<markable id="markable_213" span="word_2477" coref_class="empty" category="location" mmax_level="coref"  rule="none"  type="none"/>
<markable id="markable_214" span="word_2488" coref_class="empty" category="person" mmax_level="coref"  rule="none"  type="none"/>
<markable id="markable_215" span="word_2490..word_2491" coref_class="empty" category="location" mmax_level="coref"  rule="none"  type="none"/>
<markable id="markable_216" span="word_2494..word_2495" coref_class="empty" category="location" mmax_level="coref"  rule="none"  type="none"/>
<markable id="markable_217" span="word_2497..word_2498" coref_class="empty" category="person" mmax_level="coref"  rule="none"  type="none"/>
<markable id="markable_218" span="word_2516..word_2517" coref_class="empty" category="person" mmax_level="coref"  rule="none"  type="none"/>
<markable id="markable_219" span="word_2538" coref_class="empty" category="location" mmax_level="coref"  rule="none"  type="none"/>
<markable id="markable_220" span="word_2541" coref_class="empty" category="location" mmax_level="coref"  rule="none"  type="none"/>
<markable id="markable_221" span="word_2558" coref_class="empty" category="location" mmax_level="coref"  rule="none"  type="none"/>
<markable id="markable_222" span="word_2560" coref_class="empty" category="location" mmax_level="coref"  rule="none"  type="none"/>
<markable id="markable_223" span="word_2568" coref_class="empty" category="location" mmax_level="coref"  rule="none"  type="none"/>
<markable id="markable_224" span="word_2583..word_2584" coref_class="empty" category="location" mmax_level="coref"  rule="none"  type="none"/>
<markable id="markable_225" span="word_2587" coref_class="empty" category="location" mmax_level="coref"  rule="none"  type="none"/>
<markable id="markable_226" span="word_2620" coref_class="empty" category="location" mmax_level="coref"  rule="none"  type="none"/>
<markable id="markable_227" span="word_2623" coref_class="empty" category="location" mmax_level="coref"  rule="none"  type="none"/>
<markable id="markable_228" span="word_2644" coref_class="empty" category="location" mmax_level="coref"  rule="none"  type="none"/>
<markable id="markable_229" span="word_2647..word_2648" coref_class="empty" category="organization" mmax_level="coref"  rule="none"  type="none"/>
<markable id="markable_230" span="word_2658" coref_class="empty" category="location" mmax_level="coref"  rule="none"  type="none"/>
<markable id="markable_231" span="word_2660" coref_class="empty" category="location" mmax_level="coref"  rule="none"  type="none"/>
<markable id="markable_232" span="word_2702" coref_class="empty" category="location" mmax_level="coref"  rule="none"  type="none"/>
<markable id="markable_233" span="word_2720" coref_class="empty" category="location" mmax_level="coref"  rule="none"  type="none"/>
<markable id="markable_234" span="word_2757" coref_class="empty" category="location" mmax_level="coref"  rule="none"  type="none"/>
<markable id="markable_235" span="word_2786..word_2787" coref_class="empty" category="person" mmax_level="coref"  rule="none"  type="none"/>
<markable id="markable_236" span="word_2789..word_2790" coref_class="empty" category="location" mmax_level="coref"  rule="none"  type="none"/>
<markable id="markable_237" span="word_2795..word_2796" coref_class="empty" category="person" mmax_level="coref"  rule="none"  type="none"/>
<markable id="markable_238" span="word_2797" coref_class="empty" category="location" mmax_level="coref"  rule="none"  type="none"/>
<markable id="markable_239" span="word_2799" coref_class="empty" category="location" mmax_level="coref"  rule="none"  type="none"/>
<markable id="markable_240" span="word_2804" coref_class="empty" category="location" mmax_level="coref"  rule="none"  type="none"/>
<markable id="markable_241" span="word_2811" coref_class="empty" category="location" mmax_level="coref"  rule="none"  type="none"/>
<markable id="markable_242" span="word_2817..word_2818" coref_class="empty" category="person" mmax_level="coref"  rule="none"  type="none"/>
<markable id="markable_243" span="word_2831" coref_class="empty" category="location" mmax_level="coref"  rule="none"  type="none"/>
<markable id="markable_244" span="word_2837..word_2838" coref_class="empty" category="person" mmax_level="coref"  rule="none"  type="none"/>
<markable id="markable_245" span="word_2845..word_2846" coref_class="empty" category="person" mmax_level="coref"  rule="none"  type="none"/>
<markable id="markable_246" span="word_2848" coref_class="empty" category="location" mmax_level="coref"  rule="none"  type="none"/>
<markable id="markable_247" span="word_2850" coref_class="empty" category="location" mmax_level="coref"  rule="none"  type="none"/>
<markable id="markable_248" span="word_2853..word_2855" coref_class="empty" category="location" mmax_level="coref"  rule="none"  type="none"/>
<markable id="markable_249" span="word_2858..word_2859" coref_class="empty" category="person" mmax_level="coref"  rule="none"  type="none"/>
<markable id="markable_250" span="word_2869" coref_class="empty" category="location" mmax_level="coref"  rule="none"  type="none"/>
<markable id="markable_251" span="word_2871" coref_class="empty" category="location" mmax_level="coref"  rule="none"  type="none"/>
<markable id="markable_252" span="word_2882..word_2883" coref_class="empty" category="person" mmax_level="coref"  rule="none"  type="none"/>
<markable id="markable_253" span="word_2884" coref_class="empty" category="location" mmax_level="coref"  rule="none"  type="none"/>
<markable id="markable_254" span="word_2886" coref_class="empty" category="location" mmax_level="coref"  rule="none"  type="none"/>
<markable id="markable_255" span="word_2894..word_2895" coref_class="empty" category="person" mmax_level="coref"  rule="none"  type="none"/>
<markable id="markable_256" span="word_2896" coref_class="empty" category="location" mmax_level="coref"  rule="none"  type="none"/>
<markable id="markable_257" span="word_2898" coref_class="empty" category="location" mmax_level="coref"  rule="none"  type="none"/>
<markable id="markable_258" span="word_2907..word_2908" coref_class="empty" category="person" mmax_level="coref"  rule="none"  type="none"/>
<markable id="markable_259" span="word_2912" coref_class="empty" category="location" mmax_level="coref"  rule="none"  type="none"/>
<markable id="markable_260" span="word_2914" coref_class="empty" category="location" mmax_level="coref"  rule="none"  type="none"/>
<markable id="markable_261" span="word_2921..word_2922" coref_class="empty" category="person" mmax_level="coref"  rule="none"  type="none"/>
<markable id="markable_262" span="word_2924" coref_class="empty" category="location" mmax_level="coref"  rule="none"  type="none"/>
<markable id="markable_263" span="word_2926" coref_class="empty" category="location" mmax_level="coref"  rule="none"  type="none"/>
<markable id="markable_264" span="word_2936" coref_class="empty" category="organization" mmax_level="coref"  rule="none"  type="none"/>
<markable id="markable_265" span="word_2938" coref_class="empty" category="location" mmax_level="coref"  rule="none"  type="none"/>
<markable id="markable_266" span="word_2940" coref_class="empty" category="person" mmax_level="coref"  rule="none"  type="none"/>
</markables>