<?xml version="1.0" encoding="UTF-8"?>
<!DOCTYPE markables SYSTEM "markables.dtd">
<markables xmlns="www.eml.org/NameSpaces/sentence">
<markable mmax_level="sentence" id="markable_1" span="word_1..word_3" />
<markable mmax_level="sentence" id="markable_2" span="word_4" />
<markable mmax_level="sentence" id="markable_3" span="word_5..word_12" />
<markable mmax_level="sentence" id="markable_4" span="word_13..word_16" />
<markable mmax_level="sentence" id="markable_5" span="word_17..word_23" />
<markable mmax_level="sentence" id="markable_6" span="word_24" />
<markable mmax_level="sentence" id="markable_7" span="word_25..word_29" />
<markable mmax_level="sentence" id="markable_8" span="word_30..word_48" />
<markable mmax_level="sentence" id="markable_9" span="word_49..word_62" />
<markable mmax_level="sentence" id="markable_10" span="word_63..word_88" />
<markable mmax_level="sentence" id="markable_11" span="word_89..word_113" />
<markable mmax_level="sentence" id="markable_12" span="word_114..word_123" />
<markable mmax_level="sentence" id="markable_13" span="word_124..word_140" />
<markable mmax_level="sentence" id="markable_14" span="word_141..word_148" />
<markable mmax_level="sentence" id="markable_15" span="word_149..word_150" />
<markable mmax_level="sentence" id="markable_16" span="word_151" />
<markable mmax_level="sentence" id="markable_17" span="word_152..word_156" />
<markable mmax_level="sentence" id="markable_18" span="word_157..word_158" />
<markable mmax_level="sentence" id="markable_19" span="word_159..word_163" />
<markable mmax_level="sentence" id="markable_20" span="word_164..word_173" />
<markable mmax_level="sentence" id="markable_21" span="word_174..word_191" />
<markable mmax_level="sentence" id="markable_22" span="word_192..word_204" />
<markable mmax_level="sentence" id="markable_23" span="word_205..word_213" />
<markable mmax_level="sentence" id="markable_24" span="word_214..word_225" />
<markable mmax_level="sentence" id="markable_25" span="word_226..word_237" />
<markable mmax_level="sentence" id="markable_26" span="word_238..word_243" />
<markable mmax_level="sentence" id="markable_27" span="word_244..word_245" />
<markable mmax_level="sentence" id="markable_28" span="word_246..word_256" />
<markable mmax_level="sentence" id="markable_29" span="word_257..word_271" />
<markable mmax_level="sentence" id="markable_30" span="word_272..word_291" />
<markable mmax_level="sentence" id="markable_31" span="word_292..word_293" />
<markable mmax_level="sentence" id="markable_32" span="word_294" />
<markable mmax_level="sentence" id="markable_33" span="word_295..word_302" />
<markable mmax_level="sentence" id="markable_34" span="word_303..word_311" />
<markable mmax_level="sentence" id="markable_35" span="word_312..word_328" />
<markable mmax_level="sentence" id="markable_36" span="word_329..word_335" />
<markable mmax_level="sentence" id="markable_37" span="word_336..word_342" />
<markable mmax_level="sentence" id="markable_38" span="word_343..word_354" />
<markable mmax_level="sentence" id="markable_39" span="word_355..word_366" />
<markable mmax_level="sentence" id="markable_40" span="word_367..word_382" />
<markable mmax_level="sentence" id="markable_41" span="word_383..word_391" />
<markable mmax_level="sentence" id="markable_42" span="word_392..word_397" />
<markable mmax_level="sentence" id="markable_43" span="word_398..word_401" />
<markable mmax_level="sentence" id="markable_44" span="word_402..word_419" />
<markable mmax_level="sentence" id="markable_45" span="word_420..word_424" />
<markable mmax_level="sentence" id="markable_46" span="word_425..word_427" />
<markable mmax_level="sentence" id="markable_47" span="word_428..word_430" />
<markable mmax_level="sentence" id="markable_48" span="word_431..word_434" />
<markable mmax_level="sentence" id="markable_49" span="word_435" />
<markable mmax_level="sentence" id="markable_50" span="word_436..word_444" />
<markable mmax_level="sentence" id="markable_51" span="word_445..word_459" />
<markable mmax_level="sentence" id="markable_52" span="word_460..word_476" />
<markable mmax_level="sentence" id="markable_53" span="word_477..word_510" />
<markable mmax_level="sentence" id="markable_54" span="word_511..word_519" />
<markable mmax_level="sentence" id="markable_55" span="word_520..word_524" />
<markable mmax_level="sentence" id="markable_56" span="word_525..word_545" />
<markable mmax_level="sentence" id="markable_57" span="word_546..word_558" />
<markable mmax_level="sentence" id="markable_58" span="word_559..word_566" />
<markable mmax_level="sentence" id="markable_59" span="word_567..word_579" />
<markable mmax_level="sentence" id="markable_60" span="word_580..word_605" />
<markable mmax_level="sentence" id="markable_61" span="word_606..word_607" />
<markable mmax_level="sentence" id="markable_62" span="word_608..word_626" />
<markable mmax_level="sentence" id="markable_63" span="word_627" />
<markable mmax_level="sentence" id="markable_64" span="word_628..word_631" />
<markable mmax_level="sentence" id="markable_65" span="word_632..word_644" />
<markable mmax_level="sentence" id="markable_66" span="word_645..word_652" />
<markable mmax_level="sentence" id="markable_67" span="word_653..word_683" />
<markable mmax_level="sentence" id="markable_68" span="word_684..word_704" />
<markable mmax_level="sentence" id="markable_69" span="word_705..word_742" />
<markable mmax_level="sentence" id="markable_70" span="word_743" />
<markable mmax_level="sentence" id="markable_71" span="word_744..word_745" />
<markable mmax_level="sentence" id="markable_72" span="word_746..word_790" />
<markable mmax_level="sentence" id="markable_73" span="word_791..word_820" />
<markable mmax_level="sentence" id="markable_74" span="word_821..word_829" />
<markable mmax_level="sentence" id="markable_75" span="word_830..word_857" />
<markable mmax_level="sentence" id="markable_76" span="word_858..word_866" />
<markable mmax_level="sentence" id="markable_77" span="word_867..word_872" />
<markable mmax_level="sentence" id="markable_78" span="word_873..word_886" />
<markable mmax_level="sentence" id="markable_79" span="word_887..word_908" />
<markable mmax_level="sentence" id="markable_80" span="word_909..word_918" />
<markable mmax_level="sentence" id="markable_81" span="word_919..word_927" />
<markable mmax_level="sentence" id="markable_82" span="word_928..word_930" />
<markable mmax_level="sentence" id="markable_83" span="word_931..word_941" />
<markable mmax_level="sentence" id="markable_84" span="word_942..word_953" />
<markable mmax_level="sentence" id="markable_85" span="word_954..word_956" />
<markable mmax_level="sentence" id="markable_86" span="word_957" />
<markable mmax_level="sentence" id="markable_87" span="word_958..word_971" />
<markable mmax_level="sentence" id="markable_88" span="word_972..word_978" />
<markable mmax_level="sentence" id="markable_89" span="word_979..word_988" />
<markable mmax_level="sentence" id="markable_90" span="word_989..word_1002" />
<markable mmax_level="sentence" id="markable_91" span="word_1003..word_1010" />
<markable mmax_level="sentence" id="markable_92" span="word_1011..word_1025" />
<markable mmax_level="sentence" id="markable_93" span="word_1026..word_1030" />
<markable mmax_level="sentence" id="markable_94" span="word_1031..word_1037" />
<markable mmax_level="sentence" id="markable_95" span="word_1038..word_1045" />
<markable mmax_level="sentence" id="markable_96" span="word_1046..word_1061" />
<markable mmax_level="sentence" id="markable_97" span="word_1062..word_1073" />
<markable mmax_level="sentence" id="markable_98" span="word_1074..word_1077" />
<markable mmax_level="sentence" id="markable_99" span="word_1078..word_1105" />
<markable mmax_level="sentence" id="markable_100" span="word_1106..word_1129" />
<markable mmax_level="sentence" id="markable_101" span="word_1130..word_1146" />
<markable mmax_level="sentence" id="markable_102" span="word_1147..word_1167" />
<markable mmax_level="sentence" id="markable_103" span="word_1168..word_1179" />
<markable mmax_level="sentence" id="markable_104" span="word_1180..word_1183" />
<markable mmax_level="sentence" id="markable_105" span="word_1184..word_1186" />
<markable mmax_level="sentence" id="markable_106" span="word_1187..word_1188" />
<markable mmax_level="sentence" id="markable_107" span="word_1189..word_1191" />
<markable mmax_level="sentence" id="markable_108" span="word_1192..word_1193" />
<markable mmax_level="sentence" id="markable_109" span="word_1194..word_1212" />
<markable mmax_level="sentence" id="markable_110" span="word_1213" />
<markable mmax_level="sentence" id="markable_111" span="word_1214..word_1222" />
<markable mmax_level="sentence" id="markable_112" span="word_1223..word_1232" />
<markable mmax_level="sentence" id="markable_113" span="word_1233..word_1235" />
<markable mmax_level="sentence" id="markable_114" span="word_1236..word_1256" />
<markable mmax_level="sentence" id="markable_115" span="word_1257..word_1266" />
<markable mmax_level="sentence" id="markable_116" span="word_1267..word_1289" />
<markable mmax_level="sentence" id="markable_117" span="word_1290..word_1301" />
<markable mmax_level="sentence" id="markable_118" span="word_1302..word_1306" />
<markable mmax_level="sentence" id="markable_119" span="word_1307..word_1310" />
<markable mmax_level="sentence" id="markable_120" span="word_1311..word_1331" />
<markable mmax_level="sentence" id="markable_121" span="word_1332..word_1335" />
<markable mmax_level="sentence" id="markable_122" span="word_1336..word_1358" />
<markable mmax_level="sentence" id="markable_123" span="word_1359..word_1367" />
<markable mmax_level="sentence" id="markable_124" span="word_1368..word_1371" />
<markable mmax_level="sentence" id="markable_125" span="word_1372..word_1384" />
<markable mmax_level="sentence" id="markable_126" span="word_1385..word_1391" />
<markable mmax_level="sentence" id="markable_127" span="word_1392..word_1404" />
<markable mmax_level="sentence" id="markable_128" span="word_1405..word_1416" />
<markable mmax_level="sentence" id="markable_129" span="word_1417..word_1428" />
<markable mmax_level="sentence" id="markable_130" span="word_1429..word_1453" />
<markable mmax_level="sentence" id="markable_131" span="word_1454..word_1466" />
<markable mmax_level="sentence" id="markable_132" span="word_1467..word_1479" />
<markable mmax_level="sentence" id="markable_133" span="word_1480..word_1492" />
<markable mmax_level="sentence" id="markable_134" span="word_1493..word_1508" />
<markable mmax_level="sentence" id="markable_135" span="word_1509..word_1510" />
<markable mmax_level="sentence" id="markable_136" span="word_1511..word_1516" />
<markable mmax_level="sentence" id="markable_137" span="word_1517..word_1537" />
<markable mmax_level="sentence" id="markable_138" span="word_1538..word_1564" />
<markable mmax_level="sentence" id="markable_139" span="word_1565..word_1582" />
<markable mmax_level="sentence" id="markable_140" span="word_1583..word_1594" />
<markable mmax_level="sentence" id="markable_141" span="word_1595..word_1599" />
<markable mmax_level="sentence" id="markable_142" span="word_1600" />
<markable mmax_level="sentence" id="markable_143" span="word_1601..word_1616" />
<markable mmax_level="sentence" id="markable_144" span="word_1617" />
<markable mmax_level="sentence" id="markable_145" span="word_1618..word_1620" />
<markable mmax_level="sentence" id="markable_146" span="word_1621..word_1636" />
<markable mmax_level="sentence" id="markable_147" span="word_1637..word_1658" />
<markable mmax_level="sentence" id="markable_148" span="word_1659..word_1667" />
<markable mmax_level="sentence" id="markable_149" span="word_1668..word_1681" />
<markable mmax_level="sentence" id="markable_150" span="word_1682" />
<markable mmax_level="sentence" id="markable_151" span="word_1683..word_1686" />
<markable mmax_level="sentence" id="markable_152" span="word_1687..word_1700" />
<markable mmax_level="sentence" id="markable_153" span="word_1701..word_1710" />
<markable mmax_level="sentence" id="markable_154" span="word_1711..word_1734" />
<markable mmax_level="sentence" id="markable_155" span="word_1735..word_1742" />
<markable mmax_level="sentence" id="markable_156" span="word_1743..word_1753" />
<markable mmax_level="sentence" id="markable_157" span="word_1754..word_1787" />
<markable mmax_level="sentence" id="markable_158" span="word_1788..word_1803" />
<markable mmax_level="sentence" id="markable_159" span="word_1804..word_1819" />
<markable mmax_level="sentence" id="markable_160" span="word_1820..word_1824" />
<markable mmax_level="sentence" id="markable_161" span="word_1825..word_1840" />
<markable mmax_level="sentence" id="markable_162" span="word_1841..word_1858" />
<markable mmax_level="sentence" id="markable_163" span="word_1859..word_1887" />
<markable mmax_level="sentence" id="markable_164" span="word_1888..word_1897" />
<markable mmax_level="sentence" id="markable_165" span="word_1898..word_1906" />
<markable mmax_level="sentence" id="markable_166" span="word_1907..word_1911" />
<markable mmax_level="sentence" id="markable_167" span="word_1912..word_1919" />
<markable mmax_level="sentence" id="markable_168" span="word_1920..word_1937" />
<markable mmax_level="sentence" id="markable_169" span="word_1938..word_1943" />
<markable mmax_level="sentence" id="markable_170" span="word_1944" />
<markable mmax_level="sentence" id="markable_171" span="word_1945..word_1946" />
<markable mmax_level="sentence" id="markable_172" span="word_1947..word_1954" />
<markable mmax_level="sentence" id="markable_173" span="word_1955..word_1963" />
<markable mmax_level="sentence" id="markable_174" span="word_1964..word_1976" />
<markable mmax_level="sentence" id="markable_175" span="word_1977..word_1995" />
<markable mmax_level="sentence" id="markable_176" span="word_1996..word_2003" />
<markable mmax_level="sentence" id="markable_177" span="word_2004..word_2010" />
<markable mmax_level="sentence" id="markable_178" span="word_2011..word_2015" />
<markable mmax_level="sentence" id="markable_179" span="word_2016..word_2036" />
<markable mmax_level="sentence" id="markable_180" span="word_2037..word_2045" />
<markable mmax_level="sentence" id="markable_181" span="word_2046..word_2065" />
<markable mmax_level="sentence" id="markable_182" span="word_2066..word_2080" />
<markable mmax_level="sentence" id="markable_183" span="word_2081..word_2106" />
<markable mmax_level="sentence" id="markable_184" span="word_2107..word_2115" />
<markable mmax_level="sentence" id="markable_185" span="word_2116..word_2127" />
<markable mmax_level="sentence" id="markable_186" span="word_2128..word_2140" />
<markable mmax_level="sentence" id="markable_187" span="word_2141..word_2150" />
<markable mmax_level="sentence" id="markable_188" span="word_2151..word_2163" />
<markable mmax_level="sentence" id="markable_189" span="word_2164" />
<markable mmax_level="sentence" id="markable_190" span="word_2165..word_2176" />
<markable mmax_level="sentence" id="markable_191" span="word_2177" />
<markable mmax_level="sentence" id="markable_192" span="word_2178..word_2183" />
<markable mmax_level="sentence" id="markable_193" span="word_2184..word_2197" />
<markable mmax_level="sentence" id="markable_194" span="word_2198..word_2209" />
<markable mmax_level="sentence" id="markable_195" span="word_2210..word_2225" />
<markable mmax_level="sentence" id="markable_196" span="word_2226..word_2236" />
<markable mmax_level="sentence" id="markable_197" span="word_2237..word_2243" />
<markable mmax_level="sentence" id="markable_198" span="word_2244..word_2247" />
<markable mmax_level="sentence" id="markable_199" span="word_2248" />
<markable mmax_level="sentence" id="markable_200" span="word_2249..word_2260" />
<markable mmax_level="sentence" id="markable_201" span="word_2261..word_2267" />
<markable mmax_level="sentence" id="markable_202" span="word_2268..word_2276" />
<markable mmax_level="sentence" id="markable_203" span="word_2277..word_2289" />
<markable mmax_level="sentence" id="markable_204" span="word_2290..word_2307" />
<markable mmax_level="sentence" id="markable_205" span="word_2308..word_2314" />
<markable mmax_level="sentence" id="markable_206" span="word_2315..word_2321" />
<markable mmax_level="sentence" id="markable_207" span="word_2322..word_2327" />
<markable mmax_level="sentence" id="markable_208" span="word_2328..word_2341" />
<markable mmax_level="sentence" id="markable_209" span="word_2342..word_2352" />
<markable mmax_level="sentence" id="markable_210" span="word_2353..word_2369" />
<markable mmax_level="sentence" id="markable_211" span="word_2370..word_2375" />
<markable mmax_level="sentence" id="markable_212" span="word_2376..word_2379" />
<markable mmax_level="sentence" id="markable_213" span="word_2380..word_2389" />
<markable mmax_level="sentence" id="markable_214" span="word_2390..word_2401" />
<markable mmax_level="sentence" id="markable_215" span="word_2402..word_2408" />
<markable mmax_level="sentence" id="markable_216" span="word_2409..word_2416" />
<markable mmax_level="sentence" id="markable_217" span="word_2417..word_2423" />
<markable mmax_level="sentence" id="markable_218" span="word_2424..word_2434" />
<markable mmax_level="sentence" id="markable_219" span="word_2435..word_2439" />
<markable mmax_level="sentence" id="markable_220" span="word_2440..word_2445" />
<markable mmax_level="sentence" id="markable_221" span="word_2446..word_2450" />
<markable mmax_level="sentence" id="markable_222" span="word_2451..word_2468" />
<markable mmax_level="sentence" id="markable_223" span="word_2469..word_2485" />
<markable mmax_level="sentence" id="markable_224" span="word_2486" />
<markable mmax_level="sentence" id="markable_225" span="word_2487..word_2491" />
<markable mmax_level="sentence" id="markable_226" span="word_2492..word_2510" />
<markable mmax_level="sentence" id="markable_227" span="word_2511..word_2528" />
<markable mmax_level="sentence" id="markable_228" span="word_2529..word_2530" />
<markable mmax_level="sentence" id="markable_229" span="word_2531..word_2536" />
<markable mmax_level="sentence" id="markable_230" span="word_2537..word_2549" />
<markable mmax_level="sentence" id="markable_231" span="word_2550..word_2567" />
<markable mmax_level="sentence" id="markable_232" span="word_2568..word_2579" />
<markable mmax_level="sentence" id="markable_233" span="word_2580..word_2589" />
<markable mmax_level="sentence" id="markable_234" span="word_2590..word_2602" />
<markable mmax_level="sentence" id="markable_235" span="word_2603" />
<markable mmax_level="sentence" id="markable_236" span="word_2604..word_2606" />
<markable mmax_level="sentence" id="markable_237" span="word_2607..word_2615" />
<markable mmax_level="sentence" id="markable_238" span="word_2616..word_2619" />
<markable mmax_level="sentence" id="markable_239" span="word_2620..word_2633" />
<markable mmax_level="sentence" id="markable_240" span="word_2634..word_2640" />
<markable mmax_level="sentence" id="markable_241" span="word_2641..word_2649" />
<markable mmax_level="sentence" id="markable_242" span="word_2650..word_2659" />
<markable mmax_level="sentence" id="markable_243" span="word_2660..word_2668" />
<markable mmax_level="sentence" id="markable_244" span="word_2669..word_2680" />
<markable mmax_level="sentence" id="markable_245" span="word_2681..word_2694" />
<markable mmax_level="sentence" id="markable_246" span="word_2695..word_2710" />
<markable mmax_level="sentence" id="markable_247" span="word_2711..word_2740" />
<markable mmax_level="sentence" id="markable_248" span="word_2741..word_2746" />
<markable mmax_level="sentence" id="markable_249" span="word_2747..word_2754" />
<markable mmax_level="sentence" id="markable_250" span="word_2755..word_2758" />
<markable mmax_level="sentence" id="markable_251" span="word_2759..word_2803" />
<markable mmax_level="sentence" id="markable_252" span="word_2804..word_2819" />
<markable mmax_level="sentence" id="markable_253" span="word_2820..word_2839" />
<markable mmax_level="sentence" id="markable_254" span="word_2840..word_2852" />
<markable mmax_level="sentence" id="markable_255" span="word_2853..word_2878" />
<markable mmax_level="sentence" id="markable_256" span="word_2879..word_2903" />
<markable mmax_level="sentence" id="markable_257" span="word_2904..word_2917" />
<markable mmax_level="sentence" id="markable_258" span="word_2918..word_2929" />
<markable mmax_level="sentence" id="markable_259" span="word_2930..word_2944" />
</markables>