<?xml version="1.0" encoding="UTF-8"?>
<!DOCTYPE markables SYSTEM "markables.dtd">
<markables xmlns="www.eml.org/NameSpaces/sentence">
<markable mmax_level="sentence" id="markable_1" span="word_1..word_3" />
<markable mmax_level="sentence" id="markable_2" span="word_4..word_5" />
<markable mmax_level="sentence" id="markable_3" span="word_6..word_10" />
<markable mmax_level="sentence" id="markable_4" span="word_11..word_13" />
<markable mmax_level="sentence" id="markable_5" span="word_14..word_15" />
<markable mmax_level="sentence" id="markable_6" span="word_16..word_20" />
<markable mmax_level="sentence" id="markable_7" span="word_21..word_23" />
<markable mmax_level="sentence" id="markable_8" span="word_24..word_25" />
<markable mmax_level="sentence" id="markable_9" span="word_26..word_30" />
<markable mmax_level="sentence" id="markable_10" span="word_31..word_34" />
<markable mmax_level="sentence" id="markable_11" span="word_35..word_36" />
<markable mmax_level="sentence" id="markable_12" span="word_37" />
<markable mmax_level="sentence" id="markable_13" span="word_38..word_39" />
<markable mmax_level="sentence" id="markable_14" span="word_40..word_68" />
<markable mmax_level="sentence" id="markable_15" span="word_69..word_75" />
<markable mmax_level="sentence" id="markable_16" span="word_76..word_77" />
<markable mmax_level="sentence" id="markable_17" span="word_78..word_79" />
<markable mmax_level="sentence" id="markable_18" span="word_80..word_83" />
<markable mmax_level="sentence" id="markable_19" span="word_84..word_86" />
<markable mmax_level="sentence" id="markable_20" span="word_87" />
<markable mmax_level="sentence" id="markable_21" span="word_88" />
<markable mmax_level="sentence" id="markable_22" span="word_89..word_90" />
<markable mmax_level="sentence" id="markable_23" span="word_91..word_92" />
<markable mmax_level="sentence" id="markable_24" span="word_93..word_132" />
<markable mmax_level="sentence" id="markable_25" span="word_133..word_154" />
<markable mmax_level="sentence" id="markable_26" span="word_155..word_163" />
<markable mmax_level="sentence" id="markable_27" span="word_164..word_213" />
<markable mmax_level="sentence" id="markable_28" span="word_214..word_246" />
<markable mmax_level="sentence" id="markable_29" span="word_247..word_250" />
<markable mmax_level="sentence" id="markable_30" span="word_251..word_275" />
<markable mmax_level="sentence" id="markable_31" span="word_276..word_280" />
<markable mmax_level="sentence" id="markable_32" span="word_281..word_286" />
<markable mmax_level="sentence" id="markable_33" span="word_287..word_297" />
<markable mmax_level="sentence" id="markable_34" span="word_298..word_310" />
<markable mmax_level="sentence" id="markable_35" span="word_311..word_315" />
<markable mmax_level="sentence" id="markable_36" span="word_316..word_325" />
<markable mmax_level="sentence" id="markable_37" span="word_326..word_335" />
<markable mmax_level="sentence" id="markable_38" span="word_336..word_340" />
<markable mmax_level="sentence" id="markable_39" span="word_341" />
<markable mmax_level="sentence" id="markable_40" span="word_342..word_354" />
<markable mmax_level="sentence" id="markable_41" span="word_355..word_361" />
<markable mmax_level="sentence" id="markable_42" span="word_362..word_371" />
<markable mmax_level="sentence" id="markable_43" span="word_372..word_380" />
<markable mmax_level="sentence" id="markable_44" span="word_381..word_394" />
<markable mmax_level="sentence" id="markable_45" span="word_395..word_434" />
<markable mmax_level="sentence" id="markable_46" span="word_435..word_458" />
<markable mmax_level="sentence" id="markable_47" span="word_459..word_493" />
<markable mmax_level="sentence" id="markable_48" span="word_494..word_510" />
<markable mmax_level="sentence" id="markable_49" span="word_511..word_535" />
<markable mmax_level="sentence" id="markable_50" span="word_536..word_552" />
<markable mmax_level="sentence" id="markable_51" span="word_553..word_580" />
<markable mmax_level="sentence" id="markable_52" span="word_581..word_623" />
<markable mmax_level="sentence" id="markable_53" span="word_624..word_638" />
<markable mmax_level="sentence" id="markable_54" span="word_639..word_652" />
<markable mmax_level="sentence" id="markable_55" span="word_653" />
<markable mmax_level="sentence" id="markable_56" span="word_654..word_679" />
<markable mmax_level="sentence" id="markable_57" span="word_680..word_702" />
<markable mmax_level="sentence" id="markable_58" span="word_703..word_728" />
<markable mmax_level="sentence" id="markable_59" span="word_729..word_756" />
<markable mmax_level="sentence" id="markable_60" span="word_757..word_786" />
<markable mmax_level="sentence" id="markable_61" span="word_787..word_800" />
<markable mmax_level="sentence" id="markable_62" span="word_801..word_821" />
<markable mmax_level="sentence" id="markable_63" span="word_822..word_835" />
<markable mmax_level="sentence" id="markable_64" span="word_836..word_844" />
<markable mmax_level="sentence" id="markable_65" span="word_845..word_867" />
<markable mmax_level="sentence" id="markable_66" span="word_868..word_875" />
<markable mmax_level="sentence" id="markable_67" span="word_876..word_891" />
<markable mmax_level="sentence" id="markable_68" span="word_892..word_922" />
<markable mmax_level="sentence" id="markable_69" span="word_923..word_933" />
<markable mmax_level="sentence" id="markable_70" span="word_934..word_942" />
<markable mmax_level="sentence" id="markable_71" span="word_943..word_954" />
<markable mmax_level="sentence" id="markable_72" span="word_955" />
<markable mmax_level="sentence" id="markable_73" span="word_956..word_972" />
<markable mmax_level="sentence" id="markable_74" span="word_973..word_1001" />
<markable mmax_level="sentence" id="markable_75" span="word_1002..word_1023" />
<markable mmax_level="sentence" id="markable_76" span="word_1024" />
<markable mmax_level="sentence" id="markable_77" span="word_1025..word_1026" />
<markable mmax_level="sentence" id="markable_78" span="word_1027..word_1035" />
<markable mmax_level="sentence" id="markable_79" span="word_1036..word_1038" />
<markable mmax_level="sentence" id="markable_80" span="word_1039..word_1046" />
<markable mmax_level="sentence" id="markable_81" span="word_1047..word_1053" />
<markable mmax_level="sentence" id="markable_82" span="word_1054..word_1060" />
<markable mmax_level="sentence" id="markable_83" span="word_1061..word_1074" />
<markable mmax_level="sentence" id="markable_84" span="word_1075..word_1084" />
<markable mmax_level="sentence" id="markable_85" span="word_1085..word_1092" />
<markable mmax_level="sentence" id="markable_86" span="word_1093..word_1103" />
<markable mmax_level="sentence" id="markable_87" span="word_1104..word_1118" />
<markable mmax_level="sentence" id="markable_88" span="word_1119..word_1123" />
<markable mmax_level="sentence" id="markable_89" span="word_1124..word_1127" />
<markable mmax_level="sentence" id="markable_90" span="word_1128..word_1136" />
<markable mmax_level="sentence" id="markable_91" span="word_1137..word_1145" />
<markable mmax_level="sentence" id="markable_92" span="word_1146..word_1149" />
<markable mmax_level="sentence" id="markable_93" span="word_1150" />
<markable mmax_level="sentence" id="markable_94" span="word_1151" />
<markable mmax_level="sentence" id="markable_95" span="word_1152..word_1159" />
<markable mmax_level="sentence" id="markable_96" span="word_1160..word_1178" />
<markable mmax_level="sentence" id="markable_97" span="word_1179..word_1188" />
<markable mmax_level="sentence" id="markable_98" span="word_1189..word_1194" />
<markable mmax_level="sentence" id="markable_99" span="word_1195..word_1196" />
<markable mmax_level="sentence" id="markable_100" span="word_1197..word_1207" />
<markable mmax_level="sentence" id="markable_101" span="word_1208" />
<markable mmax_level="sentence" id="markable_102" span="word_1209..word_1210" />
<markable mmax_level="sentence" id="markable_103" span="word_1211" />
<markable mmax_level="sentence" id="markable_104" span="word_1212" />
<markable mmax_level="sentence" id="markable_105" span="word_1213..word_1224" />
<markable mmax_level="sentence" id="markable_106" span="word_1225..word_1246" />
<markable mmax_level="sentence" id="markable_107" span="word_1247..word_1298" />
<markable mmax_level="sentence" id="markable_108" span="word_1299..word_1315" />
<markable mmax_level="sentence" id="markable_109" span="word_1316..word_1357" />
<markable mmax_level="sentence" id="markable_110" span="word_1358..word_1372" />
<markable mmax_level="sentence" id="markable_111" span="word_1373..word_1379" />
<markable mmax_level="sentence" id="markable_112" span="word_1380..word_1393" />
<markable mmax_level="sentence" id="markable_113" span="word_1394..word_1429" />
<markable mmax_level="sentence" id="markable_114" span="word_1430..word_1444" />
<markable mmax_level="sentence" id="markable_115" span="word_1445..word_1453" />
<markable mmax_level="sentence" id="markable_116" span="word_1454..word_1455" />
<markable mmax_level="sentence" id="markable_117" span="word_1456..word_1457" />
<markable mmax_level="sentence" id="markable_118" span="word_1458" />
<markable mmax_level="sentence" id="markable_119" span="word_1459..word_1463" />
<markable mmax_level="sentence" id="markable_120" span="word_1464..word_1481" />
<markable mmax_level="sentence" id="markable_121" span="word_1482..word_1521" />
<markable mmax_level="sentence" id="markable_122" span="word_1522..word_1533" />
<markable mmax_level="sentence" id="markable_123" span="word_1534..word_1564" />
<markable mmax_level="sentence" id="markable_124" span="word_1565..word_1578" />
<markable mmax_level="sentence" id="markable_125" span="word_1579..word_1609" />
<markable mmax_level="sentence" id="markable_126" span="word_1610..word_1650" />
<markable mmax_level="sentence" id="markable_127" span="word_1651..word_1667" />
<markable mmax_level="sentence" id="markable_128" span="word_1668..word_1693" />
<markable mmax_level="sentence" id="markable_129" span="word_1694..word_1719" />
<markable mmax_level="sentence" id="markable_130" span="word_1720..word_1732" />
<markable mmax_level="sentence" id="markable_131" span="word_1733" />
<markable mmax_level="sentence" id="markable_132" span="word_1734" />
<markable mmax_level="sentence" id="markable_133" span="word_1735" />
<markable mmax_level="sentence" id="markable_134" span="word_1736..word_1747" />
<markable mmax_level="sentence" id="markable_135" span="word_1748..word_1779" />
<markable mmax_level="sentence" id="markable_136" span="word_1780..word_1785" />
<markable mmax_level="sentence" id="markable_137" span="word_1786..word_1831" />
<markable mmax_level="sentence" id="markable_138" span="word_1832..word_1855" />
<markable mmax_level="sentence" id="markable_139" span="word_1856..word_1865" />
<markable mmax_level="sentence" id="markable_140" span="word_1866..word_1890" />
<markable mmax_level="sentence" id="markable_141" span="word_1891..word_1931" />
<markable mmax_level="sentence" id="markable_142" span="word_1932..word_1958" />
<markable mmax_level="sentence" id="markable_143" span="word_1959..word_1975" />
<markable mmax_level="sentence" id="markable_144" span="word_1976..word_1987" />
<markable mmax_level="sentence" id="markable_145" span="word_1988" />
<markable mmax_level="sentence" id="markable_146" span="word_1989..word_1990" />
<markable mmax_level="sentence" id="markable_147" span="word_1991" />
<markable mmax_level="sentence" id="markable_148" span="word_1992..word_2001" />
<markable mmax_level="sentence" id="markable_149" span="word_2002..word_2049" />
<markable mmax_level="sentence" id="markable_150" span="word_2050..word_2097" />
<markable mmax_level="sentence" id="markable_151" span="word_2098..word_2118" />
<markable mmax_level="sentence" id="markable_152" span="word_2119..word_2147" />
<markable mmax_level="sentence" id="markable_153" span="word_2148..word_2177" />
<markable mmax_level="sentence" id="markable_154" span="word_2178..word_2205" />
<markable mmax_level="sentence" id="markable_155" span="word_2206..word_2258" />
<markable mmax_level="sentence" id="markable_156" span="word_2259" />
<markable mmax_level="sentence" id="markable_157" span="word_2260" />
<markable mmax_level="sentence" id="markable_158" span="word_2261..word_2286" />
<markable mmax_level="sentence" id="markable_159" span="word_2287..word_2318" />
<markable mmax_level="sentence" id="markable_160" span="word_2319..word_2335" />
<markable mmax_level="sentence" id="markable_161" span="word_2336..word_2378" />
<markable mmax_level="sentence" id="markable_162" span="word_2379..word_2400" />
<markable mmax_level="sentence" id="markable_163" span="word_2401..word_2420" />
<markable mmax_level="sentence" id="markable_164" span="word_2421..word_2436" />
<markable mmax_level="sentence" id="markable_165" span="word_2437..word_2454" />
<markable mmax_level="sentence" id="markable_166" span="word_2455..word_2468" />
<markable mmax_level="sentence" id="markable_167" span="word_2469..word_2497" />
<markable mmax_level="sentence" id="markable_168" span="word_2498..word_2524" />
<markable mmax_level="sentence" id="markable_169" span="word_2525..word_2530" />
<markable mmax_level="sentence" id="markable_170" span="word_2531" />
<markable mmax_level="sentence" id="markable_171" span="word_2532" />
<markable mmax_level="sentence" id="markable_172" span="word_2533" />
<markable mmax_level="sentence" id="markable_173" span="word_2534..word_2552" />
<markable mmax_level="sentence" id="markable_174" span="word_2553..word_2577" />
<markable mmax_level="sentence" id="markable_175" span="word_2578..word_2594" />
<markable mmax_level="sentence" id="markable_176" span="word_2595..word_2619" />
<markable mmax_level="sentence" id="markable_177" span="word_2620..word_2624" />
<markable mmax_level="sentence" id="markable_178" span="word_2625..word_2649" />
<markable mmax_level="sentence" id="markable_179" span="word_2650..word_2674" />
<markable mmax_level="sentence" id="markable_180" span="word_2675..word_2682" />
<markable mmax_level="sentence" id="markable_181" span="word_2683..word_2704" />
<markable mmax_level="sentence" id="markable_182" span="word_2705..word_2734" />
<markable mmax_level="sentence" id="markable_183" span="word_2735..word_2762" />
<markable mmax_level="sentence" id="markable_184" span="word_2763..word_2773" />
<markable mmax_level="sentence" id="markable_185" span="word_2774..word_2784" />
<markable mmax_level="sentence" id="markable_186" span="word_2785..word_2807" />
<markable mmax_level="sentence" id="markable_187" span="word_2808..word_2812" />
<markable mmax_level="sentence" id="markable_188" span="word_2813" />
<markable mmax_level="sentence" id="markable_189" span="word_2814" />
<markable mmax_level="sentence" id="markable_190" span="word_2815..word_2826" />
<markable mmax_level="sentence" id="markable_191" span="word_2827..word_2845" />
<markable mmax_level="sentence" id="markable_192" span="word_2846..word_2862" />
<markable mmax_level="sentence" id="markable_193" span="word_2863..word_2890" />
<markable mmax_level="sentence" id="markable_194" span="word_2891..word_2933" />
<markable mmax_level="sentence" id="markable_195" span="word_2934..word_2947" />
<markable mmax_level="sentence" id="markable_196" span="word_2948..word_2955" />
<markable mmax_level="sentence" id="markable_197" span="word_2956..word_2960" />
<markable mmax_level="sentence" id="markable_198" span="word_2961..word_2970" />
<markable mmax_level="sentence" id="markable_199" span="word_2971..word_2984" />
<markable mmax_level="sentence" id="markable_200" span="word_2985..word_2999" />
<markable mmax_level="sentence" id="markable_201" span="word_3000..word_3025" />
<markable mmax_level="sentence" id="markable_202" span="word_3026..word_3033" />
<markable mmax_level="sentence" id="markable_203" span="word_3034..word_3043" />
<markable mmax_level="sentence" id="markable_204" span="word_3044..word_3053" />
<markable mmax_level="sentence" id="markable_205" span="word_3054..word_3064" />
<markable mmax_level="sentence" id="markable_206" span="word_3065" />
<markable mmax_level="sentence" id="markable_207" span="word_3066" />
<markable mmax_level="sentence" id="markable_208" span="word_3067" />
<markable mmax_level="sentence" id="markable_209" span="word_3068..word_3074" />
<markable mmax_level="sentence" id="markable_210" span="word_3075..word_3124" />
<markable mmax_level="sentence" id="markable_211" span="word_3125..word_3146" />
<markable mmax_level="sentence" id="markable_212" span="word_3147..word_3155" />
<markable mmax_level="sentence" id="markable_213" span="word_3156..word_3175" />
<markable mmax_level="sentence" id="markable_214" span="word_3176..word_3191" />
<markable mmax_level="sentence" id="markable_215" span="word_3192..word_3215" />
<markable mmax_level="sentence" id="markable_216" span="word_3216..word_3259" />
<markable mmax_level="sentence" id="markable_217" span="word_3260..word_3279" />
<markable mmax_level="sentence" id="markable_218" span="word_3280..word_3307" />
<markable mmax_level="sentence" id="markable_219" span="word_3308..word_3314" />
<markable mmax_level="sentence" id="markable_220" span="word_3315" />
<markable mmax_level="sentence" id="markable_221" span="word_3316" />
<markable mmax_level="sentence" id="markable_222" span="word_3317..word_3334" />
<markable mmax_level="sentence" id="markable_223" span="word_3335..word_3363" />
<markable mmax_level="sentence" id="markable_224" span="word_3364..word_3376" />
<markable mmax_level="sentence" id="markable_225" span="word_3377..word_3425" />
<markable mmax_level="sentence" id="markable_226" span="word_3426..word_3447" />
<markable mmax_level="sentence" id="markable_227" span="word_3448..word_3479" />
<markable mmax_level="sentence" id="markable_228" span="word_3480..word_3517" />
<markable mmax_level="sentence" id="markable_229" span="word_3518..word_3529" />
<markable mmax_level="sentence" id="markable_230" span="word_3530..word_3540" />
<markable mmax_level="sentence" id="markable_231" span="word_3541..word_3568" />
<markable mmax_level="sentence" id="markable_232" span="word_3569..word_3579" />
<markable mmax_level="sentence" id="markable_233" span="word_3580" />
<markable mmax_level="sentence" id="markable_234" span="word_3581" />
<markable mmax_level="sentence" id="markable_235" span="word_3582" />
<markable mmax_level="sentence" id="markable_236" span="word_3583..word_3589" />
<markable mmax_level="sentence" id="markable_237" span="word_3590..word_3615" />
<markable mmax_level="sentence" id="markable_238" span="word_3616..word_3628" />
<markable mmax_level="sentence" id="markable_239" span="word_3629..word_3635" />
<markable mmax_level="sentence" id="markable_240" span="word_3636..word_3642" />
<markable mmax_level="sentence" id="markable_241" span="word_3643..word_3651" />
<markable mmax_level="sentence" id="markable_242" span="word_3652..word_3660" />
<markable mmax_level="sentence" id="markable_243" span="word_3661..word_3680" />
<markable mmax_level="sentence" id="markable_244" span="word_3681..word_3695" />
<markable mmax_level="sentence" id="markable_245" span="word_3696..word_3711" />
<markable mmax_level="sentence" id="markable_246" span="word_3712..word_3717" />
<markable mmax_level="sentence" id="markable_247" span="word_3718..word_3735" />
<markable mmax_level="sentence" id="markable_248" span="word_3736..word_3751" />
<markable mmax_level="sentence" id="markable_249" span="word_3752..word_3763" />
<markable mmax_level="sentence" id="markable_250" span="word_3764..word_3778" />
<markable mmax_level="sentence" id="markable_251" span="word_3779..word_3801" />
<markable mmax_level="sentence" id="markable_252" span="word_3802..word_3812" />
<markable mmax_level="sentence" id="markable_253" span="word_3813..word_3823" />
<markable mmax_level="sentence" id="markable_254" span="word_3824..word_3839" />
<markable mmax_level="sentence" id="markable_255" span="word_3840..word_3852" />
<markable mmax_level="sentence" id="markable_256" span="word_3853" />
<markable mmax_level="sentence" id="markable_257" span="word_3854..word_3855" />
<markable mmax_level="sentence" id="markable_258" span="word_3856" />
<markable mmax_level="sentence" id="markable_259" span="word_3857..word_3871" />
<markable mmax_level="sentence" id="markable_260" span="word_3872..word_3887" />
<markable mmax_level="sentence" id="markable_261" span="word_3888..word_3912" />
<markable mmax_level="sentence" id="markable_262" span="word_3913..word_3933" />
<markable mmax_level="sentence" id="markable_263" span="word_3934..word_3939" />
<markable mmax_level="sentence" id="markable_264" span="word_3940..word_3959" />
<markable mmax_level="sentence" id="markable_265" span="word_3960..word_3992" />
<markable mmax_level="sentence" id="markable_266" span="word_3993..word_4022" />
<markable mmax_level="sentence" id="markable_267" span="word_4023..word_4035" />
<markable mmax_level="sentence" id="markable_268" span="word_4036..word_4071" />
<markable mmax_level="sentence" id="markable_269" span="word_4072..word_4077" />
<markable mmax_level="sentence" id="markable_270" span="word_4078..word_4099" />
<markable mmax_level="sentence" id="markable_271" span="word_4100..word_4120" />
<markable mmax_level="sentence" id="markable_272" span="word_4121..word_4129" />
<markable mmax_level="sentence" id="markable_273" span="word_4130" />
<markable mmax_level="sentence" id="markable_274" span="word_4131" />
<markable mmax_level="sentence" id="markable_275" span="word_4132..word_4147" />
<markable mmax_level="sentence" id="markable_276" span="word_4148..word_4186" />
<markable mmax_level="sentence" id="markable_277" span="word_4187..word_4220" />
<markable mmax_level="sentence" id="markable_278" span="word_4221..word_4253" />
<markable mmax_level="sentence" id="markable_279" span="word_4254..word_4341" />
<markable mmax_level="sentence" id="markable_280" span="word_4342..word_4384" />
<markable mmax_level="sentence" id="markable_281" span="word_4385..word_4392" />
<markable mmax_level="sentence" id="markable_282" span="word_4393" />
<markable mmax_level="sentence" id="markable_283" span="word_4394" />
<markable mmax_level="sentence" id="markable_284" span="word_4395" />
<markable mmax_level="sentence" id="markable_285" span="word_4396..word_4407" />
<markable mmax_level="sentence" id="markable_286" span="word_4408..word_4426" />
<markable mmax_level="sentence" id="markable_287" span="word_4427..word_4454" />
<markable mmax_level="sentence" id="markable_288" span="word_4455..word_4485" />
<markable mmax_level="sentence" id="markable_289" span="word_4486..word_4500" />
<markable mmax_level="sentence" id="markable_290" span="word_4501..word_4523" />
<markable mmax_level="sentence" id="markable_291" span="word_4524..word_4540" />
<markable mmax_level="sentence" id="markable_292" span="word_4541..word_4549" />
<markable mmax_level="sentence" id="markable_293" span="word_4550..word_4569" />
<markable mmax_level="sentence" id="markable_294" span="word_4570..word_4605" />
<markable mmax_level="sentence" id="markable_295" span="word_4606..word_4642" />
<markable mmax_level="sentence" id="markable_296" span="word_4643..word_4672" />
<markable mmax_level="sentence" id="markable_297" span="word_4673..word_4681" />
<markable mmax_level="sentence" id="markable_298" span="word_4682" />
<markable mmax_level="sentence" id="markable_299" span="word_4683" />
<markable mmax_level="sentence" id="markable_300" span="word_4684" />
<markable mmax_level="sentence" id="markable_301" span="word_4685..word_4705" />
<markable mmax_level="sentence" id="markable_302" span="word_4706..word_4715" />
<markable mmax_level="sentence" id="markable_303" span="word_4716..word_4730" />
<markable mmax_level="sentence" id="markable_304" span="word_4731..word_4779" />
<markable mmax_level="sentence" id="markable_305" span="word_4780..word_4789" />
<markable mmax_level="sentence" id="markable_306" span="word_4790..word_4805" />
<markable mmax_level="sentence" id="markable_307" span="word_4806..word_4808" />
<markable mmax_level="sentence" id="markable_308" span="word_4809..word_4821" />
<markable mmax_level="sentence" id="markable_309" span="word_4822..word_4824" />
<markable mmax_level="sentence" id="markable_310" span="word_4825..word_4840" />
<markable mmax_level="sentence" id="markable_311" span="word_4841..word_4842" />
<markable mmax_level="sentence" id="markable_312" span="word_4843" />
<markable mmax_level="sentence" id="markable_313" span="word_4844" />
<markable mmax_level="sentence" id="markable_314" span="word_4845" />
<markable mmax_level="sentence" id="markable_315" span="word_4846..word_4855" />
<markable mmax_level="sentence" id="markable_316" span="word_4856..word_4865" />
<markable mmax_level="sentence" id="markable_317" span="word_4866..word_4873" />
<markable mmax_level="sentence" id="markable_318" span="word_4874..word_4902" />
<markable mmax_level="sentence" id="markable_319" span="word_4903..word_4952" />
<markable mmax_level="sentence" id="markable_320" span="word_4953..word_4982" />
<markable mmax_level="sentence" id="markable_321" span="word_4983..word_5002" />
<markable mmax_level="sentence" id="markable_322" span="word_5003..word_5024" />
<markable mmax_level="sentence" id="markable_323" span="word_5025..word_5047" />
<markable mmax_level="sentence" id="markable_324" span="word_5048..word_5061" />
<markable mmax_level="sentence" id="markable_325" span="word_5062" />
<markable mmax_level="sentence" id="markable_326" span="word_5063" />
<markable mmax_level="sentence" id="markable_327" span="word_5064..word_5084" />
<markable mmax_level="sentence" id="markable_328" span="word_5085..word_5093" />
<markable mmax_level="sentence" id="markable_329" span="word_5094..word_5101" />
<markable mmax_level="sentence" id="markable_330" span="word_5102..word_5123" />
<markable mmax_level="sentence" id="markable_331" span="word_5124..word_5155" />
<markable mmax_level="sentence" id="markable_332" span="word_5156..word_5171" />
<markable mmax_level="sentence" id="markable_333" span="word_5172..word_5218" />
<markable mmax_level="sentence" id="markable_334" span="word_5219..word_5235" />
<markable mmax_level="sentence" id="markable_335" span="word_5236..word_5273" />
<markable mmax_level="sentence" id="markable_336" span="word_5274..word_5302" />
<markable mmax_level="sentence" id="markable_337" span="word_5303..word_5326" />
<markable mmax_level="sentence" id="markable_338" span="word_5327" />
<markable mmax_level="sentence" id="markable_339" span="word_5328" />
<markable mmax_level="sentence" id="markable_340" span="word_5329" />
<markable mmax_level="sentence" id="markable_341" span="word_5330..word_5331" />
<markable mmax_level="sentence" id="markable_342" span="word_5332..word_5355" />
<markable mmax_level="sentence" id="markable_343" span="word_5356..word_5372" />
<markable mmax_level="sentence" id="markable_344" span="word_5373..word_5408" />
<markable mmax_level="sentence" id="markable_345" span="word_5409..word_5418" />
<markable mmax_level="sentence" id="markable_346" span="word_5419..word_5448" />
<markable mmax_level="sentence" id="markable_347" span="word_5449..word_5486" />
<markable mmax_level="sentence" id="markable_348" span="word_5487..word_5493" />
<markable mmax_level="sentence" id="markable_349" span="word_5494..word_5511" />
<markable mmax_level="sentence" id="markable_350" span="word_5512..word_5537" />
<markable mmax_level="sentence" id="markable_351" span="word_5538..word_5550" />
<markable mmax_level="sentence" id="markable_352" span="word_5551..word_5566" />
<markable mmax_level="sentence" id="markable_353" span="word_5567..word_5584" />
<markable mmax_level="sentence" id="markable_354" span="word_5585" />
<markable mmax_level="sentence" id="markable_355" span="word_5586" />
<markable mmax_level="sentence" id="markable_356" span="word_5587" />
<markable mmax_level="sentence" id="markable_357" span="word_5588..word_5593" />
<markable mmax_level="sentence" id="markable_358" span="word_5594..word_5628" />
<markable mmax_level="sentence" id="markable_359" span="word_5629..word_5663" />
<markable mmax_level="sentence" id="markable_360" span="word_5664..word_5687" />
<markable mmax_level="sentence" id="markable_361" span="word_5688..word_5703" />
<markable mmax_level="sentence" id="markable_362" span="word_5704..word_5722" />
<markable mmax_level="sentence" id="markable_363" span="word_5723..word_5776" />
<markable mmax_level="sentence" id="markable_364" span="word_5777..word_5793" />
<markable mmax_level="sentence" id="markable_365" span="word_5794..word_5814" />
<markable mmax_level="sentence" id="markable_366" span="word_5815..word_5838" />
<markable mmax_level="sentence" id="markable_367" span="word_5839..word_5841" />
<markable mmax_level="sentence" id="markable_368" span="word_5842" />
<markable mmax_level="sentence" id="markable_369" span="word_5843..word_5845" />
<markable mmax_level="sentence" id="markable_370" span="word_5846..word_5906" />
<markable mmax_level="sentence" id="markable_371" span="word_5907..word_5918" />
<markable mmax_level="sentence" id="markable_372" span="word_5919..word_5950" />
<markable mmax_level="sentence" id="markable_373" span="word_5951..word_5981" />
<markable mmax_level="sentence" id="markable_374" span="word_5982..word_6026" />
<markable mmax_level="sentence" id="markable_375" span="word_6027..word_6058" />
<markable mmax_level="sentence" id="markable_376" span="word_6059..word_6096" />
<markable mmax_level="sentence" id="markable_377" span="word_6097..word_6102" />
<markable mmax_level="sentence" id="markable_378" span="word_6103" />
<markable mmax_level="sentence" id="markable_379" span="word_6104" />
<markable mmax_level="sentence" id="markable_380" span="word_6105" />
<markable mmax_level="sentence" id="markable_381" span="word_6106..word_6117" />
<markable mmax_level="sentence" id="markable_382" span="word_6118..word_6151" />
<markable mmax_level="sentence" id="markable_383" span="word_6152..word_6182" />
<markable mmax_level="sentence" id="markable_384" span="word_6183..word_6202" />
<markable mmax_level="sentence" id="markable_385" span="word_6203..word_6234" />
<markable mmax_level="sentence" id="markable_386" span="word_6235..word_6275" />
<markable mmax_level="sentence" id="markable_387" span="word_6276..word_6312" />
<markable mmax_level="sentence" id="markable_388" span="word_6313..word_6364" />
<markable mmax_level="sentence" id="markable_389" span="word_6365..word_6381" />
<markable mmax_level="sentence" id="markable_390" span="word_6382" />
<markable mmax_level="sentence" id="markable_391" span="word_6383" />
<markable mmax_level="sentence" id="markable_392" span="word_6384..word_6424" />
<markable mmax_level="sentence" id="markable_393" span="word_6425..word_6450" />
<markable mmax_level="sentence" id="markable_394" span="word_6451..word_6479" />
<markable mmax_level="sentence" id="markable_395" span="word_6480..word_6502" />
<markable mmax_level="sentence" id="markable_396" span="word_6503..word_6537" />
<markable mmax_level="sentence" id="markable_397" span="word_6538..word_6561" />
<markable mmax_level="sentence" id="markable_398" span="word_6562..word_6589" />
<markable mmax_level="sentence" id="markable_399" span="word_6590..word_6610" />
<markable mmax_level="sentence" id="markable_400" span="word_6611..word_6631" />
<markable mmax_level="sentence" id="markable_401" span="word_6632..word_6643" />
<markable mmax_level="sentence" id="markable_402" span="word_6644" />
<markable mmax_level="sentence" id="markable_403" span="word_6645" />
<markable mmax_level="sentence" id="markable_404" span="word_6646..word_6659" />
<markable mmax_level="sentence" id="markable_405" span="word_6660..word_6677" />
<markable mmax_level="sentence" id="markable_406" span="word_6678..word_6710" />
<markable mmax_level="sentence" id="markable_407" span="word_6711..word_6719" />
<markable mmax_level="sentence" id="markable_408" span="word_6720..word_6741" />
<markable mmax_level="sentence" id="markable_409" span="word_6742..word_6751" />
<markable mmax_level="sentence" id="markable_410" span="word_6752..word_6769" />
<markable mmax_level="sentence" id="markable_411" span="word_6770..word_6782" />
<markable mmax_level="sentence" id="markable_412" span="word_6783..word_6792" />
<markable mmax_level="sentence" id="markable_413" span="word_6793..word_6827" />
<markable mmax_level="sentence" id="markable_414" span="word_6828..word_6842" />
<markable mmax_level="sentence" id="markable_415" span="word_6843..word_6900" />
<markable mmax_level="sentence" id="markable_416" span="word_6901..word_6909" />
<markable mmax_level="sentence" id="markable_417" span="word_6910..word_6927" />
<markable mmax_level="sentence" id="markable_418" span="word_6928..word_6934" />
<markable mmax_level="sentence" id="markable_419" span="word_6935..word_6937" />
<markable mmax_level="sentence" id="markable_420" span="word_6938" />
<markable mmax_level="sentence" id="markable_421" span="word_6939..word_6943" />
<markable mmax_level="sentence" id="markable_422" span="word_6944..word_6946" />
<markable mmax_level="sentence" id="markable_423" span="word_6947..word_6962" />
<markable mmax_level="sentence" id="markable_424" span="word_6963..word_6965" />
<markable mmax_level="sentence" id="markable_425" span="word_6966..word_6968" />
<markable mmax_level="sentence" id="markable_426" span="word_6969" />
<markable mmax_level="sentence" id="markable_427" span="word_6970" />
<markable mmax_level="sentence" id="markable_428" span="word_6971..word_6989" />
<markable mmax_level="sentence" id="markable_429" span="word_6990..word_7037" />
<markable mmax_level="sentence" id="markable_430" span="word_7038..word_7055" />
<markable mmax_level="sentence" id="markable_431" span="word_7056..word_7065" />
<markable mmax_level="sentence" id="markable_432" span="word_7066" />
<markable mmax_level="sentence" id="markable_433" span="word_7067" />
<markable mmax_level="sentence" id="markable_434" span="word_7068..word_7091" />
<markable mmax_level="sentence" id="markable_435" span="word_7092..word_7093" />
<markable mmax_level="sentence" id="markable_436" span="word_7094..word_7100" />
<markable mmax_level="sentence" id="markable_437" span="word_7101..word_7141" />
<markable mmax_level="sentence" id="markable_438" span="word_7142..word_7151" />
<markable mmax_level="sentence" id="markable_439" span="word_7152..word_7179" />
<markable mmax_level="sentence" id="markable_440" span="word_7180..word_7192" />
<markable mmax_level="sentence" id="markable_441" span="word_7193..word_7227" />
<markable mmax_level="sentence" id="markable_442" span="word_7228..word_7233" />
<markable mmax_level="sentence" id="markable_443" span="word_7234" />
<markable mmax_level="sentence" id="markable_444" span="word_7235" />
<markable mmax_level="sentence" id="markable_445" span="word_7236..word_7263" />
<markable mmax_level="sentence" id="markable_446" span="word_7264..word_7335" />
<markable mmax_level="sentence" id="markable_447" span="word_7336..word_7404" />
<markable mmax_level="sentence" id="markable_448" span="word_7405..word_7437" />
<markable mmax_level="sentence" id="markable_449" span="word_7438..word_7459" />
<markable mmax_level="sentence" id="markable_450" span="word_7460..word_7488" />
<markable mmax_level="sentence" id="markable_451" span="word_7489..word_7490" />
<markable mmax_level="sentence" id="markable_452" span="word_7491" />
<markable mmax_level="sentence" id="markable_453" span="word_7492" />
<markable mmax_level="sentence" id="markable_454" span="word_7493" />
<markable mmax_level="sentence" id="markable_455" span="word_7494..word_7513" />
<markable mmax_level="sentence" id="markable_456" span="word_7514..word_7527" />
<markable mmax_level="sentence" id="markable_457" span="word_7528..word_7552" />
<markable mmax_level="sentence" id="markable_458" span="word_7553..word_7585" />
<markable mmax_level="sentence" id="markable_459" span="word_7586..word_7611" />
<markable mmax_level="sentence" id="markable_460" span="word_7612..word_7638" />
<markable mmax_level="sentence" id="markable_461" span="word_7639..word_7671" />
<markable mmax_level="sentence" id="markable_462" span="word_7672" />
<markable mmax_level="sentence" id="markable_463" span="word_7673" />
<markable mmax_level="sentence" id="markable_464" span="word_7674" />
<markable mmax_level="sentence" id="markable_465" span="word_7675..word_7693" />
<markable mmax_level="sentence" id="markable_466" span="word_7694..word_7713" />
<markable mmax_level="sentence" id="markable_467" span="word_7714..word_7724" />
<markable mmax_level="sentence" id="markable_468" span="word_7725..word_7744" />
<markable mmax_level="sentence" id="markable_469" span="word_7745..word_7768" />
<markable mmax_level="sentence" id="markable_470" span="word_7769..word_7789" />
<markable mmax_level="sentence" id="markable_471" span="word_7790..word_7813" />
<markable mmax_level="sentence" id="markable_472" span="word_7814..word_7832" />
<markable mmax_level="sentence" id="markable_473" span="word_7833..word_7862" />
<markable mmax_level="sentence" id="markable_474" span="word_7863..word_7875" />
<markable mmax_level="sentence" id="markable_475" span="word_7876..word_7902" />
<markable mmax_level="sentence" id="markable_476" span="word_7903..word_7918" />
<markable mmax_level="sentence" id="markable_477" span="word_7919" />
<markable mmax_level="sentence" id="markable_478" span="word_7920" />
<markable mmax_level="sentence" id="markable_479" span="word_7921" />
<markable mmax_level="sentence" id="markable_480" span="word_7922..word_7943" />
<markable mmax_level="sentence" id="markable_481" span="word_7944..word_7955" />
<markable mmax_level="sentence" id="markable_482" span="word_7956..word_7977" />
<markable mmax_level="sentence" id="markable_483" span="word_7978..word_7996" />
<markable mmax_level="sentence" id="markable_484" span="word_7997..word_8014" />
<markable mmax_level="sentence" id="markable_485" span="word_8015..word_8032" />
<markable mmax_level="sentence" id="markable_486" span="word_8033..word_8038" />
<markable mmax_level="sentence" id="markable_487" span="word_8039..word_8050" />
<markable mmax_level="sentence" id="markable_488" span="word_8051..word_8093" />
<markable mmax_level="sentence" id="markable_489" span="word_8094..word_8115" />
<markable mmax_level="sentence" id="markable_490" span="word_8116..word_8156" />
<markable mmax_level="sentence" id="markable_491" span="word_8157..word_8201" />
<markable mmax_level="sentence" id="markable_492" span="word_8202..word_8203" />
<markable mmax_level="sentence" id="markable_493" span="word_8204" />
<markable mmax_level="sentence" id="markable_494" span="word_8205" />
<markable mmax_level="sentence" id="markable_495" span="word_8206..word_8233" />
<markable mmax_level="sentence" id="markable_496" span="word_8234..word_8250" />
<markable mmax_level="sentence" id="markable_497" span="word_8251..word_8258" />
<markable mmax_level="sentence" id="markable_498" span="word_8259..word_8269" />
<markable mmax_level="sentence" id="markable_499" span="word_8270..word_8282" />
<markable mmax_level="sentence" id="markable_500" span="word_8283..word_8306" />
<markable mmax_level="sentence" id="markable_501" span="word_8307..word_8326" />
<markable mmax_level="sentence" id="markable_502" span="word_8327..word_8330" />
<markable mmax_level="sentence" id="markable_503" span="word_8331..word_8349" />
<markable mmax_level="sentence" id="markable_504" span="word_8350..word_8380" />
<markable mmax_level="sentence" id="markable_505" span="word_8381..word_8431" />
<markable mmax_level="sentence" id="markable_506" span="word_8432..word_8441" />
<markable mmax_level="sentence" id="markable_507" span="word_8442..word_8449" />
<markable mmax_level="sentence" id="markable_508" span="word_8450..word_8488" />
<markable mmax_level="sentence" id="markable_509" span="word_8489..word_8494" />
<markable mmax_level="sentence" id="markable_510" span="word_8495" />
<markable mmax_level="sentence" id="markable_511" span="word_8496" />
<markable mmax_level="sentence" id="markable_512" span="word_8497" />
<markable mmax_level="sentence" id="markable_513" span="word_8498..word_8507" />
<markable mmax_level="sentence" id="markable_514" span="word_8508..word_8509" />
<markable mmax_level="sentence" id="markable_515" span="word_8510..word_8511" />
<markable mmax_level="sentence" id="markable_516" span="word_8512..word_8517" />
<markable mmax_level="sentence" id="markable_517" span="word_8518..word_8524" />
<markable mmax_level="sentence" id="markable_518" span="word_8525..word_8544" />
<markable mmax_level="sentence" id="markable_519" span="word_8545..word_8560" />
<markable mmax_level="sentence" id="markable_520" span="word_8561..word_8590" />
<markable mmax_level="sentence" id="markable_521" span="word_8591..word_8627" />
<markable mmax_level="sentence" id="markable_522" span="word_8628..word_8645" />
<markable mmax_level="sentence" id="markable_523" span="word_8646..word_8678" />
<markable mmax_level="sentence" id="markable_524" span="word_8679..word_8687" />
<markable mmax_level="sentence" id="markable_525" span="word_8688..word_8709" />
<markable mmax_level="sentence" id="markable_526" span="word_8710..word_8714" />
<markable mmax_level="sentence" id="markable_527" span="word_8715..word_8750" />
<markable mmax_level="sentence" id="markable_528" span="word_8751..word_8766" />
<markable mmax_level="sentence" id="markable_529" span="word_8767..word_8777" />
<markable mmax_level="sentence" id="markable_530" span="word_8778..word_8781" />
<markable mmax_level="sentence" id="markable_531" span="word_8782" />
<markable mmax_level="sentence" id="markable_532" span="word_8783" />
<markable mmax_level="sentence" id="markable_533" span="word_8784..word_8818" />
<markable mmax_level="sentence" id="markable_534" span="word_8819..word_8837" />
<markable mmax_level="sentence" id="markable_535" span="word_8838..word_8869" />
<markable mmax_level="sentence" id="markable_536" span="word_8870..word_8891" />
<markable mmax_level="sentence" id="markable_537" span="word_8892..word_8907" />
<markable mmax_level="sentence" id="markable_538" span="word_8908..word_8941" />
<markable mmax_level="sentence" id="markable_539" span="word_8942..word_8950" />
<markable mmax_level="sentence" id="markable_540" span="word_8951..word_8973" />
<markable mmax_level="sentence" id="markable_541" span="word_8974..word_8996" />
<markable mmax_level="sentence" id="markable_542" span="word_8997..word_9004" />
<markable mmax_level="sentence" id="markable_543" span="word_9005..word_9044" />
<markable mmax_level="sentence" id="markable_544" span="word_9045..word_9059" />
<markable mmax_level="sentence" id="markable_545" span="word_9060..word_9061" />
<markable mmax_level="sentence" id="markable_546" span="word_9062..word_9067" />
<markable mmax_level="sentence" id="markable_547" span="word_9068..word_9073" />
<markable mmax_level="sentence" id="markable_548" span="word_9074..word_9083" />
<markable mmax_level="sentence" id="markable_549" span="word_9084..word_9085" />
<markable mmax_level="sentence" id="markable_550" span="word_9086..word_9088" />
<markable mmax_level="sentence" id="markable_551" span="word_9089..word_9099" />
<markable mmax_level="sentence" id="markable_552" span="word_9100..word_9102" />
<markable mmax_level="sentence" id="markable_553" span="word_9103" />
<markable mmax_level="sentence" id="markable_554" span="word_9104" />
<markable mmax_level="sentence" id="markable_555" span="word_9105..word_9118" />
<markable mmax_level="sentence" id="markable_556" span="word_9119..word_9140" />
<markable mmax_level="sentence" id="markable_557" span="word_9141..word_9146" />
<markable mmax_level="sentence" id="markable_558" span="word_9147..word_9189" />
<markable mmax_level="sentence" id="markable_559" span="word_9190..word_9230" />
<markable mmax_level="sentence" id="markable_560" span="word_9231..word_9257" />
<markable mmax_level="sentence" id="markable_561" span="word_9258..word_9284" />
<markable mmax_level="sentence" id="markable_562" span="word_9285..word_9303" />
<markable mmax_level="sentence" id="markable_563" span="word_9304..word_9319" />
<markable mmax_level="sentence" id="markable_564" span="word_9320..word_9322" />
<markable mmax_level="sentence" id="markable_565" span="word_9323..word_9344" />
<markable mmax_level="sentence" id="markable_566" span="word_9345..word_9359" />
<markable mmax_level="sentence" id="markable_567" span="word_9360..word_9368" />
<markable mmax_level="sentence" id="markable_568" span="word_9369..word_9380" />
<markable mmax_level="sentence" id="markable_569" span="word_9381..word_9388" />
<markable mmax_level="sentence" id="markable_570" span="word_9389" />
<markable mmax_level="sentence" id="markable_571" span="word_9390" />
<markable mmax_level="sentence" id="markable_572" span="word_9391" />
<markable mmax_level="sentence" id="markable_573" span="word_9392..word_9399" />
<markable mmax_level="sentence" id="markable_574" span="word_9400..word_9416" />
<markable mmax_level="sentence" id="markable_575" span="word_9417..word_9430" />
<markable mmax_level="sentence" id="markable_576" span="word_9431..word_9469" />
<markable mmax_level="sentence" id="markable_577" span="word_9470..word_9471" />
<markable mmax_level="sentence" id="markable_578" span="word_9472..word_9473" />
<markable mmax_level="sentence" id="markable_579" span="word_9474..word_9491" />
<markable mmax_level="sentence" id="markable_580" span="word_9492..word_9503" />
<markable mmax_level="sentence" id="markable_581" span="word_9504..word_9527" />
<markable mmax_level="sentence" id="markable_582" span="word_9528..word_9566" />
<markable mmax_level="sentence" id="markable_583" span="word_9567..word_9611" />
<markable mmax_level="sentence" id="markable_584" span="word_9612..word_9624" />
<markable mmax_level="sentence" id="markable_585" span="word_9625..word_9659" />
<markable mmax_level="sentence" id="markable_586" span="word_9660" />
<markable mmax_level="sentence" id="markable_587" span="word_9661..word_9666" />
<markable mmax_level="sentence" id="markable_588" span="word_9667..word_9676" />
<markable mmax_level="sentence" id="markable_589" span="word_9677..word_9706" />
<markable mmax_level="sentence" id="markable_590" span="word_9707..word_9724" />
<markable mmax_level="sentence" id="markable_591" span="word_9725..word_9742" />
<markable mmax_level="sentence" id="markable_592" span="word_9743..word_9751" />
<markable mmax_level="sentence" id="markable_593" span="word_9752..word_9770" />
<markable mmax_level="sentence" id="markable_594" span="word_9771..word_9806" />
<markable mmax_level="sentence" id="markable_595" span="word_9807..word_9824" />
<markable mmax_level="sentence" id="markable_596" span="word_9825..word_9841" />
<markable mmax_level="sentence" id="markable_597" span="word_9842..word_9855" />
<markable mmax_level="sentence" id="markable_598" span="word_9856..word_9865" />
<markable mmax_level="sentence" id="markable_599" span="word_9866..word_9867" />
<markable mmax_level="sentence" id="markable_600" span="word_9868..word_9878" />
<markable mmax_level="sentence" id="markable_601" span="word_9879..word_9889" />
<markable mmax_level="sentence" id="markable_602" span="word_9890..word_9901" />
<markable mmax_level="sentence" id="markable_603" span="word_9902..word_9909" />
<markable mmax_level="sentence" id="markable_604" span="word_9910..word_9921" />
<markable mmax_level="sentence" id="markable_605" span="word_9922..word_9928" />
<markable mmax_level="sentence" id="markable_606" span="word_9929" />
<markable mmax_level="sentence" id="markable_607" span="word_9930" />
<markable mmax_level="sentence" id="markable_608" span="word_9931" />
<markable mmax_level="sentence" id="markable_609" span="word_9932..word_9964" />
<markable mmax_level="sentence" id="markable_610" span="word_9965..word_9989" />
<markable mmax_level="sentence" id="markable_611" span="word_9990..word_9994" />
<markable mmax_level="sentence" id="markable_612" span="word_9995..word_10012" />
<markable mmax_level="sentence" id="markable_613" span="word_10013..word_10044" />
<markable mmax_level="sentence" id="markable_614" span="word_10045..word_10100" />
<markable mmax_level="sentence" id="markable_615" span="word_10101..word_10122" />
<markable mmax_level="sentence" id="markable_616" span="word_10123..word_10146" />
<markable mmax_level="sentence" id="markable_617" span="word_10147..word_10162" />
<markable mmax_level="sentence" id="markable_618" span="word_10163..word_10196" />
<markable mmax_level="sentence" id="markable_619" span="word_10197..word_10217" />
<markable mmax_level="sentence" id="markable_620" span="word_10218..word_10219" />
<markable mmax_level="sentence" id="markable_621" span="word_10220" />
<markable mmax_level="sentence" id="markable_622" span="word_10221" />
<markable mmax_level="sentence" id="markable_623" span="word_10222..word_10234" />
<markable mmax_level="sentence" id="markable_624" span="word_10235..word_10259" />
<markable mmax_level="sentence" id="markable_625" span="word_10260..word_10264" />
<markable mmax_level="sentence" id="markable_626" span="word_10265..word_10294" />
<markable mmax_level="sentence" id="markable_627" span="word_10295..word_10327" />
<markable mmax_level="sentence" id="markable_628" span="word_10328..word_10365" />
<markable mmax_level="sentence" id="markable_629" span="word_10366..word_10381" />
<markable mmax_level="sentence" id="markable_630" span="word_10382..word_10383" />
<markable mmax_level="sentence" id="markable_631" span="word_10384..word_10389" />
<markable mmax_level="sentence" id="markable_632" span="word_10390..word_10409" />
<markable mmax_level="sentence" id="markable_633" span="word_10410..word_10427" />
<markable mmax_level="sentence" id="markable_634" span="word_10428..word_10447" />
<markable mmax_level="sentence" id="markable_635" span="word_10448..word_10462" />
<markable mmax_level="sentence" id="markable_636" span="word_10463..word_10490" />
<markable mmax_level="sentence" id="markable_637" span="word_10491..word_10496" />
<markable mmax_level="sentence" id="markable_638" span="word_10497" />
<markable mmax_level="sentence" id="markable_639" span="word_10498" />
<markable mmax_level="sentence" id="markable_640" span="word_10499..word_10534" />
<markable mmax_level="sentence" id="markable_641" span="word_10535..word_10566" />
<markable mmax_level="sentence" id="markable_642" span="word_10567..word_10588" />
<markable mmax_level="sentence" id="markable_643" span="word_10589..word_10593" />
<markable mmax_level="sentence" id="markable_644" span="word_10594..word_10622" />
<markable mmax_level="sentence" id="markable_645" span="word_10623..word_10648" />
<markable mmax_level="sentence" id="markable_646" span="word_10649..word_10662" />
<markable mmax_level="sentence" id="markable_647" span="word_10663..word_10687" />
<markable mmax_level="sentence" id="markable_648" span="word_10688..word_10709" />
<markable mmax_level="sentence" id="markable_649" span="word_10710..word_10719" />
<markable mmax_level="sentence" id="markable_650" span="word_10720..word_10761" />
<markable mmax_level="sentence" id="markable_651" span="word_10762..word_10773" />
<markable mmax_level="sentence" id="markable_652" span="word_10774" />
<markable mmax_level="sentence" id="markable_653" span="word_10775" />
<markable mmax_level="sentence" id="markable_654" span="word_10776" />
<markable mmax_level="sentence" id="markable_655" span="word_10777..word_10788" />
<markable mmax_level="sentence" id="markable_656" span="word_10789..word_10806" />
<markable mmax_level="sentence" id="markable_657" span="word_10807..word_10833" />
<markable mmax_level="sentence" id="markable_658" span="word_10834..word_10859" />
<markable mmax_level="sentence" id="markable_659" span="word_10860..word_10902" />
<markable mmax_level="sentence" id="markable_660" span="word_10903..word_10913" />
<markable mmax_level="sentence" id="markable_661" span="word_10914..word_10920" />
<markable mmax_level="sentence" id="markable_662" span="word_10921..word_10970" />
<markable mmax_level="sentence" id="markable_663" span="word_10971..word_10995" />
<markable mmax_level="sentence" id="markable_664" span="word_10996..word_11003" />
<markable mmax_level="sentence" id="markable_665" span="word_11004..word_11021" />
<markable mmax_level="sentence" id="markable_666" span="word_11022..word_11043" />
<markable mmax_level="sentence" id="markable_667" span="word_11044..word_11057" />
<markable mmax_level="sentence" id="markable_668" span="word_11058" />
<markable mmax_level="sentence" id="markable_669" span="word_11059" />
<markable mmax_level="sentence" id="markable_670" span="word_11060" />
<markable mmax_level="sentence" id="markable_671" span="word_11061..word_11068" />
<markable mmax_level="sentence" id="markable_672" span="word_11069..word_11084" />
<markable mmax_level="sentence" id="markable_673" span="word_11085..word_11125" />
<markable mmax_level="sentence" id="markable_674" span="word_11126..word_11152" />
<markable mmax_level="sentence" id="markable_675" span="word_11153..word_11185" />
<markable mmax_level="sentence" id="markable_676" span="word_11186..word_11214" />
<markable mmax_level="sentence" id="markable_677" span="word_11215..word_11240" />
<markable mmax_level="sentence" id="markable_678" span="word_11241..word_11275" />
<markable mmax_level="sentence" id="markable_679" span="word_11276..word_11312" />
<markable mmax_level="sentence" id="markable_680" span="word_11313..word_11340" />
<markable mmax_level="sentence" id="markable_681" span="word_11341..word_11343" />
<markable mmax_level="sentence" id="markable_682" span="word_11344..word_11346" />
<markable mmax_level="sentence" id="markable_683" span="word_11347" />
<markable mmax_level="sentence" id="markable_684" span="word_11348" />
<markable mmax_level="sentence" id="markable_685" span="word_11349..word_11376" />
<markable mmax_level="sentence" id="markable_686" span="word_11377..word_11388" />
<markable mmax_level="sentence" id="markable_687" span="word_11389..word_11403" />
<markable mmax_level="sentence" id="markable_688" span="word_11404..word_11455" />
<markable mmax_level="sentence" id="markable_689" span="word_11456..word_11484" />
<markable mmax_level="sentence" id="markable_690" span="word_11485..word_11513" />
<markable mmax_level="sentence" id="markable_691" span="word_11514..word_11557" />
<markable mmax_level="sentence" id="markable_692" span="word_11558..word_11559" />
<markable mmax_level="sentence" id="markable_693" span="word_11560..word_11594" />
<markable mmax_level="sentence" id="markable_694" span="word_11595..word_11614" />
<markable mmax_level="sentence" id="markable_695" span="word_11615..word_11618" />
<markable mmax_level="sentence" id="markable_696" span="word_11619" />
<markable mmax_level="sentence" id="markable_697" span="word_11620" />
<markable mmax_level="sentence" id="markable_698" span="word_11621..word_11624" />
<markable mmax_level="sentence" id="markable_699" span="word_11625..word_11638" />
<markable mmax_level="sentence" id="markable_700" span="word_11639..word_11656" />
<markable mmax_level="sentence" id="markable_701" span="word_11657..word_11679" />
<markable mmax_level="sentence" id="markable_702" span="word_11680..word_11716" />
<markable mmax_level="sentence" id="markable_703" span="word_11717..word_11758" />
<markable mmax_level="sentence" id="markable_704" span="word_11759..word_11781" />
<markable mmax_level="sentence" id="markable_705" span="word_11782..word_11811" />
<markable mmax_level="sentence" id="markable_706" span="word_11812..word_11830" />
<markable mmax_level="sentence" id="markable_707" span="word_11831..word_11853" />
<markable mmax_level="sentence" id="markable_708" span="word_11854..word_11867" />
<markable mmax_level="sentence" id="markable_709" span="word_11868" />
<markable mmax_level="sentence" id="markable_710" span="word_11869" />
<markable mmax_level="sentence" id="markable_711" span="word_11870" />
<markable mmax_level="sentence" id="markable_712" span="word_11871" />
<markable mmax_level="sentence" id="markable_713" span="word_11872..word_11885" />
<markable mmax_level="sentence" id="markable_714" span="word_11886..word_11912" />
<markable mmax_level="sentence" id="markable_715" span="word_11913..word_11953" />
<markable mmax_level="sentence" id="markable_716" span="word_11954..word_11966" />
<markable mmax_level="sentence" id="markable_717" span="word_11967..word_11987" />
<markable mmax_level="sentence" id="markable_718" span="word_11988..word_12023" />
<markable mmax_level="sentence" id="markable_719" span="word_12024..word_12042" />
<markable mmax_level="sentence" id="markable_720" span="word_12043..word_12058" />
<markable mmax_level="sentence" id="markable_721" span="word_12059..word_12073" />
<markable mmax_level="sentence" id="markable_722" span="word_12074..word_12097" />
<markable mmax_level="sentence" id="markable_723" span="word_12098..word_12111" />
<markable mmax_level="sentence" id="markable_724" span="word_12112" />
<markable mmax_level="sentence" id="markable_725" span="word_12113" />
<markable mmax_level="sentence" id="markable_726" span="word_12114" />
<markable mmax_level="sentence" id="markable_727" span="word_12115..word_12118" />
<markable mmax_level="sentence" id="markable_728" span="word_12119..word_12147" />
<markable mmax_level="sentence" id="markable_729" span="word_12148..word_12164" />
<markable mmax_level="sentence" id="markable_730" span="word_12165..word_12178" />
<markable mmax_level="sentence" id="markable_731" span="word_12179..word_12198" />
<markable mmax_level="sentence" id="markable_732" span="word_12199..word_12218" />
<markable mmax_level="sentence" id="markable_733" span="word_12219..word_12239" />
<markable mmax_level="sentence" id="markable_734" span="word_12240..word_12244" />
<markable mmax_level="sentence" id="markable_735" span="word_12245..word_12283" />
<markable mmax_level="sentence" id="markable_736" span="word_12284..word_12301" />
<markable mmax_level="sentence" id="markable_737" span="word_12302..word_12309" />
<markable mmax_level="sentence" id="markable_738" span="word_12310..word_12366" />
<markable mmax_level="sentence" id="markable_739" span="word_12367" />
<markable mmax_level="sentence" id="markable_740" span="word_12368" />
<markable mmax_level="sentence" id="markable_741" span="word_12369" />
<markable mmax_level="sentence" id="markable_742" span="word_12370..word_12371" />
<markable mmax_level="sentence" id="markable_743" span="word_12372..word_12379" />
<markable mmax_level="sentence" id="markable_744" span="word_12380..word_12418" />
<markable mmax_level="sentence" id="markable_745" span="word_12419..word_12459" />
<markable mmax_level="sentence" id="markable_746" span="word_12460..word_12483" />
<markable mmax_level="sentence" id="markable_747" span="word_12484..word_12504" />
<markable mmax_level="sentence" id="markable_748" span="word_12505..word_12535" />
<markable mmax_level="sentence" id="markable_749" span="word_12536..word_12577" />
<markable mmax_level="sentence" id="markable_750" span="word_12578..word_12592" />
<markable mmax_level="sentence" id="markable_751" span="word_12593..word_12605" />
<markable mmax_level="sentence" id="markable_752" span="word_12606..word_12631" />
<markable mmax_level="sentence" id="markable_753" span="word_12632" />
<markable mmax_level="sentence" id="markable_754" span="word_12633" />
<markable mmax_level="sentence" id="markable_755" span="word_12634" />
<markable mmax_level="sentence" id="markable_756" span="word_12635..word_12660" />
<markable mmax_level="sentence" id="markable_757" span="word_12661..word_12667" />
<markable mmax_level="sentence" id="markable_758" span="word_12668..word_12689" />
<markable mmax_level="sentence" id="markable_759" span="word_12690..word_12727" />
<markable mmax_level="sentence" id="markable_760" span="word_12728..word_12752" />
<markable mmax_level="sentence" id="markable_761" span="word_12753..word_12768" />
<markable mmax_level="sentence" id="markable_762" span="word_12769..word_12778" />
<markable mmax_level="sentence" id="markable_763" span="word_12779..word_12792" />
<markable mmax_level="sentence" id="markable_764" span="word_12793..word_12827" />
<markable mmax_level="sentence" id="markable_765" span="word_12828..word_12838" />
<markable mmax_level="sentence" id="markable_766" span="word_12839..word_12855" />
<markable mmax_level="sentence" id="markable_767" span="word_12856..word_12875" />
<markable mmax_level="sentence" id="markable_768" span="word_12876..word_12898" />
<markable mmax_level="sentence" id="markable_769" span="word_12899..word_12902" />
<markable mmax_level="sentence" id="markable_770" span="word_12903" />
<markable mmax_level="sentence" id="markable_771" span="word_12904..word_12913" />
<markable mmax_level="sentence" id="markable_772" span="word_12914..word_12936" />
<markable mmax_level="sentence" id="markable_773" span="word_12937..word_12945" />
<markable mmax_level="sentence" id="markable_774" span="word_12946..word_12960" />
<markable mmax_level="sentence" id="markable_775" span="word_12961..word_12987" />
<markable mmax_level="sentence" id="markable_776" span="word_12988..word_13005" />
<markable mmax_level="sentence" id="markable_777" span="word_13006..word_13016" />
<markable mmax_level="sentence" id="markable_778" span="word_13017..word_13022" />
<markable mmax_level="sentence" id="markable_779" span="word_13023..word_13032" />
<markable mmax_level="sentence" id="markable_780" span="word_13033..word_13080" />
<markable mmax_level="sentence" id="markable_781" span="word_13081..word_13087" />
<markable mmax_level="sentence" id="markable_782" span="word_13088..word_13116" />
<markable mmax_level="sentence" id="markable_783" span="word_13117..word_13144" />
<markable mmax_level="sentence" id="markable_784" span="word_13145..word_13150" />
<markable mmax_level="sentence" id="markable_785" span="word_13151..word_13155" />
<markable mmax_level="sentence" id="markable_786" span="word_13156..word_13223" />
<markable mmax_level="sentence" id="markable_787" span="word_13224..word_13250" />
<markable mmax_level="sentence" id="markable_788" span="word_13251..word_13255" />
<markable mmax_level="sentence" id="markable_789" span="word_13256..word_13265" />
<markable mmax_level="sentence" id="markable_790" span="word_13266..word_13277" />
<markable mmax_level="sentence" id="markable_791" span="word_13278..word_13280" />
<markable mmax_level="sentence" id="markable_792" span="word_13281..word_13296" />
<markable mmax_level="sentence" id="markable_793" span="word_13297..word_13304" />
<markable mmax_level="sentence" id="markable_794" span="word_13305..word_13322" />
<markable mmax_level="sentence" id="markable_795" span="word_13323..word_13346" />
<markable mmax_level="sentence" id="markable_796" span="word_13347..word_13366" />
<markable mmax_level="sentence" id="markable_797" span="word_13367..word_13369" />
<markable mmax_level="sentence" id="markable_798" span="word_13370..word_13373" />
<markable mmax_level="sentence" id="markable_799" span="word_13374..word_13386" />
<markable mmax_level="sentence" id="markable_800" span="word_13387..word_13391" />
<markable mmax_level="sentence" id="markable_801" span="word_13392..word_13424" />
<markable mmax_level="sentence" id="markable_802" span="word_13425..word_13430" />
<markable mmax_level="sentence" id="markable_803" span="word_13431..word_13433" />
<markable mmax_level="sentence" id="markable_804" span="word_13434..word_13439" />
</markables>