<?xml version="1.0" encoding="UTF-8"?>
<!DOCTYPE markables SYSTEM "markables.dtd">
<markables xmlns="www.eml.org/NameSpaces/coref">
<markable id="markable_1" span="word_1..word_2" coref_class="empty" category="person" mmax_level="coref"  rule="none"  type="none"/>
<markable id="markable_2" span="word_3..word_6" coref_class="empty" category="organization" mmax_level="coref"  rule="none"  type="none"/>
<markable id="markable_3" span="word_17..word_20" coref_class="empty" category="organization" mmax_level="coref"  rule="none"  type="none"/>
<markable id="markable_4" span="word_24..word_25" coref_class="empty" category="profession" mmax_level="coref"  rule="none"  type="none"/>
<markable id="markable_5" span="word_26..word_27" coref_class="empty" category="person" mmax_level="coref"  rule="none"  type="none"/>
<markable id="markable_6" span="word_32..word_33" coref_class="empty" category="person" mmax_level="coref"  rule="none"  type="none"/>
<markable id="markable_7" span="word_38..word_39" coref_class="empty" category="organization" mmax_level="coref"  rule="none"  type="none"/>
<markable id="markable_8" span="word_40..word_41" coref_class="empty" category="person" mmax_level="coref"  rule="none"  type="none"/>
<markable id="markable_9" span="word_43..word_44" coref_class="empty" category="person" mmax_level="coref"  rule="none"  type="none"/>
<markable id="markable_10" span="word_46..word_47" coref_class="empty" category="person" mmax_level="coref"  rule="none"  type="none"/>
<markable id="markable_11" span="word_51..word_52" coref_class="empty" category="person" mmax_level="coref"  rule="none"  type="none"/>
<markable id="markable_12" span="word_54..word_55" coref_class="empty" category="person" mmax_level="coref"  rule="none"  type="none"/>
<markable id="markable_13" span="word_61..word_62" coref_class="empty" category="person" mmax_level="coref"  rule="none"  type="none"/>
<markable id="markable_14" span="word_68..word_69" coref_class="empty" category="person" mmax_level="coref"  rule="none"  type="none"/>
<markable id="markable_15" span="word_70..word_73" coref_class="empty" category="organization" mmax_level="coref"  rule="none"  type="none"/>
<markable id="markable_16" span="word_74..word_75" coref_class="empty" category="location" mmax_level="coref"  rule="none"  type="none"/>
<markable id="markable_17" span="word_83" coref_class="empty" category="location" mmax_level="coref"  rule="none"  type="none"/>
<markable id="markable_18" span="word_87" coref_class="empty" category="location" mmax_level="coref"  rule="none"  type="none"/>
<markable id="markable_19" span="word_97..word_98" coref_class="empty" category="time" mmax_level="coref"  rule="none"  type="none"/>
<markable id="markable_20" span="word_100" coref_class="empty" category="location" mmax_level="coref"  rule="none"  type="none"/>
<markable id="markable_21" span="word_101" coref_class="empty" category="profession" mmax_level="coref"  rule="none"  type="none"/>
<markable id="markable_22" span="word_120..word_121" coref_class="empty" category="organization" mmax_level="coref"  rule="none"  type="none"/>
<markable id="markable_23" span="word_130..word_131" coref_class="empty" category="location" mmax_level="coref"  rule="none"  type="none"/>
<markable id="markable_24" span="word_134" coref_class="empty" category="profession" mmax_level="coref"  rule="none"  type="none"/>
<markable id="markable_25" span="word_135..word_137" coref_class="empty" category="person" mmax_level="coref"  rule="none"  type="none"/>
<markable id="markable_26" span="word_139" coref_class="empty" category="person" mmax_level="coref"  rule="none"  type="none"/>
<markable id="markable_27" span="word_142..word_143" coref_class="empty" category="profession" mmax_level="coref"  rule="none"  type="none"/>
<markable id="markable_28" span="word_144..word_145" coref_class="empty" category="person" mmax_level="coref"  rule="none"  type="none"/>
<markable id="markable_29" span="word_149..word_150" coref_class="empty" category="location" mmax_level="coref"  rule="none"  type="none"/>
<markable id="markable_30" span="word_153" coref_class="empty" category="location" mmax_level="coref"  rule="none"  type="none"/>
<markable id="markable_31" span="word_155..word_156" coref_class="empty" category="location" mmax_level="coref"  rule="none"  type="none"/>
<markable id="markable_32" span="word_161" coref_class="empty" category="location" mmax_level="coref"  rule="none"  type="none"/>
<markable id="markable_33" span="word_164..word_165" coref_class="empty" category="time" mmax_level="coref"  rule="none"  type="none"/>
<markable id="markable_34" span="word_168..word_169" coref_class="empty" category="person" mmax_level="coref"  rule="none"  type="none"/>
<markable id="markable_35" span="word_171..word_173" coref_class="empty" category="profession" mmax_level="coref"  rule="none"  type="none"/>
<markable id="markable_36" span="word_174..word_175" coref_class="empty" category="person" mmax_level="coref"  rule="none"  type="none"/>
<markable id="markable_37" span="word_181" coref_class="empty" category="location" mmax_level="coref"  rule="none"  type="none"/>
<markable id="markable_38" span="word_183..word_184" coref_class="empty" category="time" mmax_level="coref"  rule="none"  type="none"/>
<markable id="markable_39" span="word_186..word_187" coref_class="empty" category="person" mmax_level="coref"  rule="none"  type="none"/>
<markable id="markable_40" span="word_189" coref_class="empty" category="time" mmax_level="coref"  rule="none"  type="none"/>
<markable id="markable_41" span="word_191" coref_class="empty" category="time" mmax_level="coref"  rule="none"  type="none"/>
<markable id="markable_42" span="word_197..word_198" coref_class="empty" category="location" mmax_level="coref"  rule="none"  type="none"/>
<markable id="markable_43" span="word_210..word_212" coref_class="empty" category="location" mmax_level="coref"  rule="none"  type="none"/>
<markable id="markable_44" span="word_224" coref_class="empty" category="location" mmax_level="coref"  rule="none"  type="none"/>
<markable id="markable_45" span="word_226..word_227" coref_class="empty" category="person" mmax_level="coref"  rule="none"  type="none"/>
<markable id="markable_46" span="word_230..word_232" coref_class="empty" category="person" mmax_level="coref"  rule="none"  type="none"/>
<markable id="markable_47" span="word_235..word_236" coref_class="empty" category="time" mmax_level="coref"  rule="none"  type="none"/>
<markable id="markable_48" span="word_242..word_243" coref_class="empty" category="time" mmax_level="coref"  rule="none"  type="none"/>
<markable id="markable_49" span="word_252..word_253" coref_class="empty" category="time" mmax_level="coref"  rule="none"  type="none"/>
<markable id="markable_50" span="word_272..word_273" coref_class="empty" category="person" mmax_level="coref"  rule="none"  type="none"/>
<markable id="markable_51" span="word_277" coref_class="empty" category="location" mmax_level="coref"  rule="none"  type="none"/>
<markable id="markable_52" span="word_313..word_314" coref_class="empty" category="location" mmax_level="coref"  rule="none"  type="none"/>
<markable id="markable_53" span="word_321..word_322" coref_class="empty" category="time" mmax_level="coref"  rule="none"  type="none"/>
<markable id="markable_54" span="word_325..word_326" coref_class="empty" category="location" mmax_level="coref"  rule="none"  type="none"/>
<markable id="markable_55" span="word_332" coref_class="empty" category="profession" mmax_level="coref"  rule="none"  type="none"/>
<markable id="markable_56" span="word_334" coref_class="empty" category="profession" mmax_level="coref"  rule="none"  type="none"/>
<markable id="markable_57" span="word_343..word_346" coref_class="empty" category="time" mmax_level="coref"  rule="none"  type="none"/>
<markable id="markable_58" span="word_347..word_348" coref_class="empty" category="location" mmax_level="coref"  rule="none"  type="none"/>
<markable id="markable_59" span="word_360" coref_class="empty" category="profession" mmax_level="coref"  rule="none"  type="none"/>
<markable id="markable_60" span="word_361..word_362" coref_class="empty" category="person" mmax_level="coref"  rule="none"  type="none"/>
<markable id="markable_61" span="word_363..word_364" coref_class="empty" category="location" mmax_level="coref"  rule="none"  type="none"/>
<markable id="markable_62" span="word_385..word_387" coref_class="empty" category="organization" mmax_level="coref"  rule="none"  type="none"/>
<markable id="markable_63" span="word_409..word_410" coref_class="empty" category="organization" mmax_level="coref"  rule="none"  type="none"/>
<markable id="markable_64" span="word_414..word_415" coref_class="empty" category="organization" mmax_level="coref"  rule="none"  type="none"/>
<markable id="markable_65" span="word_421..word_422" coref_class="empty" category="person" mmax_level="coref"  rule="none"  type="none"/>
<markable id="markable_66" span="word_424..word_425" coref_class="empty" category="time" mmax_level="coref"  rule="none"  type="none"/>
<markable id="markable_67" span="word_432..word_433" coref_class="empty" category="time" mmax_level="coref"  rule="none"  type="none"/>
<markable id="markable_68" span="word_444" coref_class="empty" category="time" mmax_level="coref"  rule="none"  type="none"/>
<markable id="markable_69" span="word_448..word_449" coref_class="empty" category="time" mmax_level="coref"  rule="none"  type="none"/>
<markable id="markable_70" span="word_452..word_453" coref_class="empty" category="person" mmax_level="coref"  rule="none"  type="none"/>
<markable id="markable_71" span="word_467..word_468" coref_class="empty" category="profession" mmax_level="coref"  rule="none"  type="none"/>
<markable id="markable_72" span="word_469..word_470" coref_class="empty" category="person" mmax_level="coref"  rule="none"  type="none"/>
<markable id="markable_73" span="word_475" coref_class="empty" category="location" mmax_level="coref"  rule="none"  type="none"/>
<markable id="markable_74" span="word_496" coref_class="empty" category="profession" mmax_level="coref"  rule="none"  type="none"/>
<markable id="markable_75" span="word_497" coref_class="empty" category="person" mmax_level="coref"  rule="none"  type="none"/>
<markable id="markable_76" span="word_565" coref_class="empty" category="location" mmax_level="coref"  rule="none"  type="none"/>
<markable id="markable_77" span="word_596" coref_class="empty" category="profession" mmax_level="coref"  rule="none"  type="none"/>
<markable id="markable_78" span="word_610..word_611" coref_class="empty" category="organization" mmax_level="coref"  rule="none"  type="none"/>
<markable id="markable_79" span="word_616..word_617" coref_class="empty" category="location" mmax_level="coref"  rule="none"  type="none"/>
<markable id="markable_80" span="word_625..word_626" coref_class="empty" category="time" mmax_level="coref"  rule="none"  type="none"/>
<markable id="markable_81" span="word_657..word_658" coref_class="empty" category="time" mmax_level="coref"  rule="none"  type="none"/>
<markable id="markable_82" span="word_659..word_660" coref_class="empty" category="profession" mmax_level="coref"  rule="none"  type="none"/>
<markable id="markable_83" span="word_661..word_662" coref_class="empty" category="person" mmax_level="coref"  rule="none"  type="none"/>
<markable id="markable_84" span="word_674" coref_class="empty" category="location" mmax_level="coref"  rule="none"  type="none"/>
<markable id="markable_85" span="word_682..word_683" coref_class="empty" category="location" mmax_level="coref"  rule="none"  type="none"/>
<markable id="markable_86" span="word_684..word_685" coref_class="empty" category="time" mmax_level="coref"  rule="none"  type="none"/>
<markable id="markable_87" span="word_691..word_693" coref_class="empty" category="time" mmax_level="coref"  rule="none"  type="none"/>
<markable id="markable_88" span="word_695" coref_class="empty" category="profession" mmax_level="coref"  rule="none"  type="none"/>
<markable id="markable_89" span="word_696..word_697" coref_class="empty" category="person" mmax_level="coref"  rule="none"  type="none"/>
<markable id="markable_90" span="word_701..word_702" coref_class="empty" category="organization" mmax_level="coref"  rule="none"  type="none"/>
<markable id="markable_91" span="word_705..word_706" coref_class="empty" category="person" mmax_level="coref"  rule="none"  type="none"/>
<markable id="markable_92" span="word_716..word_717" coref_class="empty" category="person" mmax_level="coref"  rule="none"  type="none"/>
<markable id="markable_93" span="word_720" coref_class="empty" category="profession" mmax_level="coref"  rule="none"  type="none"/>
<markable id="markable_94" span="word_721..word_722" coref_class="empty" category="person" mmax_level="coref"  rule="none"  type="none"/>
<markable id="markable_95" span="word_743" coref_class="empty" category="person" mmax_level="coref"  rule="none"  type="none"/>
<markable id="markable_96" span="word_745" coref_class="empty" category="profession" mmax_level="coref"  rule="none"  type="none"/>
<markable id="markable_97" span="word_790" coref_class="empty" category="person" mmax_level="coref"  rule="none"  type="none"/>
<markable id="markable_98" span="word_803" coref_class="empty" category="location" mmax_level="coref"  rule="none"  type="none"/>
<markable id="markable_99" span="word_810" coref_class="empty" category="location" mmax_level="coref"  rule="none"  type="none"/>
<markable id="markable_100" span="word_813" coref_class="empty" category="person" mmax_level="coref"  rule="none"  type="none"/>
<markable id="markable_101" span="word_829" coref_class="empty" category="profession" mmax_level="coref"  rule="none"  type="none"/>
<markable id="markable_102" span="word_838" coref_class="empty" category="location" mmax_level="coref"  rule="none"  type="none"/>
<markable id="markable_103" span="word_858" coref_class="empty" category="person" mmax_level="coref"  rule="none"  type="none"/>
<markable id="markable_104" span="word_861..word_862" coref_class="empty" category="location" mmax_level="coref"  rule="none"  type="none"/>
<markable id="markable_105" span="word_879" coref_class="empty" category="person" mmax_level="coref"  rule="none"  type="none"/>
<markable id="markable_106" span="word_906" coref_class="empty" category="person" mmax_level="coref"  rule="none"  type="none"/>
<markable id="markable_107" span="word_954..word_955" coref_class="empty" category="person" mmax_level="coref"  rule="none"  type="none"/>
<markable id="markable_108" span="word_957..word_958" coref_class="empty" category="person" mmax_level="coref"  rule="none"  type="none"/>
<markable id="markable_109" span="word_960" coref_class="empty" category="time" mmax_level="coref"  rule="none"  type="none"/>
<markable id="markable_110" span="word_969..word_970" coref_class="empty" category="person" mmax_level="coref"  rule="none"  type="none"/>
<markable id="markable_111" span="word_1012..word_1013" coref_class="empty" category="person" mmax_level="coref"  rule="none"  type="none"/>
<markable id="markable_112" span="word_1143..word_1144" coref_class="empty" category="person" mmax_level="coref"  rule="none"  type="none"/>
<markable id="markable_113" span="word_1146..word_1147" coref_class="empty" category="person" mmax_level="coref"  rule="none"  type="none"/>
<markable id="markable_114" span="word_1148" coref_class="empty" category="time" mmax_level="coref"  rule="none"  type="none"/>
<markable id="markable_115" span="word_1163" coref_class="empty" category="profession" mmax_level="coref"  rule="none"  type="none"/>
<markable id="markable_116" span="word_1174" coref_class="empty" category="profession" mmax_level="coref"  rule="none"  type="none"/>
<markable id="markable_117" span="word_1186" coref_class="empty" category="organization" mmax_level="coref"  rule="none"  type="none"/>
<markable id="markable_118" span="word_1194" coref_class="empty" category="profession" mmax_level="coref"  rule="none"  type="none"/>
<markable id="markable_119" span="word_1197" coref_class="empty" category="organization" mmax_level="coref"  rule="none"  type="none"/>
<markable id="markable_120" span="word_1232" coref_class="empty" category="profession" mmax_level="coref"  rule="none"  type="none"/>
<markable id="markable_121" span="word_1243..word_1244" coref_class="empty" category="location" mmax_level="coref"  rule="none"  type="none"/>
<markable id="markable_122" span="word_1267" coref_class="empty" category="profession" mmax_level="coref"  rule="none"  type="none"/>
<markable id="markable_123" span="word_1280..word_1281" coref_class="empty" category="time" mmax_level="coref"  rule="none"  type="none"/>
<markable id="markable_124" span="word_1287" coref_class="empty" category="location" mmax_level="coref"  rule="none"  type="none"/>
<markable id="markable_125" span="word_1293..word_1294" coref_class="empty" category="time" mmax_level="coref"  rule="none"  type="none"/>
<markable id="markable_126" span="word_1325" coref_class="empty" category="profession" mmax_level="coref"  rule="none"  type="none"/>
<markable id="markable_127" span="word_1335..word_1337" coref_class="empty" category="product" mmax_level="coref"  rule="none"  type="none"/>
<markable id="markable_128" span="word_1387" coref_class="empty" category="profession" mmax_level="coref"  rule="none"  type="none"/>
<markable id="markable_129" span="word_1412..word_1413" coref_class="empty" category="time" mmax_level="coref"  rule="none"  type="none"/>
<markable id="markable_130" span="word_1426..word_1429" coref_class="empty" category="organization" mmax_level="coref"  rule="none"  type="none"/>
<markable id="markable_131" span="word_1435" coref_class="empty" category="profession" mmax_level="coref"  rule="none"  type="none"/>
<markable id="markable_132" span="word_1436..word_1437" coref_class="empty" category="person" mmax_level="coref"  rule="none"  type="none"/>
<markable id="markable_133" span="word_1442" coref_class="empty" category="profession" mmax_level="coref"  rule="none"  type="none"/>
<markable id="markable_134" span="word_1443..word_1445" coref_class="empty" category="person" mmax_level="coref"  rule="none"  type="none"/>
<markable id="markable_135" span="word_1447..word_1448" coref_class="empty" category="time" mmax_level="coref"  rule="none"  type="none"/>
<markable id="markable_136" span="word_1451" coref_class="empty" category="person" mmax_level="coref"  rule="none"  type="none"/>
<markable id="markable_137" span="word_1481..word_1483" coref_class="empty" category="organization" mmax_level="coref"  rule="none"  type="none"/>
<markable id="markable_138" span="word_1487..word_1488" coref_class="empty" category="time" mmax_level="coref"  rule="none"  type="none"/>
<markable id="markable_139" span="word_1490..word_1493" coref_class="empty" category="organization" mmax_level="coref"  rule="none"  type="none"/>
<markable id="markable_140" span="word_1496" coref_class="empty" category="location" mmax_level="coref"  rule="none"  type="none"/>
<markable id="markable_141" span="word_1517" coref_class="empty" category="person" mmax_level="coref"  rule="none"  type="none"/>
<markable id="markable_142" span="word_1622" coref_class="empty" category="person" mmax_level="coref"  rule="none"  type="none"/>
<markable id="markable_143" span="word_1625" coref_class="empty" category="profession" mmax_level="coref"  rule="none"  type="none"/>
<markable id="markable_144" span="word_1626" coref_class="empty" category="person" mmax_level="coref"  rule="none"  type="none"/>
<markable id="markable_145" span="word_1630" coref_class="empty" category="profession" mmax_level="coref"  rule="none"  type="none"/>
<markable id="markable_146" span="word_1631..word_1633" coref_class="empty" category="person" mmax_level="coref"  rule="none"  type="none"/>
<markable id="markable_147" span="word_1646" coref_class="empty" category="person" mmax_level="coref"  rule="none"  type="none"/>
<markable id="markable_148" span="word_1651" coref_class="empty" category="person" mmax_level="coref"  rule="none"  type="none"/>
<markable id="markable_149" span="word_1660" coref_class="empty" category="person" mmax_level="coref"  rule="none"  type="none"/>
<markable id="markable_150" span="word_1662" coref_class="empty" category="person" mmax_level="coref"  rule="none"  type="none"/>
<markable id="markable_151" span="word_1672" coref_class="empty" category="profession" mmax_level="coref"  rule="none"  type="none"/>
<markable id="markable_152" span="word_1677" coref_class="empty" category="profession" mmax_level="coref"  rule="none"  type="none"/>
<markable id="markable_153" span="word_1678" coref_class="empty" category="person" mmax_level="coref"  rule="none"  type="none"/>
<markable id="markable_154" span="word_1688" coref_class="empty" category="profession" mmax_level="coref"  rule="none"  type="none"/>
<markable id="markable_155" span="word_1690" coref_class="empty" category="profession" mmax_level="coref"  rule="none"  type="none"/>
<markable id="markable_156" span="word_1691..word_1693" coref_class="empty" category="person" mmax_level="coref"  rule="none"  type="none"/>
<markable id="markable_157" span="word_1745" coref_class="empty" category="person" mmax_level="coref"  rule="none"  type="none"/>
<markable id="markable_158" span="word_1749" coref_class="empty" category="person" mmax_level="coref"  rule="none"  type="none"/>
<markable id="markable_159" span="word_1806" coref_class="empty" category="person" mmax_level="coref"  rule="none"  type="none"/>
<markable id="markable_160" span="word_1815..word_1816" coref_class="empty" category="location" mmax_level="coref"  rule="none"  type="none"/>
<markable id="markable_161" span="word_1857" coref_class="empty" category="event" mmax_level="coref"  rule="none"  type="none"/>
<markable id="markable_162" span="word_1860" coref_class="empty" category="person" mmax_level="coref"  rule="none"  type="none"/>
<markable id="markable_163" span="word_1867..word_1870" coref_class="empty" category="product" mmax_level="coref"  rule="none"  type="none"/>
<markable id="markable_164" span="word_1871..word_1873" coref_class="empty" category="person" mmax_level="coref"  rule="none"  type="none"/>
<markable id="markable_165" span="word_1875..word_1876" coref_class="empty" category="time" mmax_level="coref"  rule="none"  type="none"/>
<markable id="markable_166" span="word_1886..word_1887" coref_class="empty" category="person" mmax_level="coref"  rule="none"  type="none"/>
<markable id="markable_167" span="word_1890..word_1892" coref_class="empty" category="person" mmax_level="coref"  rule="none"  type="none"/>
<markable id="markable_168" span="word_1894..word_1895" coref_class="empty" category="time" mmax_level="coref"  rule="none"  type="none"/>
<markable id="markable_169" span="word_1955" coref_class="empty" category="person" mmax_level="coref"  rule="none"  type="none"/>
<markable id="markable_170" span="word_1958" coref_class="empty" category="person" mmax_level="coref"  rule="none"  type="none"/>
<markable id="markable_171" span="word_1983..word_1984" coref_class="empty" category="product" mmax_level="coref"  rule="none"  type="none"/>
<markable id="markable_172" span="word_1998..word_1999" coref_class="empty" category="product" mmax_level="coref"  rule="none"  type="none"/>
<markable id="markable_173" span="word_2021" coref_class="empty" category="person" mmax_level="coref"  rule="none"  type="none"/>
<markable id="markable_174" span="word_2023..word_2024" coref_class="empty" category="product" mmax_level="coref"  rule="none"  type="none"/>
<markable id="markable_175" span="word_2035" coref_class="empty" category="person" mmax_level="coref"  rule="none"  type="none"/>
<markable id="markable_176" span="word_2044..word_2045" coref_class="empty" category="time" mmax_level="coref"  rule="none"  type="none"/>
<markable id="markable_177" span="word_2095" coref_class="empty" category="profession" mmax_level="coref"  rule="none"  type="none"/>
<markable id="markable_178" span="word_2130" coref_class="empty" category="profession" mmax_level="coref"  rule="none"  type="none"/>
<markable id="markable_179" span="word_2195" coref_class="empty" category="location" mmax_level="coref"  rule="none"  type="none"/>
<markable id="markable_180" span="word_2203..word_2205" coref_class="empty" category="person" mmax_level="coref"  rule="none"  type="none"/>
<markable id="markable_181" span="word_2207..word_2208" coref_class="empty" category="time" mmax_level="coref"  rule="none"  type="none"/>
<markable id="markable_182" span="word_2219..word_2221" coref_class="empty" category="person" mmax_level="coref"  rule="none"  type="none"/>
<markable id="markable_183" span="word_2223..word_2224" coref_class="empty" category="time" mmax_level="coref"  rule="none"  type="none"/>
<markable id="markable_184" span="word_2228..word_2230" coref_class="empty" category="person" mmax_level="coref"  rule="none"  type="none"/>
<markable id="markable_185" span="word_2236" coref_class="empty" category="location" mmax_level="coref"  rule="none"  type="none"/>
<markable id="markable_186" span="word_2269" coref_class="empty" category="location" mmax_level="coref"  rule="none"  type="none"/>
<markable id="markable_187" span="word_2291" coref_class="empty" category="profession" mmax_level="coref"  rule="none"  type="none"/>
<markable id="markable_188" span="word_2316..word_2317" coref_class="empty" category="time" mmax_level="coref"  rule="none"  type="none"/>
<markable id="markable_189" span="word_2350" coref_class="empty" category="person" mmax_level="coref"  rule="none"  type="none"/>
<markable id="markable_190" span="word_2365..word_2366" coref_class="empty" category="organization" mmax_level="coref"  rule="none"  type="none"/>
<markable id="markable_191" span="word_2370..word_2372" coref_class="empty" category="person" mmax_level="coref"  rule="none"  type="none"/>
<markable id="markable_192" span="word_2374..word_2377" coref_class="empty" category="time" mmax_level="coref"  rule="none"  type="none"/>
<markable id="markable_193" span="word_2398" coref_class="empty" category="person" mmax_level="coref"  rule="none"  type="none"/>
<markable id="markable_194" span="word_2452" coref_class="empty" category="location" mmax_level="coref"  rule="none"  type="none"/>
<markable id="markable_195" span="word_2466..word_2468" coref_class="empty" category="person" mmax_level="coref"  rule="none"  type="none"/>
<markable id="markable_196" span="word_2470..word_2471" coref_class="empty" category="time" mmax_level="coref"  rule="none"  type="none"/>
<markable id="markable_197" span="word_2477..word_2478" coref_class="empty" category="person" mmax_level="coref"  rule="none"  type="none"/>
<markable id="markable_198" span="word_2522" coref_class="empty" category="time" mmax_level="coref"  rule="none"  type="none"/>
<markable id="markable_199" span="word_2539" coref_class="empty" category="time" mmax_level="coref"  rule="none"  type="none"/>
<markable id="markable_200" span="word_2678..word_2679" coref_class="empty" category="person" mmax_level="coref"  rule="none"  type="none"/>
<markable id="markable_201" span="word_2681" coref_class="empty" category="person" mmax_level="coref"  rule="none"  type="none"/>
<markable id="markable_202" span="word_2683" coref_class="empty" category="profession" mmax_level="coref"  rule="none"  type="none"/>
<markable id="markable_203" span="word_2741" coref_class="empty" category="person" mmax_level="coref"  rule="none"  type="none"/>
<markable id="markable_204" span="word_2743..word_2744" coref_class="empty" category="time" mmax_level="coref"  rule="none"  type="none"/>
<markable id="markable_205" span="word_2750..word_2751" coref_class="empty" category="event" mmax_level="coref"  rule="none"  type="none"/>
<markable id="markable_206" span="word_2753" coref_class="empty" category="event" mmax_level="coref"  rule="none"  type="none"/>
<markable id="markable_207" span="word_2762" coref_class="empty" category="time" mmax_level="coref"  rule="none"  type="none"/>
<markable id="markable_208" span="word_2767..word_2768" coref_class="empty" category="person" mmax_level="coref"  rule="none"  type="none"/>
<markable id="markable_209" span="word_2771..word_2772" coref_class="empty" category="time" mmax_level="coref"  rule="none"  type="none"/>
<markable id="markable_210" span="word_2775..word_2778" coref_class="empty" category="time" mmax_level="coref"  rule="none"  type="none"/>
<markable id="markable_211" span="word_2829" coref_class="empty" category="person" mmax_level="coref"  rule="none"  type="none"/>
<markable id="markable_212" span="word_2839..word_2840" coref_class="empty" category="location" mmax_level="coref"  rule="none"  type="none"/>
<markable id="markable_213" span="word_2842" coref_class="empty" category="person" mmax_level="coref"  rule="none"  type="none"/>
<markable id="markable_214" span="word_2883" coref_class="empty" category="person" mmax_level="coref"  rule="none"  type="none"/>
<markable id="markable_215" span="word_2971..word_2974" coref_class="empty" category="time" mmax_level="coref"  rule="none"  type="none"/>
<markable id="markable_216" span="word_3001" coref_class="empty" category="location" mmax_level="coref"  rule="none"  type="none"/>
<markable id="markable_217" span="word_3003..word_3005" coref_class="empty" category="person" mmax_level="coref"  rule="none"  type="none"/>
<markable id="markable_218" span="word_3010..word_3014" coref_class="empty" category="time" mmax_level="coref"  rule="none"  type="none"/>
<markable id="markable_219" span="word_3042" coref_class="empty" category="profession" mmax_level="coref"  rule="none"  type="none"/>
<markable id="markable_220" span="word_3064..word_3065" coref_class="empty" category="time" mmax_level="coref"  rule="none"  type="none"/>
<markable id="markable_221" span="word_3066..word_3067" coref_class="empty" category="event" mmax_level="coref"  rule="none"  type="none"/>
<markable id="markable_222" span="word_3070" coref_class="empty" category="profession" mmax_level="coref"  rule="none"  type="none"/>
<markable id="markable_223" span="word_3072..word_3073" coref_class="empty" category="person" mmax_level="coref"  rule="none"  type="none"/>
<markable id="markable_224" span="word_3152..word_3154" coref_class="empty" category="time" mmax_level="coref"  rule="none"  type="none"/>
<markable id="markable_225" span="word_3163..word_3164" coref_class="empty" category="person" mmax_level="coref"  rule="none"  type="none"/>
<markable id="markable_226" span="word_3166..word_3169" coref_class="empty" category="time" mmax_level="coref"  rule="none"  type="none"/>
<markable id="markable_227" span="word_3171" coref_class="empty" category="profession" mmax_level="coref"  rule="none"  type="none"/>
<markable id="markable_228" span="word_3172..word_3173" coref_class="empty" category="person" mmax_level="coref"  rule="none"  type="none"/>
<markable id="markable_229" span="word_3175..word_3178" coref_class="empty" category="time" mmax_level="coref"  rule="none"  type="none"/>
<markable id="markable_230" span="word_3181..word_3182" coref_class="empty" category="organization" mmax_level="coref"  rule="none"  type="none"/>
<markable id="markable_231" span="word_3262..word_3263" coref_class="empty" category="event" mmax_level="coref"  rule="none"  type="none"/>
<markable id="markable_232" span="word_3264..word_3266" coref_class="empty" category="time" mmax_level="coref"  rule="none"  type="none"/>
<markable id="markable_233" span="word_3271" coref_class="empty" category="location" mmax_level="coref"  rule="none"  type="none"/>
<markable id="markable_234" span="word_3275" coref_class="empty" category="profession" mmax_level="coref"  rule="none"  type="none"/>
<markable id="markable_235" span="word_3394" coref_class="empty" category="location" mmax_level="coref"  rule="none"  type="none"/>
<markable id="markable_236" span="word_3398" coref_class="empty" category="profession" mmax_level="coref"  rule="none"  type="none"/>
<markable id="markable_237" span="word_3435" coref_class="empty" category="profession" mmax_level="coref"  rule="none"  type="none"/>
<markable id="markable_238" span="word_3467" coref_class="empty" category="location" mmax_level="coref"  rule="none"  type="none"/>
<markable id="markable_239" span="word_3602" coref_class="empty" category="profession" mmax_level="coref"  rule="none"  type="none"/>
<markable id="markable_240" span="word_3621" coref_class="empty" category="profession" mmax_level="coref"  rule="none"  type="none"/>
<markable id="markable_241" span="word_3637" coref_class="empty" category="profession" mmax_level="coref"  rule="none"  type="none"/>
<markable id="markable_242" span="word_3646..word_3649" coref_class="empty" category="product" mmax_level="coref"  rule="none"  type="none"/>
<markable id="markable_243" span="word_3877..word_3878" coref_class="empty" category="organization" mmax_level="coref"  rule="none"  type="none"/>
<markable id="markable_244" span="word_3886" coref_class="empty" category="profession" mmax_level="coref"  rule="none"  type="none"/>
<markable id="markable_245" span="word_3887..word_3888" coref_class="empty" category="person" mmax_level="coref"  rule="none"  type="none"/>
<markable id="markable_246" span="word_3890" coref_class="empty" category="person" mmax_level="coref"  rule="none"  type="none"/>
<markable id="markable_247" span="word_3894..word_3895" coref_class="empty" category="time" mmax_level="coref"  rule="none"  type="none"/>
<markable id="markable_248" span="word_3916..word_3917" coref_class="empty" category="person" mmax_level="coref"  rule="none"  type="none"/>
<markable id="markable_249" span="word_3926..word_3927" coref_class="empty" category="time" mmax_level="coref"  rule="none"  type="none"/>
<markable id="markable_250" span="word_3936..word_3937" coref_class="empty" category="time" mmax_level="coref"  rule="none"  type="none"/>
<markable id="markable_251" span="word_3939" coref_class="empty" category="location" mmax_level="coref"  rule="none"  type="none"/>
<markable id="markable_252" span="word_3944..word_3946" coref_class="empty" category="product" mmax_level="coref"  rule="none"  type="none"/>
<markable id="markable_253" span="word_3961..word_3962" coref_class="empty" category="profession" mmax_level="coref"  rule="none"  type="none"/>
<markable id="markable_254" span="word_3963..word_3964" coref_class="empty" category="person" mmax_level="coref"  rule="none"  type="none"/>
<markable id="markable_255" span="word_3966" coref_class="empty" category="person" mmax_level="coref"  rule="none"  type="none"/>
<markable id="markable_256" span="word_3977..word_3978" coref_class="empty" category="person" mmax_level="coref"  rule="none"  type="none"/>
<markable id="markable_257" span="word_3983" coref_class="empty" category="time" mmax_level="coref"  rule="none"  type="none"/>
<markable id="markable_258" span="word_3994" coref_class="empty" category="location" mmax_level="coref"  rule="none"  type="none"/>
<markable id="markable_259" span="word_4002..word_4003" coref_class="empty" category="person" mmax_level="coref"  rule="none"  type="none"/>
<markable id="markable_260" span="word_4014..word_4017" coref_class="empty" category="time" mmax_level="coref"  rule="none"  type="none"/>
<markable id="markable_261" span="word_4021" coref_class="empty" category="location" mmax_level="coref"  rule="none"  type="none"/>
<markable id="markable_262" span="word_4025..word_4026" coref_class="empty" category="time" mmax_level="coref"  rule="none"  type="none"/>
<markable id="markable_263" span="word_4027..word_4028" coref_class="empty" category="profession" mmax_level="coref"  rule="none"  type="none"/>
<markable id="markable_264" span="word_4047" coref_class="empty" category="time" mmax_level="coref"  rule="none"  type="none"/>
<markable id="markable_265" span="word_4067" coref_class="empty" category="location" mmax_level="coref"  rule="none"  type="none"/>
<markable id="markable_266" span="word_4074..word_4075" coref_class="empty" category="location" mmax_level="coref"  rule="none"  type="none"/>
<markable id="markable_267" span="word_4077" coref_class="empty" category="location" mmax_level="coref"  rule="none"  type="none"/>
<markable id="markable_268" span="word_4082..word_4085" coref_class="empty" category="location" mmax_level="coref"  rule="none"  type="none"/>
<markable id="markable_269" span="word_4089" coref_class="empty" category="location" mmax_level="coref"  rule="none"  type="none"/>
<markable id="markable_270" span="word_4091" coref_class="empty" category="location" mmax_level="coref"  rule="none"  type="none"/>
<markable id="markable_271" span="word_4118" coref_class="empty" category="location" mmax_level="coref"  rule="none"  type="none"/>
<markable id="markable_272" span="word_4124" coref_class="empty" category="location" mmax_level="coref"  rule="none"  type="none"/>
<markable id="markable_273" span="word_4127" coref_class="empty" category="location" mmax_level="coref"  rule="none"  type="none"/>
<markable id="markable_274" span="word_4129" coref_class="empty" category="location" mmax_level="coref"  rule="none"  type="none"/>
<markable id="markable_275" span="word_4155" coref_class="empty" category="profession" mmax_level="coref"  rule="none"  type="none"/>
<markable id="markable_276" span="word_4156..word_4157" coref_class="empty" category="person" mmax_level="coref"  rule="none"  type="none"/>
<markable id="markable_277" span="word_4159..word_4160" coref_class="empty" category="person" mmax_level="coref"  rule="none"  type="none"/>
<markable id="markable_278" span="word_4162..word_4164" coref_class="empty" category="time" mmax_level="coref"  rule="none"  type="none"/>
<markable id="markable_279" span="word_4169..word_4170" coref_class="empty" category="organization" mmax_level="coref"  rule="none"  type="none"/>
<markable id="markable_280" span="word_4196" coref_class="empty" category="profession" mmax_level="coref"  rule="none"  type="none"/>
<markable id="markable_281" span="word_4214..word_4215" coref_class="empty" category="person" mmax_level="coref"  rule="none"  type="none"/>
<markable id="markable_282" span="word_4224" coref_class="empty" category="location" mmax_level="coref"  rule="none"  type="none"/>
<markable id="markable_283" span="word_4277" coref_class="empty" category="location" mmax_level="coref"  rule="none"  type="none"/>
<markable id="markable_284" span="word_4291..word_4292" coref_class="empty" category="person" mmax_level="coref"  rule="none"  type="none"/>
<markable id="markable_285" span="word_4294..word_4295" coref_class="empty" category="person" mmax_level="coref"  rule="none"  type="none"/>
<markable id="markable_286" span="word_4307..word_4309" coref_class="empty" category="person" mmax_level="coref"  rule="none"  type="none"/>
<markable id="markable_287" span="word_4312..word_4314" coref_class="empty" category="person" mmax_level="coref"  rule="none"  type="none"/>
<markable id="markable_288" span="word_4317" coref_class="empty" category="time" mmax_level="coref"  rule="none"  type="none"/>
<markable id="markable_289" span="word_4333..word_4334" coref_class="empty" category="person" mmax_level="coref"  rule="none"  type="none"/>
<markable id="markable_290" span="word_4336..word_4337" coref_class="empty" category="location" mmax_level="coref"  rule="none"  type="none"/>
<markable id="markable_291" span="word_4339" coref_class="empty" category="person" mmax_level="coref"  rule="none"  type="none"/>
<markable id="markable_292" span="word_4345..word_4346" coref_class="empty" category="time" mmax_level="coref"  rule="none"  type="none"/>
<markable id="markable_293" span="word_4350..word_4351" coref_class="empty" category="person" mmax_level="coref"  rule="none"  type="none"/>
<markable id="markable_294" span="word_4353..word_4354" coref_class="empty" category="person" mmax_level="coref"  rule="none"  type="none"/>
<markable id="markable_295" span="word_4365" coref_class="empty" category="location" mmax_level="coref"  rule="none"  type="none"/>
<markable id="markable_296" span="word_4367..word_4368" coref_class="empty" category="person" mmax_level="coref"  rule="none"  type="none"/>
<markable id="markable_297" span="word_4369..word_4371" coref_class="empty" category="time" mmax_level="coref"  rule="none"  type="none"/>
<markable id="markable_298" span="word_4413..word_4414" coref_class="empty" category="profession" mmax_level="coref"  rule="none"  type="none"/>
<markable id="markable_299" span="word_4415..word_4416" coref_class="empty" category="person" mmax_level="coref"  rule="none"  type="none"/>
<markable id="markable_300" span="word_4451..word_4452" coref_class="empty" category="organization" mmax_level="coref"  rule="none"  type="none"/>
<markable id="markable_301" span="word_4467..word_4468" coref_class="empty" category="time" mmax_level="coref"  rule="none"  type="none"/>
<markable id="markable_302" span="word_4471..word_4473" coref_class="empty" category="organization" mmax_level="coref"  rule="none"  type="none"/>
<markable id="markable_303" span="word_4475..word_4476" coref_class="empty" category="organization" mmax_level="coref"  rule="none"  type="none"/>
<markable id="markable_304" span="word_4479..word_4480" coref_class="empty" category="time" mmax_level="coref"  rule="none"  type="none"/>
<markable id="markable_305" span="word_4482..word_4483" coref_class="empty" category="time" mmax_level="coref"  rule="none"  type="none"/>
<markable id="markable_306" span="word_4485..word_4486" coref_class="empty" category="organization" mmax_level="coref"  rule="none"  type="none"/>
<markable id="markable_307" span="word_4488..word_4490" coref_class="empty" category="person" mmax_level="coref"  rule="none"  type="none"/>
<markable id="markable_308" span="word_4497" coref_class="empty" category="location" mmax_level="coref"  rule="none"  type="none"/>
<markable id="markable_309" span="word_4498" coref_class="empty" category="profession" mmax_level="coref"  rule="none"  type="none"/>
<markable id="markable_310" span="word_4499..word_4500" coref_class="empty" category="person" mmax_level="coref"  rule="none"  type="none"/>
<markable id="markable_311" span="word_4509..word_4510" coref_class="empty" category="person" mmax_level="coref"  rule="none"  type="none"/>
<markable id="markable_312" span="word_4518..word_4520" coref_class="empty" category="person" mmax_level="coref"  rule="none"  type="none"/>
<markable id="markable_313" span="word_4522" coref_class="empty" category="time" mmax_level="coref"  rule="none"  type="none"/>
<markable id="markable_314" span="word_4535" coref_class="empty" category="location" mmax_level="coref"  rule="none"  type="none"/>
<markable id="markable_315" span="word_4536" coref_class="empty" category="profession" mmax_level="coref"  rule="none"  type="none"/>
<markable id="markable_316" span="word_4537..word_4539" coref_class="empty" category="person" mmax_level="coref"  rule="none"  type="none"/>
<markable id="markable_317" span="word_4550" coref_class="empty" category="profession" mmax_level="coref"  rule="none"  type="none"/>
<markable id="markable_318" span="word_4551..word_4553" coref_class="empty" category="person" mmax_level="coref"  rule="none"  type="none"/>
<markable id="markable_319" span="word_4555..word_4556" coref_class="empty" category="time" mmax_level="coref"  rule="none"  type="none"/>
<markable id="markable_320" span="word_4560" coref_class="empty" category="location" mmax_level="coref"  rule="none"  type="none"/>
<markable id="markable_321" span="word_4567..word_4568" coref_class="empty" category="time" mmax_level="coref"  rule="none"  type="none"/>
<markable id="markable_322" span="word_4572..word_4573" coref_class="empty" category="time" mmax_level="coref"  rule="none"  type="none"/>
<markable id="markable_323" span="word_4592" coref_class="empty" category="location" mmax_level="coref"  rule="none"  type="none"/>
<markable id="markable_324" span="word_4594" coref_class="empty" category="location" mmax_level="coref"  rule="none"  type="none"/>
<markable id="markable_325" span="word_4596" coref_class="empty" category="location" mmax_level="coref"  rule="none"  type="none"/>
<markable id="markable_326" span="word_4598..word_4601" coref_class="empty" category="location" mmax_level="coref"  rule="none"  type="none"/>
<markable id="markable_327" span="word_4604" coref_class="empty" category="location" mmax_level="coref"  rule="none"  type="none"/>
<markable id="markable_328" span="word_4606..word_4608" coref_class="empty" category="time" mmax_level="coref"  rule="none"  type="none"/>
<markable id="markable_329" span="word_4620" coref_class="empty" category="profession" mmax_level="coref"  rule="none"  type="none"/>
<markable id="markable_330" span="word_4640" coref_class="empty" category="location" mmax_level="coref"  rule="none"  type="none"/>
<markable id="markable_331" span="word_4641..word_4642" coref_class="empty" category="profession" mmax_level="coref"  rule="none"  type="none"/>
<markable id="markable_332" span="word_4649..word_4650" coref_class="empty" category="organization" mmax_level="coref"  rule="none"  type="none"/>
<markable id="markable_333" span="word_4654..word_4655" coref_class="empty" category="time" mmax_level="coref"  rule="none"  type="none"/>
<markable id="markable_334" span="word_4657..word_4658" coref_class="empty" category="person" mmax_level="coref"  rule="none"  type="none"/>
<markable id="markable_335" span="word_4680..word_4681" coref_class="empty" category="person" mmax_level="coref"  rule="none"  type="none"/>
<markable id="markable_336" span="word_4688..word_4690" coref_class="empty" category="organization" mmax_level="coref"  rule="none"  type="none"/>
<markable id="markable_337" span="word_4694" coref_class="empty" category="time" mmax_level="coref"  rule="none"  type="none"/>
<markable id="markable_338" span="word_4702..word_4703" coref_class="empty" category="organization" mmax_level="coref"  rule="none"  type="none"/>
<markable id="markable_339" span="word_4705..word_4706" coref_class="empty" category="time" mmax_level="coref"  rule="none"  type="none"/>
<markable id="markable_340" span="word_4707" coref_class="empty" category="location" mmax_level="coref"  rule="none"  type="none"/>
<markable id="markable_341" span="word_4722" coref_class="empty" category="location" mmax_level="coref"  rule="none"  type="none"/>
<markable id="markable_342" span="word_4723" coref_class="empty" category="profession" mmax_level="coref"  rule="none"  type="none"/>
<markable id="markable_343" span="word_4724..word_4725" coref_class="empty" category="person" mmax_level="coref"  rule="none"  type="none"/>
<markable id="markable_344" span="word_4727" coref_class="empty" category="person" mmax_level="coref"  rule="none"  type="none"/>
<markable id="markable_345" span="word_4753..word_4754" coref_class="empty" category="organization" mmax_level="coref"  rule="none"  type="none"/>
<markable id="markable_346" span="word_4808..word_4809" coref_class="empty" category="person" mmax_level="coref"  rule="none"  type="none"/>
<markable id="markable_347" span="word_4837" coref_class="empty" category="profession" mmax_level="coref"  rule="none"  type="none"/>
<markable id="markable_348" span="word_4838..word_4839" coref_class="empty" category="person" mmax_level="coref"  rule="none"  type="none"/>
<markable id="markable_349" span="word_4841..word_4842" coref_class="empty" category="time" mmax_level="coref"  rule="none"  type="none"/>
<markable id="markable_350" span="word_4850..word_4852" coref_class="empty" category="time" mmax_level="coref"  rule="none"  type="none"/>
<markable id="markable_351" span="word_4854..word_4855" coref_class="empty" category="organization" mmax_level="coref"  rule="none"  type="none"/>
<markable id="markable_352" span="word_4857" coref_class="empty" category="profession" mmax_level="coref"  rule="none"  type="none"/>
<markable id="markable_353" span="word_4858..word_4859" coref_class="empty" category="person" mmax_level="coref"  rule="none"  type="none"/>
<markable id="markable_354" span="word_4861" coref_class="empty" category="person" mmax_level="coref"  rule="none"  type="none"/>
<markable id="markable_355" span="word_4868..word_4870" coref_class="empty" category="time" mmax_level="coref"  rule="none"  type="none"/>
<markable id="markable_356" span="word_4871..word_4873" coref_class="empty" category="person" mmax_level="coref"  rule="none"  type="none"/>
<markable id="markable_357" span="word_4875" coref_class="empty" category="person" mmax_level="coref"  rule="none"  type="none"/>
<markable id="markable_358" span="word_4878" coref_class="empty" category="time" mmax_level="coref"  rule="none"  type="none"/>
<markable id="markable_359" span="word_4880..word_4881" coref_class="empty" category="time" mmax_level="coref"  rule="none"  type="none"/>
<markable id="markable_360" span="word_4882..word_4886" coref_class="empty" category="person" mmax_level="coref"  rule="none"  type="none"/>
<markable id="markable_361" span="word_4888..word_4890" coref_class="empty" category="time" mmax_level="coref"  rule="none"  type="none"/>
<markable id="markable_362" span="word_4891..word_4893" coref_class="empty" category="person" mmax_level="coref"  rule="none"  type="none"/>
<markable id="markable_363" span="word_4895" coref_class="empty" category="person" mmax_level="coref"  rule="none"  type="none"/>
<markable id="markable_364" span="word_4898" coref_class="empty" category="time" mmax_level="coref"  rule="none"  type="none"/>
<markable id="markable_365" span="word_4900..word_4901" coref_class="empty" category="time" mmax_level="coref"  rule="none"  type="none"/>
<markable id="markable_366" span="word_4902..word_4903" coref_class="empty" category="person" mmax_level="coref"  rule="none"  type="none"/>
<markable id="markable_367" span="word_4905" coref_class="empty" category="person" mmax_level="coref"  rule="none"  type="none"/>
<markable id="markable_368" span="word_4908" coref_class="empty" category="time" mmax_level="coref"  rule="none"  type="none"/>
<markable id="markable_369" span="word_4910..word_4911" coref_class="empty" category="time" mmax_level="coref"  rule="none"  type="none"/>
<markable id="markable_370" span="word_4913..word_4915" coref_class="empty" category="person" mmax_level="coref"  rule="none"  type="none"/>
<markable id="markable_371" span="word_4917" coref_class="empty" category="person" mmax_level="coref"  rule="none"  type="none"/>
<markable id="markable_372" span="word_4920" coref_class="empty" category="time" mmax_level="coref"  rule="none"  type="none"/>
<markable id="markable_373" span="word_4922..word_4923" coref_class="empty" category="time" mmax_level="coref"  rule="none"  type="none"/>
<markable id="markable_374" span="word_4924..word_4926" coref_class="empty" category="person" mmax_level="coref"  rule="none"  type="none"/>
<markable id="markable_375" span="word_4928" coref_class="empty" category="person" mmax_level="coref"  rule="none"  type="none"/>
<markable id="markable_376" span="word_4931" coref_class="empty" category="time" mmax_level="coref"  rule="none"  type="none"/>
<markable id="markable_377" span="word_4933..word_4935" coref_class="empty" category="time" mmax_level="coref"  rule="none"  type="none"/>
<markable id="markable_378" span="word_4936..word_4938" coref_class="empty" category="person" mmax_level="coref"  rule="none"  type="none"/>
<markable id="markable_379" span="word_4940" coref_class="empty" category="person" mmax_level="coref"  rule="none"  type="none"/>
<markable id="markable_380" span="word_4943..word_4945" coref_class="empty" category="time" mmax_level="coref"  rule="none"  type="none"/>
<markable id="markable_381" span="word_4946..word_4949" coref_class="empty" category="person" mmax_level="coref"  rule="none"  type="none"/>
<markable id="markable_382" span="word_4951" coref_class="empty" category="person" mmax_level="coref"  rule="none"  type="none"/>
<markable id="markable_383" span="word_4954" coref_class="empty" category="time" mmax_level="coref"  rule="none"  type="none"/>
<markable id="markable_384" span="word_4956..word_4957" coref_class="empty" category="time" mmax_level="coref"  rule="none"  type="none"/>
<markable id="markable_385" span="word_4958..word_4960" coref_class="empty" category="person" mmax_level="coref"  rule="none"  type="none"/>
<markable id="markable_386" span="word_4962" coref_class="empty" category="person" mmax_level="coref"  rule="none"  type="none"/>
<markable id="markable_387" span="word_4965" coref_class="empty" category="time" mmax_level="coref"  rule="none"  type="none"/>
<markable id="markable_388" span="word_4967..word_4968" coref_class="empty" category="time" mmax_level="coref"  rule="none"  type="none"/>
<markable id="markable_389" span="word_4969..word_4971" coref_class="empty" category="person" mmax_level="coref"  rule="none"  type="none"/>
<markable id="markable_390" span="word_4973" coref_class="empty" category="person" mmax_level="coref"  rule="none"  type="none"/>
<markable id="markable_391" span="word_4976" coref_class="empty" category="time" mmax_level="coref"  rule="none"  type="none"/>
<markable id="markable_392" span="word_4978..word_4979" coref_class="empty" category="time" mmax_level="coref"  rule="none"  type="none"/>
<markable id="markable_393" span="word_4980..word_4981" coref_class="empty" category="person" mmax_level="coref"  rule="none"  type="none"/>
<markable id="markable_394" span="word_4983" coref_class="empty" category="person" mmax_level="coref"  rule="none"  type="none"/>
<markable id="markable_395" span="word_4986" coref_class="empty" category="time" mmax_level="coref"  rule="none"  type="none"/>
<markable id="markable_396" span="word_4988..word_4989" coref_class="empty" category="time" mmax_level="coref"  rule="none"  type="none"/>
<markable id="markable_397" span="word_4990..word_4992" coref_class="empty" category="person" mmax_level="coref"  rule="none"  type="none"/>
<markable id="markable_398" span="word_4994" coref_class="empty" category="person" mmax_level="coref"  rule="none"  type="none"/>
<markable id="markable_399" span="word_4997" coref_class="empty" category="time" mmax_level="coref"  rule="none"  type="none"/>
<markable id="markable_400" span="word_5001" coref_class="empty" category="time" mmax_level="coref"  rule="none"  type="none"/>
<markable id="markable_401" span="word_5002..word_5005" coref_class="empty" category="person" mmax_level="coref"  rule="none"  type="none"/>
<markable id="markable_402" span="word_5007" coref_class="empty" category="person" mmax_level="coref"  rule="none"  type="none"/>
<markable id="markable_403" span="word_5010" coref_class="empty" category="time" mmax_level="coref"  rule="none"  type="none"/>
<markable id="markable_404" span="word_5012..word_5013" coref_class="empty" category="time" mmax_level="coref"  rule="none"  type="none"/>
<markable id="markable_405" span="word_5014..word_5016" coref_class="empty" category="person" mmax_level="coref"  rule="none"  type="none"/>
<markable id="markable_406" span="word_5018" coref_class="empty" category="person" mmax_level="coref"  rule="none"  type="none"/>
<markable id="markable_407" span="word_5021" coref_class="empty" category="time" mmax_level="coref"  rule="none"  type="none"/>
<markable id="markable_408" span="word_5023..word_5024" coref_class="empty" category="time" mmax_level="coref"  rule="none"  type="none"/>
<markable id="markable_409" span="word_5025..word_5027" coref_class="empty" category="person" mmax_level="coref"  rule="none"  type="none"/>
<markable id="markable_410" span="word_5029" coref_class="empty" category="person" mmax_level="coref"  rule="none"  type="none"/>
<markable id="markable_411" span="word_5032" coref_class="empty" category="time" mmax_level="coref"  rule="none"  type="none"/>
<markable id="markable_412" span="word_5034..word_5035" coref_class="empty" category="time" mmax_level="coref"  rule="none"  type="none"/>
<markable id="markable_413" span="word_5036..word_5037" coref_class="empty" category="person" mmax_level="coref"  rule="none"  type="none"/>
<markable id="markable_414" span="word_5039" coref_class="empty" category="person" mmax_level="coref"  rule="none"  type="none"/>
<markable id="markable_415" span="word_5042" coref_class="empty" category="time" mmax_level="coref"  rule="none"  type="none"/>
<markable id="markable_416" span="word_5044..word_5045" coref_class="empty" category="time" mmax_level="coref"  rule="none"  type="none"/>
<markable id="markable_417" span="word_5046" coref_class="empty" category="profession" mmax_level="coref"  rule="none"  type="none"/>
<markable id="markable_418" span="word_5047..word_5048" coref_class="empty" category="person" mmax_level="coref"  rule="none"  type="none"/>
<markable id="markable_419" span="word_5050" coref_class="empty" category="person" mmax_level="coref"  rule="none"  type="none"/>
<markable id="markable_420" span="word_5053..word_5055" coref_class="empty" category="time" mmax_level="coref"  rule="none"  type="none"/>
<markable id="markable_421" span="word_5056..word_5057" coref_class="empty" category="person" mmax_level="coref"  rule="none"  type="none"/>
<markable id="markable_422" span="word_5059" coref_class="empty" category="time" mmax_level="coref"  rule="none"  type="none"/>
<markable id="markable_423" span="word_5061..word_5062" coref_class="empty" category="time" mmax_level="coref"  rule="none"  type="none"/>
<markable id="markable_424" span="word_5063" coref_class="empty" category="profession" mmax_level="coref"  rule="none"  type="none"/>
<markable id="markable_425" span="word_5064..word_5065" coref_class="empty" category="person" mmax_level="coref"  rule="none"  type="none"/>
<markable id="markable_426" span="word_5067" coref_class="empty" category="time" mmax_level="coref"  rule="none"  type="none"/>
<markable id="markable_427" span="word_5069..word_5070" coref_class="empty" category="time" mmax_level="coref"  rule="none"  type="none"/>
<markable id="markable_428" span="word_5071..word_5072" coref_class="empty" category="person" mmax_level="coref"  rule="none"  type="none"/>
<markable id="markable_429" span="word_5074..word_5075" coref_class="empty" category="time" mmax_level="coref"  rule="none"  type="none"/>
<markable id="markable_430" span="word_5076..word_5077" coref_class="empty" category="person" mmax_level="coref"  rule="none"  type="none"/>
<markable id="markable_431" span="word_5079" coref_class="empty" category="time" mmax_level="coref"  rule="none"  type="none"/>
<markable id="markable_432" span="word_5081..word_5082" coref_class="empty" category="time" mmax_level="coref"  rule="none"  type="none"/>
<markable id="markable_433" span="word_5083..word_5084" coref_class="empty" category="person" mmax_level="coref"  rule="none"  type="none"/>
<markable id="markable_434" span="word_5086" coref_class="empty" category="time" mmax_level="coref"  rule="none"  type="none"/>
<markable id="markable_435" span="word_5088..word_5089" coref_class="empty" category="time" mmax_level="coref"  rule="none"  type="none"/>
<markable id="markable_436" span="word_5090..word_5091" coref_class="empty" category="person" mmax_level="coref"  rule="none"  type="none"/>
<markable id="markable_437" span="word_5093" coref_class="empty" category="time" mmax_level="coref"  rule="none"  type="none"/>
<markable id="markable_438" span="word_5095..word_5096" coref_class="empty" category="time" mmax_level="coref"  rule="none"  type="none"/>
<markable id="markable_439" span="word_5097..word_5098" coref_class="empty" category="person" mmax_level="coref"  rule="none"  type="none"/>
<markable id="markable_440" span="word_5100" coref_class="empty" category="time" mmax_level="coref"  rule="none"  type="none"/>
<markable id="markable_441" span="word_5102..word_5103" coref_class="empty" category="time" mmax_level="coref"  rule="none"  type="none"/>
<markable id="markable_442" span="word_5104..word_5105" coref_class="empty" category="person" mmax_level="coref"  rule="none"  type="none"/>
<markable id="markable_443" span="word_5107..word_5109" coref_class="empty" category="time" mmax_level="coref"  rule="none"  type="none"/>
<markable id="markable_444" span="word_5110..word_5111" coref_class="empty" category="person" mmax_level="coref"  rule="none"  type="none"/>
<markable id="markable_445" span="word_5114..word_5115" coref_class="empty" category="time" mmax_level="coref"  rule="none"  type="none"/>
<markable id="markable_446" span="word_5117..word_5120" coref_class="empty" category="person" mmax_level="coref"  rule="none"  type="none"/>
<markable id="markable_447" span="word_5126" coref_class="empty" category="time" mmax_level="coref"  rule="none"  type="none"/>
<markable id="markable_448" span="word_5128" coref_class="empty" category="time" mmax_level="coref"  rule="none"  type="none"/>
<markable id="markable_449" span="word_5131" coref_class="empty" category="location" mmax_level="coref"  rule="none"  type="none"/>
<markable id="markable_450" span="word_5145" coref_class="empty" category="location" mmax_level="coref"  rule="none"  type="none"/>
<markable id="markable_451" span="word_5159" coref_class="empty" category="location" mmax_level="coref"  rule="none"  type="none"/>
<markable id="markable_452" span="word_5191..word_5192" coref_class="empty" category="person" mmax_level="coref"  rule="none"  type="none"/>
<markable id="markable_453" span="word_5201..word_5203" coref_class="empty" category="person" mmax_level="coref"  rule="none"  type="none"/>
<markable id="markable_454" span="word_5236" coref_class="empty" category="location" mmax_level="coref"  rule="none"  type="none"/>
<markable id="markable_455" span="word_5275" coref_class="empty" category="time" mmax_level="coref"  rule="none"  type="none"/>
<markable id="markable_456" span="word_5280" coref_class="empty" category="location" mmax_level="coref"  rule="none"  type="none"/>
<markable id="markable_457" span="word_5282..word_5284" coref_class="empty" category="person" mmax_level="coref"  rule="none"  type="none"/>
<markable id="markable_458" span="word_5307" coref_class="empty" category="person" mmax_level="coref"  rule="none"  type="none"/>
<markable id="markable_459" span="word_5345" coref_class="empty" category="person" mmax_level="coref"  rule="none"  type="none"/>
<markable id="markable_460" span="word_5368..word_5369" coref_class="empty" category="person" mmax_level="coref"  rule="none"  type="none"/>
<markable id="markable_461" span="word_5378" coref_class="empty" category="time" mmax_level="coref"  rule="none"  type="none"/>
<markable id="markable_462" span="word_5405" coref_class="empty" category="location" mmax_level="coref"  rule="none"  type="none"/>
<markable id="markable_463" span="word_5431" coref_class="empty" category="time" mmax_level="coref"  rule="none"  type="none"/>
<markable id="markable_464" span="word_5433..word_5434" coref_class="empty" category="person" mmax_level="coref"  rule="none"  type="none"/>
<markable id="markable_465" span="word_5444" coref_class="empty" category="location" mmax_level="coref"  rule="none"  type="none"/>
<markable id="markable_466" span="word_5453" coref_class="empty" category="location" mmax_level="coref"  rule="none"  type="none"/>
<markable id="markable_467" span="word_5456" coref_class="empty" category="time" mmax_level="coref"  rule="none"  type="none"/>
<markable id="markable_468" span="word_5458" coref_class="empty" category="time" mmax_level="coref"  rule="none"  type="none"/>
<markable id="markable_469" span="word_5482" coref_class="empty" category="time" mmax_level="coref"  rule="none"  type="none"/>
<markable id="markable_470" span="word_5484" coref_class="empty" category="time" mmax_level="coref"  rule="none"  type="none"/>
<markable id="markable_471" span="word_5486..word_5487" coref_class="empty" category="person" mmax_level="coref"  rule="none"  type="none"/>
<markable id="markable_472" span="word_5496" coref_class="empty" category="location" mmax_level="coref"  rule="none"  type="none"/>
<markable id="markable_473" span="word_5516" coref_class="empty" category="location" mmax_level="coref"  rule="none"  type="none"/>
<markable id="markable_474" span="word_5570" coref_class="empty" category="location" mmax_level="coref"  rule="none"  type="none"/>
<markable id="markable_475" span="word_5577" coref_class="empty" category="location" mmax_level="coref"  rule="none"  type="none"/>
<markable id="markable_476" span="word_5592..word_5593" coref_class="empty" category="person" mmax_level="coref"  rule="none"  type="none"/>
<markable id="markable_477" span="word_5599" coref_class="empty" category="location" mmax_level="coref"  rule="none"  type="none"/>
<markable id="markable_478" span="word_5607" coref_class="empty" category="person" mmax_level="coref"  rule="none"  type="none"/>
<markable id="markable_479" span="word_5627..word_5629" coref_class="empty" category="person" mmax_level="coref"  rule="none"  type="none"/>
<markable id="markable_480" span="word_5631" coref_class="empty" category="time" mmax_level="coref"  rule="none"  type="none"/>
<markable id="markable_481" span="word_5636..word_5640" coref_class="empty" category="product" mmax_level="coref"  rule="none"  type="none"/>
<markable id="markable_482" span="word_5642..word_5644" coref_class="empty" category="person" mmax_level="coref"  rule="none"  type="none"/>
<markable id="markable_483" span="word_5646" coref_class="empty" category="time" mmax_level="coref"  rule="none"  type="none"/>
<markable id="markable_484" span="word_5660..word_5661" coref_class="empty" category="person" mmax_level="coref"  rule="none"  type="none"/>
<markable id="markable_485" span="word_5667" coref_class="empty" category="time" mmax_level="coref"  rule="none"  type="none"/>
<markable id="markable_486" span="word_5681..word_5683" coref_class="empty" category="person" mmax_level="coref"  rule="none"  type="none"/>
<markable id="markable_487" span="word_5685" coref_class="empty" category="time" mmax_level="coref"  rule="none"  type="none"/>
<markable id="markable_488" span="word_5691" coref_class="empty" category="person" mmax_level="coref"  rule="none"  type="none"/>
<markable id="markable_489" span="word_5701..word_5703" coref_class="empty" category="person" mmax_level="coref"  rule="none"  type="none"/>
<markable id="markable_490" span="word_5705" coref_class="empty" category="time" mmax_level="coref"  rule="none"  type="none"/>
<markable id="markable_491" span="word_5713..word_5714" coref_class="empty" category="organization" mmax_level="coref"  rule="none"  type="none"/>
<markable id="markable_492" span="word_5716..word_5718" coref_class="empty" category="person" mmax_level="coref"  rule="none"  type="none"/>
<markable id="markable_493" span="word_5720..word_5722" coref_class="empty" category="time" mmax_level="coref"  rule="none"  type="none"/>
<markable id="markable_494" span="word_5728..word_5730" coref_class="empty" category="person" mmax_level="coref"  rule="none"  type="none"/>
<markable id="markable_495" span="word_5732" coref_class="empty" category="time" mmax_level="coref"  rule="none"  type="none"/>
<markable id="markable_496" span="word_5738..word_5739" coref_class="empty" category="person" mmax_level="coref"  rule="none"  type="none"/>
<markable id="markable_497" span="word_5741" coref_class="empty" category="time" mmax_level="coref"  rule="none"  type="none"/>
<markable id="markable_498" span="word_5747..word_5750" coref_class="empty" category="time" mmax_level="coref"  rule="none"  type="none"/>
<markable id="markable_499" span="word_5758..word_5760" coref_class="empty" category="time" mmax_level="coref"  rule="none"  type="none"/>
<markable id="markable_500" span="word_5764..word_5765" coref_class="empty" category="person" mmax_level="coref"  rule="none"  type="none"/>
<markable id="markable_501" span="word_5770..word_5771" coref_class="empty" category="person" mmax_level="coref"  rule="none"  type="none"/>
<markable id="markable_502" span="word_5773..word_5775" coref_class="empty" category="time" mmax_level="coref"  rule="none"  type="none"/>
<markable id="markable_503" span="word_5780..word_5784" coref_class="empty" category="product" mmax_level="coref"  rule="none"  type="none"/>
<markable id="markable_504" span="word_5804..word_5808" coref_class="empty" category="product" mmax_level="coref"  rule="none"  type="none"/>
<markable id="markable_505" span="word_5844..word_5845" coref_class="empty" category="person" mmax_level="coref"  rule="none"  type="none"/>
<markable id="markable_506" span="word_5847..word_5848" coref_class="empty" category="person" mmax_level="coref"  rule="none"  type="none"/>
<markable id="markable_507" span="word_5850..word_5853" coref_class="empty" category="time" mmax_level="coref"  rule="none"  type="none"/>
<markable id="markable_508" span="word_5859" coref_class="empty" category="time" mmax_level="coref"  rule="none"  type="none"/>
<markable id="markable_509" span="word_5866..word_5867" coref_class="empty" category="person" mmax_level="coref"  rule="none"  type="none"/>
<markable id="markable_510" span="word_5869..word_5870" coref_class="empty" category="person" mmax_level="coref"  rule="none"  type="none"/>
<markable id="markable_511" span="word_5882..word_5884" coref_class="empty" category="person" mmax_level="coref"  rule="none"  type="none"/>
<markable id="markable_512" span="word_5886" coref_class="empty" category="time" mmax_level="coref"  rule="none"  type="none"/>
<markable id="markable_513" span="word_5914" coref_class="empty" category="time" mmax_level="coref"  rule="none"  type="none"/>
<markable id="markable_514" span="word_5922..word_5923" coref_class="empty" category="person" mmax_level="coref"  rule="none"  type="none"/>
<markable id="markable_515" span="word_5925" coref_class="empty" category="time" mmax_level="coref"  rule="none"  type="none"/>
<markable id="markable_516" span="word_5931..word_5934" coref_class="empty" category="time" mmax_level="coref"  rule="none"  type="none"/>
<markable id="markable_517" span="word_5935..word_5938" coref_class="empty" category="organization" mmax_level="coref"  rule="none"  type="none"/>
<markable id="markable_518" span="word_5949" coref_class="empty" category="profession" mmax_level="coref"  rule="none"  type="none"/>
<markable id="markable_519" span="word_5951..word_5952" coref_class="empty" category="person" mmax_level="coref"  rule="none"  type="none"/>
<markable id="markable_520" span="word_5967..word_5968" coref_class="empty" category="person" mmax_level="coref"  rule="none"  type="none"/>
<markable id="markable_521" span="word_5977" coref_class="empty" category="location" mmax_level="coref"  rule="none"  type="none"/>
<markable id="markable_522" span="word_5980..word_5981" coref_class="empty" category="location" mmax_level="coref"  rule="none"  type="none"/>
<markable id="markable_523" span="word_5991" coref_class="empty" category="location" mmax_level="coref"  rule="none"  type="none"/>
<markable id="markable_524" span="word_5993" coref_class="empty" category="location" mmax_level="coref"  rule="none"  type="none"/>
<markable id="markable_525" span="word_6016..word_6017" coref_class="empty" category="time" mmax_level="coref"  rule="none"  type="none"/>
<markable id="markable_526" span="word_6106..word_6107" coref_class="empty" category="person" mmax_level="coref"  rule="none"  type="none"/>
</markables>