<?xml version="1.0" encoding="UTF-8"?>
<!DOCTYPE markables SYSTEM "markables.dtd">
<markables xmlns="www.eml.org/NameSpaces/sentence">
<markable mmax_level="sentence" id="markable_1" span="word_1..word_2" />
<markable mmax_level="sentence" id="markable_2" span="word_3..word_6" />
<markable mmax_level="sentence" id="markable_3" span="word_7..word_15" />
<markable mmax_level="sentence" id="markable_4" span="word_16..word_34" />
<markable mmax_level="sentence" id="markable_5" span="word_35..word_62" />
<markable mmax_level="sentence" id="markable_6" span="word_63..word_67" />
<markable mmax_level="sentence" id="markable_7" span="word_68..word_69" />
<markable mmax_level="sentence" id="markable_8" span="word_70..word_73" />
<markable mmax_level="sentence" id="markable_9" span="word_74..word_78" />
<markable mmax_level="sentence" id="markable_10" span="word_79" />
<markable mmax_level="sentence" id="markable_11" span="word_80" />
<markable mmax_level="sentence" id="markable_12" span="word_81..word_102" />
<markable mmax_level="sentence" id="markable_13" span="word_103..word_117" />
<markable mmax_level="sentence" id="markable_14" span="word_118..word_146" />
<markable mmax_level="sentence" id="markable_15" span="word_147..word_177" />
<markable mmax_level="sentence" id="markable_16" span="word_178..word_199" />
<markable mmax_level="sentence" id="markable_17" span="word_200..word_221" />
<markable mmax_level="sentence" id="markable_18" span="word_222..word_263" />
<markable mmax_level="sentence" id="markable_19" span="word_264..word_271" />
<markable mmax_level="sentence" id="markable_20" span="word_272..word_298" />
<markable mmax_level="sentence" id="markable_21" span="word_299..word_310" />
<markable mmax_level="sentence" id="markable_22" span="word_311..word_336" />
<markable mmax_level="sentence" id="markable_23" span="word_337..word_357" />
<markable mmax_level="sentence" id="markable_24" span="word_358..word_371" />
<markable mmax_level="sentence" id="markable_25" span="word_372..word_381" />
<markable mmax_level="sentence" id="markable_26" span="word_382..word_393" />
<markable mmax_level="sentence" id="markable_27" span="word_394..word_408" />
<markable mmax_level="sentence" id="markable_28" span="word_409..word_413" />
<markable mmax_level="sentence" id="markable_29" span="word_414..word_440" />
<markable mmax_level="sentence" id="markable_30" span="word_441..word_450" />
<markable mmax_level="sentence" id="markable_31" span="word_451..word_471" />
<markable mmax_level="sentence" id="markable_32" span="word_472..word_492" />
<markable mmax_level="sentence" id="markable_33" span="word_493..word_498" />
<markable mmax_level="sentence" id="markable_34" span="word_499..word_519" />
<markable mmax_level="sentence" id="markable_35" span="word_520..word_528" />
<markable mmax_level="sentence" id="markable_36" span="word_529..word_548" />
<markable mmax_level="sentence" id="markable_37" span="word_549..word_563" />
<markable mmax_level="sentence" id="markable_38" span="word_564..word_586" />
<markable mmax_level="sentence" id="markable_39" span="word_587..word_601" />
<markable mmax_level="sentence" id="markable_40" span="word_602..word_621" />
<markable mmax_level="sentence" id="markable_41" span="word_622" />
<markable mmax_level="sentence" id="markable_42" span="word_623" />
<markable mmax_level="sentence" id="markable_43" span="word_624..word_652" />
<markable mmax_level="sentence" id="markable_44" span="word_653..word_686" />
<markable mmax_level="sentence" id="markable_45" span="word_687..word_694" />
<markable mmax_level="sentence" id="markable_46" span="word_695..word_724" />
<markable mmax_level="sentence" id="markable_47" span="word_725..word_742" />
<markable mmax_level="sentence" id="markable_48" span="word_743..word_752" />
<markable mmax_level="sentence" id="markable_49" span="word_753..word_756" />
<markable mmax_level="sentence" id="markable_50" span="word_757..word_763" />
<markable mmax_level="sentence" id="markable_51" span="word_764..word_780" />
<markable mmax_level="sentence" id="markable_52" span="word_781..word_789" />
<markable mmax_level="sentence" id="markable_53" span="word_790..word_802" />
<markable mmax_level="sentence" id="markable_54" span="word_803..word_809" />
<markable mmax_level="sentence" id="markable_55" span="word_810..word_812" />
<markable mmax_level="sentence" id="markable_56" span="word_813..word_830" />
<markable mmax_level="sentence" id="markable_57" span="word_831..word_845" />
<markable mmax_level="sentence" id="markable_58" span="word_846..word_856" />
<markable mmax_level="sentence" id="markable_59" span="word_857..word_858" />
<markable mmax_level="sentence" id="markable_60" span="word_859..word_862" />
<markable mmax_level="sentence" id="markable_61" span="word_863..word_868" />
<markable mmax_level="sentence" id="markable_62" span="word_869..word_875" />
<markable mmax_level="sentence" id="markable_63" span="word_876..word_899" />
<markable mmax_level="sentence" id="markable_64" span="word_900..word_901" />
<markable mmax_level="sentence" id="markable_65" span="word_902..word_910" />
<markable mmax_level="sentence" id="markable_66" span="word_911..word_929" />
<markable mmax_level="sentence" id="markable_67" span="word_930..word_947" />
<markable mmax_level="sentence" id="markable_68" span="word_948..word_952" />
<markable mmax_level="sentence" id="markable_69" span="word_953..word_961" />
<markable mmax_level="sentence" id="markable_70" span="word_962..word_980" />
<markable mmax_level="sentence" id="markable_71" span="word_981..word_1006" />
<markable mmax_level="sentence" id="markable_72" span="word_1007..word_1035" />
<markable mmax_level="sentence" id="markable_73" span="word_1036..word_1042" />
<markable mmax_level="sentence" id="markable_74" span="word_1043..word_1051" />
<markable mmax_level="sentence" id="markable_75" span="word_1052..word_1072" />
<markable mmax_level="sentence" id="markable_76" span="word_1073..word_1093" />
<markable mmax_level="sentence" id="markable_77" span="word_1094..word_1107" />
<markable mmax_level="sentence" id="markable_78" span="word_1108..word_1109" />
<markable mmax_level="sentence" id="markable_79" span="word_1110" />
<markable mmax_level="sentence" id="markable_80" span="word_1111..word_1126" />
<markable mmax_level="sentence" id="markable_81" span="word_1127..word_1133" />
<markable mmax_level="sentence" id="markable_82" span="word_1134..word_1141" />
<markable mmax_level="sentence" id="markable_83" span="word_1142..word_1149" />
<markable mmax_level="sentence" id="markable_84" span="word_1150..word_1173" />
<markable mmax_level="sentence" id="markable_85" span="word_1174..word_1188" />
<markable mmax_level="sentence" id="markable_86" span="word_1189..word_1199" />
<markable mmax_level="sentence" id="markable_87" span="word_1200..word_1212" />
<markable mmax_level="sentence" id="markable_88" span="word_1213..word_1242" />
<markable mmax_level="sentence" id="markable_89" span="word_1243..word_1253" />
<markable mmax_level="sentence" id="markable_90" span="word_1254..word_1260" />
<markable mmax_level="sentence" id="markable_91" span="word_1261..word_1275" />
<markable mmax_level="sentence" id="markable_92" span="word_1276..word_1298" />
<markable mmax_level="sentence" id="markable_93" span="word_1299..word_1314" />
<markable mmax_level="sentence" id="markable_94" span="word_1315..word_1331" />
<markable mmax_level="sentence" id="markable_95" span="word_1332..word_1344" />
<markable mmax_level="sentence" id="markable_96" span="word_1345..word_1347" />
<markable mmax_level="sentence" id="markable_97" span="word_1348..word_1371" />
<markable mmax_level="sentence" id="markable_98" span="word_1372..word_1388" />
<markable mmax_level="sentence" id="markable_99" span="word_1389..word_1402" />
<markable mmax_level="sentence" id="markable_100" span="word_1403..word_1414" />
<markable mmax_level="sentence" id="markable_101" span="word_1415..word_1437" />
<markable mmax_level="sentence" id="markable_102" span="word_1438" />
<markable mmax_level="sentence" id="markable_103" span="word_1439..word_1449" />
<markable mmax_level="sentence" id="markable_104" span="word_1450" />
<markable mmax_level="sentence" id="markable_105" span="word_1451..word_1454" />
<markable mmax_level="sentence" id="markable_106" span="word_1455..word_1495" />
<markable mmax_level="sentence" id="markable_107" span="word_1496..word_1521" />
<markable mmax_level="sentence" id="markable_108" span="word_1522..word_1553" />
<markable mmax_level="sentence" id="markable_109" span="word_1554..word_1570" />
<markable mmax_level="sentence" id="markable_110" span="word_1571..word_1595" />
<markable mmax_level="sentence" id="markable_111" span="word_1596..word_1603" />
<markable mmax_level="sentence" id="markable_112" span="word_1604..word_1627" />
<markable mmax_level="sentence" id="markable_113" span="word_1628..word_1648" />
<markable mmax_level="sentence" id="markable_114" span="word_1649..word_1664" />
<markable mmax_level="sentence" id="markable_115" span="word_1665..word_1680" />
<markable mmax_level="sentence" id="markable_116" span="word_1681..word_1723" />
<markable mmax_level="sentence" id="markable_117" span="word_1724..word_1739" />
<markable mmax_level="sentence" id="markable_118" span="word_1740..word_1747" />
<markable mmax_level="sentence" id="markable_119" span="word_1748..word_1768" />
<markable mmax_level="sentence" id="markable_120" span="word_1769..word_1791" />
<markable mmax_level="sentence" id="markable_121" span="word_1792..word_1832" />
<markable mmax_level="sentence" id="markable_122" span="word_1833..word_1862" />
<markable mmax_level="sentence" id="markable_123" span="word_1863..word_1877" />
<markable mmax_level="sentence" id="markable_124" span="word_1878" />
<markable mmax_level="sentence" id="markable_125" span="word_1879..word_1880" />
<markable mmax_level="sentence" id="markable_126" span="word_1881..word_1896" />
<markable mmax_level="sentence" id="markable_127" span="word_1897" />
<markable mmax_level="sentence" id="markable_128" span="word_1898..word_1920" />
<markable mmax_level="sentence" id="markable_129" span="word_1921..word_1938" />
<markable mmax_level="sentence" id="markable_130" span="word_1939..word_1957" />
<markable mmax_level="sentence" id="markable_131" span="word_1958..word_1977" />
<markable mmax_level="sentence" id="markable_132" span="word_1978..word_2011" />
<markable mmax_level="sentence" id="markable_133" span="word_2012..word_2020" />
<markable mmax_level="sentence" id="markable_134" span="word_2021..word_2039" />
<markable mmax_level="sentence" id="markable_135" span="word_2040..word_2046" />
<markable mmax_level="sentence" id="markable_136" span="word_2047" />
<markable mmax_level="sentence" id="markable_137" span="word_2048..word_2058" />
<markable mmax_level="sentence" id="markable_138" span="word_2059..word_2079" />
<markable mmax_level="sentence" id="markable_139" span="word_2080..word_2093" />
<markable mmax_level="sentence" id="markable_140" span="word_2094..word_2111" />
<markable mmax_level="sentence" id="markable_141" span="word_2112..word_2133" />
<markable mmax_level="sentence" id="markable_142" span="word_2134..word_2163" />
<markable mmax_level="sentence" id="markable_143" span="word_2164..word_2194" />
<markable mmax_level="sentence" id="markable_144" span="word_2195" />
<markable mmax_level="sentence" id="markable_145" span="word_2196..word_2209" />
<markable mmax_level="sentence" id="markable_146" span="word_2210..word_2225" />
<markable mmax_level="sentence" id="markable_147" span="word_2226..word_2238" />
<markable mmax_level="sentence" id="markable_148" span="word_2239..word_2257" />
<markable mmax_level="sentence" id="markable_149" span="word_2258..word_2273" />
<markable mmax_level="sentence" id="markable_150" span="word_2274..word_2298" />
<markable mmax_level="sentence" id="markable_151" span="word_2299..word_2314" />
<markable mmax_level="sentence" id="markable_152" span="word_2315..word_2330" />
<markable mmax_level="sentence" id="markable_153" span="word_2331..word_2362" />
<markable mmax_level="sentence" id="markable_154" span="word_2363..word_2378" />
<markable mmax_level="sentence" id="markable_155" span="word_2379" />
<markable mmax_level="sentence" id="markable_156" span="word_2380..word_2381" />
<markable mmax_level="sentence" id="markable_157" span="word_2382..word_2391" />
<markable mmax_level="sentence" id="markable_158" span="word_2392..word_2407" />
<markable mmax_level="sentence" id="markable_159" span="word_2408..word_2444" />
<markable mmax_level="sentence" id="markable_160" span="word_2445..word_2460" />
<markable mmax_level="sentence" id="markable_161" span="word_2461..word_2472" />
<markable mmax_level="sentence" id="markable_162" span="word_2473" />
<markable mmax_level="sentence" id="markable_163" span="word_2474..word_2476" />
<markable mmax_level="sentence" id="markable_164" span="word_2477..word_2602" />
<markable mmax_level="sentence" id="markable_165" span="word_2603..word_2674" />
<markable mmax_level="sentence" id="markable_166" span="word_2675..word_2692" />
<markable mmax_level="sentence" id="markable_167" span="word_2693..word_2699" />
<markable mmax_level="sentence" id="markable_168" span="word_2700..word_2704" />
<markable mmax_level="sentence" id="markable_169" span="word_2705..word_2724" />
<markable mmax_level="sentence" id="markable_170" span="word_2725..word_2739" />
<markable mmax_level="sentence" id="markable_171" span="word_2740..word_2754" />
<markable mmax_level="sentence" id="markable_172" span="word_2755..word_2760" />
<markable mmax_level="sentence" id="markable_173" span="word_2761..word_2762" />
<markable mmax_level="sentence" id="markable_174" span="word_2763" />
<markable mmax_level="sentence" id="markable_175" span="word_2764..word_2769" />
<markable mmax_level="sentence" id="markable_176" span="word_2770..word_2773" />
<markable mmax_level="sentence" id="markable_177" span="word_2774" />
<markable mmax_level="sentence" id="markable_178" span="word_2775..word_2779" />
<markable mmax_level="sentence" id="markable_179" span="word_2780..word_2788" />
<markable mmax_level="sentence" id="markable_180" span="word_2789..word_2793" />
<markable mmax_level="sentence" id="markable_181" span="word_2794..word_2797" />
<markable mmax_level="sentence" id="markable_182" span="word_2798..word_2807" />
<markable mmax_level="sentence" id="markable_183" span="word_2808..word_2814" />
<markable mmax_level="sentence" id="markable_184" span="word_2815..word_2824" />
<markable mmax_level="sentence" id="markable_185" span="word_2825..word_2857" />
<markable mmax_level="sentence" id="markable_186" span="word_2858..word_2868" />
<markable mmax_level="sentence" id="markable_187" span="word_2869..word_2888" />
<markable mmax_level="sentence" id="markable_188" span="word_2889..word_2895" />
<markable mmax_level="sentence" id="markable_189" span="word_2896..word_2917" />
<markable mmax_level="sentence" id="markable_190" span="word_2918..word_2927" />
<markable mmax_level="sentence" id="markable_191" span="word_2928..word_2939" />
<markable mmax_level="sentence" id="markable_192" span="word_2940..word_2947" />
<markable mmax_level="sentence" id="markable_193" span="word_2948..word_2957" />
<markable mmax_level="sentence" id="markable_194" span="word_2958..word_2978" />
<markable mmax_level="sentence" id="markable_195" span="word_2979..word_2989" />
<markable mmax_level="sentence" id="markable_196" span="word_2990..word_3020" />
<markable mmax_level="sentence" id="markable_197" span="word_3021..word_3046" />
<markable mmax_level="sentence" id="markable_198" span="word_3047..word_3074" />
<markable mmax_level="sentence" id="markable_199" span="word_3075..word_3087" />
<markable mmax_level="sentence" id="markable_200" span="word_3088..word_3121" />
<markable mmax_level="sentence" id="markable_201" span="word_3122..word_3146" />
<markable mmax_level="sentence" id="markable_202" span="word_3147..word_3151" />
<markable mmax_level="sentence" id="markable_203" span="word_3152..word_3155" />
<markable mmax_level="sentence" id="markable_204" span="word_3156" />
<markable mmax_level="sentence" id="markable_205" span="word_3157..word_3159" />
<markable mmax_level="sentence" id="markable_206" span="word_3160..word_3161" />
<markable mmax_level="sentence" id="markable_207" span="word_3162..word_3178" />
<markable mmax_level="sentence" id="markable_208" span="word_3179" />
<markable mmax_level="sentence" id="markable_209" span="word_3180" />
<markable mmax_level="sentence" id="markable_210" span="word_3181..word_3193" />
<markable mmax_level="sentence" id="markable_211" span="word_3194..word_3211" />
<markable mmax_level="sentence" id="markable_212" span="word_3212..word_3222" />
<markable mmax_level="sentence" id="markable_213" span="word_3223..word_3227" />
<markable mmax_level="sentence" id="markable_214" span="word_3228..word_3261" />
<markable mmax_level="sentence" id="markable_215" span="word_3262..word_3280" />
<markable mmax_level="sentence" id="markable_216" span="word_3281..word_3290" />
<markable mmax_level="sentence" id="markable_217" span="word_3291..word_3311" />
<markable mmax_level="sentence" id="markable_218" span="word_3312..word_3323" />
<markable mmax_level="sentence" id="markable_219" span="word_3324..word_3339" />
<markable mmax_level="sentence" id="markable_220" span="word_3340..word_3357" />
<markable mmax_level="sentence" id="markable_221" span="word_3358..word_3389" />
<markable mmax_level="sentence" id="markable_222" span="word_3390..word_3416" />
<markable mmax_level="sentence" id="markable_223" span="word_3417..word_3441" />
<markable mmax_level="sentence" id="markable_224" span="word_3442..word_3448" />
<markable mmax_level="sentence" id="markable_225" span="word_3449..word_3475" />
<markable mmax_level="sentence" id="markable_226" span="word_3476..word_3507" />
<markable mmax_level="sentence" id="markable_227" span="word_3508..word_3516" />
<markable mmax_level="sentence" id="markable_228" span="word_3517..word_3542" />
<markable mmax_level="sentence" id="markable_229" span="word_3543..word_3567" />
<markable mmax_level="sentence" id="markable_230" span="word_3568..word_3585" />
<markable mmax_level="sentence" id="markable_231" span="word_3586..word_3608" />
<markable mmax_level="sentence" id="markable_232" span="word_3609..word_3631" />
<markable mmax_level="sentence" id="markable_233" span="word_3632..word_3642" />
<markable mmax_level="sentence" id="markable_234" span="word_3643..word_3655" />
<markable mmax_level="sentence" id="markable_235" span="word_3656" />
<markable mmax_level="sentence" id="markable_236" span="word_3657..word_3658" />
<markable mmax_level="sentence" id="markable_237" span="word_3659..word_3666" />
<markable mmax_level="sentence" id="markable_238" span="word_3667..word_3709" />
<markable mmax_level="sentence" id="markable_239" span="word_3710..word_3717" />
<markable mmax_level="sentence" id="markable_240" span="word_3718..word_3728" />
<markable mmax_level="sentence" id="markable_241" span="word_3729..word_3743" />
<markable mmax_level="sentence" id="markable_242" span="word_3744..word_3753" />
<markable mmax_level="sentence" id="markable_243" span="word_3754..word_3758" />
<markable mmax_level="sentence" id="markable_244" span="word_3759..word_3760" />
<markable mmax_level="sentence" id="markable_245" span="word_3761..word_3777" />
<markable mmax_level="sentence" id="markable_246" span="word_3778..word_3786" />
<markable mmax_level="sentence" id="markable_247" span="word_3787..word_3790" />
<markable mmax_level="sentence" id="markable_248" span="word_3791..word_3797" />
<markable mmax_level="sentence" id="markable_249" span="word_3798..word_3800" />
<markable mmax_level="sentence" id="markable_250" span="word_3801" />
<markable mmax_level="sentence" id="markable_251" span="word_3802..word_3820" />
<markable mmax_level="sentence" id="markable_252" span="word_3821..word_3836" />
<markable mmax_level="sentence" id="markable_253" span="word_3837..word_3875" />
<markable mmax_level="sentence" id="markable_254" span="word_3876..word_3892" />
<markable mmax_level="sentence" id="markable_255" span="word_3893..word_3904" />
<markable mmax_level="sentence" id="markable_256" span="word_3905..word_3928" />
<markable mmax_level="sentence" id="markable_257" span="word_3929..word_3940" />
<markable mmax_level="sentence" id="markable_258" span="word_3941..word_3952" />
<markable mmax_level="sentence" id="markable_259" span="word_3953..word_3960" />
<markable mmax_level="sentence" id="markable_260" span="word_3961..word_3968" />
<markable mmax_level="sentence" id="markable_261" span="word_3969..word_3985" />
<markable mmax_level="sentence" id="markable_262" span="word_3986..word_4000" />
<markable mmax_level="sentence" id="markable_263" span="word_4001..word_4011" />
<markable mmax_level="sentence" id="markable_264" span="word_4012..word_4022" />
<markable mmax_level="sentence" id="markable_265" span="word_4023..word_4035" />
<markable mmax_level="sentence" id="markable_266" span="word_4036..word_4049" />
<markable mmax_level="sentence" id="markable_267" span="word_4050..word_4059" />
<markable mmax_level="sentence" id="markable_268" span="word_4060..word_4087" />
<markable mmax_level="sentence" id="markable_269" span="word_4088..word_4117" />
<markable mmax_level="sentence" id="markable_270" span="word_4118..word_4146" />
<markable mmax_level="sentence" id="markable_271" span="word_4147" />
<markable mmax_level="sentence" id="markable_272" span="word_4148..word_4154" />
<markable mmax_level="sentence" id="markable_273" span="word_4155..word_4165" />
<markable mmax_level="sentence" id="markable_274" span="word_4166" />
<markable mmax_level="sentence" id="markable_275" span="word_4167..word_4168" />
<markable mmax_level="sentence" id="markable_276" span="word_4169..word_4179" />
<markable mmax_level="sentence" id="markable_277" span="word_4180..word_4212" />
<markable mmax_level="sentence" id="markable_278" span="word_4213..word_4229" />
<markable mmax_level="sentence" id="markable_279" span="word_4230..word_4251" />
<markable mmax_level="sentence" id="markable_280" span="word_4252..word_4276" />
<markable mmax_level="sentence" id="markable_281" span="word_4277..word_4303" />
<markable mmax_level="sentence" id="markable_282" span="word_4304..word_4318" />
<markable mmax_level="sentence" id="markable_283" span="word_4319..word_4340" />
<markable mmax_level="sentence" id="markable_284" span="word_4341..word_4344" />
<markable mmax_level="sentence" id="markable_285" span="word_4345..word_4347" />
<markable mmax_level="sentence" id="markable_286" span="word_4348..word_4360" />
<markable mmax_level="sentence" id="markable_287" span="word_4361" />
<markable mmax_level="sentence" id="markable_288" span="word_4362..word_4386" />
<markable mmax_level="sentence" id="markable_289" span="word_4387..word_4402" />
<markable mmax_level="sentence" id="markable_290" span="word_4403..word_4418" />
<markable mmax_level="sentence" id="markable_291" span="word_4419..word_4432" />
<markable mmax_level="sentence" id="markable_292" span="word_4433..word_4450" />
<markable mmax_level="sentence" id="markable_293" span="word_4451..word_4474" />
<markable mmax_level="sentence" id="markable_294" span="word_4475..word_4501" />
<markable mmax_level="sentence" id="markable_295" span="word_4502..word_4513" />
<markable mmax_level="sentence" id="markable_296" span="word_4514..word_4515" />
<markable mmax_level="sentence" id="markable_297" span="word_4516..word_4517" />
<markable mmax_level="sentence" id="markable_298" span="word_4518..word_4540" />
<markable mmax_level="sentence" id="markable_299" span="word_4541..word_4544" />
<markable mmax_level="sentence" id="markable_300" span="word_4545..word_4549" />
<markable mmax_level="sentence" id="markable_301" span="word_4550..word_4557" />
<markable mmax_level="sentence" id="markable_302" span="word_4558..word_4564" />
<markable mmax_level="sentence" id="markable_303" span="word_4565..word_4575" />
<markable mmax_level="sentence" id="markable_304" span="word_4576" />
<markable mmax_level="sentence" id="markable_305" span="word_4577..word_4611" />
<markable mmax_level="sentence" id="markable_306" span="word_4612..word_4624" />
<markable mmax_level="sentence" id="markable_307" span="word_4625..word_4637" />
<markable mmax_level="sentence" id="markable_308" span="word_4638..word_4652" />
<markable mmax_level="sentence" id="markable_309" span="word_4653..word_4671" />
<markable mmax_level="sentence" id="markable_310" span="word_4672..word_4695" />
<markable mmax_level="sentence" id="markable_311" span="word_4696..word_4713" />
<markable mmax_level="sentence" id="markable_312" span="word_4714..word_4729" />
<markable mmax_level="sentence" id="markable_313" span="word_4730..word_4743" />
<markable mmax_level="sentence" id="markable_314" span="word_4744..word_4773" />
<markable mmax_level="sentence" id="markable_315" span="word_4774..word_4795" />
<markable mmax_level="sentence" id="markable_316" span="word_4796..word_4813" />
<markable mmax_level="sentence" id="markable_317" span="word_4814..word_4831" />
<markable mmax_level="sentence" id="markable_318" span="word_4832..word_4836" />
<markable mmax_level="sentence" id="markable_319" span="word_4837..word_4843" />
<markable mmax_level="sentence" id="markable_320" span="word_4844" />
<markable mmax_level="sentence" id="markable_321" span="word_4845..word_4849" />
<markable mmax_level="sentence" id="markable_322" span="word_4850..word_4853" />
<markable mmax_level="sentence" id="markable_323" span="word_4854..word_4857" />
<markable mmax_level="sentence" id="markable_324" span="word_4858..word_4870" />
<markable mmax_level="sentence" id="markable_325" span="word_4871..word_4935" />
<markable mmax_level="sentence" id="markable_326" span="word_4936..word_5000" />
<markable mmax_level="sentence" id="markable_327" span="word_5001..word_5115" />
<markable mmax_level="sentence" id="markable_328" span="word_5116" />
<markable mmax_level="sentence" id="markable_329" span="word_5117..word_5120" />
<markable mmax_level="sentence" id="markable_330" span="word_5121..word_5169" />
<markable mmax_level="sentence" id="markable_331" span="word_5170..word_5219" />
<markable mmax_level="sentence" id="markable_332" span="word_5220..word_5257" />
<markable mmax_level="sentence" id="markable_333" span="word_5258..word_5285" />
<markable mmax_level="sentence" id="markable_334" span="word_5286..word_5315" />
<markable mmax_level="sentence" id="markable_335" span="word_5316..word_5396" />
<markable mmax_level="sentence" id="markable_336" span="word_5397..word_5454" />
<markable mmax_level="sentence" id="markable_337" span="word_5455..word_5465" />
<markable mmax_level="sentence" id="markable_338" span="word_5466..word_5500" />
<markable mmax_level="sentence" id="markable_339" span="word_5501..word_5535" />
<markable mmax_level="sentence" id="markable_340" span="word_5536..word_5595" />
<markable mmax_level="sentence" id="markable_341" span="word_5596" />
<markable mmax_level="sentence" id="markable_342" span="word_5597..word_5604" />
<markable mmax_level="sentence" id="markable_343" span="word_5605..word_5620" />
<markable mmax_level="sentence" id="markable_344" span="word_5621..word_5625" />
<markable mmax_level="sentence" id="markable_345" span="word_5626..word_5631" />
<markable mmax_level="sentence" id="markable_346" span="word_5632..word_5645" />
<markable mmax_level="sentence" id="markable_347" span="word_5646" />
<markable mmax_level="sentence" id="markable_348" span="word_5647..word_5661" />
<markable mmax_level="sentence" id="markable_349" span="word_5662..word_5666" />
<markable mmax_level="sentence" id="markable_350" span="word_5667" />
<markable mmax_level="sentence" id="markable_351" span="word_5668..word_5685" />
<markable mmax_level="sentence" id="markable_352" span="word_5686..word_5705" />
<markable mmax_level="sentence" id="markable_353" span="word_5706..word_5722" />
<markable mmax_level="sentence" id="markable_354" span="word_5723..word_5732" />
<markable mmax_level="sentence" id="markable_355" span="word_5733..word_5741" />
<markable mmax_level="sentence" id="markable_356" span="word_5742..word_5750" />
<markable mmax_level="sentence" id="markable_357" span="word_5751..word_5755" />
<markable mmax_level="sentence" id="markable_358" span="word_5756..word_5766" />
<markable mmax_level="sentence" id="markable_359" span="word_5767..word_5776" />
<markable mmax_level="sentence" id="markable_360" span="word_5777..word_5793" />
<markable mmax_level="sentence" id="markable_361" span="word_5794..word_5800" />
<markable mmax_level="sentence" id="markable_362" span="word_5801..word_5817" />
<markable mmax_level="sentence" id="markable_363" span="word_5818..word_5830" />
<markable mmax_level="sentence" id="markable_364" span="word_5831..word_5841" />
<markable mmax_level="sentence" id="markable_365" span="word_5842..word_5853" />
<markable mmax_level="sentence" id="markable_366" span="word_5854..word_5859" />
<markable mmax_level="sentence" id="markable_367" span="word_5860..word_5875" />
<markable mmax_level="sentence" id="markable_368" span="word_5876..word_5880" />
<markable mmax_level="sentence" id="markable_369" span="word_5881..word_5886" />
<markable mmax_level="sentence" id="markable_370" span="word_5887..word_5894" />
<markable mmax_level="sentence" id="markable_371" span="word_5895..word_5915" />
<markable mmax_level="sentence" id="markable_372" span="word_5916..word_5920" />
<markable mmax_level="sentence" id="markable_373" span="word_5921..word_5925" />
<markable mmax_level="sentence" id="markable_374" span="word_5926..word_5930" />
<markable mmax_level="sentence" id="markable_375" span="word_5931..word_5934" />
<markable mmax_level="sentence" id="markable_376" span="word_5935..word_5944" />
<markable mmax_level="sentence" id="markable_377" span="word_5945..word_5946" />
<markable mmax_level="sentence" id="markable_378" span="word_5947..word_5948" />
<markable mmax_level="sentence" id="markable_379" span="word_5949..word_5955" />
<markable mmax_level="sentence" id="markable_380" span="word_5956..word_5971" />
<markable mmax_level="sentence" id="markable_381" span="word_5972..word_5979" />
<markable mmax_level="sentence" id="markable_382" span="word_5980..word_5990" />
<markable mmax_level="sentence" id="markable_383" span="word_5991..word_5995" />
<markable mmax_level="sentence" id="markable_384" span="word_5996..word_6007" />
<markable mmax_level="sentence" id="markable_385" span="word_6008..word_6013" />
<markable mmax_level="sentence" id="markable_386" span="word_6014" />
<markable mmax_level="sentence" id="markable_387" span="word_6015..word_6021" />
<markable mmax_level="sentence" id="markable_388" span="word_6022..word_6040" />
<markable mmax_level="sentence" id="markable_389" span="word_6041..word_6050" />
<markable mmax_level="sentence" id="markable_390" span="word_6051..word_6067" />
<markable mmax_level="sentence" id="markable_391" span="word_6068..word_6079" />
<markable mmax_level="sentence" id="markable_392" span="word_6080..word_6096" />
<markable mmax_level="sentence" id="markable_393" span="word_6097..word_6104" />
<markable mmax_level="sentence" id="markable_394" span="word_6105" />
<markable mmax_level="sentence" id="markable_395" span="word_6106..word_6107" />
</markables>