<?xml version="1.0" encoding="UTF-8"?>
<!DOCTYPE markables SYSTEM "markables.dtd">
<markables xmlns="www.eml.org/NameSpaces/sentence">
<markable mmax_level="sentence" id="markable_1" span="word_1..word_8" />
<markable mmax_level="sentence" id="markable_2" span="word_9..word_11" />
<markable mmax_level="sentence" id="markable_3" span="word_12..word_44" />
<markable mmax_level="sentence" id="markable_4" span="word_45..word_60" />
<markable mmax_level="sentence" id="markable_5" span="word_61..word_79" />
<markable mmax_level="sentence" id="markable_6" span="word_80..word_102" />
<markable mmax_level="sentence" id="markable_7" span="word_103..word_110" />
<markable mmax_level="sentence" id="markable_8" span="word_111..word_121" />
<markable mmax_level="sentence" id="markable_9" span="word_122..word_133" />
<markable mmax_level="sentence" id="markable_10" span="word_134..word_167" />
<markable mmax_level="sentence" id="markable_11" span="word_168..word_187" />
<markable mmax_level="sentence" id="markable_12" span="word_188..word_198" />
<markable mmax_level="sentence" id="markable_13" span="word_199..word_213" />
<markable mmax_level="sentence" id="markable_14" span="word_214..word_255" />
<markable mmax_level="sentence" id="markable_15" span="word_256..word_286" />
<markable mmax_level="sentence" id="markable_16" span="word_287..word_313" />
<markable mmax_level="sentence" id="markable_17" span="word_314..word_326" />
<markable mmax_level="sentence" id="markable_18" span="word_327..word_338" />
<markable mmax_level="sentence" id="markable_19" span="word_339..word_356" />
<markable mmax_level="sentence" id="markable_20" span="word_357..word_369" />
<markable mmax_level="sentence" id="markable_21" span="word_370..word_390" />
<markable mmax_level="sentence" id="markable_22" span="word_391..word_397" />
<markable mmax_level="sentence" id="markable_23" span="word_398..word_422" />
<markable mmax_level="sentence" id="markable_24" span="word_423..word_471" />
<markable mmax_level="sentence" id="markable_25" span="word_472..word_479" />
<markable mmax_level="sentence" id="markable_26" span="word_480..word_495" />
<markable mmax_level="sentence" id="markable_27" span="word_496..word_499" />
<markable mmax_level="sentence" id="markable_28" span="word_500..word_516" />
<markable mmax_level="sentence" id="markable_29" span="word_517..word_533" />
<markable mmax_level="sentence" id="markable_30" span="word_534..word_549" />
<markable mmax_level="sentence" id="markable_31" span="word_550..word_571" />
<markable mmax_level="sentence" id="markable_32" span="word_572..word_590" />
<markable mmax_level="sentence" id="markable_33" span="word_591..word_601" />
<markable mmax_level="sentence" id="markable_34" span="word_602..word_607" />
<markable mmax_level="sentence" id="markable_35" span="word_608..word_640" />
<markable mmax_level="sentence" id="markable_36" span="word_641..word_656" />
<markable mmax_level="sentence" id="markable_37" span="word_657..word_663" />
<markable mmax_level="sentence" id="markable_38" span="word_664..word_671" />
<markable mmax_level="sentence" id="markable_39" span="word_672..word_682" />
<markable mmax_level="sentence" id="markable_40" span="word_683..word_711" />
<markable mmax_level="sentence" id="markable_41" span="word_712..word_723" />
<markable mmax_level="sentence" id="markable_42" span="word_724..word_750" />
<markable mmax_level="sentence" id="markable_43" span="word_751..word_766" />
<markable mmax_level="sentence" id="markable_44" span="word_767..word_784" />
<markable mmax_level="sentence" id="markable_45" span="word_785..word_791" />
<markable mmax_level="sentence" id="markable_46" span="word_792..word_807" />
<markable mmax_level="sentence" id="markable_47" span="word_808..word_837" />
<markable mmax_level="sentence" id="markable_48" span="word_838..word_853" />
<markable mmax_level="sentence" id="markable_49" span="word_854..word_873" />
<markable mmax_level="sentence" id="markable_50" span="word_874..word_881" />
<markable mmax_level="sentence" id="markable_51" span="word_882..word_889" />
<markable mmax_level="sentence" id="markable_52" span="word_890..word_905" />
<markable mmax_level="sentence" id="markable_53" span="word_906..word_918" />
<markable mmax_level="sentence" id="markable_54" span="word_919..word_928" />
<markable mmax_level="sentence" id="markable_55" span="word_929..word_937" />
<markable mmax_level="sentence" id="markable_56" span="word_938..word_948" />
<markable mmax_level="sentence" id="markable_57" span="word_949..word_952" />
<markable mmax_level="sentence" id="markable_58" span="word_953..word_963" />
<markable mmax_level="sentence" id="markable_59" span="word_964..word_980" />
<markable mmax_level="sentence" id="markable_60" span="word_981..word_991" />
<markable mmax_level="sentence" id="markable_61" span="word_992..word_1014" />
<markable mmax_level="sentence" id="markable_62" span="word_1015..word_1025" />
<markable mmax_level="sentence" id="markable_63" span="word_1026..word_1044" />
<markable mmax_level="sentence" id="markable_64" span="word_1045..word_1057" />
<markable mmax_level="sentence" id="markable_65" span="word_1058..word_1074" />
<markable mmax_level="sentence" id="markable_66" span="word_1075..word_1087" />
<markable mmax_level="sentence" id="markable_67" span="word_1088..word_1109" />
<markable mmax_level="sentence" id="markable_68" span="word_1110..word_1134" />
<markable mmax_level="sentence" id="markable_69" span="word_1135..word_1158" />
<markable mmax_level="sentence" id="markable_70" span="word_1159..word_1177" />
<markable mmax_level="sentence" id="markable_71" span="word_1178..word_1202" />
<markable mmax_level="sentence" id="markable_72" span="word_1203..word_1222" />
<markable mmax_level="sentence" id="markable_73" span="word_1223..word_1230" />
<markable mmax_level="sentence" id="markable_74" span="word_1231..word_1244" />
<markable mmax_level="sentence" id="markable_75" span="word_1245..word_1258" />
<markable mmax_level="sentence" id="markable_76" span="word_1259..word_1285" />
<markable mmax_level="sentence" id="markable_77" span="word_1286..word_1316" />
<markable mmax_level="sentence" id="markable_78" span="word_1317..word_1327" />
<markable mmax_level="sentence" id="markable_79" span="word_1328..word_1349" />
<markable mmax_level="sentence" id="markable_80" span="word_1350..word_1369" />
<markable mmax_level="sentence" id="markable_81" span="word_1370..word_1377" />
<markable mmax_level="sentence" id="markable_82" span="word_1378..word_1398" />
<markable mmax_level="sentence" id="markable_83" span="word_1399..word_1406" />
<markable mmax_level="sentence" id="markable_84" span="word_1407..word_1413" />
<markable mmax_level="sentence" id="markable_85" span="word_1414..word_1431" />
<markable mmax_level="sentence" id="markable_86" span="word_1432..word_1440" />
<markable mmax_level="sentence" id="markable_87" span="word_1441..word_1459" />
<markable mmax_level="sentence" id="markable_88" span="word_1460..word_1469" />
<markable mmax_level="sentence" id="markable_89" span="word_1470..word_1481" />
<markable mmax_level="sentence" id="markable_90" span="word_1482..word_1493" />
<markable mmax_level="sentence" id="markable_91" span="word_1494..word_1499" />
<markable mmax_level="sentence" id="markable_92" span="word_1500..word_1517" />
<markable mmax_level="sentence" id="markable_93" span="word_1518..word_1530" />
<markable mmax_level="sentence" id="markable_94" span="word_1531..word_1534" />
<markable mmax_level="sentence" id="markable_95" span="word_1535..word_1568" />
<markable mmax_level="sentence" id="markable_96" span="word_1569..word_1573" />
<markable mmax_level="sentence" id="markable_97" span="word_1574..word_1607" />
<markable mmax_level="sentence" id="markable_98" span="word_1608..word_1615" />
<markable mmax_level="sentence" id="markable_99" span="word_1616..word_1626" />
<markable mmax_level="sentence" id="markable_100" span="word_1627..word_1628" />
<markable mmax_level="sentence" id="markable_101" span="word_1629..word_1633" />
<markable mmax_level="sentence" id="markable_102" span="word_1634..word_1654" />
<markable mmax_level="sentence" id="markable_103" span="word_1655..word_1675" />
<markable mmax_level="sentence" id="markable_104" span="word_1676..word_1677" />
</markables>