<?xml version="1.0" encoding="UTF-8"?>
<!DOCTYPE words SYSTEM "words.dtd">
<words><word id="word_1">&quot;</word>
<word id="word_2">Kalējiņi</word>
<word id="word_3">1</word>
<word id="word_4">&quot;</word>
<word id="word_5">plāno</word>
<word id="word_6">sasniegt</word>
<word id="word_7">izslaukuma</word>
<word id="word_8">rekordus</word>
<word id="word_9">;</word>
<word id="word_10">trīskāršos</word>
<word id="word_11">lopbarības</word>
<word id="word_12">ražošanu</word>
<word id="word_13">03</word>
<word id="word_14">Jan</word>
<word id="word_15">2013</word>
<word id="word_16">Smiltenes</word>
<word id="word_17">novada</word>
<word id="word_18">Bilskas</word>
<word id="word_19">pagasta</word>
<word id="word_20">zemnieku</word>
<word id="word_21">saimniecība</word>
<word id="word_22">&quot;</word>
<word id="word_23">Kalējiņi1</word>
<word id="word_24">&quot;</word>
<word id="word_25">specializējas</word>
<word id="word_26">piena</word>
<word id="word_27">lopkopībā</word>
<word id="word_28">un</word>
<word id="word_29">patlaban</word>
<word id="word_30">atrodas</word>
<word id="word_31">labāko</word>
<word id="word_32">Latvijas</word>
<word id="word_33">saimniecību</word>
<word id="word_34">divdesmitniekā</word>
<word id="word_35">pēc</word>
<word id="word_36">izslaukuma</word>
<word id="word_37">.</word>
<word id="word_38">Šogad</word>
<word id="word_39">plānots</word>
<word id="word_40">par</word>
<word id="word_41">33</word>
<word id="word_42">%</word>
<word id="word_43">kāpināt</word>
<word id="word_44">piena</word>
<word id="word_45">ražošanas</word>
<word id="word_46">apjomus</word>
<word id="word_47">,</word>
<word id="word_48">kā_arī</word>
<word id="word_49">trīskāršot</word>
<word id="word_50">saimniecības</word>
<word id="word_51">papildus</word>
<word id="word_52">biznesa</word>
<word id="word_53">-</word>
<word id="word_54">kombinētās</word>
<word id="word_55">lopbarības</word>
<word id="word_56">ražošanas</word>
<word id="word_57">-</word>
<word id="word_58">apjomus</word>
<word id="word_59">,</word>
<word id="word_60">intervijā</word>
<word id="word_61">biznesa</word>
<word id="word_62">portālam</word>
<word id="word_63">&quot;</word>
<word id="word_64">Nozare</word>
<word id="word_65">.</word>
<word id="word_66">lv</word>
<word id="word_67">&quot;</word>
<word id="word_68">atzina</word>
<word id="word_69">saimniecības</word>
<word id="word_70">direktors</word>
<word id="word_71">Kaspars</word>
<word id="word_72">Putrālis</word>
<word id="word_73">.</word>
<word id="word_74">Cik</word>
<word id="word_75">hektārus</word>
<word id="word_76">apsaimniekojat</word>
<word id="word_77">?</word>
<word id="word_78">Apstrādājam</word>
<word id="word_79">apmēram</word>
<word id="word_80">600</word>
<word id="word_81">hektārus</word>
<word id="word_82">,</word>
<word id="word_83">no</word>
<word id="word_84">kuriem</word>
<word id="word_85">vienlīdz</word>
<word id="word_86">liela</word>
<word id="word_87">daļa</word>
<word id="word_88">ir</word>
<word id="word_89">pašu</word>
<word id="word_90">īpašums</word>
<word id="word_91">,</word>
<word id="word_92">kā_arī</word>
<word id="word_93">nomātā</word>
<word id="word_94">zeme</word>
<word id="word_95">.</word>
<word id="word_96">Gandrīz</word>
<word id="word_97">visos</word>
<word id="word_98">laukos</word>
<word id="word_99">audzējam</word>
<word id="word_100">zāli</word>
<word id="word_101">lopiem</word>
<word id="word_102">-</word>
<word id="word_103">šajā</word>
<word id="word_104">sezonā</word>
<word id="word_105">saražojām</word>
<word id="word_106">8000</word>
<word id="word_107">tonnas</word>
<word id="word_108">skābbarības</word>
<word id="word_109">,</word>
<word id="word_110">kas</word>
<word id="word_111">ir</word>
<word id="word_112">ļoti</word>
<word id="word_113">liels</word>
<word id="word_114">daudzums</word>
<word id="word_115">.</word>
<word id="word_116">Graudus</word>
<word id="word_117">paši</word>
<word id="word_118">neaudzējam</word>
<word id="word_119">,</word>
<word id="word_120">jo</word>
<word id="word_121">vados</word>
<word id="word_122">pēc</word>
<word id="word_123">tirgus</word>
<word id="word_124">likuma</word>
<word id="word_125">-</word>
<word id="word_126">vai_nu</word>
<word id="word_127">pats</word>
<word id="word_128">audzē</word>
<word id="word_129">un</word>
<word id="word_130">riskē</word>
<word id="word_131">ar</word>
<word id="word_132">iznākumu</word>
<word id="word_133">,</word>
<word id="word_134">vai</word>
<word id="word_135">arī</word>
<word id="word_136">-</word>
<word id="word_137">iepērc</word>
<word id="word_138">.</word>
<word id="word_139">Mēs</word>
<word id="word_140">esam</word>
<word id="word_141">izvēlējušies</word>
<word id="word_142">iepirkt</word>
<word id="word_143">.</word>
<word id="word_144">Varu</word>
<word id="word_145">tikai</word>
<word id="word_146">apsveikt</word>
<word id="word_147">zemniekus</word>
<word id="word_148">,</word>
<word id="word_149">kas</word>
<word id="word_150">spēj</word>
<word id="word_151">profesionāli</word>
<word id="word_152">uzturēt</word>
<word id="word_153">divas</word>
<word id="word_154">nozares</word>
<word id="word_155">.</word>
<word id="word_156">Graudus</word>
<word id="word_157">kopumā</word>
<word id="word_158">iepērkam</word>
<word id="word_159">2000</word>
<word id="word_160">tonnas</word>
<word id="word_161">gadā</word>
<word id="word_162">,</word>
<word id="word_163">savukārt</word>
<word id="word_164">kopā</word>
<word id="word_165">ar</word>
<word id="word_166">rapsi</word>
<word id="word_167">un</word>
<word id="word_168">soju</word>
<word id="word_169">sezonā</word>
<word id="word_170">sanāk</word>
<word id="word_171">ap</word>
<word id="word_172">3000</word>
<word id="word_173">tonnām</word>
<word id="word_174">.</word>
<word id="word_175">Kādas</word>
<word id="word_176">ir</word>
<word id="word_177">līdzšinējās</word>
<word id="word_178">investīcijas</word>
<word id="word_179">un</word>
<word id="word_180">nākotnes</word>
<word id="word_181">plāni</word>
<word id="word_182">?</word>
<word id="word_183">Pēdējos</word>
<word id="word_184">divos</word>
<word id="word_185">gados</word>
<word id="word_186">saimniecībā</word>
<word id="word_187">ieguldīts</word>
<word id="word_188">viens</word>
<word id="word_189">miljons</word>
<word id="word_190">latu</word>
<word id="word_191">.</word>
<word id="word_192">Jaunākais</word>
<word id="word_193">objekts</word>
<word id="word_194">ir</word>
<word id="word_195">nupat</word>
<word id="word_196">restaurētā</word>
<word id="word_197">ferma</word>
<word id="word_198">,</word>
<word id="word_199">kur</word>
<word id="word_200">ieguldījām</word>
<word id="word_201">600_000</word>
<word id="word_202">latu</word>
<word id="word_203">.</word>
<word id="word_204">Savukārt</word>
<word id="word_205">šī</word>
<word id="word_206">gada</word>
<word id="word_207">plānos</word>
<word id="word_208">ir</word>
<word id="word_209">rekonstruēt</word>
<word id="word_210">vēl</word>
<word id="word_211">divas</word>
<word id="word_212">jau</word>
<word id="word_213">esošās</word>
<word id="word_214">kūtis</word>
<word id="word_215">.</word>
<word id="word_216">Uz</word>
<word id="word_217">esošās</word>
<word id="word_218">bāzes</word>
<word id="word_219">gribam</word>
<word id="word_220">uzturēt</word>
<word id="word_221">900</word>
<word id="word_222">&quot;</word>
<word id="word_223">Holšteina</word>
<word id="word_224">&quot;</word>
<word id="word_225">šķirnes</word>
<word id="word_226">slaucamās</word>
<word id="word_227">govis</word>
<word id="word_228">salīdzinājumā</word>
<word id="word_229">ar</word>
<word id="word_230">300</word>
<word id="word_231">liellopiem</word>
<word id="word_232">patlaban</word>
<word id="word_233">.</word>
<word id="word_234">Kāds</word>
<word id="word_235">ir</word>
<word id="word_236">&quot;</word>
<word id="word_237">Kalējiņu</word>
<word id="word_238">1</word>
<word id="word_239">&quot;</word>
<word id="word_240">saimniekošanas</word>
<word id="word_241">modelis</word>
<word id="word_242">?</word>
<word id="word_243">Sākot</word>
<word id="word_244">saimniekošanu</word>
<word id="word_245">,</word>
<word id="word_246">pirms</word>
<word id="word_247">desmit</word>
<word id="word_248">gadiem</word>
<word id="word_249">nedaudz</word>
<word id="word_250">svārstījos</word>
<word id="word_251">-</word>
<word id="word_252">vai</word>
<word id="word_253">nosliekties</word>
<word id="word_254">uz</word>
<word id="word_255">tūrismu</word>
<word id="word_256">vai</word>
<word id="word_257">piensaimniecību</word>
<word id="word_258">.</word>
<word id="word_259">Tomēr</word>
<word id="word_260">,</word>
<word id="word_261">tā_kā</word>
<word id="word_262">senči</word>
<word id="word_263">jau</word>
<word id="word_264">sešās</word>
<word id="word_265">paaudzēs</word>
<word id="word_266">bija</word>
<word id="word_267">strādājuši</word>
<word id="word_268">piena</word>
<word id="word_269">nozarē</word>
<word id="word_270">,</word>
<word id="word_271">izvēlējāmies</word>
<word id="word_272">piensaimniecību</word>
<word id="word_273">.</word>
<word id="word_274">Par</word>
<word id="word_275">saimniekošanas</word>
<word id="word_276">modeli</word>
<word id="word_277">var</word>
<word id="word_278">teikt</word>
<word id="word_279">,</word>
<word id="word_280">ka</word>
<word id="word_281">nav</word>
<word id="word_282">vajadzības</word>
<word id="word_283">izgudrot</word>
<word id="word_284">divriteni</word>
<word id="word_285">-</word>
<word id="word_286">visas</word>
<word id="word_287">labākās</word>
<word id="word_288">idejas</word>
<word id="word_289">jau</word>
<word id="word_290">sen</word>
<word id="word_291">ir</word>
<word id="word_292">aprakstītas</word>
<word id="word_293">.</word>
<word id="word_294">Modernas</word>
<word id="word_295">piensaimniecības</word>
<word id="word_296">modelis</word>
<word id="word_297">noskatīts</word>
<word id="word_298">ASV</word>
<word id="word_299">,</word>
<word id="word_300">kur</word>
<word id="word_301">universitātē</word>
<word id="word_302">mācījos</word>
<word id="word_303">agronomiju</word>
<word id="word_304">un</word>
<word id="word_305">arī</word>
<word id="word_306">strādāju</word>
<word id="word_307">saimniecībās</word>
<word id="word_308">.</word>
<word id="word_309">Šī</word>
<word id="word_310">modeļa</word>
<word id="word_311">būtība</word>
<word id="word_312">-</word>
<word id="word_313">laba</word>
<word id="word_314">liellopu</word>
<word id="word_315">ģenētika</word>
<word id="word_316">,</word>
<word id="word_317">kas</word>
<word id="word_318">ASV</word>
<word id="word_319">ir</word>
<word id="word_320">jebkuras</word>
<word id="word_321">modernas</word>
<word id="word_322">piensaimniecības</word>
<word id="word_323">pamatā</word>
<word id="word_324">jau</word>
<word id="word_325">no</word>
<word id="word_326">pēckara</word>
<word id="word_327">gadiem</word>
<word id="word_328">.</word>
<word id="word_329">Mēs</word>
<word id="word_330">&quot;</word>
<word id="word_331">uz</word>
<word id="word_332">vietas</word>
<word id="word_333">&quot;</word>
<word id="word_334">ciltsmateriālu</word>
<word id="word_335">nepērkam</word>
<word id="word_336">-</word>
<word id="word_337">braucam</word>
<word id="word_338">uz</word>
<word id="word_339">Vāciju</word>
<word id="word_340">,</word>
<word id="word_341">Holandi</word>
<word id="word_342">.</word>
<word id="word_343">Jau</word>
<word id="word_344">piecus</word>
<word id="word_345">gadus</word>
<word id="word_346">strādājam</word>
<word id="word_347">tikai</word>
<word id="word_348">ar</word>
<word id="word_349">ASV</word>
<word id="word_350">ģenētiku</word>
<word id="word_351">un</word>
<word id="word_352">tādā</word>
<word id="word_353">veidā</word>
<word id="word_354">&quot;</word>
<word id="word_355">pārlecam</word>
<word id="word_356">&quot;</word>
<word id="word_357">pāri</word>
<word id="word_358">90</word>
<word id="word_359">%</word>
<word id="word_360">lauksaimnieku</word>
<word id="word_361">,</word>
<word id="word_362">spējot</word>
<word id="word_363">sasniegt</word>
<word id="word_364">vidējo</word>
<word id="word_365">izslaukumu</word>
<word id="word_366">10_500</word>
<word id="word_367">kilogramu</word>
<word id="word_368">piena</word>
<word id="word_369">gadā</word>
<word id="word_370">no</word>
<word id="word_371">vienas</word>
<word id="word_372">govs</word>
<word id="word_373">.</word>
<word id="word_374">Patlaban</word>
<word id="word_375">esam</word>
<word id="word_376">Latvijas</word>
<word id="word_377">labāko</word>
<word id="word_378">saimniecību</word>
<word id="word_379">divdesmitniekā</word>
<word id="word_380">pēc</word>
<word id="word_381">izslaukuma</word>
<word id="word_382">-</word>
<word id="word_383">nododam</word>
<word id="word_384">apmēram</word>
<word id="word_385">deviņas</word>
<word id="word_386">tonnas</word>
<word id="word_387">piena</word>
<word id="word_388">dienā</word>
<word id="word_389">un</word>
<word id="word_390">izslaukums</word>
<word id="word_391">nemitīgi</word>
<word id="word_392">kāpj</word>
<word id="word_393">,</word>
<word id="word_394">jo</word>
<word id="word_395">to</word>
<word id="word_396">nodrošina</word>
<word id="word_397">ne_tikai</word>
<word id="word_398">labā</word>
<word id="word_399">ģenētika</word>
<word id="word_400">,</word>
<word id="word_401">bet_arī</word>
<word id="word_402">sabalansēta</word>
<word id="word_403">barošana</word>
<word id="word_404">.</word>
<word id="word_405">Plānojam</word>
<word id="word_406">šogad</word>
<word id="word_407">sasniegt</word>
<word id="word_408">12</word>
<word id="word_409">tonnas</word>
<word id="word_410">piena</word>
<word id="word_411">dienā</word>
<word id="word_412">.</word>
<word id="word_413">Tas</word>
<word id="word_414">ir</word>
<word id="word_415">mūsu</word>
<word id="word_416">mērķis</word>
<word id="word_417">un</word>
<word id="word_418">arī</word>
<word id="word_419">pagaidu</word>
<word id="word_420">limits</word>
<word id="word_421">.</word>
<word id="word_422">Cik</word>
<word id="word_423">izmaksā</word>
<word id="word_424">laba</word>
<word id="word_425">ģenētika</word>
<word id="word_426">?</word>
<word id="word_427">Tas</word>
<word id="word_428">nav</word>
<word id="word_429">lēti</word>
<word id="word_430">,</word>
<word id="word_431">tomēr</word>
<word id="word_432">jāapzinās</word>
<word id="word_433">,</word>
<word id="word_434">ka</word>
<word id="word_435">tas</word>
<word id="word_436">ir</word>
<word id="word_437">ieguldījums</word>
<word id="word_438">nākotnē</word>
<word id="word_439">.</word>
<word id="word_440">Ja</word>
<word id="word_441">esi</word>
<word id="word_442">ieguldījis</word>
<word id="word_443">investīcijas</word>
<word id="word_444">tehnikā</word>
<word id="word_445">,</word>
<word id="word_446">cilvēkos</word>
<word id="word_447">un</word>
<word id="word_448">apmācībā</word>
<word id="word_449">,</word>
<word id="word_450">vajag</word>
<word id="word_451">vēl</word>
<word id="word_452">mazliet</word>
<word id="word_453">pastrādāt</word>
<word id="word_454">ar</word>
<word id="word_455">menedžmentu</word>
<word id="word_456">un</word>
<word id="word_457">tad</word>
<word id="word_458">var</word>
<word id="word_459">izdarīt</word>
<word id="word_460">vairāk</word>
<word id="word_461">un</word>
<word id="word_462">nopelnīt</word>
<word id="word_463">.</word>
<word id="word_464">Kur</word>
<word id="word_465">un</word>
<word id="word_466">par</word>
<word id="word_467">kādu</word>
<word id="word_468">cenu</word>
<word id="word_469">nododat</word>
<word id="word_470">pienu</word>
<word id="word_471">?</word>
<word id="word_472">Nododam</word>
<word id="word_473">AS</word>
<word id="word_474">&quot;</word>
<word id="word_475">Smiltenes</word>
<word id="word_476">piens</word>
<word id="word_477">&quot;</word>
<word id="word_478">,</word>
<word id="word_479">bet</word>
<word id="word_480">cenas</word>
<word id="word_481">atturēšos</word>
<word id="word_482">minēt</word>
<word id="word_483">.</word>
<word id="word_484">Patlaban</word>
<word id="word_485">piena</word>
<word id="word_486">cena</word>
<word id="word_487">īsti</word>
<word id="word_488">neapmierina</word>
<word id="word_489">,</word>
<word id="word_490">tomēr</word>
<word id="word_491">jāsaprot</word>
<word id="word_492">,</word>
<word id="word_493">ka</word>
<word id="word_494">to</word>
<word id="word_495">diktē</word>
<word id="word_496">šī</word>
<word id="word_497">brīža</word>
<word id="word_498">ekonomiskā</word>
<word id="word_499">situācija</word>
<word id="word_500">.</word>
<word id="word_501">Esam</word>
<word id="word_502">vieni</word>
<word id="word_503">no</word>
<word id="word_504">lielākajiem</word>
<word id="word_505">piegādātājiem</word>
<word id="word_506">,</word>
<word id="word_507">un</word>
<word id="word_508">cena</word>
<word id="word_509">ir</word>
<word id="word_510">atbilstoša</word>
<word id="word_511">tirgus</word>
<word id="word_512">situācijai</word>
<word id="word_513">.</word>
<word id="word_514">Vai</word>
<word id="word_515">&quot;</word>
<word id="word_516">Smiltenes</word>
<word id="word_517">piens</word>
<word id="word_518">&quot;</word>
<word id="word_519">ir</word>
<word id="word_520">gatavs</word>
<word id="word_521">uzpirkt</word>
<word id="word_522">potenciālo</word>
<word id="word_523">piena</word>
<word id="word_524">daudzumu</word>
<word id="word_525">?</word>
<word id="word_526">Jā</word>
<word id="word_527">,</word>
<word id="word_528">mums</word>
<word id="word_529">jau</word>
<word id="word_530">ir</word>
<word id="word_531">attiecīga</word>
<word id="word_532">vienošanās</word>
<word id="word_533">un</word>
<word id="word_534">esam</word>
<word id="word_535">spējuši</word>
<word id="word_536">vienoties</word>
<word id="word_537">arī</word>
<word id="word_538">par</word>
<word id="word_539">abpusēji</word>
<word id="word_540">izdevīgu</word>
<word id="word_541">cenu</word>
<word id="word_542">.</word>
<word id="word_543">Vai</word>
<word id="word_544">nebūtu</word>
<word id="word_545">izdevīgi</word>
<word id="word_546">veidot</word>
<word id="word_547">savu</word>
<word id="word_548">piena</word>
<word id="word_549">pārstrādi</word>
<word id="word_550">?</word>
<word id="word_551">Jā</word>
<word id="word_552">,</word>
<word id="word_553">tas</word>
<word id="word_554">varētu</word>
<word id="word_555">būt</word>
<word id="word_556">nākotnes</word>
<word id="word_557">plāns</word>
<word id="word_558">un</word>
<word id="word_559">nav</word>
<word id="word_560">izslēgts</word>
<word id="word_561">,</word>
<word id="word_562">ka</word>
<word id="word_563">pārstrādi</word>
<word id="word_564">patiešām</word>
<word id="word_565">vajadzētu</word>
<word id="word_566">.</word>
<word id="word_567">Uz</word>
<word id="word_568">kādiem</word>
<word id="word_569">produktiem</word>
<word id="word_570">tādā</word>
<word id="word_571">gadījumā</word>
<word id="word_572">tiktu</word>
<word id="word_573">likts</word>
<word id="word_574">akcents</word>
<word id="word_575">?</word>
<word id="word_576">Tas</word>
<word id="word_577">būtu</word>
<word id="word_578">atkarīgs</word>
<word id="word_579">no</word>
<word id="word_580">tirgus</word>
<word id="word_581">.</word>
<word id="word_582">No</word>
<word id="word_583">šodienas</word>
<word id="word_584">viedokļa</word>
<word id="word_585">raugoties</word>
<word id="word_586">,</word>
<word id="word_587">finansiāli</word>
<word id="word_588">izdevīgāka</word>
<word id="word_589">būtu</word>
<word id="word_590">sausā</word>
<word id="word_591">vājpiena</word>
<word id="word_592">ražošana</word>
<word id="word_593">.</word>
<word id="word_594">Kā</word>
<word id="word_595">ir</word>
<word id="word_596">mainījies</word>
<word id="word_597">piena</word>
<word id="word_598">tirgus</word>
<word id="word_599">,</word>
<word id="word_600">kopš</word>
<word id="word_601">Krievijas</word>
<word id="word_602">investori</word>
<word id="word_603">nopirka</word>
<word id="word_604">un</word>
<word id="word_605">apvienoja</word>
<word id="word_606">AS</word>
<word id="word_607">&quot;</word>
<word id="word_608">Valmieras</word>
<word id="word_609">pienu</word>
<word id="word_610">&quot;</word>
<word id="word_611">un</word>
<word id="word_612">AS</word>
<word id="word_613">&quot;</word>
<word id="word_614">Rīgas</word>
<word id="word_615">piena</word>
<word id="word_616">kombinātu</word>
<word id="word_617">&quot;</word>
<word id="word_618">,</word>
<word id="word_619">turklāt</word>
<word id="word_620">nupat</word>
<word id="word_621">ar</word>
<word id="word_622">pilnu</word>
<word id="word_623">jaudu</word>
<word id="word_624">sācis</word>
<word id="word_625">darboties</word>
<word id="word_626">zemniekiem</word>
<word id="word_627">piederošais</word>
<word id="word_628">piena</word>
<word id="word_629">kombināts</word>
<word id="word_630">Jelgavā</word>
<word id="word_631">?</word>
<word id="word_632">Neviens</word>
<word id="word_633">nezinām</word>
<word id="word_634">,</word>
<word id="word_635">ar</word>
<word id="word_636">kādām</word>
<word id="word_637">interesēm</word>
<word id="word_638">šie</word>
<word id="word_639">cilvēki</word>
<word id="word_640">-</word>
<word id="word_641">Krievijas</word>
<word id="word_642">investori</word>
<word id="word_643">-</word>
<word id="word_644">nāca</word>
<word id="word_645">un</word>
<word id="word_646">pirka</word>
<word id="word_647">rūpnīcas</word>
<word id="word_648">,</word>
<word id="word_649">būtībā</word>
<word id="word_650">tas</word>
<word id="word_651">ir</word>
<word id="word_652">bizness</word>
<word id="word_653">,</word>
<word id="word_654">nevis</word>
<word id="word_655">emocijas</word>
<word id="word_656">.</word>
<word id="word_657">Katrā</word>
<word id="word_658">ziņā</word>
<word id="word_659">nav</word>
<word id="word_660">slikti</word>
<word id="word_661">,</word>
<word id="word_662">ka</word>
<word id="word_663">&quot;</word>
<word id="word_664">mazais</word>
<word id="word_665">kuģītis</word>
<word id="word_666">&quot;</word>
<word id="word_667">-</word>
<word id="word_668">vietējais</word>
<word id="word_669">tirgus</word>
<word id="word_670">-</word>
<word id="word_671">sakustējies</word>
<word id="word_672">.</word>
<word id="word_673">Latvija</word>
<word id="word_674">ir</word>
<word id="word_675">ļoti</word>
<word id="word_676">mazs</word>
<word id="word_677">tirgus</word>
<word id="word_678">,</word>
<word id="word_679">kuru</word>
<word id="word_680">var</word>
<word id="word_681">satricināt</word>
<word id="word_682">jebkādi</word>
<word id="word_683">notikumi</word>
<word id="word_684">un</word>
<word id="word_685">mazākās</word>
<word id="word_686">svārstības</word>
<word id="word_687">pasaules</word>
<word id="word_688">tirgū</word>
<word id="word_689">.</word>
<word id="word_690">Piemēram</word>
<word id="word_691">,</word>
<word id="word_692">Jaunzēlandē</word>
<word id="word_693">izslauks</word>
<word id="word_694">vairāk</word>
<word id="word_695">piena</word>
<word id="word_696">vai</word>
<word id="word_697">graudu</word>
<word id="word_698">raža</word>
<word id="word_699">citur</word>
<word id="word_700">pasaulē</word>
<word id="word_701">būs</word>
<word id="word_702">labāka</word>
<word id="word_703">-</word>
<word id="word_704">tūlīt</word>
<word id="word_705">cenas</word>
<word id="word_706">atsaucas</word>
<word id="word_707">arī</word>
<word id="word_708">uz</word>
<word id="word_709">vietējiem</word>
<word id="word_710">zemniekiem</word>
<word id="word_711">,</word>
<word id="word_712">bet</word>
<word id="word_713">tas</word>
<word id="word_714">ir</word>
<word id="word_715">tikai</word>
<word id="word_716">normāli</word>
<word id="word_717">.</word>
<word id="word_718">Par</word>
<word id="word_719">sadarbību</word>
<word id="word_720">ar</word>
<word id="word_721">Jelgavas</word>
<word id="word_722">kombinātu</word>
<word id="word_723">nedomāju</word>
<word id="word_724">.</word>
<word id="word_725">Ja</word>
<word id="word_726">es</word>
<word id="word_727">ieliktu</word>
<word id="word_728">sludinājumu</word>
<word id="word_729">,</word>
<word id="word_730">ka</word>
<word id="word_731">pārdodu</word>
<word id="word_732">deviņas</word>
<word id="word_733">tonnas</word>
<word id="word_734">piena</word>
<word id="word_735">dienā</word>
<word id="word_736">,</word>
<word id="word_737">pagalmā</word>
<word id="word_738">tūlīt</word>
<word id="word_739">būtu</word>
<word id="word_740">septiņas</word>
<word id="word_741">mašīnas</word>
<word id="word_742">klāt</word>
<word id="word_743">,</word>
<word id="word_744">tā_ka</word>
<word id="word_745">piena</word>
<word id="word_746">noiets</word>
<word id="word_747">mani</word>
<word id="word_748">neuztrauc</word>
<word id="word_749">.</word>
<word id="word_750">Vai</word>
<word id="word_751">kaut</word>
<word id="word_752">ko</word>
<word id="word_753">mainītu</word>
<word id="word_754">tas</word>
<word id="word_755">,</word>
<word id="word_756">ka</word>
<word id="word_757">,</word>
<word id="word_758">piemēram</word>
<word id="word_759">,</word>
<word id="word_760">&quot;</word>
<word id="word_761">Smiltenes</word>
<word id="word_762">pienu</word>
<word id="word_763">&quot;</word>
<word id="word_764">nopirktu</word>
<word id="word_765">kaut_vai</word>
<word id="word_766">minētie</word>
<word id="word_767">Krievijas</word>
<word id="word_768">investori</word>
<word id="word_769">?</word>
<word id="word_770">Nē</word>
<word id="word_771">,</word>
<word id="word_772">tas</word>
<word id="word_773">neko</word>
<word id="word_774">nemainītu</word>
<word id="word_775">-</word>
<word id="word_776">būtu</word>
<word id="word_777">cits</word>
<word id="word_778">līgums</word>
<word id="word_779">un</word>
<word id="word_780">citi</word>
<word id="word_781">sadarbības</word>
<word id="word_782">partneri</word>
<word id="word_783">.</word>
<word id="word_784">Tirgus</word>
<word id="word_785">mainās</word>
<word id="word_786">tik</word>
<word id="word_787">strauji</word>
<word id="word_788">,</word>
<word id="word_789">ka</word>
<word id="word_790">neviens</word>
<word id="word_791">nevar</word>
<word id="word_792">prognozēt</word>
<word id="word_793">,</word>
<word id="word_794">kas</word>
<word id="word_795">notiks</word>
<word id="word_796">,</word>
<word id="word_797">tāpat_kā</word>
<word id="word_798">neviens</word>
<word id="word_799">pašlaik</word>
<word id="word_800">pat</word>
<word id="word_801">aptuveni</word>
<word id="word_802">nevar</word>
<word id="word_803">nosaukt</word>
<word id="word_804">piena</word>
<word id="word_805">cenu</word>
<word id="word_806">,</word>
<word id="word_807">tas</word>
<word id="word_808">nav</word>
<word id="word_809">prognozējams</word>
<word id="word_810">.</word>
<word id="word_811">Līdz</word>
<word id="word_812">ar</word>
<word id="word_813">to</word>
<word id="word_814">man</word>
<word id="word_815">vienalga</word>
<word id="word_816">,</word>
<word id="word_817">kurš</word>
<word id="word_818">to</word>
<word id="word_819">pienu</word>
<word id="word_820">nopērk</word>
<word id="word_821">un</word>
<word id="word_822">kādā</word>
<word id="word_823">krāsā</word>
<word id="word_824">ir</word>
<word id="word_825">mašīna</word>
<word id="word_826">.</word>
<word id="word_827">Tas</word>
<word id="word_828">ir</word>
<word id="word_829">tirgus</word>
<word id="word_830">,</word>
<word id="word_831">kurā</word>
<word id="word_832">ir</word>
<word id="word_833">lielāki</word>
<word id="word_834">vai</word>
<word id="word_835">mazāki</word>
<word id="word_836">spēlētāji</word>
<word id="word_837">.</word>
<word id="word_838">Latvijas</word>
<word id="word_839">gadījumā</word>
<word id="word_840">gan</word>
<word id="word_841">problēma</word>
<word id="word_842">ir</word>
<word id="word_843">sadrumstalotais</word>
<word id="word_844">tirgus</word>
<word id="word_845">,</word>
<word id="word_846">jo</word>
<word id="word_847">ir</word>
<word id="word_848">ļoti</word>
<word id="word_849">daudz</word>
<word id="word_850">mazo</word>
<word id="word_851">ražotāju</word>
<word id="word_852">.</word>
<word id="word_853">Vai</word>
<word id="word_854">tirgus</word>
<word id="word_855">stabilizēšanā</word>
<word id="word_856">līdzētu</word>
<word id="word_857">zemnieku</word>
<word id="word_858">apvienošanās</word>
<word id="word_859">kooperatīvos</word>
<word id="word_860">?</word>
<word id="word_861">Kooperatīvu</word>
<word id="word_862">ideja</word>
<word id="word_863">pati</word>
<word id="word_864">par</word>
<word id="word_865">sevi</word>
<word id="word_866">ir</word>
<word id="word_867">ļoti</word>
<word id="word_868">laba</word>
<word id="word_869">.</word>
<word id="word_870">Tomēr</word>
<word id="word_871">Latvijā</word>
<word id="word_872">gribētos</word>
<word id="word_873">labāku</word>
<word id="word_874">kooperāciju</word>
<word id="word_875">piensaimniecībā</word>
<word id="word_876">-</word>
<word id="word_877">šajā</word>
<word id="word_878">ziņā</word>
<word id="word_879">graudu</word>
<word id="word_880">kooperatīvi</word>
<word id="word_881">savā</word>
<word id="word_882">attīstībā</word>
<word id="word_883">tikuši</word>
<word id="word_884">daudz</word>
<word id="word_885">tālāk</word>
<word id="word_886">.</word>
<word id="word_887">Arī</word>
<word id="word_888">ASV</word>
<word id="word_889">lielie</word>
<word id="word_890">piensaimnieki</word>
<word id="word_891">nestājas</word>
<word id="word_892">kooperatīvos</word>
<word id="word_893">-</word>
<word id="word_894">viņi</word>
<word id="word_895">spēj</word>
<word id="word_896">pastāvēt</word>
<word id="word_897">paši</word>
<word id="word_898">un</word>
<word id="word_899">piepildīt</word>
<word id="word_900">lielās</word>
<word id="word_901">mašīnu</word>
<word id="word_902">ar</word>
<word id="word_903">pienu</word>
<word id="word_904">.</word>
<word id="word_905">Kad</word>
<word id="word_906">&quot;</word>
<word id="word_907">Kalējiņos</word>
<word id="word_908">1</word>
<word id="word_909">&apos;</word>
<word id="word_910">&quot;</word>
<word id="word_911">uzcēlām</word>
<word id="word_912">pirmo</word>
<word id="word_913">kūti</word>
<word id="word_914">,</word>
<word id="word_915">mums</word>
<word id="word_916">bija</word>
<word id="word_917">tikai</word>
<word id="word_918">400</word>
<word id="word_919">litru</word>
<word id="word_920">piena</word>
<word id="word_921">dienā</word>
<word id="word_922">,</word>
<word id="word_923">bet</word>
<word id="word_924">jau</word>
<word id="word_925">tad</word>
<word id="word_926">mērķis</word>
<word id="word_927">bija</word>
<word id="word_928">skaidrs</word>
<word id="word_929">-</word>
<word id="word_930">lai</word>
<word id="word_931">mašīna</word>
<word id="word_932">būtu</word>
<word id="word_933">pilna</word>
<word id="word_934">ar</word>
<word id="word_935">pienu</word>
<word id="word_936">un</word>
<word id="word_937">es</word>
<word id="word_938">varētu</word>
<word id="word_939">ietekmēt</word>
<word id="word_940">piena</word>
<word id="word_941">cenu</word>
<word id="word_942">Latvijas</word>
<word id="word_943">tirgū</word>
<word id="word_944">.</word>
<word id="word_945">Tā</word>
<word id="word_946">tas</word>
<word id="word_947">patlaban</word>
<word id="word_948">ir</word>
<word id="word_949">un</word>
<word id="word_950">nav</word>
<word id="word_951">vajadzības</word>
<word id="word_952">stāties</word>
<word id="word_953">kooperatīvā</word>
<word id="word_954">.</word>
<word id="word_955">Vai</word>
<word id="word_956">saimniecībai</word>
<word id="word_957">ir</word>
<word id="word_958">vēl</word>
<word id="word_959">kāds</word>
<word id="word_960">papildus</word>
<word id="word_961">ienākumu</word>
<word id="word_962">avots</word>
<word id="word_963">?</word>
<word id="word_964">Jā</word>
<word id="word_965">,</word>
<word id="word_966">&quot;</word>
<word id="word_967">Kalējiņos</word>
<word id="word_968">1</word>
<word id="word_969">&quot;</word>
<word id="word_970">ir</word>
<word id="word_971">arī</word>
<word id="word_972">otra</word>
<word id="word_973">nozare</word>
<word id="word_974">-</word>
<word id="word_975">jau</word>
<word id="word_976">divus</word>
<word id="word_977">gadus</word>
<word id="word_978">pēc</word>
<word id="word_979">pasūtījuma</word>
<word id="word_980">ražojam</word>
<word id="word_981">dažāda</word>
<word id="word_982">veida</word>
<word id="word_983">papildbarību</word>
<word id="word_984">jeb</word>
<word id="word_985">kombinēto</word>
<word id="word_986">lopbarību</word>
<word id="word_987">un</word>
<word id="word_988">pārdodam</word>
<word id="word_989">to</word>
<word id="word_990">citiem</word>
<word id="word_991">lauksaimniekiem</word>
<word id="word_992">.</word>
<word id="word_993">Šis</word>
<word id="word_994">papildus</word>
<word id="word_995">bizness</word>
<word id="word_996">sākās</word>
<word id="word_997">šķietami</word>
<word id="word_998">nemanāmi</word>
<word id="word_999">.</word>
<word id="word_1000">Kad</word>
<word id="word_1001">rekonstruējām</word>
<word id="word_1002">kūtis</word>
<word id="word_1003">un</word>
<word id="word_1004">sākām</word>
<word id="word_1005">iepirkt</word>
<word id="word_1006">lopus</word>
<word id="word_1007">,</word>
<word id="word_1008">sākām</word>
<word id="word_1009">&quot;</word>
<word id="word_1010">no</word>
<word id="word_1011">nulles</word>
<word id="word_1012">&quot;</word>
<word id="word_1013">.</word>
<word id="word_1014">Lai</word>
<word id="word_1015">iegūtu</word>
<word id="word_1016">pakalpojumu</word>
<word id="word_1017">,</word>
<word id="word_1018">pretī</word>
<word id="word_1019">devām</word>
<word id="word_1020">barību</word>
<word id="word_1021">.</word>
<word id="word_1022">Specializētu</word>
<word id="word_1023">iekārtu</word>
<word id="word_1024">toreiz</word>
<word id="word_1025">nebija</word>
<word id="word_1026">,</word>
<word id="word_1027">sastāvdaļas</word>
<word id="word_1028">maisījām</word>
<word id="word_1029">tāpat</word>
<word id="word_1030">ar</word>
<word id="word_1031">rokām</word>
<word id="word_1032">.</word>
<word id="word_1033">Ar</word>
<word id="word_1034">laiku</word>
<word id="word_1035">klientu</word>
<word id="word_1036">loks</word>
<word id="word_1037">paplašinājās</word>
<word id="word_1038">,</word>
<word id="word_1039">jo</word>
<word id="word_1040">cilvēki</word>
<word id="word_1041">sāka</word>
<word id="word_1042">apzināties</word>
<word id="word_1043">kvalitāti</word>
<word id="word_1044">.</word>
<word id="word_1045">Patlaban</word>
<word id="word_1046">mums</word>
<word id="word_1047">ir</word>
<word id="word_1048">jau</word>
<word id="word_1049">apmēram</word>
<word id="word_1050">50</word>
<word id="word_1051">klienti</word>
<word id="word_1052">100</word>
<word id="word_1053">kilometru</word>
<word id="word_1054">rādiusā</word>
<word id="word_1055">Mūsu</word>
<word id="word_1056">lielākais</word>
<word id="word_1057">&quot;</word>
<word id="word_1058">trumpis</word>
<word id="word_1059">&quot;</word>
<word id="word_1060">saistās</word>
<word id="word_1061">ar</word>
<word id="word_1062">saimniecības</word>
<word id="word_1063">pamatnozari</word>
<word id="word_1064">-</word>
<word id="word_1065">pienkopību</word>
<word id="word_1066">,</word>
<word id="word_1067">jo</word>
<word id="word_1068">klienti</word>
<word id="word_1069">nevis</word>
<word id="word_1070">pēc</word>
<word id="word_1071">nostātiem</word>
<word id="word_1072">,</word>
<word id="word_1073">bet</word>
<word id="word_1074">klātienē</word>
<word id="word_1075">fermā</word>
<word id="word_1076">var</word>
<word id="word_1077">pārliecināties</word>
<word id="word_1078">,</word>
<word id="word_1079">kā</word>
<word id="word_1080">lopi</word>
<word id="word_1081">tiek</word>
<word id="word_1082">baroti</word>
<word id="word_1083">un</word>
<word id="word_1084">kādi</word>
<word id="word_1085">ir</word>
<word id="word_1086">izslaukumi</word>
<word id="word_1087">.</word>
<word id="word_1088">Līdz</word>
<word id="word_1089">ar</word>
<word id="word_1090">to</word>
<word id="word_1091">,</word>
<word id="word_1092">iegādājoties</word>
<word id="word_1093">mūsu</word>
<word id="word_1094">saražoto</word>
<word id="word_1095">lopbarību</word>
<word id="word_1096">,</word>
<word id="word_1097">arī</word>
<word id="word_1098">citi</word>
<word id="word_1099">piensaimnieki</word>
<word id="word_1100">var</word>
<word id="word_1101">pretendēt</word>
<word id="word_1102">uz</word>
<word id="word_1103">tādiem</word>
<word id="word_1104">pašiem</word>
<word id="word_1105">izslaukumiem</word>
<word id="word_1106">.</word>
<word id="word_1107">Cik</word>
<word id="word_1108">kombinētās</word>
<word id="word_1109">lopbarības</word>
<word id="word_1110">saražojat</word>
<word id="word_1111">?</word>
<word id="word_1112">Naudas</word>
<word id="word_1113">izteiksmē</word>
<word id="word_1114">tie</word>
<word id="word_1115">ir</word>
<word id="word_1116">30</word>
<word id="word_1117">%</word>
<word id="word_1118">no</word>
<word id="word_1119">saimniecības</word>
<word id="word_1120">ienākumiem</word>
<word id="word_1121">.</word>
<word id="word_1122">Esam</word>
<word id="word_1123">izveidojuši</word>
<word id="word_1124">mazu</word>
<word id="word_1125">rūpnīcu</word>
<word id="word_1126">,</word>
<word id="word_1127">ieguldot</word>
<word id="word_1128">100_000</word>
<word id="word_1129">latu</word>
<word id="word_1130">,</word>
<word id="word_1131">no</word>
<word id="word_1132">kuriem</word>
<word id="word_1133">daļa</word>
<word id="word_1134">bija</word>
<word id="word_1135">pašu</word>
<word id="word_1136">naudas</word>
<word id="word_1137">,</word>
<word id="word_1138">daļa</word>
<word id="word_1139">-</word>
<word id="word_1140">ES</word>
<word id="word_1141">fondu</word>
<word id="word_1142">līdzekļi</word>
<word id="word_1143">.</word>
<word id="word_1144">Patlaban</word>
<word id="word_1145">saražojam</word>
<word id="word_1146">130</word>
<word id="word_1147">tonnas</word>
<word id="word_1148">lopbarības</word>
<word id="word_1149">mēnesī</word>
<word id="word_1150">,</word>
<word id="word_1151">no</word>
<word id="word_1152">kurām</word>
<word id="word_1153">apmēram</word>
<word id="word_1154">pusi</word>
<word id="word_1155">izbarojam</word>
<word id="word_1156">saviem</word>
<word id="word_1157">lopiem</word>
<word id="word_1158">,</word>
<word id="word_1159">bet</word>
<word id="word_1160">pārējo</word>
<word id="word_1161">-</word>
<word id="word_1162">pārdodam</word>
<word id="word_1163">.</word>
<word id="word_1164">Vai</word>
<word id="word_1165">ražotni</word>
<word id="word_1166">plānojat</word>
<word id="word_1167">paplašināt</word>
<word id="word_1168">?</word>
<word id="word_1169">Jā</word>
<word id="word_1170">,</word>
<word id="word_1171">tas</word>
<word id="word_1172">varētu</word>
<word id="word_1173">būt</word>
<word id="word_1174">nākamo</word>
<word id="word_1175">divu</word>
<word id="word_1176">gadu</word>
<word id="word_1177">projekts</word>
<word id="word_1178">un</word>
<word id="word_1179">tā</word>
<word id="word_1180">noslēgumā</word>
<word id="word_1181">lopbarības</word>
<word id="word_1182">ražošanas</word>
<word id="word_1183">jauda</word>
<word id="word_1184">tiks</word>
<word id="word_1185">trīskāršota</word>
<word id="word_1186">,</word>
<word id="word_1187">sasniedzot</word>
<word id="word_1188">vismaz</word>
<word id="word_1189">300</word>
<word id="word_1190">tonnas</word>
<word id="word_1191">lopbarības</word>
<word id="word_1192">gadā</word>
<word id="word_1193">.</word>
<word id="word_1194">Savukārt</word>
<word id="word_1195">lopbarības</word>
<word id="word_1196">ražošana</word>
<word id="word_1197">veidos</word>
<word id="word_1198">pusi</word>
<word id="word_1199">no</word>
<word id="word_1200">saimniecības</word>
<word id="word_1201">ienākumiem</word>
<word id="word_1202">.</word>
<word id="word_1203">Ieguldījumu</word>
<word id="word_1204">apmērus</word>
<word id="word_1205">pagaidām</word>
<word id="word_1206">neminēšu</word>
<word id="word_1207">,</word>
<word id="word_1208">jo</word>
<word id="word_1209">tie</word>
<word id="word_1210">būs</word>
<word id="word_1211">atkarīgi</word>
<word id="word_1212">no</word>
<word id="word_1213">situācijas</word>
<word id="word_1214">graudu</word>
<word id="word_1215">un</word>
<word id="word_1216">piena</word>
<word id="word_1217">cenu</word>
<word id="word_1218">tirgū</word>
<word id="word_1219">.</word>
<word id="word_1220">Vai</word>
<word id="word_1221">plānojat</word>
<word id="word_1222">būvēt</word>
<word id="word_1223">biogāzes</word>
<word id="word_1224">staciju</word>
<word id="word_1225">?</word>
<word id="word_1226">Tas</word>
<word id="word_1227">nav</word>
<word id="word_1228">izslēgts</word>
<word id="word_1229">,</word>
<word id="word_1230">tomēr</word>
<word id="word_1231">jāveic</word>
<word id="word_1232">rūpīgi</word>
<word id="word_1233">aprēķini</word>
<word id="word_1234">.</word>
<word id="word_1235">Ja</word>
<word id="word_1236">būs</word>
<word id="word_1237">iespējas</word>
<word id="word_1238">un</word>
<word id="word_1239">redzēšu</word>
<word id="word_1240">ekonomisko</word>
<word id="word_1241">labumu</word>
<word id="word_1242">,</word>
<word id="word_1243">tad</word>
<word id="word_1244">-</word>
<word id="word_1245">jā</word>
<word id="word_1246">.</word>
<word id="word_1247">Informācijai</word>
<word id="word_1248">Zemnieku</word>
<word id="word_1249">saimniecība</word>
<word id="word_1250">&quot;</word>
<word id="word_1251">Kalējiņi</word>
<word id="word_1252">1</word>
<word id="word_1253">&quot;</word>
<word id="word_1254">dibināta</word>
<word id="word_1255">1998.</word>
<word id="word_1256">gadā</word>
<word id="word_1257">,</word>
<word id="word_1258">atrodas</word>
<word id="word_1259">Smiltenes</word>
<word id="word_1260">novada</word>
<word id="word_1261">Bilskas</word>
<word id="word_1262">pagastā</word>
<word id="word_1263">.</word>
<word id="word_1264">Saskaņā</word>
<word id="word_1265">ar</word>
<word id="word_1266">&quot;</word>
<word id="word_1267">Firmas</word>
<word id="word_1268">.</word>
<word id="word_1269">lv</word>
<word id="word_1270">&quot;</word>
<word id="word_1271">datiem</word>
<word id="word_1272">saimniecības</word>
<word id="word_1273">apgrozījums</word>
<word id="word_1274">2011.</word>
<word id="word_1275">gadā</word>
<word id="word_1276">bija</word>
<word id="word_1277">737_342</word>
<word id="word_1278">latu</word>
<word id="word_1279">,</word>
<word id="word_1280">kas</word>
<word id="word_1281">ir</word>
<word id="word_1282">par</word>
<word id="word_1283">36</word>
<word id="word_1284">%</word>
<word id="word_1285">vairāk</word>
<word id="word_1286">nekā</word>
<word id="word_1287">2010.</word>
<word id="word_1288">gadā</word>
<word id="word_1289">,</word>
<word id="word_1290">kad</word>
<word id="word_1291">tika</word>
<word id="word_1292">apgrozīti</word>
<word id="word_1293">539_914</word>
<word id="word_1294">lati</word>
<word id="word_1295">.</word>
<word id="word_1296">Saimniecības</word>
<word id="word_1297">peļņa</word>
<word id="word_1298">2011.</word>
<word id="word_1299">gadā</word>
<word id="word_1300">bija</word>
<word id="word_1301">247_067</word>
<word id="word_1302">latu</word>
<word id="word_1303">salīdzinājumā</word>
<word id="word_1304">ar</word>
<word id="word_1305">160_666</word>
<word id="word_1306">latiem</word>
<word id="word_1307">2010.</word>
<word id="word_1308">gadā</word>
<word id="word_1309">.</word>
<word id="word_1310">&quot;</word>
<word id="word_1311">Kalējiņi</word>
<word id="word_1312">1</word>
<word id="word_1313">&quot;</word>
<word id="word_1314">īpašnieks</word>
<word id="word_1315">ir</word>
<word id="word_1316">Kristaps</word>
<word id="word_1317">Putrālis</word>
<word id="word_1318">.</word>
</words>