<?xml version="1.0" encoding="UTF-8"?>
<!DOCTYPE words SYSTEM "words.dtd">
<words><word id="word_1">&quot;</word>
<word id="word_2">Compensa</word>
<word id="word_3">&quot;</word>
<word id="word_4">apsver</word>
<word id="word_5">iespēju</word>
<word id="word_6">nopirkt</word>
<word id="word_7">citu</word>
<word id="word_8">apdrošinātāju</word>
<word id="word_9">12</word>
<word id="word_10">Nov</word>
<word id="word_11">2012</word>
<word id="word_12">Septembrī</word>
<word id="word_13">Latvijā</word>
<word id="word_14">reģistrētā</word>
<word id="word_15">nedzīvības</word>
<word id="word_16">apdrošināšanas</word>
<word id="word_17">kompānija</word>
<word id="word_18">&quot;</word>
<word id="word_19">Compensa</word>
<word id="word_20">TU</word>
<word id="word_21">S.</word>
<word id="word_22">A.</word>
<word id="word_23">Vienna</word>
<word id="word_24">Insurance</word>
<word id="word_25">Group</word>
<word id="word_26">&quot;</word>
<word id="word_27">(</word>
<word id="word_28">&quot;</word>
<word id="word_29">Compensa</word>
<word id="word_30">&quot;</word>
<word id="word_31">)</word>
<word id="word_32">ar</word>
<word id="word_33">laiku</word>
<word id="word_34">cer</word>
<word id="word_35">iekarot</word>
<word id="word_36">10</word>
<word id="word_37">%</word>
<word id="word_38">Latvijas</word>
<word id="word_39">nedzīvības</word>
<word id="word_40">apdrošināšanas</word>
<word id="word_41">tirgus</word>
<word id="word_42">.</word>
<word id="word_43">Intervijā</word>
<word id="word_44">biznesa</word>
<word id="word_45">portālam</word>
<word id="word_46">”</word>
<word id="word_47">Nozare</word>
<word id="word_48">.</word>
<word id="word_49">lv</word>
<word id="word_50">”</word>
<word id="word_51">apdrošināšanas</word>
<word id="word_52">sabiedrības</word>
<word id="word_53">īpašnieka</word>
<word id="word_54">Austrijas</word>
<word id="word_55">uzņēmuma</word>
<word id="word_56">“</word>
<word id="word_57">Vienna</word>
<word id="word_58">Insurance</word>
<word id="word_59">Group</word>
<word id="word_60">AG</word>
<word id="word_61">”</word>
<word id="word_62">valdes</word>
<word id="word_63">loceklis</word>
<word id="word_64">Fuhs</word>
<word id="word_65">Francs</word>
<word id="word_66">(</word>
<word id="word_67">Fuchs</word>
<word id="word_68">Franz</word>
<word id="word_69">)</word>
<word id="word_70">atzīts</word>
<word id="word_71">,</word>
<word id="word_72">ka</word>
<word id="word_73">pozīcijas</word>
<word id="word_74">stiprināšanai</word>
<word id="word_75">Latvijā</word>
<word id="word_76">”</word>
<word id="word_77">Compensa</word>
<word id="word_78">”</word>
<word id="word_79">varētu</word>
<word id="word_80">arī</word>
<word id="word_81">iegādāties</word>
<word id="word_82">kādu</word>
<word id="word_83">tirgū</word>
<word id="word_84">strādājošu</word>
<word id="word_85">apdrošināšanas</word>
<word id="word_86">sabiedrību</word>
<word id="word_87">.</word>
<word id="word_88">Kāpēc</word>
<word id="word_89">”</word>
<word id="word_90">Compensa</word>
<word id="word_91">”</word>
<word id="word_92">nolēma</word>
<word id="word_93">ienākt</word>
<word id="word_94">Latvijas</word>
<word id="word_95">nedzīvības</word>
<word id="word_96">apdrošināšanas</word>
<word id="word_97">tirgū</word>
<word id="word_98">?</word>
<word id="word_99">Kādas</word>
<word id="word_100">perspektīvas</word>
<word id="word_101">saskatījāt</word>
<word id="word_102">?</word>
<word id="word_103">Pēc</word>
<word id="word_104">darbības</word>
<word id="word_105">uzsākšanas</word>
<word id="word_106">Lietuvā</word>
<word id="word_107">2010.</word>
<word id="word_108">gadā</word>
<word id="word_109">”</word>
<word id="word_110">Compensa</word>
<word id="word_111">”</word>
<word id="word_112">ar</word>
<word id="word_113">nedzīvības</word>
<word id="word_114">apdrošināšanu</word>
<word id="word_115">nebija</word>
<word id="word_116">pārstāvēta</word>
<word id="word_117">nedz</word>
<word id="word_118">Latvijā</word>
<word id="word_119">,</word>
<word id="word_120">nedz</word>
<word id="word_121">Igaunijā</word>
<word id="word_122">.</word>
<word id="word_123">Sapratām</word>
<word id="word_124">,</word>
<word id="word_125">ka</word>
<word id="word_126">ienākšana</word>
<word id="word_127">Latvijā</word>
<word id="word_128">būtu</word>
<word id="word_129">stratēģisks</word>
<word id="word_130">solis</word>
<word id="word_131">.</word>
<word id="word_132">”</word>
<word id="word_133">Compensa</word>
<word id="word_134">”</word>
<word id="word_135">strādā</word>
<word id="word_136">tādās</word>
<word id="word_137">valstīs</word>
<word id="word_138">kā</word>
<word id="word_139">Maķedonija</word>
<word id="word_140">,</word>
<word id="word_141">Melnkalne</word>
<word id="word_142">,</word>
<word id="word_143">Albānija</word>
<word id="word_144">,</word>
<word id="word_145">Rumānija</word>
<word id="word_146">,</word>
<word id="word_147">Bulgārija</word>
<word id="word_148">,</word>
<word id="word_149">Turcija</word>
<word id="word_150">u.c.</word>
<word id="word_151">,</word>
<word id="word_152">līdz</word>
<word id="word_153">ar</word>
<word id="word_154">to</word>
<word id="word_155">esam</word>
<word id="word_156">priecīgi</word>
<word id="word_157">būt</word>
<word id="word_158">arī</word>
<word id="word_159">Latvijā</word>
<word id="word_160">.</word>
<word id="word_161">Esam</word>
<word id="word_162">pārliecināti</word>
<word id="word_163">,</word>
<word id="word_164">ka</word>
<word id="word_165">,</word>
<word id="word_166">neskatoties</word>
<word id="word_167">uz</word>
<word id="word_168">pārmaiņām</word>
<word id="word_169">ekonomikā</word>
<word id="word_170">,</word>
<word id="word_171">Latvija</word>
<word id="word_172">ir</word>
<word id="word_173">perspektīvs</word>
<word id="word_174">tirgus</word>
<word id="word_175">.</word>
<word id="word_176">Latvijas</word>
<word id="word_177">ekonomiskās</word>
<word id="word_178">situācijas</word>
<word id="word_179">dēļ</word>
<word id="word_180">daudzi</word>
<word id="word_181">ir</word>
<word id="word_182">skeptiski</word>
<word id="word_183">par</word>
<word id="word_184">ienākšanu</word>
<word id="word_185">šajā</word>
<word id="word_186">tirgū</word>
<word id="word_187">,</word>
<word id="word_188">taču</word>
<word id="word_189">ekonomiski</word>
<word id="word_190">nenoteikts</word>
<word id="word_191">laiks</word>
<word id="word_192">ir</word>
<word id="word_193">labākais</word>
<word id="word_194">,</word>
<word id="word_195">kad</word>
<word id="word_196">sākt</word>
<word id="word_197">biznesu</word>
<word id="word_198">.</word>
<word id="word_199">Turklāt</word>
<word id="word_200">mēs</word>
<word id="word_201">signalizējam</word>
<word id="word_202">,</word>
<word id="word_203">ka</word>
<word id="word_204">uzticamies</word>
<word id="word_205">šim</word>
<word id="word_206">tirgum</word>
<word id="word_207">.</word>
<word id="word_208">Patlaban</word>
<word id="word_209">Latvijas</word>
<word id="word_210">finansiālie</word>
<word id="word_211">pamati</word>
<word id="word_212">ir</word>
<word id="word_213">stabilāki</word>
<word id="word_214">nekā</word>
<word id="word_215">citās</word>
<word id="word_216">valstīs</word>
<word id="word_217">.</word>
<word id="word_218">Kāda</word>
<word id="word_219">ir</word>
<word id="word_220">”</word>
<word id="word_221">Compensa</word>
<word id="word_222">”</word>
<word id="word_223">stratēģija</word>
<word id="word_224">attiecībā</word>
<word id="word_225">uz</word>
<word id="word_226">izplešanos</word>
<word id="word_227">Latvijas</word>
<word id="word_228">reģionos</word>
<word id="word_229">?</word>
<word id="word_230">Aptuveni</word>
<word id="word_231">puse</word>
<word id="word_232">Latvijas</word>
<word id="word_233">iedzīvotāju</word>
<word id="word_234">dzīvo</word>
<word id="word_235">Rīgā</word>
<word id="word_236">.</word>
<word id="word_237">Līdz</word>
<word id="word_238">ar</word>
<word id="word_239">to</word>
<word id="word_240">mums</word>
<word id="word_241">sākotnēji</word>
<word id="word_242">ir</word>
<word id="word_243">jānostabilizējas</word>
<word id="word_244">Rīgā</word>
<word id="word_245">,</word>
<word id="word_246">jo</word>
<word id="word_247">šeit</word>
<word id="word_248">ir</word>
<word id="word_249">lielākā</word>
<word id="word_250">daļa</word>
<word id="word_251">mazo</word>
<word id="word_252">un</word>
<word id="word_253">vidējo</word>
<word id="word_254">uzņēmumu</word>
<word id="word_255">,</word>
<word id="word_256">vairāk</word>
<word id="word_257">maksātspējīgu</word>
<word id="word_258">cilvēku</word>
<word id="word_259">.</word>
<word id="word_260">Tiesa</word>
<word id="word_261">,</word>
<word id="word_262">nākamgad</word>
<word id="word_263">plānojam</word>
<word id="word_264">atvērt</word>
<word id="word_265">divas</word>
<word id="word_266">trīs</word>
<word id="word_267">filiāles</word>
<word id="word_268">reģionos</word>
<word id="word_269">,</word>
<word id="word_270">bet</word>
<word id="word_271">patlaban</word>
<word id="word_272">nevaru</word>
<word id="word_273">pateikt</word>
<word id="word_274">,</word>
<word id="word_275">kur</word>
<word id="word_276">tieši</word>
<word id="word_277">.</word>
<word id="word_278">Mūsu</word>
<word id="word_279">mērķis</word>
<word id="word_280">ir</word>
<word id="word_281">samērā</word>
<word id="word_282">ātri</word>
<word id="word_283">iekļūt</word>
<word id="word_284">starp</word>
<word id="word_285">piecām</word>
<word id="word_286">lielākajām</word>
<word id="word_287">apdrošināšanas</word>
<word id="word_288">sabiedrībām</word>
<word id="word_289">Latvijā</word>
<word id="word_290">,</word>
<word id="word_291">bet</word>
<word id="word_292">vēlāk</word>
<word id="word_293">jau</word>
<word id="word_294">starp</word>
<word id="word_295">trim</word>
<word id="word_296">lielākajām</word>
<word id="word_297">.</word>
<word id="word_298">Latvijā</word>
<word id="word_299">mēģināsim</word>
<word id="word_300">iegūt</word>
<word id="word_301">10</word>
<word id="word_302">%</word>
<word id="word_303">tirgus</word>
<word id="word_304">daļu</word>
<word id="word_305">.</word>
<word id="word_306">To</word>
<word id="word_307">varēsim</word>
<word id="word_308">paveikt</word>
<word id="word_309">vai_nu</word>
<word id="word_310">pašu</word>
<word id="word_311">spēkiem</word>
<word id="word_312">,</word>
<word id="word_313">vai</word>
<word id="word_314">arī</word>
<word id="word_315">iegādājoties</word>
<word id="word_316">kādu</word>
<word id="word_317">esošu</word>
<word id="word_318">kompāniju</word>
<word id="word_319">.</word>
<word id="word_320">”</word>
<word id="word_321">Vienna</word>
<word id="word_322">Insurance</word>
<word id="word_323">Group</word>
<word id="word_324">”</word>
<word id="word_325">līdzīgi</word>
<word id="word_326">iegāja</word>
<word id="word_327">Maķedonijas</word>
<word id="word_328">tirgū</word>
<word id="word_329">,</word>
<word id="word_330">iegādājoties</word>
<word id="word_331">apdrošinātāju</word>
<word id="word_332">”</word>
<word id="word_333">QBE</word>
<word id="word_334">Makedonija</word>
<word id="word_335">”</word>
<word id="word_336">,</word>
<word id="word_337">kas</word>
<word id="word_338">šajā</word>
<word id="word_339">tirgū</word>
<word id="word_340">ļāva</word>
<word id="word_341">iegūt</word>
<word id="word_342">vairāk</word>
<word id="word_343">nekā</word>
<word id="word_344">20</word>
<word id="word_345">%</word>
<word id="word_346">tirgus</word>
<word id="word_347">daļu</word>
<word id="word_348">.</word>
<word id="word_349">Vai</word>
<word id="word_350">esat</word>
<word id="word_351">jau</word>
<word id="word_352">noskatījuši</word>
<word id="word_353">kādu</word>
<word id="word_354">apdrošināšanas</word>
<word id="word_355">kompāniju</word>
<word id="word_356">,</word>
<word id="word_357">ko</word>
<word id="word_358">”</word>
<word id="word_359">Compensa</word>
<word id="word_360">”</word>
<word id="word_361">varētu</word>
<word id="word_362">iegādāties</word>
<word id="word_363">?</word>
<word id="word_364">”</word>
<word id="word_365">Compensa</word>
<word id="word_366">”</word>
<word id="word_367">varētu</word>
<word id="word_368">iegādāties</word>
<word id="word_369">kādu</word>
<word id="word_370">apdrošināšanas</word>
<word id="word_371">kompāniju</word>
<word id="word_372">,</word>
<word id="word_373">kas</word>
<word id="word_374">būtu</word>
<word id="word_375">pieejama</word>
<word id="word_376">,</word>
<word id="word_377">ja</word>
<word id="word_378">tās</word>
<word id="word_379">cena</word>
<word id="word_380">būtu</word>
<word id="word_381">racionāla</word>
<word id="word_382">.</word>
<word id="word_383">Lai_gan</word>
<word id="word_384">šajos</word>
<word id="word_385">laikos</word>
<word id="word_386">cenas</word>
<word id="word_387">mēdz</word>
<word id="word_388">būt</word>
<word id="word_389">racionālas</word>
<word id="word_390">.</word>
<word id="word_391">Mums</word>
<word id="word_392">nāksies</word>
<word id="word_393">pagaidīt</word>
<word id="word_394">līdz</word>
<word id="word_395">kāda</word>
<word id="word_396">kompānija</word>
<word id="word_397">nolems</word>
<word id="word_398">mainīt</word>
<word id="word_399">stratēģiskos</word>
<word id="word_400">mērķus</word>
<word id="word_401">un</word>
<word id="word_402">pametīs</word>
<word id="word_403">Latviju</word>
<word id="word_404">.</word>
<word id="word_405">Katrā</word>
<word id="word_406">ziņā</word>
<word id="word_407">mums</word>
<word id="word_408">ir</word>
<word id="word_409">daudz</word>
<word id="word_410">laika</word>
<word id="word_411">,</word>
<word id="word_412">tāpēc</word>
<word id="word_413">varam</word>
<word id="word_414">gaidīt</word>
<word id="word_415">,</word>
<word id="word_416">jo</word>
<word id="word_417">patlaban</word>
<word id="word_418">svarīgāk</word>
<word id="word_419">ir</word>
<word id="word_420">attīstīt</word>
<word id="word_421">filiāli</word>
<word id="word_422">,</word>
<word id="word_423">iepazīt</word>
<word id="word_424">tirgu</word>
<word id="word_425">.</word>
<word id="word_426">Patlaban</word>
<word id="word_427">nevaram</word>
<word id="word_428">nosaukt</word>
<word id="word_429">konkrētu</word>
<word id="word_430">kompāniju</word>
<word id="word_431">,</word>
<word id="word_432">jo</word>
<word id="word_433">nekādas</word>
<word id="word_434">sarunas</word>
<word id="word_435">vēl</word>
<word id="word_436">nav</word>
<word id="word_437">notikušas</word>
<word id="word_438">.</word>
<word id="word_439">Tiesa</word>
<word id="word_440">,</word>
<word id="word_441">Eiropā</word>
<word id="word_442">ir</word>
<word id="word_443">redzams</word>
<word id="word_444">,</word>
<word id="word_445">ka</word>
<word id="word_446">atsevišķas</word>
<word id="word_447">kompānijas</word>
<word id="word_448">maina</word>
<word id="word_449">stratēģiju</word>
<word id="word_450">.</word>
<word id="word_451">Paredzu</word>
<word id="word_452">,</word>
<word id="word_453">ka</word>
<word id="word_454">pēc</word>
<word id="word_455">diviem</word>
<word id="word_456">trim</word>
<word id="word_457">gadiem</word>
<word id="word_458">notiks</word>
<word id="word_459">izmaiņas</word>
<word id="word_460">tirgū</word>
<word id="word_461">,</word>
<word id="word_462">tad</word>
<word id="word_463">arī</word>
<word id="word_464">būsim</word>
<word id="word_465">guvuši</word>
<word id="word_466">pieredzi</word>
<word id="word_467">Latvijā</word>
<word id="word_468">,</word>
<word id="word_469">kad</word>
<word id="word_470">varēsim</word>
<word id="word_471">pieņemt</word>
<word id="word_472">lēmumu</word>
<word id="word_473">.</word>
<word id="word_474">”</word>
<word id="word_475">Compensa</word>
<word id="word_476">”</word>
<word id="word_477">uz</word>
<word id="word_478">apdrošināšanas</word>
<word id="word_479">nozari</word>
<word id="word_480">skatās</word>
<word id="word_481">ilgtermiņā</word>
<word id="word_482">.</word>
<word id="word_483">Katrā</word>
<word id="word_484">ziņā</word>
<word id="word_485">Latvijā</word>
<word id="word_486">nav</word>
<word id="word_487">nevienas</word>
<word id="word_488">tik</word>
<word id="word_489">lielas</word>
<word id="word_490">apdrošināšanas</word>
<word id="word_491">kompānijas</word>
<word id="word_492">,</word>
<word id="word_493">ko</word>
<word id="word_494">”</word>
<word id="word_495">Compensa</word>
<word id="word_496">”</word>
<word id="word_497">nevarētu</word>
<word id="word_498">iegādāties</word>
<word id="word_499">.</word>
<word id="word_500">Ko</word>
<word id="word_501">”</word>
<word id="word_502">Compensa</word>
<word id="word_503">”</word>
<word id="word_504">klātbūtne</word>
<word id="word_505">Latvijas</word>
<word id="word_506">nedzīvības</word>
<word id="word_507">apdrošināšanā</word>
<word id="word_508">nozīmēs</word>
<word id="word_509">konkurentiem</word>
<word id="word_510">?</word>
<word id="word_511">Latvija</word>
<word id="word_512">ir</word>
<word id="word_513">ļoti</word>
<word id="word_514">mazs</word>
<word id="word_515">tirgus</word>
<word id="word_516">,</word>
<word id="word_517">kurā</word>
<word id="word_518">darbojas</word>
<word id="word_519">starptautiski</word>
<word id="word_520">apdrošināšanas</word>
<word id="word_521">uzņēmumi</word>
<word id="word_522">.</word>
<word id="word_523">Esam</word>
<word id="word_524">raduši</word>
<word id="word_525">būt</word>
<word id="word_526">tirgus</word>
<word id="word_527">līderi</word>
<word id="word_528">valstīs</word>
<word id="word_529">,</word>
<word id="word_530">kurās</word>
<word id="word_531">darbojamies</word>
<word id="word_532">,</word>
<word id="word_533">piemēram</word>
<word id="word_534">,</word>
<word id="word_535">Austrijā</word>
<word id="word_536">,</word>
<word id="word_537">Čehijā</word>
<word id="word_538">,</word>
<word id="word_539">Rumānijā</word>
<word id="word_540">,</word>
<word id="word_541">Bulgārijā</word>
<word id="word_542">un</word>
<word id="word_543">Polijā</word>
<word id="word_544">.</word>
<word id="word_545">Līdz</word>
<word id="word_546">ar</word>
<word id="word_547">to</word>
<word id="word_548">arī</word>
<word id="word_549">esam</word>
<word id="word_550">pieraduši</word>
<word id="word_551">pie</word>
<word id="word_552">konkurences</word>
<word id="word_553">un</word>
<word id="word_554">mūs</word>
<word id="word_555">tā</word>
<word id="word_556">neuztrauc</word>
<word id="word_557">.</word>
<word id="word_558">Paredzu</word>
<word id="word_559">,</word>
<word id="word_560">ka</word>
<word id="word_561">Latviju</word>
<word id="word_562">pametīs</word>
<word id="word_563">kāda</word>
<word id="word_564">apdrošināšanas</word>
<word id="word_565">sabiedrība</word>
<word id="word_566">,</word>
<word id="word_567">jo</word>
<word id="word_568">tām</word>
<word id="word_569">šis</word>
<word id="word_570">tirgus</word>
<word id="word_571">šķiet</word>
<word id="word_572">pārāk</word>
<word id="word_573">mazs</word>
<word id="word_574">,</word>
<word id="word_575">lai_gan</word>
<word id="word_576">”</word>
<word id="word_577">Compensa</word>
<word id="word_578">”</word>
<word id="word_579">šis</word>
<word id="word_580">tirgus</word>
<word id="word_581">nešķiet</word>
<word id="word_582">tik</word>
<word id="word_583">mazs</word>
<word id="word_584">.</word>
<word id="word_585">Vai</word>
<word id="word_586">prognozējat</word>
<word id="word_587">,</word>
<word id="word_588">ka</word>
<word id="word_589">Latvijas</word>
<word id="word_590">apdrošināšanas</word>
<word id="word_591">tirgū</word>
<word id="word_592">varētu</word>
<word id="word_593">ienākt</word>
<word id="word_594">vēl</word>
<word id="word_595">kāda</word>
<word id="word_596">kompānija</word>
<word id="word_597">?</word>
<word id="word_598">Varētu</word>
<word id="word_599">ienākt</word>
<word id="word_600">kompānijas</word>
<word id="word_601">,</word>
<word id="word_602">kuru</word>
<word id="word_603">stratēģija</word>
<word id="word_604">paredz</word>
<word id="word_605">darbību</word>
<word id="word_606">Centrālajā</word>
<word id="word_607">un</word>
<word id="word_608">Austrumeiropā</word>
<word id="word_609">.</word>
<word id="word_610">”</word>
<word id="word_611">Compensa</word>
<word id="word_612">”</word>
<word id="word_613">Centrālajā</word>
<word id="word_614">un</word>
<word id="word_615">Austrumeiropā</word>
<word id="word_616">kopumā</word>
<word id="word_617">ieņem</word>
<word id="word_618">19</word>
<word id="word_619">%</word>
<word id="word_620">tirgus</word>
<word id="word_621">daļu</word>
<word id="word_622">.</word>
<word id="word_623">Pārējās</word>
<word id="word_624">konkurējošās</word>
<word id="word_625">kompānijas</word>
<word id="word_626">ar</word>
<word id="word_627">mazāku</word>
<word id="word_628">tirgus</word>
<word id="word_629">daļu</word>
<word id="word_630">ir</word>
<word id="word_631">Austrijas</word>
<word id="word_632">”</word>
<word id="word_633">Uniqa</word>
<word id="word_634">”</word>
<word id="word_635">,</word>
<word id="word_636">Vācijas</word>
<word id="word_637">”</word>
<word id="word_638">Allianz</word>
<word id="word_639">”</word>
<word id="word_640">u.c.</word>
<word id="word_641">Nedomāju</word>
<word id="word_642">,</word>
<word id="word_643">ka</word>
<word id="word_644">šīs</word>
<word id="word_645">kompānijas</word>
<word id="word_646">vēlas</word>
<word id="word_647">iekarot</word>
<word id="word_648">Latviju</word>
<word id="word_649">.</word>
<word id="word_650">”</word>
<word id="word_651">Compensa</word>
<word id="word_652">”</word>
<word id="word_653">Latvijā</word>
<word id="word_654">plāno</word>
<word id="word_655">piedāvāt</word>
<word id="word_656">pilnu</word>
<word id="word_657">spektru</word>
<word id="word_658">nedzīvības</word>
<word id="word_659">apdrošināšanas</word>
<word id="word_660">pakalpojumu</word>
<word id="word_661">,</word>
<word id="word_662">kā_arī</word>
<word id="word_663">tādus</word>
<word id="word_664">,</word>
<word id="word_665">kas</word>
<word id="word_666">līdz</word>
<word id="word_667">šim</word>
<word id="word_668">Latvijā</word>
<word id="word_669">nav</word>
<word id="word_670">piedāvāti</word>
<word id="word_671">.</word>
<word id="word_672">Par</word>
<word id="word_673">kādiem</word>
<word id="word_674">pakalpojumiem</word>
<word id="word_675">ir</word>
<word id="word_676">runa</word>
<word id="word_677">?</word>
<word id="word_678">Veicot</word>
<word id="word_679">Latvijas</word>
<word id="word_680">tirgus</word>
<word id="word_681">analīzi</word>
<word id="word_682">,</word>
<word id="word_683">sapratām</word>
<word id="word_684">,</word>
<word id="word_685">ka</word>
<word id="word_686">šo</word>
<word id="word_687">tirgu</word>
<word id="word_688">sāksim</word>
<word id="word_689">iekarot</word>
<word id="word_690">ar</word>
<word id="word_691">pakalpojumiem</word>
<word id="word_692">maziem</word>
<word id="word_693">un</word>
<word id="word_694">vidējiem</word>
<word id="word_695">uzņēmumiem</word>
<word id="word_696">,</word>
<word id="word_697">jo</word>
<word id="word_698">šajā</word>
<word id="word_699">segmentā</word>
<word id="word_700">cilvēkiem</word>
<word id="word_701">ir</word>
<word id="word_702">vairāk</word>
<word id="word_703">naudas</word>
<word id="word_704">.</word>
<word id="word_705">Mazos</word>
<word id="word_706">un</word>
<word id="word_707">vidējos</word>
<word id="word_708">uzņēmumus</word>
<word id="word_709">apkalpojam</word>
<word id="word_710">jau</word>
<word id="word_711">patlaban</word>
<word id="word_712">,</word>
<word id="word_713">auto</word>
<word id="word_714">apdrošināšanu</word>
<word id="word_715">sāksim</word>
<word id="word_716">piedāvāt</word>
<word id="word_717">nākamā</word>
<word id="word_718">gada</word>
<word id="word_719">janvārī</word>
<word id="word_720">,</word>
<word id="word_721">martā</word>
<word id="word_722">–</word>
<word id="word_723">īpašumu</word>
<word id="word_724">apdrošināšanu</word>
<word id="word_725">,</word>
<word id="word_726">bet</word>
<word id="word_727">nākamā</word>
<word id="word_728">gada</word>
<word id="word_729">jūnijā</word>
<word id="word_730">jau</word>
<word id="word_731">varētu</word>
<word id="word_732">būt</word>
<word id="word_733">zināms</word>
<word id="word_734">pilns</word>
<word id="word_735">piedāvājums</word>
<word id="word_736">.</word>
<word id="word_737">Tas</word>
<word id="word_738">ir</word>
<word id="word_739">samērā</word>
<word id="word_740">ātri</word>
<word id="word_741">,</word>
<word id="word_742">ņemot</word>
<word id="word_743">vērā</word>
<word id="word_744">,</word>
<word id="word_745">ka</word>
<word id="word_746">sākām</word>
<word id="word_747">Latvijā</word>
<word id="word_748">darboties</word>
<word id="word_749">pirms</word>
<word id="word_750">desmit</word>
<word id="word_751">mēnešiem</word>
<word id="word_752">.</word>
<word id="word_753">Katrā</word>
<word id="word_754">ziņā</word>
<word id="word_755">”</word>
<word id="word_756">Compensa</word>
<word id="word_757">”</word>
<word id="word_758">necentīsies</word>
<word id="word_759">iekarot</word>
<word id="word_760">tirgu</word>
<word id="word_761">ar</word>
<word id="word_762">zemu</word>
<word id="word_763">cenu</word>
<word id="word_764">politiku</word>
<word id="word_765">.</word>
<word id="word_766">Kad</word>
<word id="word_767">”</word>
<word id="word_768">Compensa</word>
<word id="word_769">”</word>
<word id="word_770">sagaida</word>
<word id="word_771">peļņu</word>
<word id="word_772">Latvijā</word>
<word id="word_773">?</word>
<word id="word_774">2014.</word>
<word id="word_775">gadā</word>
<word id="word_776">vai</word>
<word id="word_777">2015.</word>
<word id="word_778">gadā</word>
<word id="word_779">,</word>
<word id="word_780">lai_gan</word>
<word id="word_781">nav</word>
<word id="word_782">viegli</word>
<word id="word_783">to</word>
<word id="word_784">prognozēt</word>
<word id="word_785">,</word>
<word id="word_786">jo</word>
<word id="word_787">darbojamies</word>
<word id="word_788">svešā</word>
<word id="word_789">tirgū</word>
<word id="word_790">.</word>
<word id="word_791">Eksperti</word>
<word id="word_792">atzinuši</word>
<word id="word_793">,</word>
<word id="word_794">ka</word>
<word id="word_795">jaunas</word>
<word id="word_796">apdrošināšanas</word>
<word id="word_797">kompānijas</word>
<word id="word_798">ienākšana</word>
<word id="word_799">tirgū</word>
<word id="word_800">saasinās</word>
<word id="word_801">konkurenci</word>
<word id="word_802">,</word>
<word id="word_803">kas</word>
<word id="word_804">attiecīgi</word>
<word id="word_805">arī</word>
<word id="word_806">kavēs</word>
<word id="word_807">cenu</word>
<word id="word_808">pieaugumu</word>
<word id="word_809">.</word>
<word id="word_810">Piemēram</word>
<word id="word_811">,</word>
<word id="word_812">šā</word>
<word id="word_813">gada</word>
<word id="word_814">deviņos</word>
<word id="word_815">mēnešos</word>
<word id="word_816">zaudējumu</word>
<word id="word_817">apjoms</word>
<word id="word_818">OCTA</word>
<word id="word_819">tirgū</word>
<word id="word_820">ir</word>
<word id="word_821">audzis</word>
<word id="word_822">līdz</word>
<word id="word_823">1,2</word>
<word id="word_824">miljoniem</word>
<word id="word_825">latu</word>
<word id="word_826">.</word>
<word id="word_827">Vai</word>
<word id="word_828">apdrošināšanas</word>
<word id="word_829">cenām</word>
<word id="word_830">ir</word>
<word id="word_831">jāpaaugstinās</word>
<word id="word_832">vai</word>
<word id="word_833">tomēr</word>
<word id="word_834">jāsamazinās</word>
<word id="word_835">?</word>
<word id="word_836">Pirms</word>
<word id="word_837">pāris</word>
<word id="word_838">gadiem</word>
<word id="word_839">Polijā</word>
<word id="word_840">teicu</word>
<word id="word_841">,</word>
<word id="word_842">ka</word>
<word id="word_843">OCTA</word>
<word id="word_844">polišu</word>
<word id="word_845">cenas</word>
<word id="word_846">ir</word>
<word id="word_847">jāpaaugstina</word>
<word id="word_848">,</word>
<word id="word_849">bet</word>
<word id="word_850">neviens</word>
<word id="word_851">tam</word>
<word id="word_852">nepiekrita</word>
<word id="word_853">.</word>
<word id="word_854">Tomēr</word>
<word id="word_855">kurš</word>
<word id="word_856">var</word>
<word id="word_857">paciets</word>
<word id="word_858">ilgstošus</word>
<word id="word_859">zaudējumus</word>
<word id="word_860">?</word>
<word id="word_861">Tiesa</word>
<word id="word_862">,</word>
<word id="word_863">patlaban</word>
<word id="word_864">situācija</word>
<word id="word_865">šajā</word>
<word id="word_866">ziņā</word>
<word id="word_867">ir</word>
<word id="word_868">mainījusies</word>
<word id="word_869">,</word>
<word id="word_870">bet</word>
<word id="word_871">ne</word>
<word id="word_872">pilnībā</word>
<word id="word_873">.</word>
<word id="word_874">Ilgi</word>
<word id="word_875">turēt</word>
<word id="word_876">zemas</word>
<word id="word_877">cenas</word>
<word id="word_878">nevar</word>
<word id="word_879">.</word>
<word id="word_880">OCTA</word>
<word id="word_881">polišu</word>
<word id="word_882">tirgotāji</word>
<word id="word_883">ir</word>
<word id="word_884">ieinteresēti</word>
<word id="word_885">pārdot</word>
<word id="word_886">polises</word>
<word id="word_887">par</word>
<word id="word_888">atbilstošām</word>
<word id="word_889">cenām</word>
<word id="word_890">.</word>
<word id="word_891">”</word>
<word id="word_892">Compensa</word>
<word id="word_893">”</word>
<word id="word_894">Lietuvā</word>
<word id="word_895">sāka</word>
<word id="word_896">strādāt</word>
<word id="word_897">2010.</word>
<word id="word_898">gadā</word>
<word id="word_899">.</word>
<word id="word_900">Kādas</word>
<word id="word_901">sekmes</word>
<word id="word_902">šajā</word>
<word id="word_903">tirgū</word>
<word id="word_904">?</word>
<word id="word_905">Sākām</word>
<word id="word_906">strauji</word>
<word id="word_907">un</word>
<word id="word_908">šo</word>
<word id="word_909">gadu</word>
<word id="word_910">laikā</word>
<word id="word_911">iekarojām</word>
<word id="word_912">3,1</word>
<word id="word_913">%</word>
<word id="word_914">tirgus</word>
<word id="word_915">daļu</word>
<word id="word_916">,</word>
<word id="word_917">lai_gan</word>
<word id="word_918">nākamo</word>
<word id="word_919">gadu</word>
<word id="word_920">mērķis</word>
<word id="word_921">ir</word>
<word id="word_922">sasniegt</word>
<word id="word_923">lielāku</word>
<word id="word_924">tirgus</word>
<word id="word_925">daļu</word>
<word id="word_926">.</word>
<word id="word_927">”</word>
<word id="word_928">Compensa</word>
<word id="word_929">”</word>
<word id="word_930">jau</word>
<word id="word_931">darbojas</word>
<word id="word_932">Lietuvā</word>
<word id="word_933">,</word>
<word id="word_934">tagad</word>
<word id="word_935">arī</word>
<word id="word_936">Latvijā</word>
<word id="word_937">.</word>
<word id="word_938">Vai</word>
<word id="word_939">plānojat</word>
<word id="word_940">ieiet</word>
<word id="word_941">arī</word>
<word id="word_942">Igaunijas</word>
<word id="word_943">tirgū</word>
<word id="word_944">?</word>
<word id="word_945">Šis</word>
<word id="word_946">ir</word>
<word id="word_947">vēl</word>
<word id="word_948">mazāks</word>
<word id="word_949">tirgus</word>
<word id="word_950">,</word>
<word id="word_951">toties</word>
<word id="word_952">pievilcīgs</word>
<word id="word_953">.</word>
<word id="word_954">Patlaban</word>
<word id="word_955">izskatām</word>
<word id="word_956">iespējas</word>
<word id="word_957">,</word>
<word id="word_958">vai</word>
<word id="word_959">ieiet</word>
<word id="word_960">šajā</word>
<word id="word_961">tirgū</word>
<word id="word_962">.</word>
<word id="word_963">Ja</word>
<word id="word_964">varēsim</word>
<word id="word_965">iegādāties</word>
<word id="word_966">kādu</word>
<word id="word_967">kompāniju</word>
<word id="word_968">,</word>
<word id="word_969">kas</word>
<word id="word_970">darbojas</word>
<word id="word_971">Igaunijā</word>
<word id="word_972">,</word>
<word id="word_973">tad</word>
<word id="word_974">to</word>
<word id="word_975">darīsim</word>
<word id="word_976">.</word>
<word id="word_977">Latvijā</word>
<word id="word_978">jau</word>
<word id="word_979">pāris</word>
<word id="word_980">gadus</word>
<word id="word_981">darbojas</word>
<word id="word_982">”</word>
<word id="word_983">Compensa</word>
<word id="word_984">”</word>
<word id="word_985">māsasuzņēmums</word>
<word id="word_986">dzīvības</word>
<word id="word_987">apdrošinātājs</word>
<word id="word_988">”</word>
<word id="word_989">Compensa</word>
<word id="word_990">Life</word>
<word id="word_991">”</word>
<word id="word_992">.</word>
<word id="word_993">Vai</word>
<word id="word_994">ar</word>
<word id="word_995">”</word>
<word id="word_996">Compensa</word>
<word id="word_997">”</word>
<word id="word_998">ienākšanu</word>
<word id="word_999">Latvijā</word>
<word id="word_1000">šie</word>
<word id="word_1001">abi</word>
<word id="word_1002">uzņēmumi</word>
<word id="word_1003">apvienosies</word>
<word id="word_1004">?</word>
<word id="word_1005">”</word>
<word id="word_1006">Compensa</word>
<word id="word_1007">Life</word>
<word id="word_1008">”</word>
<word id="word_1009">,</word>
<word id="word_1010">ko</word>
<word id="word_1011">Latvijā</word>
<word id="word_1012">vada</word>
<word id="word_1013">Viktors</word>
<word id="word_1014">Gustsons</word>
<word id="word_1015">,</word>
<word id="word_1016">līdz</word>
<word id="word_1017">šim</word>
<word id="word_1018">ir</word>
<word id="word_1019">uzrādījusi</word>
<word id="word_1020">labus</word>
<word id="word_1021">rezultātus</word>
<word id="word_1022">,</word>
<word id="word_1023">jo</word>
<word id="word_1024">kompānija</word>
<word id="word_1025">aug</word>
<word id="word_1026">pretēji</word>
<word id="word_1027">tirgus</word>
<word id="word_1028">tendencēm</word>
<word id="word_1029">.</word>
<word id="word_1030">Abi</word>
<word id="word_1031">uzņēmumi</word>
<word id="word_1032">ir</word>
<word id="word_1033">vienas</word>
<word id="word_1034">kompānijas</word>
<word id="word_1035">meitasuzņēmumi</word>
<word id="word_1036">,</word>
<word id="word_1037">tas</word>
<word id="word_1038">nozīmē</word>
<word id="word_1039">,</word>
<word id="word_1040">ka</word>
<word id="word_1041">tiem</word>
<word id="word_1042">ir</word>
<word id="word_1043">jāstrādā</word>
<word id="word_1044">draudzīgi</word>
<word id="word_1045">,</word>
<word id="word_1046">bet</word>
<word id="word_1047">atsevišķi</word>
<word id="word_1048">.</word>
<word id="word_1049">Abi</word>
<word id="word_1050">uzņēmumi</word>
<word id="word_1051">sadarbosies</word>
<word id="word_1052">,</word>
<word id="word_1053">tiem</word>
<word id="word_1054">būs</word>
<word id="word_1055">kopīgs</word>
<word id="word_1056">birojs</word>
<word id="word_1057">,</word>
<word id="word_1058">un</word>
<word id="word_1059">uzņēmumi</word>
<word id="word_1060">dalīs</word>
<word id="word_1061">vienu</word>
<word id="word_1062">infrastruktūru</word>
<word id="word_1063">.</word>
<word id="word_1064">Informācijai</word>
<word id="word_1065">:</word>
<word id="word_1066">Kā</word>
<word id="word_1067">liecina</word>
<word id="word_1068">”</word>
<word id="word_1069">Firmas</word>
<word id="word_1070">.</word>
<word id="word_1071">lv</word>
<word id="word_1072">”</word>
<word id="word_1073">informācija</word>
<word id="word_1074">,</word>
<word id="word_1075">”</word>
<word id="word_1076">Compensa</word>
<word id="word_1077">TU</word>
<word id="word_1078">S.</word>
<word id="word_1079">A.</word>
<word id="word_1080">Vienna</word>
<word id="word_1081">Insurance</word>
<word id="word_1082">Group</word>
<word id="word_1083">”</word>
<word id="word_1084">(</word>
<word id="word_1085">”</word>
<word id="word_1086">Compensa</word>
<word id="word_1087">”</word>
<word id="word_1088">)</word>
<word id="word_1089">Latvijas</word>
<word id="word_1090">filiāles</word>
<word id="word_1091">īpašnieks</word>
<word id="word_1092">ir</word>
<word id="word_1093">Polijā</word>
<word id="word_1094">reģistrētā</word>
<word id="word_1095">”</word>
<word id="word_1096">Compensa</word>
<word id="word_1097">towarzystvo</word>
<word id="word_1098">ubezpieczen</word>
<word id="word_1099">S.</word>
<word id="word_1100">A.</word>
<word id="word_1101">Vienna</word>
<word id="word_1102">Insurance</word>
<word id="word_1103">Group</word>
<word id="word_1104">”</word>
<word id="word_1105">.</word>
<word id="word_1106">Latvijas</word>
<word id="word_1107">filiāle</word>
<word id="word_1108">reģistrēta</word>
<word id="word_1109">19.</word>
<word id="word_1110">septembrī</word>
<word id="word_1111">.</word>
<word id="word_1112">”</word>
<word id="word_1113">Compensa</word>
<word id="word_1114">”</word>
<word id="word_1115">Latvijas</word>
<word id="word_1116">filiāles</word>
<word id="word_1117">vadītāja</word>
<word id="word_1118">ir</word>
<word id="word_1119">Evija</word>
<word id="word_1120">Dundure</word>
<word id="word_1121">.</word>
<word id="word_1122">”</word>
<word id="word_1123">Compensa</word>
<word id="word_1124">”</word>
<word id="word_1125">vienīgais</word>
<word id="word_1126">akcionārs</word>
<word id="word_1127">ir</word>
<word id="word_1128">Austrijas</word>
<word id="word_1129">apdrošināšanas</word>
<word id="word_1130">grupa</word>
<word id="word_1131">”</word>
<word id="word_1132">Vienna</word>
<word id="word_1133">Insurance</word>
<word id="word_1134">Group</word>
<word id="word_1135">”</word>
<word id="word_1136">.</word>
<word id="word_1137">Tā</word>
<word id="word_1138">dibināta</word>
<word id="word_1139">1824.</word>
<word id="word_1140">gadā</word>
<word id="word_1141">un</word>
<word id="word_1142">ir</word>
<word id="word_1143">vadošā</word>
<word id="word_1144">apdrošināšanas</word>
<word id="word_1145">grupa</word>
<word id="word_1146">Centrālajā</word>
<word id="word_1147">un</word>
<word id="word_1148">Austrumeiropā</word>
<word id="word_1149">.</word>
<word id="word_1150">”</word>
<word id="word_1151">Standart</word>
<word id="word_1152">&amp;</word>
<word id="word_1153">Poor</word>
<word id="word_1154">”</word>
<word id="word_1155">kredītreitingu</word>
<word id="word_1156">aģentūra</word>
<word id="word_1157">”</word>
<word id="word_1158">Vienna</word>
<word id="word_1159">Insurance</word>
<word id="word_1160">Group</word>
<word id="word_1161">”</word>
<word id="word_1162">piešķīrusi</word>
<word id="word_1163">augsto</word>
<word id="word_1164">A</word>
<word id="word_1165">+</word>
<word id="word_1166">starptautisko</word>
<word id="word_1167">kredītreitingu</word>
<word id="word_1168">.</word>
<word id="word_1169">”</word>
<word id="word_1170">Vienna</word>
<word id="word_1171">Insurance</word>
<word id="word_1172">Group</word>
<word id="word_1173">”</word>
<word id="word_1174">patlaban</word>
<word id="word_1175">pārstāvēta</word>
<word id="word_1176">tai</word>
<word id="word_1177">pilnīgi</word>
<word id="word_1178">vai</word>
<word id="word_1179">daļēji</word>
<word id="word_1180">piederošās</word>
<word id="word_1181">apdrošināšanas</word>
<word id="word_1182">kompānijās</word>
<word id="word_1183">Albānijā</word>
<word id="word_1184">,</word>
<word id="word_1185">Bulgārijā</word>
<word id="word_1186">,</word>
<word id="word_1187">Igaunijā</word>
<word id="word_1188">,</word>
<word id="word_1189">Gruzijā</word>
<word id="word_1190">,</word>
<word id="word_1191">Horvātijā</word>
<word id="word_1192">,</word>
<word id="word_1193">Latvijā</word>
<word id="word_1194">,</word>
<word id="word_1195">Lihtenšteinā</word>
<word id="word_1196">,</word>
<word id="word_1197">Lietuvā</word>
<word id="word_1198">,</word>
<word id="word_1199">Maķedonijā</word>
<word id="word_1200">,</word>
<word id="word_1201">Melnkalnē</word>
<word id="word_1202">,</word>
<word id="word_1203">Polijā</word>
<word id="word_1204">,</word>
<word id="word_1205">Rumānijā</word>
<word id="word_1206">,</word>
<word id="word_1207">Serbijā</word>
<word id="word_1208">,</word>
<word id="word_1209">Slovākijā</word>
<word id="word_1210">,</word>
<word id="word_1211">Čehijā</word>
<word id="word_1212">,</word>
<word id="word_1213">Turcijā</word>
<word id="word_1214">,</word>
<word id="word_1215">Ukrainā</word>
<word id="word_1216">un</word>
<word id="word_1217">Baltkrievijā</word>
<word id="word_1218">.</word>
<word id="word_1219">Kompānija</word>
<word id="word_1220">kopumā</word>
<word id="word_1221">pārvalda</word>
<word id="word_1222">27</word>
<word id="word_1223">miljardus</word>
<word id="word_1224">latu</word>
<word id="word_1225">vērtus</word>
<word id="word_1226">aktīvus</word>
<word id="word_1227">.</word>
<word id="word_1228">Austrijas</word>
<word id="word_1229">uzņēmums</word>
<word id="word_1230">Latvijā</word>
<word id="word_1231">ir</word>
<word id="word_1232">pazīstams</word>
<word id="word_1233">jau</word>
<word id="word_1234">no</word>
<word id="word_1235">1999.</word>
<word id="word_1236">gada</word>
<word id="word_1237">ar</word>
<word id="word_1238">”</word>
<word id="word_1239">Compensa</word>
<word id="word_1240">”</word>
<word id="word_1241">māsasuzņēmumu</word>
<word id="word_1242">”</word>
<word id="word_1243">Compensa</word>
<word id="word_1244">Life</word>
<word id="word_1245">”</word>
<word id="word_1246">,</word>
<word id="word_1247">kas</word>
<word id="word_1248">pamatā</word>
<word id="word_1249">piedāvā</word>
<word id="word_1250">dzīvības</word>
<word id="word_1251">un</word>
<word id="word_1252">veselības</word>
<word id="word_1253">apdrošināšanas</word>
<word id="word_1254">pakalpojumus</word>
<word id="word_1255">.</word>
<word id="word_1256">Savukārt</word>
<word id="word_1257">jaunizveidotā</word>
<word id="word_1258">uzņēmuma</word>
<word id="word_1259">filiāle</word>
<word id="word_1260">darbosies</word>
<word id="word_1261">kā</word>
<word id="word_1262">atsevišķa</word>
<word id="word_1263">struktūra</word>
<word id="word_1264">,</word>
<word id="word_1265">kas</word>
<word id="word_1266">nodrošinās</word>
<word id="word_1267">kustamās</word>
<word id="word_1268">un</word>
<word id="word_1269">nekustamās</word>
<word id="word_1270">mantas</word>
<word id="word_1271">,</word>
<word id="word_1272">transporta</word>
<word id="word_1273">,</word>
<word id="word_1274">kā_arī</word>
<word id="word_1275">civiltiesisko</word>
<word id="word_1276">risku</word>
<word id="word_1277">apdrošināšanu</word>
<word id="word_1278">.</word>
<word id="word_1279">Austrijas</word>
<word id="word_1280">uzņēmums</word>
<word id="word_1281">Latvijā</word>
<word id="word_1282">ir</word>
<word id="word_1283">pazīstams</word>
<word id="word_1284">jau</word>
<word id="word_1285">no</word>
<word id="word_1286">1999.</word>
<word id="word_1287">gada</word>
<word id="word_1288">ar</word>
<word id="word_1289">”</word>
<word id="word_1290">Compensa</word>
<word id="word_1291">”</word>
<word id="word_1292">māsasuzņēmumu</word>
<word id="word_1293">”</word>
<word id="word_1294">Compensa</word>
<word id="word_1295">Life</word>
<word id="word_1296">”</word>
<word id="word_1297">,</word>
<word id="word_1298">kas</word>
<word id="word_1299">pamatā</word>
<word id="word_1300">piedāvā</word>
<word id="word_1301">dzīvības</word>
<word id="word_1302">un</word>
<word id="word_1303">veselības</word>
<word id="word_1304">apdrošināšanas</word>
<word id="word_1305">pakalpojumus</word>
<word id="word_1306">.</word>
<word id="word_1307">Savukārt</word>
<word id="word_1308">jaunizveidotā</word>
<word id="word_1309">uzņēmuma</word>
<word id="word_1310">filiāle</word>
<word id="word_1311">darbosies</word>
<word id="word_1312">kā</word>
<word id="word_1313">atsevišķa</word>
<word id="word_1314">struktūra</word>
<word id="word_1315">,</word>
<word id="word_1316">kas</word>
<word id="word_1317">nodrošinās</word>
<word id="word_1318">kustamās</word>
<word id="word_1319">un</word>
<word id="word_1320">nekustamās</word>
<word id="word_1321">mantas</word>
<word id="word_1322">,</word>
<word id="word_1323">transporta</word>
<word id="word_1324">,</word>
<word id="word_1325">kā_arī</word>
<word id="word_1326">civiltiesisko</word>
<word id="word_1327">risku</word>
<word id="word_1328">apdrošināšanu</word>
<word id="word_1329">.</word>
</words>