<?xml version="1.0" encoding="UTF-8"?>
<!DOCTYPE markables SYSTEM "markables.dtd">
<markables xmlns="www.eml.org/NameSpaces/coref">
<markable id="markable_1" span="word_2" coref_class="empty" category="organization" mmax_level="coref"  rule="none"  type="none"/>
<markable id="markable_2" span="word_12" coref_class="empty" category="time" mmax_level="coref"  rule="none"  type="none"/>
<markable id="markable_3" span="word_13" coref_class="empty" category="location" mmax_level="coref"  rule="none"  type="none"/>
<markable id="markable_4" span="word_19..word_25" coref_class="empty" category="organization" mmax_level="coref"  rule="none"  type="none"/>
<markable id="markable_5" span="word_29" coref_class="empty" category="organization" mmax_level="coref"  rule="none"  type="none"/>
<markable id="markable_6" span="word_36..word_37" coref_class="empty" category="sum" mmax_level="coref"  rule="none"  type="none"/>
<markable id="markable_7" span="word_38" coref_class="empty" category="location" mmax_level="coref"  rule="none"  type="none"/>
<markable id="markable_8" span="word_49" coref_class="empty" category="organization" mmax_level="coref"  rule="none"  type="none"/>
<markable id="markable_9" span="word_54" coref_class="empty" category="location" mmax_level="coref"  rule="none"  type="none"/>
<markable id="markable_10" span="word_57..word_60" coref_class="empty" category="organization" mmax_level="coref"  rule="none"  type="none"/>
<markable id="markable_11" span="word_62..word_63" coref_class="empty" category="profession" mmax_level="coref"  rule="none"  type="none"/>
<markable id="markable_12" span="word_64..word_65" coref_class="empty" category="person" mmax_level="coref"  rule="none"  type="none"/>
<markable id="markable_13" span="word_67..word_68" coref_class="empty" category="person" mmax_level="coref"  rule="none"  type="none"/>
<markable id="markable_14" span="word_75" coref_class="empty" category="location" mmax_level="coref"  rule="none"  type="none"/>
<markable id="markable_15" span="word_77" coref_class="empty" category="organization" mmax_level="coref"  rule="none"  type="none"/>
<markable id="markable_16" span="word_90" coref_class="empty" category="person" mmax_level="coref"  rule="none"  type="none"/>
<markable id="markable_17" span="word_94" coref_class="empty" category="location" mmax_level="coref"  rule="none"  type="none"/>
<markable id="markable_18" span="word_106" coref_class="empty" category="location" mmax_level="coref"  rule="none"  type="none"/>
<markable id="markable_19" span="word_107..word_108" coref_class="empty" category="time" mmax_level="coref"  rule="none"  type="none"/>
<markable id="markable_20" span="word_110" coref_class="empty" category="organization" mmax_level="coref"  rule="none"  type="none"/>
<markable id="markable_21" span="word_118" coref_class="empty" category="location" mmax_level="coref"  rule="none"  type="none"/>
<markable id="markable_22" span="word_121" coref_class="empty" category="location" mmax_level="coref"  rule="none"  type="none"/>
<markable id="markable_23" span="word_127" coref_class="empty" category="location" mmax_level="coref"  rule="none"  type="none"/>
<markable id="markable_24" span="word_133" coref_class="empty" category="organization" mmax_level="coref"  rule="none"  type="none"/>
<markable id="markable_25" span="word_139" coref_class="empty" category="person" mmax_level="coref"  rule="none"  type="none"/>
<markable id="markable_26" span="word_141" coref_class="empty" category="person" mmax_level="coref"  rule="none"  type="none"/>
<markable id="markable_27" span="word_143" coref_class="empty" category="location" mmax_level="coref"  rule="none"  type="none"/>
<markable id="markable_28" span="word_145" coref_class="empty" category="location" mmax_level="coref"  rule="none"  type="none"/>
<markable id="markable_29" span="word_147" coref_class="empty" category="location" mmax_level="coref"  rule="none"  type="none"/>
<markable id="markable_30" span="word_149" coref_class="empty" category="location" mmax_level="coref"  rule="none"  type="none"/>
<markable id="markable_31" span="word_159" coref_class="empty" category="location" mmax_level="coref"  rule="none"  type="none"/>
<markable id="markable_32" span="word_171" coref_class="empty" category="location" mmax_level="coref"  rule="none"  type="none"/>
<markable id="markable_33" span="word_176" coref_class="empty" category="location" mmax_level="coref"  rule="none"  type="none"/>
<markable id="markable_34" span="word_209" coref_class="empty" category="location" mmax_level="coref"  rule="none"  type="none"/>
<markable id="markable_35" span="word_221" coref_class="empty" category="organization" mmax_level="coref"  rule="none"  type="none"/>
<markable id="markable_36" span="word_227" coref_class="empty" category="location" mmax_level="coref"  rule="none"  type="none"/>
<markable id="markable_37" span="word_232" coref_class="empty" category="location" mmax_level="coref"  rule="none"  type="none"/>
<markable id="markable_38" span="word_235" coref_class="empty" category="location" mmax_level="coref"  rule="none"  type="none"/>
<markable id="markable_39" span="word_244" coref_class="empty" category="location" mmax_level="coref"  rule="none"  type="none"/>
<markable id="markable_40" span="word_262" coref_class="empty" category="time" mmax_level="coref"  rule="none"  type="none"/>
<markable id="markable_41" span="word_289" coref_class="empty" category="location" mmax_level="coref"  rule="none"  type="none"/>
<markable id="markable_42" span="word_298" coref_class="empty" category="location" mmax_level="coref"  rule="none"  type="none"/>
<markable id="markable_43" span="word_301..word_302" coref_class="empty" category="sum" mmax_level="coref"  rule="none"  type="none"/>
<markable id="markable_44" span="word_321..word_323" coref_class="empty" category="organization" mmax_level="coref"  rule="none"  type="none"/>
<markable id="markable_45" span="word_327" coref_class="empty" category="location" mmax_level="coref"  rule="none"  type="none"/>
<markable id="markable_46" span="word_333..word_334" coref_class="empty" category="organization" mmax_level="coref"  rule="none"  type="none"/>
<markable id="markable_47" span="word_344..word_345" coref_class="empty" category="sum" mmax_level="coref"  rule="none"  type="none"/>
<markable id="markable_48" span="word_359" coref_class="empty" category="organization" mmax_level="coref"  rule="none"  type="none"/>
<markable id="markable_49" span="word_365" coref_class="empty" category="organization" mmax_level="coref"  rule="none"  type="none"/>
<markable id="markable_50" span="word_403" coref_class="empty" category="location" mmax_level="coref"  rule="none"  type="none"/>
<markable id="markable_51" span="word_441" coref_class="empty" category="location" mmax_level="coref"  rule="none"  type="none"/>
<markable id="markable_52" span="word_467" coref_class="empty" category="location" mmax_level="coref"  rule="none"  type="none"/>
<markable id="markable_53" span="word_475" coref_class="empty" category="organization" mmax_level="coref"  rule="none"  type="none"/>
<markable id="markable_54" span="word_485" coref_class="empty" category="location" mmax_level="coref"  rule="none"  type="none"/>
<markable id="markable_55" span="word_495" coref_class="empty" category="person" mmax_level="coref"  rule="none"  type="none"/>
<markable id="markable_56" span="word_502" coref_class="empty" category="person" mmax_level="coref"  rule="none"  type="none"/>
<markable id="markable_57" span="word_505" coref_class="empty" category="location" mmax_level="coref"  rule="none"  type="none"/>
<markable id="markable_58" span="word_511" coref_class="empty" category="location" mmax_level="coref"  rule="none"  type="none"/>
<markable id="markable_59" span="word_535" coref_class="empty" category="location" mmax_level="coref"  rule="none"  type="none"/>
<markable id="markable_60" span="word_537" coref_class="empty" category="location" mmax_level="coref"  rule="none"  type="none"/>
<markable id="markable_61" span="word_539" coref_class="empty" category="location" mmax_level="coref"  rule="none"  type="none"/>
<markable id="markable_62" span="word_541" coref_class="empty" category="location" mmax_level="coref"  rule="none"  type="none"/>
<markable id="markable_63" span="word_543" coref_class="empty" category="location" mmax_level="coref"  rule="none"  type="none"/>
<markable id="markable_64" span="word_561" coref_class="empty" category="location" mmax_level="coref"  rule="none"  type="none"/>
<markable id="markable_65" span="word_577" coref_class="empty" category="organization" mmax_level="coref"  rule="none"  type="none"/>
<markable id="markable_66" span="word_589" coref_class="empty" category="location" mmax_level="coref"  rule="none"  type="none"/>
<markable id="markable_67" span="word_606" coref_class="empty" category="location" mmax_level="coref"  rule="none"  type="none"/>
<markable id="markable_68" span="word_608" coref_class="empty" category="location" mmax_level="coref"  rule="none"  type="none"/>
<markable id="markable_69" span="word_611" coref_class="empty" category="person" mmax_level="coref"  rule="none"  type="none"/>
<markable id="markable_70" span="word_613" coref_class="empty" category="location" mmax_level="coref"  rule="none"  type="none"/>
<markable id="markable_71" span="word_615" coref_class="empty" category="location" mmax_level="coref"  rule="none"  type="none"/>
<markable id="markable_72" span="word_618..word_619" coref_class="empty" category="sum" mmax_level="coref"  rule="none"  type="none"/>
<markable id="markable_73" span="word_631" coref_class="empty" category="location" mmax_level="coref"  rule="none"  type="none"/>
<markable id="markable_74" span="word_633" coref_class="empty" category="organization" mmax_level="coref"  rule="none"  type="none"/>
<markable id="markable_75" span="word_636" coref_class="empty" category="location" mmax_level="coref"  rule="none"  type="none"/>
<markable id="markable_76" span="word_648" coref_class="empty" category="location" mmax_level="coref"  rule="none"  type="none"/>
<markable id="markable_77" span="word_651" coref_class="empty" category="person" mmax_level="coref"  rule="none"  type="none"/>
<markable id="markable_78" span="word_653" coref_class="empty" category="location" mmax_level="coref"  rule="none"  type="none"/>
<markable id="markable_79" span="word_668" coref_class="empty" category="location" mmax_level="coref"  rule="none"  type="none"/>
<markable id="markable_80" span="word_679" coref_class="empty" category="location" mmax_level="coref"  rule="none"  type="none"/>
<markable id="markable_81" span="word_718..word_719" coref_class="empty" category="time" mmax_level="coref"  rule="none"  type="none"/>
<markable id="markable_82" span="word_729" coref_class="empty" category="time" mmax_level="coref"  rule="none"  type="none"/>
<markable id="markable_83" span="word_747" coref_class="empty" category="location" mmax_level="coref"  rule="none"  type="none"/>
<markable id="markable_84" span="word_756" coref_class="empty" category="organization" mmax_level="coref"  rule="none"  type="none"/>
<markable id="markable_85" span="word_768" coref_class="empty" category="organization" mmax_level="coref"  rule="none"  type="none"/>
<markable id="markable_86" span="word_772" coref_class="empty" category="location" mmax_level="coref"  rule="none"  type="none"/>
<markable id="markable_87" span="word_774..word_775" coref_class="empty" category="time" mmax_level="coref"  rule="none"  type="none"/>
<markable id="markable_88" span="word_777..word_778" coref_class="empty" category="time" mmax_level="coref"  rule="none"  type="none"/>
<markable id="markable_89" span="word_791" coref_class="empty" category="profession" mmax_level="coref"  rule="none"  type="none"/>
<markable id="markable_90" span="word_823..word_825" coref_class="empty" category="sum" mmax_level="coref"  rule="none"  type="none"/>
<markable id="markable_91" span="word_839" coref_class="empty" category="location" mmax_level="coref"  rule="none"  type="none"/>
<markable id="markable_92" span="word_882" coref_class="empty" category="profession" mmax_level="coref"  rule="none"  type="none"/>
<markable id="markable_93" span="word_892" coref_class="empty" category="person" mmax_level="coref"  rule="none"  type="none"/>
<markable id="markable_94" span="word_894" coref_class="empty" category="location" mmax_level="coref"  rule="none"  type="none"/>
<markable id="markable_95" span="word_897..word_898" coref_class="empty" category="time" mmax_level="coref"  rule="none"  type="none"/>
<markable id="markable_96" span="word_912..word_913" coref_class="empty" category="sum" mmax_level="coref"  rule="none"  type="none"/>
<markable id="markable_97" span="word_932" coref_class="empty" category="location" mmax_level="coref"  rule="none"  type="none"/>
<markable id="markable_98" span="word_936" coref_class="empty" category="location" mmax_level="coref"  rule="none"  type="none"/>
<markable id="markable_99" span="word_942" coref_class="empty" category="location" mmax_level="coref"  rule="none"  type="none"/>
<markable id="markable_100" span="word_971" coref_class="empty" category="location" mmax_level="coref"  rule="none"  type="none"/>
<markable id="markable_101" span="word_977" coref_class="empty" category="location" mmax_level="coref"  rule="none"  type="none"/>
<markable id="markable_102" span="word_983" coref_class="empty" category="organization" mmax_level="coref"  rule="none"  type="none"/>
<markable id="markable_103" span="word_989..word_990" coref_class="empty" category="person" mmax_level="coref"  rule="none"  type="none"/>
<markable id="markable_104" span="word_996" coref_class="empty" category="organization" mmax_level="coref"  rule="none"  type="none"/>
<markable id="markable_105" span="word_999" coref_class="empty" category="location" mmax_level="coref"  rule="none"  type="none"/>
<markable id="markable_106" span="word_1006..word_1007" coref_class="empty" category="person" mmax_level="coref"  rule="none"  type="none"/>
<markable id="markable_107" span="word_1011" coref_class="empty" category="location" mmax_level="coref"  rule="none"  type="none"/>
<markable id="markable_108" span="word_1013..word_1014" coref_class="empty" category="person" mmax_level="coref"  rule="none"  type="none"/>
<markable id="markable_109" span="word_1071" coref_class="empty" category="organization" mmax_level="coref"  rule="none"  type="none"/>
<markable id="markable_110" span="word_1078..word_1082" coref_class="empty" category="organization" mmax_level="coref"  rule="none"  type="none"/>
<markable id="markable_111" span="word_1086" coref_class="empty" category="person" mmax_level="coref"  rule="none"  type="none"/>
<markable id="markable_112" span="word_1089..word_1090" coref_class="empty" category="organization" mmax_level="coref"  rule="none"  type="none"/>
<markable id="markable_113" span="word_1093" coref_class="empty" category="location" mmax_level="coref"  rule="none"  type="none"/>
<markable id="markable_114" span="word_1099..word_1103" coref_class="empty" category="organization" mmax_level="coref"  rule="none"  type="none"/>
<markable id="markable_115" span="word_1106" coref_class="empty" category="location" mmax_level="coref"  rule="none"  type="none"/>
<markable id="markable_116" span="word_1109..word_1110" coref_class="empty" category="time" mmax_level="coref"  rule="none"  type="none"/>
<markable id="markable_117" span="word_1113" coref_class="empty" category="person" mmax_level="coref"  rule="none"  type="none"/>
<markable id="markable_118" span="word_1115..word_1116" coref_class="empty" category="organization" mmax_level="coref"  rule="none"  type="none"/>
<markable id="markable_119" span="word_1117" coref_class="empty" category="profession" mmax_level="coref"  rule="none"  type="none"/>
<markable id="markable_120" span="word_1119..word_1120" coref_class="empty" category="person" mmax_level="coref"  rule="none"  type="none"/>
<markable id="markable_121" span="word_1123" coref_class="empty" category="organization" mmax_level="coref"  rule="none"  type="none"/>
<markable id="markable_122" span="word_1128" coref_class="empty" category="location" mmax_level="coref"  rule="none"  type="none"/>
<markable id="markable_123" span="word_1132..word_1134" coref_class="empty" category="organization" mmax_level="coref"  rule="none"  type="none"/>
<markable id="markable_124" span="word_1139..word_1140" coref_class="empty" category="time" mmax_level="coref"  rule="none"  type="none"/>
<markable id="markable_125" span="word_1146" coref_class="empty" category="location" mmax_level="coref"  rule="none"  type="none"/>
<markable id="markable_126" span="word_1148" coref_class="empty" category="location" mmax_level="coref"  rule="none"  type="none"/>
<markable id="markable_127" span="word_1153" coref_class="empty" category="organization" mmax_level="coref"  rule="none"  type="none"/>
<markable id="markable_128" span="word_1158..word_1160" coref_class="empty" category="organization" mmax_level="coref"  rule="none"  type="none"/>
<markable id="markable_129" span="word_1170..word_1172" coref_class="empty" category="organization" mmax_level="coref"  rule="none"  type="none"/>
<markable id="markable_130" span="word_1183" coref_class="empty" category="location" mmax_level="coref"  rule="none"  type="none"/>
<markable id="markable_131" span="word_1185" coref_class="empty" category="location" mmax_level="coref"  rule="none"  type="none"/>
<markable id="markable_132" span="word_1187" coref_class="empty" category="location" mmax_level="coref"  rule="none"  type="none"/>
<markable id="markable_133" span="word_1189" coref_class="empty" category="location" mmax_level="coref"  rule="none"  type="none"/>
<markable id="markable_134" span="word_1191" coref_class="empty" category="location" mmax_level="coref"  rule="none"  type="none"/>
<markable id="markable_135" span="word_1193" coref_class="empty" category="location" mmax_level="coref"  rule="none"  type="none"/>
<markable id="markable_136" span="word_1195" coref_class="empty" category="location" mmax_level="coref"  rule="none"  type="none"/>
<markable id="markable_137" span="word_1197" coref_class="empty" category="location" mmax_level="coref"  rule="none"  type="none"/>
<markable id="markable_138" span="word_1199" coref_class="empty" category="location" mmax_level="coref"  rule="none"  type="none"/>
<markable id="markable_139" span="word_1201" coref_class="empty" category="location" mmax_level="coref"  rule="none"  type="none"/>
<markable id="markable_140" span="word_1203" coref_class="empty" category="location" mmax_level="coref"  rule="none"  type="none"/>
<markable id="markable_141" span="word_1205" coref_class="empty" category="location" mmax_level="coref"  rule="none"  type="none"/>
<markable id="markable_142" span="word_1207" coref_class="empty" category="location" mmax_level="coref"  rule="none"  type="none"/>
<markable id="markable_143" span="word_1209" coref_class="empty" category="location" mmax_level="coref"  rule="none"  type="none"/>
<markable id="markable_144" span="word_1211" coref_class="empty" category="location" mmax_level="coref"  rule="none"  type="none"/>
<markable id="markable_145" span="word_1213" coref_class="empty" category="location" mmax_level="coref"  rule="none"  type="none"/>
<markable id="markable_146" span="word_1215" coref_class="empty" category="location" mmax_level="coref"  rule="none"  type="none"/>
<markable id="markable_147" span="word_1217" coref_class="empty" category="location" mmax_level="coref"  rule="none"  type="none"/>
<markable id="markable_148" span="word_1222..word_1224" coref_class="empty" category="sum" mmax_level="coref"  rule="none"  type="none"/>
<markable id="markable_149" span="word_1228" coref_class="empty" category="location" mmax_level="coref"  rule="none"  type="none"/>
<markable id="markable_150" span="word_1230" coref_class="empty" category="location" mmax_level="coref"  rule="none"  type="none"/>
<markable id="markable_151" span="word_1235..word_1236" coref_class="empty" category="time" mmax_level="coref"  rule="none"  type="none"/>
<markable id="markable_152" span="word_1239" coref_class="empty" category="organization" mmax_level="coref"  rule="none"  type="none"/>
<markable id="markable_153" span="word_1243..word_1244" coref_class="empty" category="person" mmax_level="coref"  rule="none"  type="none"/>
<markable id="markable_154" span="word_1279" coref_class="empty" category="location" mmax_level="coref"  rule="none"  type="none"/>
<markable id="markable_155" span="word_1281" coref_class="empty" category="location" mmax_level="coref"  rule="none"  type="none"/>
<markable id="markable_156" span="word_1286..word_1287" coref_class="empty" category="time" mmax_level="coref"  rule="none"  type="none"/>
<markable id="markable_157" span="word_1290" coref_class="empty" category="organization" mmax_level="coref"  rule="none"  type="none"/>
<markable id="markable_158" span="word_1294..word_1295" coref_class="empty" category="person" mmax_level="coref"  rule="none"  type="none"/>
</markables>