<?xml version="1.0" encoding="UTF-8"?>
<!DOCTYPE words SYSTEM "words.dtd">
<words>
<word id="word_1">"</word>
<word id="word_2">Lux</word>
<word id="word_3">Express</word>
<word id="word_4">"</word>
<word id="word_5">:</word>
<word id="word_6">Konkurence</word>
<word id="word_7">autobusu</word>
<word id="word_8">pārvadājumos</word>
<word id="word_9">Baltijas</word>
<word id="word_10">reģionā</word>
<word id="word_11">divkāršojusies</word>
<word id="word_12">01</word>
<word id="word_13">Feb</word>
<word id="word_14">2013</word>
<word id="word_15">Lai arī</word>
<word id="word_16">starptautiskajos</word>
<word id="word_17">pārvadājumos</word>
<word id="word_18">ar</word>
<word id="word_19">autobusiem</word>
<word id="word_20">visu</word>
<word id="word_21">pārvadātāju</word>
<word id="word_22">piedāvātais</word>
<word id="word_23">sēdvietu</word>
<word id="word_24">skaitu</word>
<word id="word_25">kopumā</word>
<word id="word_26">ir</word>
<word id="word_27">divkāršojies</word>
<word id="word_28">,</word>
<word id="word_29">uzņēmumam</word>
<word id="word_30">"</word>
<word id="word_31">Lux</word>
<word id="word_32">Express</word>
<word id="word_33">"</word>
<word id="word_34">izdevies</word>
<word id="word_35">savu</word>
<word id="word_36">auditoriju</word>
<word id="word_37">noturēt</word>
<word id="word_38">un</word>
<word id="word_39">pat</word>
<word id="word_40">palielināt</word>
<word id="word_41">,</word>
<word id="word_42">piedāvājot</word>
<word id="word_43">gan</word>
<word id="word_44">"</word>
<word id="word_45">lētā</word>
<word id="word_46">gala</word>
<word id="word_47">"</word>
<word id="word_48">maršrutus</word>
<word id="word_49">,</word>
<word id="word_50">gan</word>
<word id="word_51">sniedzot</word>
<word id="word_52">augsta</word>
<word id="word_53">komforta</word>
<word id="word_54">piedāvājumu</word>
<word id="word_55">,</word>
<word id="word_56">biznesa</word>
<word id="word_57">portālu</word>
<word id="word_58">"</word>
<word id="word_59">Nozare</word>
<word id="word_60">.</word>
<word id="word_61">lv</word>
<word id="word_62">"</word>
<word id="word_63">informē</word>
<word id="word_64">"</word>
<word id="word_65">Lux</word>
<word id="word_66">Express</word>
<word id="word_67">"</word>
<word id="word_68">valdes</word>
<word id="word_69">priekšsēdētājs</word>
<word id="word_70">Hannes</word>
<word id="word_71">Sarpū</word>
<word id="word_72">.</word>
<word id="word_73">Pērn</word>
<word id="word_74">pieaugusi</word>
<word id="word_75">konkurence</word>
<word id="word_76">pasažieru</word>
<word id="word_77">pārvadājumos</word>
<word id="word_78">maršrutā</word>
<word id="word_79">Sanktpēterburga</word>
<word id="word_80">-</word>
<word id="word_81">Baltijas</word>
<word id="word_82">valstis</word>
<word id="word_83">un</word>
<word id="word_84">,</word>
<word id="word_85">īpaši</word>
<word id="word_86">,</word>
<word id="word_87">Sanktpēterburga</word>
<word id="word_88">-</word>
<word id="word_89">Tallina</word>
<word id="word_90">.</word>
<word id="word_91">Sarpū</word>
<word id="word_92">arī</word>
<word id="word_93">atklāj</word>
<word id="word_94">,</word>
<word id="word_95">ka</word>
<word id="word_96">Latvijas</word>
<word id="word_97">iedzīvotāju</word>
<word id="word_98">vidū</word>
<word id="word_99">vispopulārākie</word>
<word id="word_100">galamērķi</word>
<word id="word_101">ir</word>
<word id="word_102">Tallina</word>
<word id="word_103">,</word>
<word id="word_104">Viļņa</word>
<word id="word_105">un</word>
<word id="word_106">Sanktpēterburga</word>
<word id="word_107">.</word>
<word id="word_108">Tāpat</word>
<word id="word_109">uzņēmums</word>
<word id="word_110">plāno</word>
<word id="word_111">"</word>
<word id="word_112">aizpildīt</word>
<word id="word_113">"</word>
<word id="word_114">tukšo</word>
<word id="word_115">nišu</word>
<word id="word_116">un</word>
<word id="word_117">piedāvāt</word>
<word id="word_118">autobusu</word>
<word id="word_119">satiksmi</word>
<word id="word_120">no</word>
<word id="word_121">Sanktpēterburgas</word>
<word id="word_122">un</word>
<word id="word_123">Helsinkiem</word>
<word id="word_124">,</word>
<word id="word_125">jo</word>
<word id="word_126">autobusu</word>
<word id="word_127">satiksme</word>
<word id="word_128">šajā</word>
<word id="word_129">posmā</word>
<word id="word_130">nav</word>
<word id="word_131">attīstīta</word>
<word id="word_132">,</word>
<word id="word_133">bet</word>
<word id="word_134">ik</word>
<word id="word_135">gadu</word>
<word id="word_136">uz</word>
<word id="word_137">Helsinkiem</word>
<word id="word_138">vēlas</word>
<word id="word_139">doties</word>
<word id="word_140">ap</word>
<word id="word_141">sešiem</word>
<word id="word_142">miljoniem</word>
<word id="word_143">interesentu</word>
<word id="word_144">.</word>
<word id="word_145">Kāpēc</word>
<word id="word_146">virzienā</word>
<word id="word_147">uz</word>
<word id="word_148">Sanktpēterburgu</word>
<word id="word_149">pieaugusi</word>
<word id="word_150">pārvadātāju</word>
<word id="word_151">konkurence</word>
<word id="word_152">?</word>
<word id="word_153">Jāatzīst</word>
<word id="word_154">,</word>
<word id="word_155">nekad</word>
<word id="word_156">vēl</word>
<word id="word_157">nav</word>
<word id="word_158">bijis</word>
<word id="word_159">tik</word>
<word id="word_160">daudz</word>
<word id="word_161">konkurentu</word>
<word id="word_162">pasažieru</word>
<word id="word_163">pārvadājumos</word>
<word id="word_164">maršrutā</word>
<word id="word_165">Sanktpēterburga</word>
<word id="word_166">-</word>
<word id="word_167">Baltijas</word>
<word id="word_168">valstis</word>
<word id="word_169">un</word>
<word id="word_170">,</word>
<word id="word_171">īpaši</word>
<word id="word_172">,</word>
<word id="word_173">Sanktpēterburga</word>
<word id="word_174">-</word>
<word id="word_175">Tallina</word>
<word id="word_176">,</word>
<word id="word_177">kurā</word>
<word id="word_178">konkurence</word>
<word id="word_179">ir</word>
<word id="word_180">kļuvusi</word>
<word id="word_181">daudz</word>
<word id="word_182">sīvāka</word>
<word id="word_183">tieši</word>
<word id="word_184">pērn</word>
<word id="word_185">.</word>
<word id="word_186">Sanktpēterburga</word>
<word id="word_187">ir</word>
<word id="word_188">Baltijas</word>
<word id="word_189">valstīm</word>
<word id="word_190">tuvākā</word>
<word id="word_191">lielākā</word>
<word id="word_192">megapolise</word>
<word id="word_193">ar</word>
<word id="word_194">vairāk</word>
<word id="word_195">nekā</word>
<word id="word_196">pieci</word>
<word id="word_197">miljoni</word>
<word id="word_198">iedzīvotāju</word>
<word id="word_199">.</word>
<word id="word_200">Jau</word>
<word id="word_201">vairāk</word>
<word id="word_202">nekā</word>
<word id="word_203">10</word>
<word id="word_204">gadu</word>
<word id="word_205">laikā</word>
<word id="word_206">viņu</word>
<word id="word_207">populārākais</word>
<word id="word_208">galamērķis</word>
<word id="word_209">īsiem</word>
<word id="word_210">atvaļinājumiem</word>
<word id="word_211">ir</word>
<word id="word_212">bijusi</word>
<word id="word_213">Somija</word>
<word id="word_214">,</word>
<word id="word_215">bet</word>
<word id="word_216">apmēram</word>
<word id="word_217">pirms</word>
<word id="word_218">diviem</word>
<word id="word_219">-</word>
<word id="word_220">trijiem</word>
<word id="word_221">gadiem</word>
<word id="word_222">Baltijas</word>
<word id="word_223">valstis</word>
<word id="word_224">,</word>
<word id="word_225">galvenokārt</word>
<word id="word_226">Igauniju</word>
<word id="word_227">,</word>
<word id="word_228">bet arī</word>
<word id="word_229">Latviju</word>
<word id="word_230">,</word>
<word id="word_231">sāka</word>
<word id="word_232">piesaistīt</word>
<word id="word_233">arvien</word>
<word id="word_234">vairāk</word>
<word id="word_235">Sanktpēterburgas</word>
<word id="word_236">iedzīvotāju</word>
<word id="word_237">,</word>
<word id="word_238">organizējot</word>
<word id="word_239">tūrisma</word>
<word id="word_240">seminārus</word>
<word id="word_241">,</word>
<word id="word_242">piedaloties</word>
<word id="word_243">gadatirgos</word>
<word id="word_244">un</word>
<word id="word_245">ar</word>
<word id="word_246">reklāmas</word>
<word id="word_247">kampaņām</word>
<word id="word_248">masu</word>
<word id="word_249">medijos</word>
<word id="word_250">,</word>
<word id="word_251">popularizējot</word>
<word id="word_252">Igauniju</word>
<word id="word_253">un</word>
<word id="word_254">Latviju</word>
<word id="word_255">kā</word>
<word id="word_256">galamērķus</word>
<word id="word_257">.</word>
<word id="word_258">Līdz</word>
<word id="word_259">ar</word>
<word id="word_260">to</word>
<word id="word_261">Baltijas</word>
<word id="word_262">valstu</word>
<word id="word_263">atpazīstamība</word>
<word id="word_264">palielinājās</word>
<word id="word_265">un</word>
<word id="word_266">būtiski</word>
<word id="word_267">uzlabojās</word>
<word id="word_268">reģiona</word>
<word id="word_269">tēls</word>
<word id="word_270">-</word>
<word id="word_271">tās</word>
<word id="word_272">ir</word>
<word id="word_273">ģeogrāfiski</word>
<word id="word_274">tuvas</word>
<word id="word_275">,</word>
<word id="word_276">krieviski</word>
<word id="word_277">runājošas</word>
<word id="word_278">valstis</word>
<word id="word_279">,</word>
<word id="word_280">kurās</word>
<word id="word_281">cenas</word>
<word id="word_282">atbilst</word>
<word id="word_283">piedāvātajai</word>
<word id="word_284">kvalitātei</word>
<word id="word_285">.</word>
<word id="word_286">Likumsakarīgi</word>
<word id="word_287">pieprasījums</word>
<word id="word_288">pieauga</word>
<word id="word_289">.</word>
<word id="word_290">Turklāt</word>
<word id="word_291">tā kā</word>
<word id="word_292">Ivangorod-Narva</word>
<word id="word_293">robežas</word>
<word id="word_294">ar</word>
<word id="word_295">privāto</word>
<word id="word_296">transportu</word>
<word id="word_297">šķērsošana</word>
<word id="word_298">nav</word>
<word id="word_299">tik</word>
<word id="word_300">ērta</word>
<word id="word_301">,</word>
<word id="word_302">cilvēki</word>
<word id="word_303">bieži</word>
<word id="word_304">izvēlas</word>
<word id="word_305">maršruta</word>
<word id="word_306">transportu</word>
<word id="word_307">.</word>
<word id="word_308">Krievu</word>
<word id="word_309">tūristu</word>
<word id="word_310">skaita</word>
<word id="word_311">palielināšanos</word>
<word id="word_312">Baltijas</word>
<word id="word_313">valstīs</word>
<word id="word_314">bija</word>
<word id="word_315">grūti</word>
<word id="word_316">nepamanīt</word>
<word id="word_317">un</word>
<word id="word_318">,</word>
<word id="word_319">protams</word>
<word id="word_320">,</word>
<word id="word_321">arī</word>
<word id="word_322">pārvadātāji</word>
<word id="word_323">saskatīja</word>
<word id="word_324">lielu</word>
<word id="word_325">biznesa</word>
<word id="word_326">potenciālu</word>
<word id="word_327">.</word>
<word id="word_328">Līdz</word>
<word id="word_329">ar</word>
<word id="word_330">to</word>
<word id="word_331">pēdējo</word>
<word id="word_332">pāris</word>
<word id="word_333">gadu</word>
<word id="word_334">laikā</word>
<word id="word_335">samērā</word>
<word id="word_336">strauji</word>
<word id="word_337">pieauga</word>
<word id="word_338">uzņēmumu</word>
<word id="word_339">skaits</word>
<word id="word_340">,</word>
<word id="word_341">kas</word>
<word id="word_342">piedāvā</word>
<word id="word_343">pārvadājumu</word>
<word id="word_344">pakalpojumus</word>
<word id="word_345">.</word>
<word id="word_346">"</word>
<word id="word_347">Lux</word>
<word id="word_348">Express</word>
<word id="word_349">"</word>
<word id="word_350">ir</word>
<word id="word_351">izdevies</word>
<word id="word_352">īsā</word>
<word id="word_353">laikā</word>
<word id="word_354">ieiet</word>
<word id="word_355">ar</word>
<word id="word_356">savu</word>
<word id="word_357">tūrisma</word>
<word id="word_358">piedāvājumu</word>
<word id="word_359">Sanktpēterburgas</word>
<word id="word_360">tirgū</word>
<word id="word_361">.</word>
<word id="word_362">Varbūt</word>
<word id="word_363">varētu</word>
<word id="word_364">noraksturot</word>
<word id="word_365">Sanktpēterburgas</word>
<word id="word_366">tirgus</word>
<word id="word_367">īpatnības</word>
<word id="word_368">un</word>
<word id="word_369">kādus</word>
<word id="word_370">specifiskus</word>
<word id="word_371">piedāvājumus</word>
<word id="word_372">šim</word>
<word id="word_373">tirgum</word>
<word id="word_374">piedāvāsiet</word>
<word id="word_375">šogad</word>
<word id="word_376">.</word>
<word id="word_377">Šogad</word>
<word id="word_378">aprit</word>
<word id="word_379">15</word>
<word id="word_380">gadi</word>
<word id="word_381">,</word>
<word id="word_382">kopš</word>
<word id="word_383">veicam</word>
<word id="word_384">pārvadājumus</word>
<word id="word_385">uz</word>
<word id="word_386">Sanktpēterburgu</word>
<word id="word_387">.</word>
<word id="word_388">Neskatoties</word>
<word id="word_389">uz</word>
<word id="word_390">pieaugošo</word>
<word id="word_391">konkurentu</word>
<word id="word_392">skaitu</word>
<word id="word_393">,</word>
<word id="word_394">"</word>
<word id="word_395">Lux</word>
<word id="word_396">Express</word>
<word id="word_397">"</word>
<word id="word_398">ir</word>
<word id="word_399">atradis</word>
<word id="word_400">savu</word>
<word id="word_401">auditoriju</word>
<word id="word_402">-</word>
<word id="word_403">tie</word>
<word id="word_404">ir</word>
<word id="word_405">cilvēki</word>
<word id="word_406">,</word>
<word id="word_407">kam</word>
<word id="word_408">ir</word>
<word id="word_409">svarīgs</word>
<word id="word_410">augsta</word>
<word id="word_411">līmeņa</word>
<word id="word_412">pakalpojumu</word>
<word id="word_413">kopums</word>
<word id="word_414">,</word>
<word id="word_415">ko</word>
<word id="word_416">piedāvājam</word>
<word id="word_417">savos</word>
<word id="word_418">autobusos</word>
<word id="word_419">.</word>
<word id="word_420">Mūsu</word>
<word id="word_421">jaunajos</word>
<word id="word_422">,</word>
<word id="word_423">komfortablajos</word>
<word id="word_424">autobusos</word>
<word id="word_425">ceļotājiem</word>
<word id="word_426">ir</word>
<word id="word_427">iespēja</word>
<word id="word_428">brauciena</word>
<word id="word_429">laikā</word>
<word id="word_430">strādāt</word>
<word id="word_431">,</word>
<word id="word_432">sazināties</word>
<word id="word_433">ar</word>
<word id="word_434">draugiem</word>
<word id="word_435">,</word>
<word id="word_436">skatīties</word>
<word id="word_437">filmas</word>
<word id="word_438">vai</word>
<word id="word_439">lasīt</word>
<word id="word_440">ziņas</word>
<word id="word_441">,</word>
<word id="word_442">izmantojot</word>
<word id="word_443">autobusos</word>
<word id="word_444">pieejamo</word>
<word id="word_445">internetu</word>
<word id="word_446">.</word>
<word id="word_447">No</word>
<word id="word_448">"</word>
<word id="word_449">Lux</word>
<word id="word_450">Express</word>
<word id="word_451">"</word>
<word id="word_452">piedāvātajiem</word>
<word id="word_453">vispopulārākais</word>
<word id="word_454">Sanktpēterburgas</word>
<word id="word_455">iedzīvotāju</word>
<word id="word_456">galamērķis</word>
<word id="word_457">ir</word>
<word id="word_458">Tallina</word>
<word id="word_459">.</word>
<word id="word_460">Apmēram</word>
<word id="word_461">55</word>
<word id="word_462">%</word>
<word id="word_463">pasažieru</word>
<word id="word_464">no</word>
<word id="word_465">Sanktpēterburgas</word>
<word id="word_466">izvēlas</word>
<word id="word_467">ceļot</word>
<word id="word_468">tieši</word>
<word id="word_469">uz</word>
<word id="word_470">Tallinu</word>
<word id="word_471">,</word>
<word id="word_472">otrajā</word>
<word id="word_473">vietā</word>
<word id="word_474">atstājot</word>
<word id="word_475">Rīgu</word>
<word id="word_476">,</word>
<word id="word_477">bet</word>
<word id="word_478">trešajā</word>
<word id="word_479">-</word>
<word id="word_480">Ida</word>
<word id="word_481">-</word>
<word id="word_482">Virumaa</word>
<word id="word_483">reģionu</word>
<word id="word_484">Igaunijā</word>
<word id="word_485">.</word>
<word id="word_486">Pērn</word>
<word id="word_487">esam</word>
<word id="word_488">atklājuši</word>
<word id="word_489">jaunu</word>
<word id="word_490">interneta</word>
<word id="word_491">portālu</word>
<word id="word_492">"</word>
<word id="word_493">travel</word>
<word id="word_494">.</word>
<word id="word_495">luxexpress</word>
<word id="word_496">.</word>
<word id="word_497">eu</word>
<word id="word_498">"</word>
<word id="word_499">,</word>
<word id="word_500">kas</word>
<word id="word_501">piedāvā</word>
<word id="word_502">Sanktpēterburgas</word>
<word id="word_503">iedzīvotājiem</word>
<word id="word_504">ceļojuma</word>
<word id="word_505">paketes</word>
<word id="word_506">uz</word>
<word id="word_507">Igauniju</word>
<word id="word_508">un</word>
<word id="word_509">Latviju</word>
<word id="word_510">par</word>
<word id="word_511">īpaši</word>
<word id="word_512">izdevīgām</word>
<word id="word_513">cenām</word>
<word id="word_514">.</word>
<word id="word_515">Lielākā</word>
<word id="word_516">šīs</word>
<word id="word_517">interneta</word>
<word id="word_518">aģentūras</word>
<word id="word_519">priekšrocība</word>
<word id="word_520">-</word>
<word id="word_521">pirkums</word>
<word id="word_522">tiek</word>
<word id="word_523">apstiprināts</word>
<word id="word_524">nekavējoties</word>
<word id="word_525">un</word>
<word id="word_526">visi</word>
<word id="word_527">pakalpojumi</word>
<word id="word_528">tiek</word>
<word id="word_529">rezervēti</word>
<word id="word_530">un</word>
<word id="word_531">apmaksāti</word>
<word id="word_532">ar</word>
<word id="word_533">vienu</word>
<word id="word_534">peles</word>
<word id="word_535">klikšķi</word>
<word id="word_536">.</word>
<word id="word_537">Šī</word>
<word id="word_538">produkta</word>
<word id="word_539">cena</word>
<word id="word_540">ir</word>
<word id="word_541">par</word>
<word id="word_542">aptuveni</word>
<word id="word_543">30</word>
<word id="word_544">%</word>
<word id="word_545">lētāka</word>
<word id="word_546">nekā</word>
<word id="word_547">vidējā</word>
<word id="word_548">tirgus</word>
<word id="word_549">cena</word>
<word id="word_550">.</word>
<word id="word_551">Paketēs</word>
<word id="word_552">iekļautie</word>
<word id="word_553">pamata</word>
<word id="word_554">galamērķi</word>
<word id="word_555">ir</word>
<word id="word_556">Tallina</word>
<word id="word_557">un</word>
<word id="word_558">Rīga</word>
<word id="word_559">,</word>
<word id="word_560">bet</word>
<word id="word_561">mēs</word>
<word id="word_562">piedāvājam</word>
<word id="word_563">arī</word>
<word id="word_564">SPA</word>
<word id="word_565">viesnīcas</word>
<word id="word_566">Jūrmalā</word>
<word id="word_567">,</word>
<word id="word_568">Narvā</word>
<word id="word_569">un</word>
<word id="word_570">Johvi</word>
<word id="word_571">.</word>
<word id="word_572">Nenoliedzami</word>
<word id="word_573">vispopulārākais</word>
<word id="word_574">tūrisma</word>
<word id="word_575">galamērķis</word>
<word id="word_576">Sanktpēterburgas</word>
<word id="word_577">iedzīvotājiem</word>
<word id="word_578">ir</word>
<word id="word_579">Helsinki</word>
<word id="word_580">.</word>
<word id="word_581">Patlaban</word>
<word id="word_582">aptuveni</word>
<word id="word_583">seši</word>
<word id="word_584">miljoni</word>
<word id="word_585">Krievijas</word>
<word id="word_586">iedzīvotāju</word>
<word id="word_587">ik</word>
<word id="word_588">gadu</word>
<word id="word_589">dodas</word>
<word id="word_590">uz</word>
<word id="word_591">Somiju</word>
<word id="word_592">,</word>
<word id="word_593">kas</word>
<word id="word_594">ir</word>
<word id="word_595">vispopulārākais</word>
<word id="word_596">galamērķis</word>
<word id="word_597">kaimiņvalstu</word>
<word id="word_598">vidū</word>
<word id="word_599">.</word>
<word id="word_600">Lai gan</word>
<word id="word_601">interese</word>
<word id="word_602">ir</word>
<word id="word_603">liela</word>
<word id="word_604">,</word>
<word id="word_605">līdz</word>
<word id="word_606">šim</word>
<word id="word_607">nav</word>
<word id="word_608">izveidots</word>
<word id="word_609">autobusu</word>
<word id="word_610">tīkls</word>
<word id="word_611">maršrutā</word>
<word id="word_612">Helsinki</word>
<word id="word_613">-</word>
<word id="word_614">Sanktpēterburga</word>
<word id="word_615">,</word>
<word id="word_616">tāpēc</word>
<word id="word_617">iedzīvotāji</word>
<word id="word_618">ir</word>
<word id="word_619">spiesti</word>
<word id="word_620">izmantot</word>
<word id="word_621">savu</word>
<word id="word_622">transportu</word>
<word id="word_623">vai</word>
<word id="word_624">līgumreisus</word>
<word id="word_625">.</word>
<word id="word_626">Šogad</word>
<word id="word_627">plānojam</word>
<word id="word_628">piedāvāt</word>
<word id="word_629">arī</word>
<word id="word_630">maršrutu</word>
<word id="word_631">Sanktpēterburga</word>
<word id="word_632">-</word>
<word id="word_633">Helsinki</word>
<word id="word_634">.</word>
<word id="word_635">Šī</word>
<word id="word_636">gada</word>
<word id="word_637">prognozes</word>
<word id="word_638">-</word>
<word id="word_639">par</word>
<word id="word_640">cik</word>
<word id="word_641">varētu</word>
<word id="word_642">pieaugt</word>
<word id="word_643">apkalpoto</word>
<word id="word_644">pasažieru</word>
<word id="word_645">skaits</word>
<word id="word_646">un</word>
<word id="word_647">kādi</word>
<word id="word_648">plānoti</word>
<word id="word_649">biznesa</word>
<word id="word_650">rādītāji</word>
<word id="word_651">?</word>
<word id="word_652">Pēdējo</word>
<word id="word_653">gadu</word>
<word id="word_654">laikā</word>
<word id="word_655">mums</word>
<word id="word_656">bijis</word>
<word id="word_657">stabils</word>
<word id="word_658">pasažieru</word>
<word id="word_659">skaita</word>
<word id="word_660">pieaugums</word>
<word id="word_661">,</word>
<word id="word_662">vidēji</word>
<word id="word_663">15</word>
<word id="word_664">līdz</word>
<word id="word_665">20</word>
<word id="word_666">%</word>
<word id="word_667">.</word>
<word id="word_668">Šogad</word>
<word id="word_669">sagaidām</word>
<word id="word_670">mazāku</word>
<word id="word_671">pieaugumu</word>
<word id="word_672">,</word>
<word id="word_673">jo</word>
<word id="word_674">,</word>
<word id="word_675">salīdzinot</word>
<word id="word_676">ar</word>
<word id="word_677">pagājušo</word>
<word id="word_678">gadu</word>
<word id="word_679">,</word>
<word id="word_680">visu</word>
<word id="word_681">pārvadātāju</word>
<word id="word_682">piedāvātais</word>
<word id="word_683">sēdvietu</word>
<word id="word_684">skaitu</word>
<word id="word_685">kopumā</word>
<word id="word_686">ir</word>
<word id="word_687">dubultojies</word>
<word id="word_688">.</word>
<word id="word_689">Paredzams</word>
<word id="word_690">,</word>
<word id="word_691">ka</word>
<word id="word_692">"</word>
<word id="word_693">Lux</word>
<word id="word_694">Express</word>
<word id="word_695">"</word>
<word id="word_696">pieaugums</word>
<word id="word_697">2013.</word>
<word id="word_698">gadā</word>
<word id="word_699">būs</word>
<word id="word_700">10</word>
<word id="word_701">%</word>
<word id="word_702">.</word>
<word id="word_703">Vai</word>
<word id="word_704">plānots</word>
<word id="word_705">iekarot</word>
<word id="word_706">vēl</word>
<word id="word_707">kāda</word>
<word id="word_708">Krievijas</word>
<word id="word_709">reģiona</word>
<word id="word_710">tirgu</word>
<word id="word_711">?</word>
<word id="word_712">Patlaban</word>
<word id="word_713">mums</word>
<word id="word_714">nav</word>
<word id="word_715">plānu</word>
<word id="word_716">īstenot</word>
<word id="word_717">šāda</word>
<word id="word_718">veida</word>
<word id="word_719">projektus</word>
<word id="word_720">citos</word>
<word id="word_721">Krievijas</word>
<word id="word_722">reģionos</word>
<word id="word_723">.</word>
<word id="word_724">Mēs</word>
<word id="word_725">izskatījām</word>
<word id="word_726">iespēju</word>
<word id="word_727">attīstīt</word>
<word id="word_728">maršrutu</word>
<word id="word_729">Rīga</word>
<word id="word_730">-</word>
<word id="word_731">Maskava</word>
<word id="word_732">,</word>
<word id="word_733">tomēr</word>
<word id="word_734">pašlaik</word>
<word id="word_735">esam</word>
<word id="word_736">atlikuši</word>
<word id="word_737">šī</word>
<word id="word_738">projekta</word>
<word id="word_739">realizēšanu</word>
<word id="word_740">,</word>
<word id="word_741">lai gan</word>
<word id="word_742">neizslēdzam</word>
<word id="word_743">,</word>
<word id="word_744">ka</word>
<word id="word_745">nākotnē</word>
<word id="word_746">maršruts</word>
<word id="word_747">varētu</word>
<word id="word_748">tikt</word>
<word id="word_749">īstenots</word>
<word id="word_750">,</word>
<word id="word_751">ja</word>
<word id="word_752">mēs</word>
<word id="word_753">tajā</word>
<word id="word_754">saskatīsim</word>
<word id="word_755">potenciālu</word>
<word id="word_756">.</word>
<word id="word_757">Kādus</word>
<word id="word_758">jaunus</word>
<word id="word_759">tirgus</word>
<word id="word_760">šogad</word>
<word id="word_761">plāno</word>
<word id="word_762">iekarot</word>
<word id="word_763">"</word>
<word id="word_764">Lux</word>
<word id="word_765">Express</word>
<word id="word_766">"</word>
<word id="word_767">,</word>
<word id="word_768">ņemot</word>
<word id="word_769">vērā</word>
<word id="word_770">,</word>
<word id="word_771">ka</word>
<word id="word_772">uzņēmuma</word>
<word id="word_773">attīstība</word>
<word id="word_774">līdz</word>
<word id="word_775">šim</word>
<word id="word_776">notikusi</word>
<word id="word_777">visai</word>
<word id="word_778">strauji</word>
<word id="word_779">?</word>
<word id="word_780">Pēdējo</word>
<word id="word_781">gadu</word>
<word id="word_782">laikā</word>
<word id="word_783">"</word>
<word id="word_784">Lux</word>
<word id="word_785">Express</word>
<word id="word_786">"</word>
<word id="word_787">tik</word>
<word id="word_788">tiešām</word>
<word id="word_789">ir</word>
<word id="word_790">strauji</word>
<word id="word_791">audzis</word>
<word id="word_792">,</word>
<word id="word_793">paplašinot</word>
<word id="word_794">maršrutu</word>
<word id="word_795">tīklu</word>
<word id="word_796">vairākās</word>
<word id="word_797">valstīs</word>
<word id="word_798">.</word>
<word id="word_799">Tomēr</word>
<word id="word_800">tagad</word>
<word id="word_801">ir</word>
<word id="word_802">laiks</word>
<word id="word_803">koncentrēties</word>
<word id="word_804">uz</word>
<word id="word_805">maršrutiem</word>
<word id="word_806">un</word>
<word id="word_807">produktiem</word>
<word id="word_808">,</word>
<word id="word_809">ko</word>
<word id="word_810">patlaban</word>
<word id="word_811">jau</word>
<word id="word_812">piedāvājam</word>
<word id="word_813">mūsu</word>
<word id="word_814">klientiem</word>
<word id="word_815">.</word>
<word id="word_816">Situācijā</word>
<word id="word_817">,</word>
<word id="word_818">kad</word>
<word id="word_819">kompānija</word>
<word id="word_820">attīstās</word>
<word id="word_821">pārāk</word>
<word id="word_822">ātri</word>
<word id="word_823">,</word>
<word id="word_824">to</word>
<word id="word_825">piedāvātie</word>
<word id="word_826">produkti</word>
<word id="word_827">var</word>
<word id="word_828">kļūt</word>
<word id="word_829">nekvalitatīvi</word>
<word id="word_830">,</word>
<word id="word_831">un</word>
<word id="word_832">mēs</word>
<word id="word_833">nevēlamies</word>
<word id="word_834">,</word>
<word id="word_835">lai</word>
<word id="word_836">tas</word>
<word id="word_837">notiktu</word>
<word id="word_838">ar</word>
<word id="word_839">"</word>
<word id="word_840">Lux</word>
<word id="word_841">Express</word>
<word id="word_842">"</word>
<word id="word_843">.</word>
<word id="word_844">Tādēļ</word>
<word id="word_845">vēlētos</word>
<word id="word_846">stiprināt</word>
<word id="word_847">zīmolu</word>
<word id="word_848">un</word>
<word id="word_849">nodrošināt</word>
<word id="word_850">mūsu</word>
<word id="word_851">pozīcijas</word>
<word id="word_852">jau</word>
<word id="word_853">esošajos</word>
<word id="word_854">tirgos</word>
<word id="word_855">.</word>
<word id="word_856">Ar</word>
<word id="word_857">ko</word>
<word id="word_858">varētu</word>
<word id="word_859">izskaidrot</word>
<word id="word_860">"</word>
<word id="word_861">Lux</word>
<word id="word_862">Express</word>
<word id="word_863">"</word>
<word id="word_864">regulāro</word>
<word id="word_865">peļņas</word>
<word id="word_866">un</word>
<word id="word_867">apgrozījuma</word>
<word id="word_868">pieaugumu</word>
<word id="word_869">?</word>
<word id="word_870">Pēdējos</word>
<word id="word_871">gados</word>
<word id="word_872">esam</word>
<word id="word_873">ienākuši</word>
<word id="word_874">jaunos</word>
<word id="word_875">tirgos</word>
<word id="word_876">un</word>
<word id="word_877">palielinājuši</word>
<word id="word_878">maršrutu</word>
<word id="word_879">skaitu</word>
<word id="word_880">vietās</word>
<word id="word_881">,</word>
<word id="word_882">kurās</word>
<word id="word_883">esam</word>
<word id="word_884">darbojušies</word>
<word id="word_885">līdz</word>
<word id="word_886">šim</word>
<word id="word_887">.</word>
<word id="word_888">Tāpat</word>
<word id="word_889">pastāvīgi</word>
<word id="word_890">piedāvājam</word>
<word id="word_891">pakalpojumus</word>
<word id="word_892">,</word>
<word id="word_893">kas</word>
<word id="word_894">paaugstina</word>
<word id="word_895">pasažieru</word>
<word id="word_896">skaitu</word>
<word id="word_897">.</word>
<word id="word_898">Tomēr</word>
<word id="word_899">neaktīvajā</word>
<word id="word_900">periodā</word>
<word id="word_901">mums</word>
<word id="word_902">tāpat</word>
<word id="word_903">nākas</word>
<word id="word_904">saskarties</word>
<word id="word_905">ar</word>
<word id="word_906">situāciju</word>
<word id="word_907">,</word>
<word id="word_908">ka</word>
<word id="word_909">autobusos</word>
<word id="word_910">ir</word>
<word id="word_911">brīvas</word>
<word id="word_912">vietas</word>
<word id="word_913">.</word>
<word id="word_914">Lai</word>
<word id="word_915">novērstu</word>
<word id="word_916">iztrūkumu</word>
<word id="word_917">pasažieru</word>
<word id="word_918">skaitā</word>
<word id="word_919">,</word>
<word id="word_920">esam</word>
<word id="word_921">īstenojuši</word>
<word id="word_922">vairākas</word>
<word id="word_923">kampaņas</word>
<word id="word_924">.</word>
<word id="word_925">Piemēram</word>
<word id="word_926">,</word>
<word id="word_927">patlaban</word>
<word id="word_928">pastāvīgi</word>
<word id="word_929">piedāvājam</word>
<word id="word_930">pasažieriem</word>
<word id="word_931">par</word>
<word id="word_932">trīs</word>
<word id="word_933">eiro</word>
<word id="word_934">(</word>
<word id="word_935">2,1</word>
<word id="word_936">lats</word>
<word id="word_937">)</word>
<word id="word_938">iegādāties</word>
<word id="word_939">pirmās</word>
<word id="word_940">piecas</word>
<word id="word_941">vietas</word>
<word id="word_942">"</word>
<word id="word_943">Simple</word>
<word id="word_944">Express</word>
<word id="word_945">"</word>
<word id="word_946">autobusos</word>
<word id="word_947">.</word>
<word id="word_948">Kampaņa</word>
<word id="word_949">ātri</word>
<word id="word_950">ieguva</word>
<word id="word_951">popularitāti</word>
<word id="word_952">ceļotāju</word>
<word id="word_953">vidū</word>
<word id="word_954">,</word>
<word id="word_955">un</word>
<word id="word_956">tas</word>
<word id="word_957">ļāva</word>
<word id="word_958">palielināt</word>
<word id="word_959">pārvadāto</word>
<word id="word_960">pasažieru</word>
<word id="word_961">skaitu</word>
<word id="word_962">ilgtermiņā</word>
<word id="word_963">.</word>
<word id="word_964">Vai</word>
<word id="word_965">šogad</word>
<word id="word_966">varēja</word>
<word id="word_967">izjust</word>
<word id="word_968">,</word>
<word id="word_969">ka</word>
<word id="word_970">Baltijas</word>
<word id="word_971">valstu</word>
<word id="word_972">iedzīvotāju</word>
<word id="word_973">finanšu</word>
<word id="word_974">iespējas</word>
<word id="word_975">ir</word>
<word id="word_976">kļuvušas</word>
<word id="word_977">labākas</word>
<word id="word_978">un</word>
<word id="word_979">tie</word>
<word id="word_980">vairāk</word>
<word id="word_981">ceļo</word>
<word id="word_982">?</word>
<word id="word_983">Varbūt</word>
<word id="word_984">ir</word>
<word id="word_985">atšķirīga</word>
<word id="word_986">situācija</word>
<word id="word_987">katrā</word>
<word id="word_988">Baltijas</word>
<word id="word_989">valstī</word>
<word id="word_990">?</word>
<word id="word_991">Situācija</word>
<word id="word_992">katrā</word>
<word id="word_993">valstī</word>
<word id="word_994">atšķiras</word>
<word id="word_995">.</word>
<word id="word_996">Mūsu</word>
<word id="word_997">statistika</word>
<word id="word_998">rāda</word>
<word id="word_999">,</word>
<word id="word_1000">ka</word>
<word id="word_1001">patlaban</word>
<word id="word_1002">cilvēki</word>
<word id="word_1003">ceļo</word>
<word id="word_1004">vairāk</word>
<word id="word_1005">,</word>
<word id="word_1006">nekā</word>
<word id="word_1007">to</word>
<word id="word_1008">darīja</word>
<word id="word_1009">pirms</word>
<word id="word_1010">krīzes</word>
<word id="word_1011">,</word>
<word id="word_1012">kas</word>
<word id="word_1013">daļēji</word>
<word id="word_1014">ir</word>
<word id="word_1015">saistīts</word>
<word id="word_1016">ar</word>
<word id="word_1017">piedāvātā</word>
<word id="word_1018">produkta</word>
<word id="word_1019">kvalitāti</word>
<word id="word_1020">.</word>
<word id="word_1021">Tā kā</word>
<word id="word_1022">mēs</word>
<word id="word_1023">attīstāmies</word>
<word id="word_1024">,</word>
<word id="word_1025">biznesa</word>
<word id="word_1026">klientiem</word>
<word id="word_1027">varam</word>
<word id="word_1028">piedāvāt</word>
<word id="word_1029">vairāk</word>
<word id="word_1030">komforta</word>
<word id="word_1031">un</word>
<word id="word_1032">papildu</word>
<word id="word_1033">pakalpojumus</word>
<word id="word_1034">,</word>
<word id="word_1035">savukārt</word>
<word id="word_1036">studentiem</word>
<word id="word_1037">lētākas</word>
<word id="word_1038">biļetes</word>
<word id="word_1039">.</word>
<word id="word_1040">Un</word>
<word id="word_1041">tā</word>
<word id="word_1042">ir</word>
<word id="word_1043">atslēga</word>
<word id="word_1044">,</word>
<word id="word_1045">kāpēc</word>
<word id="word_1046">cilvēki</word>
<word id="word_1047">izvēlas</word>
<word id="word_1048">ceļot</word>
<word id="word_1049">ar</word>
<word id="word_1050">"</word>
<word id="word_1051">Lux</word>
<word id="word_1052">Express</word>
<word id="word_1053">"</word>
<word id="word_1054">autobusiem</word>
<word id="word_1055">.</word>
<word id="word_1056">Cik</word>
<word id="word_1057">būtiska</word>
<word id="word_1058">,</word>
<word id="word_1059">izvēloties</word>
<word id="word_1060">ceļojuma</word>
<word id="word_1061">veidu</word>
<word id="word_1062">,</word>
<word id="word_1063">pasažierim</word>
<word id="word_1064">ir</word>
<word id="word_1065">cena</word>
<word id="word_1066">,</word>
<word id="word_1067">cik</word>
<word id="word_1068">pārējais</word>
<word id="word_1069">komforts</word>
<word id="word_1070">?</word>
<word id="word_1071">Cenas</word>
<word id="word_1072">un</word>
<word id="word_1073">komforta</word>
<word id="word_1074">nozīme</word>
<word id="word_1075">pasažieriem</word>
<word id="word_1076">radikāli</word>
<word id="word_1077">atšķiras</word>
<word id="word_1078">starp</word>
<word id="word_1079">"</word>
<word id="word_1080">Simple</word>
<word id="word_1081">Express</word>
<word id="word_1082">"</word>
<word id="word_1083">un</word>
<word id="word_1084">"</word>
<word id="word_1085">Lux</word>
<word id="word_1086">Express</word>
<word id="word_1087">"</word>
<word id="word_1088">produktiem</word>
<word id="word_1089">.</word>
<word id="word_1090">"</word>
<word id="word_1091">Simple</word>
<word id="word_1092">Express</word>
<word id="word_1093">"</word>
<word id="word_1094">pasažieri</word>
<word id="word_1095">ir</word>
<word id="word_1096">ļoti</word>
<word id="word_1097">jūtīgi</word>
<word id="word_1098">pret</word>
<word id="word_1099">izcenojumiem</word>
<word id="word_1100">,</word>
<word id="word_1101">tādējādi</word>
<word id="word_1102">šais</word>
<word id="word_1103">zīmols</word>
<word id="word_1104">tika</word>
<word id="word_1105">veidots</word>
<word id="word_1106">,</word>
<word id="word_1107">lai</word>
<word id="word_1108">piedāvātu</word>
<word id="word_1109">ceļošanu</word>
<word id="word_1110">pasažieriem</word>
<word id="word_1111">par</word>
<word id="word_1112">zemām</word>
<word id="word_1113">likmēm</word>
<word id="word_1114">,</word>
<word id="word_1115">piedāvājot</word>
<word id="word_1116">iespēju</word>
<word id="word_1117">ceļot</word>
<word id="word_1118">tiem</word>
<word id="word_1119">,</word>
<word id="word_1120">kas</word>
<word id="word_1121">to</word>
<word id="word_1122">ļoti</word>
<word id="word_1123">vēlas</word>
<word id="word_1124">,</word>
<word id="word_1125">bet</word>
<word id="word_1126">resursi</word>
<word id="word_1127">to</word>
<word id="word_1128">darīt</word>
<word id="word_1129">nav</word>
<word id="word_1130">tik</word>
<word id="word_1131">lieli</word>
<word id="word_1132">.</word>
<word id="word_1133">Savukārt</word>
<word id="word_1134">"</word>
<word id="word_1135">Lux</word>
<word id="word_1136">Express</word>
<word id="word_1137">"</word>
<word id="word_1138">cena</word>
<word id="word_1139">var</word>
<word id="word_1140">plašāk</word>
<word id="word_1141">variēt</word>
<word id="word_1142">,</word>
<word id="word_1143">jo</word>
<word id="word_1144">šī</word>
<word id="word_1145">zīmola</word>
<word id="word_1146">pasažieri</word>
<word id="word_1147">augstāk</word>
<word id="word_1148">novērtē</word>
<word id="word_1149">piedāvāto</word>
<word id="word_1150">pakalpojumu</word>
<word id="word_1151">nevis</word>
<word id="word_1152">biļetes</word>
<word id="word_1153">cenu</word>
<word id="word_1154">,</word>
<word id="word_1155">ja</word>
<word id="word_1156">vien</word>
<word id="word_1157">tā</word>
<word id="word_1158">turas</word>
<word id="word_1159">samērīgās</word>
<word id="word_1160">robežās</word>
<word id="word_1161">.</word>
<word id="word_1162">Kuri</word>
<word id="word_1163">bijuši</word>
<word id="word_1164">populārākie</word>
<word id="word_1165">galamērķi</word>
<word id="word_1166">Latvijas</word>
<word id="word_1167">iedzīvotājiem</word>
<word id="word_1168">?</word>
<word id="word_1169">Latvijas</word>
<word id="word_1170">iedzīvotāju</word>
<word id="word_1171">vidū</word>
<word id="word_1172">vispopulārākie</word>
<word id="word_1173">galamērķi</word>
<word id="word_1174">ir</word>
<word id="word_1175">Tallina</word>
<word id="word_1176">,</word>
<word id="word_1177">Viļņa</word>
<word id="word_1178">un</word>
<word id="word_1179">Sanktpēterburga</word>
<word id="word_1180">.</word>
<word id="word_1181">Vai</word>
<word id="word_1182">"</word>
<word id="word_1183">Estonian</word>
<word id="word_1184">Air</word>
<word id="word_1185">"</word>
<word id="word_1186">neveiksmes</word>
<word id="word_1187">nav</word>
<word id="word_1188">ietekmējis</word>
<word id="word_1189">"</word>
<word id="word_1190">Lux</word>
<word id="word_1191">Express</word>
<word id="word_1192">"</word>
<word id="word_1193">darbu</word>
<word id="word_1194">,</word>
<word id="word_1195">jo</word>
<word id="word_1196">attiecīgi</word>
<word id="word_1197">tiek</word>
<word id="word_1198">samazināts</word>
<word id="word_1199">reisu</word>
<word id="word_1200">un</word>
<word id="word_1201">maršrutu</word>
<word id="word_1202">skaits</word>
<word id="word_1203">?</word>
<word id="word_1204">"</word>
<word id="word_1205">Estonian</word>
<word id="word_1206">Air</word>
<word id="word_1207">"</word>
<word id="word_1208">neveiksmes</word>
<word id="word_1209">nav</word>
<word id="word_1210">radījušas</word>
<word id="word_1211">būtisku</word>
<word id="word_1212">ietekmi</word>
<word id="word_1213">uz</word>
<word id="word_1214">uzņēmuma</word>
<word id="word_1215">darbību</word>
<word id="word_1216">.</word>
<word id="word_1217">Cilvēki</word>
<word id="word_1218">,</word>
<word id="word_1219">kas</word>
<word id="word_1220">izmantoja</word>
<word id="word_1221">"</word>
<word id="word_1222">Estonian</word>
<word id="word_1223">Air</word>
<word id="word_1224">"</word>
<word id="word_1225">lidojumus</word>
<word id="word_1226">,</word>
<word id="word_1227">visdrīzāk</word>
<word id="word_1228">nemainīs</word>
<word id="word_1229">lidmašīnu</word>
<word id="word_1230">pret</word>
<word id="word_1231">autobusu</word>
<word id="word_1232">,</word>
<word id="word_1233">esošās</word>
<word id="word_1234">avio</word>
<word id="word_1235">kompānijas</word>
<word id="word_1236">vietā</word>
<word id="word_1237">izvēlēsies</word>
<word id="word_1238">citu</word>
<word id="word_1239">.</word>
<word id="word_1240">Informācija</word>
<word id="word_1241">:</word>
<word id="word_1242">Baltijas</word>
<word id="word_1243">pasažieru</word>
<word id="word_1244">pārvadājumu</word>
<word id="word_1245">uzņēmums</word>
<word id="word_1246">"</word>
<word id="word_1247">Lux</word>
<word id="word_1248">Express</word>
<word id="word_1249">"</word>
<word id="word_1250">2012.</word>
<word id="word_1251">gadā</word>
<word id="word_1252">pārvadāja</word>
<word id="word_1253">par</word>
<word id="word_1254">76 000</word>
<word id="word_1255">jeb</word>
<word id="word_1256">14</word>
<word id="word_1257">%</word>
<word id="word_1258">vairāk</word>
<word id="word_1259">pasažieru</word>
<word id="word_1260">nekā</word>
<word id="word_1261">2011.</word>
<word id="word_1262">gadā</word>
<word id="word_1263">.</word>
<word id="word_1264">Kopā</word>
<word id="word_1265">2012.</word>
<word id="word_1266">gadā</word>
<word id="word_1267">uzņēmums</word>
<word id="word_1268">plāno</word>
<word id="word_1269">pārvest</word>
<word id="word_1270">650 000</word>
<word id="word_1271">pasažieru</word>
<word id="word_1272">.</word>
<word id="word_1273">Lielākais</word>
<word id="word_1274">pieaugums</word>
<word id="word_1275">2012.</word>
<word id="word_1276">gadā</word>
<word id="word_1277">bija</word>
<word id="word_1278">vērojams</word>
<word id="word_1279">maršrutos</word>
<word id="word_1280">uz</word>
<word id="word_1281">Tallinu</word>
<word id="word_1282">un</word>
<word id="word_1283">Viļņu</word>
<word id="word_1284">,</word>
<word id="word_1285">kur</word>
<word id="word_1286">pasažieru</word>
<word id="word_1287">skaits</word>
<word id="word_1288">audzis</word>
<word id="word_1289">par</word>
<word id="word_1290">42</word>
<word id="word_1291">%</word>
<word id="word_1292">,</word>
<word id="word_1293">Rīga-Viļņa</word>
<word id="word_1294">,</word>
<word id="word_1295">kur</word>
<word id="word_1296">tas</word>
<word id="word_1297">palielinājies</word>
<word id="word_1298">par</word>
<word id="word_1299">24</word>
<word id="word_1300">%</word>
<word id="word_1301">,</word>
<word id="word_1302">kā arī</word>
<word id="word_1303">Rīga-Sanktpēterburga</word>
<word id="word_1304">,</word>
<word id="word_1305">kur</word>
<word id="word_1306">pieaugums</word>
<word id="word_1307">sasniedzis</word>
<word id="word_1308">21</word>
<word id="word_1309">%</word>
<word id="word_1310">"</word>
<word id="word_1311">Lux</word>
<word id="word_1312">Express</word>
<word id="word_1313">Group</word>
<word id="word_1314">"</word>
<word id="word_1315">ir</word>
<word id="word_1316">starptautisks</word>
<word id="word_1317">pasažieru</word>
<word id="word_1318">pārvadājumu</word>
<word id="word_1319">uzņēmums</word>
<word id="word_1320">,</word>
<word id="word_1321">kas</word>
<word id="word_1322">darbojas</word>
<word id="word_1323">Igaunijā</word>
<word id="word_1324">,</word>
<word id="word_1325">Latvijā</word>
<word id="word_1326">,</word>
<word id="word_1327">Lietuvā</word>
<word id="word_1328">,</word>
<word id="word_1329">Polijā</word>
<word id="word_1330">un</word>
<word id="word_1331">Krievijā</word>
<word id="word_1332">.</word>
<word id="word_1333">"</word>
<word id="word_1334">Lux</word>
<word id="word_1335">Express</word>
<word id="word_1336">Group</word>
<word id="word_1337">"</word>
<word id="word_1338">nodrošina</word>
<word id="word_1339">biznesa</word>
<word id="word_1340">klases</word>
<word id="word_1341">ceļošanas</word>
<word id="word_1342">pakalpojumus</word>
<word id="word_1343">ar</word>
<word id="word_1344">"</word>
<word id="word_1345">Lux</word>
<word id="word_1346">Express</word>
<word id="word_1347">"</word>
<word id="word_1348">zīmola</word>
<word id="word_1349">autobusiem</word>
<word id="word_1350">,</word>
<word id="word_1351">kā arī</word>
<word id="word_1352">ceļošanu</word>
<word id="word_1353">par</word>
<word id="word_1354">pieejamām</word>
<word id="word_1355">cenām</word>
<word id="word_1356">ar</word>
<word id="word_1357">zemo</word>
<word id="word_1358">cenu</word>
<word id="word_1359">autobusu</word>
<word id="word_1360">līniju</word>
<word id="word_1361">"</word>
<word id="word_1362">Simple</word>
<word id="word_1363">Express</word>
<word id="word_1364">"</word>
<word id="word_1365">.</word>
<word id="word_1366">"</word>
<word id="word_1367">Lux</word>
<word id="word_1368">Express</word>
<word id="word_1369">Latvija</word>
<word id="word_1370">"</word>
<word id="word_1371">īpašnieks</word>
<word id="word_1372">ir</word>
<word id="word_1373">Igaunijā</word>
<word id="word_1374">reģistrēta</word>
<word id="word_1375">kompānija</word>
<word id="word_1376">"</word>
<word id="word_1377">Lux</word>
<word id="word_1378">Express</word>
<word id="word_1379">Estonia</word>
<word id="word_1380">"</word>
<word id="word_1381">.</word>
</words>