<?xml version="1.0" encoding="UTF-8"?>
<!DOCTYPE markables SYSTEM "markables.dtd">
<markables xmlns="www.eml.org/NameSpaces/coref">
<markable id="markable_307" span="word_1799..word_1801" coref_class="set_175"  category="organization"  mmax_level="coref"  rule="none"  type="none" />
<markable id="markable_308" span="word_1806..word_1807" coref_class="empty"  category="organization"  mmax_level="coref"  rule="none"  type="none" />
<markable id="markable_306" span="word_1795" coref_class="empty"  category="location"  mmax_level="coref"  rule="none"  type="none" />
<markable id="markable_315" span="word_1898" coref_class="set_58"  category="other"  mmax_level="coref"  rule="none"  type="none" />
<markable id="markable_313" span="word_1888..word_1889" coref_class="set_58"  category="organization"  mmax_level="coref"  rule="none"  type="none" />
<markable id="markable_312" span="word_1884" coref_class="empty"  category="organization"  mmax_level="coref"  rule="none"  type="none" />
<markable id="markable_302" span="word_1759" coref_class="set_128"  category="location"  mmax_level="coref"  rule="none"  type="none" />
<markable id="markable_301" span="word_1743" coref_class="set_128"  category="location"  mmax_level="coref"  rule="none"  type="none" />
<markable id="markable_304" span="word_1787" coref_class="empty"  category="location"  mmax_level="coref"  rule="none"  type="none" />
<markable id="markable_414" span="word_1172" coref_class="empty"  category="profession"  mmax_level="coref"  rule="none"  type="none" />
<markable id="markable_413" span="word_1170" coref_class="set_167"  category="profession"  mmax_level="coref"  rule="none"  type="none" />
<markable id="markable_412" span="word_1157" coref_class="empty"  category="profession"  mmax_level="coref"  rule="none"  type="none" />
<markable id="markable_411" span="word_1134" coref_class="set_114"  category="other"  mmax_level="coref"  rule="none"  type="none" />
<markable id="markable_410" span="word_1123" coref_class="set_114"  category="other"  mmax_level="coref"  rule="none"  type="none" />
<markable id="markable_160" span="word_44" coref_class="empty"  category="profession"  mmax_level="coref"  rule="none"  type="none" />
<markable id="markable_161" span="word_48" coref_class="set_114"  category="other"  mmax_level="coref"  rule="none"  type="none" />
<markable id="markable_162" span="word_70" coref_class="set_114"  category="person"  mmax_level="coref"  rule="none"  type="none" />
<markable id="markable_164" span="word_101..word_103" coref_class="empty"  category="sum"  mmax_level="coref"  rule="none"  type="none" />
<markable id="markable_165" span="word_105..word_107" coref_class="empty"  category="sum"  mmax_level="coref"  rule="none"  type="none" />
<markable id="markable_166" span="word_113..word_115" coref_class="empty"  category="sum"  mmax_level="coref"  rule="none"  type="none" />
<markable id="markable_408" span="word_1065" coref_class="set_111"  category="organization"  mmax_level="coref"  rule="none"  type="none" />
<markable id="markable_168" span="word_128" coref_class="set_178"  category="organization"  mmax_level="coref"  rule="none"  type="none" />
<markable id="markable_169" span="word_132..word_133" coref_class="set_84"  category="person"  mmax_level="coref"  rule="none"  type="none" />
<markable id="markable_407" span="word_1055" coref_class="set_166"  category="person"  mmax_level="coref"  rule="none"  type="none" />
<markable id="markable_404" span="word_915..word_920" coref_class="set_146"  category="other"  mmax_level="coref"  rule="none"  type="none" />
<markable id="markable_170" span="word_131" coref_class="set_84"  category="profession"  mmax_level="coref"  rule="none"  type="none" />
<markable id="markable_171" span="word_135" coref_class="empty"  category="organization"  mmax_level="coref"  rule="none"  type="none" />
<markable id="markable_174" span="word_186..word_188" coref_class="empty"  category="sum"  mmax_level="coref"  rule="none"  type="none" />
<markable id="markable_175" span="word_197..word_199" coref_class="empty"  category="sum"  mmax_level="coref"  rule="none"  type="none" />
<markable id="markable_173" span="word_146..word_147" coref_class="set_87"  category="organization"  mmax_level="coref"  rule="none"  type="none" />
<markable id="markable_178" span="word_295" coref_class="set_146"  category="other"  mmax_level="coref"  rule="none"  type="none" />
<markable id="markable_155" span="word_2" coref_class="set_157"  category="location"  mmax_level="coref"  rule="none"  type="none" />
<markable id="markable_179" span="word_303..word_304" coref_class="empty"  category="sum"  mmax_level="coref"  rule="none"  type="none" />
<markable id="markable_176" span="word_238..word_240" coref_class="empty"  category="sum"  mmax_level="coref"  rule="none"  type="none" />
<markable id="markable_156" span="word_20" coref_class="set_157"  category="location"  mmax_level="coref"  rule="none"  type="none" />
<markable id="markable_177" span="word_291..word_292" coref_class="set_87"  category="organization"  mmax_level="coref"  rule="none"  type="none" />
<markable id="markable_158" span="word_40..word_42" coref_class="set_146"  category="organization"  mmax_level="coref"  rule="none"  type="none" />
<markable id="markable_159" span="word_45..word_46" coref_class="set_114"  category="person"  mmax_level="coref"  rule="none"  type="none" />
<markable id="markable_431" span="word_1773..word_1775" coref_class="set_135"  category="organization"  mmax_level="coref"  rule="none"  type="none" />
<markable id="markable_434" span="word_2086" coref_class="set_139"  category="other"  mmax_level="coref"  rule="none"  type="none" />
<markable id="markable_433" span="word_2082" coref_class="set_139"  category="location"  mmax_level="coref"  rule="none"  type="none" />
<markable id="markable_183" span="word_385" coref_class="empty"  category="time"  mmax_level="coref"  rule="none"  type="none" />
<markable id="markable_286" span="word_1533" coref_class="set_49"  category="location"  mmax_level="coref"  rule="none"  type="none" />
<markable id="markable_184" span="word_426..word_427" coref_class="set_146"  category="other"  mmax_level="coref"  rule="none"  type="none" />
<markable id="markable_287" span="word_1623" coref_class="set_114"  category="other"  mmax_level="coref"  rule="none"  type="none" />
<markable id="markable_185" span="word_469" coref_class="empty"  category="location"  mmax_level="coref"  rule="none"  type="none" />
<markable id="markable_288" span="word_1627..word_1628" coref_class="empty"  category="time"  mmax_level="coref"  rule="none"  type="none" />
<markable id="markable_186" span="word_472..word_473" coref_class="empty"  category="time"  mmax_level="coref"  rule="none"  type="none" />
<markable id="markable_289" span="word_1631" coref_class="set_161"  category="other"  mmax_level="coref"  rule="none"  type="none" />
<markable id="markable_180" span="word_352" coref_class="empty"  category="product"  mmax_level="coref"  rule="none"  type="none" />
<markable id="markable_181" span="word_357" coref_class="empty"  category="product"  mmax_level="coref"  rule="none"  type="none" />
<markable id="markable_182" span="word_370..word_371" coref_class="empty"  category="time"  mmax_level="coref"  rule="none"  type="none" />
<markable id="markable_280" span="word_1428" coref_class="set_162"  category="other"  mmax_level="coref"  rule="none"  type="none" />
<markable id="markable_427" span="word_1789" coref_class="empty"  category="location"  mmax_level="coref"  rule="none"  type="none" />
<markable id="markable_281" span="word_1440" coref_class="set_162"  category="other"  mmax_level="coref"  rule="none"  type="none" />
<markable id="markable_187" span="word_482" coref_class="set_171"  category="organization"  mmax_level="coref"  rule="none"  type="none" />
<markable id="markable_282" span="word_1461" coref_class="set_162"  category="other"  mmax_level="coref"  rule="none"  type="none" />
<markable id="markable_188" span="word_486" coref_class="set_171"  category="other"  mmax_level="coref"  rule="none"  type="none" />
<markable id="markable_283" span="word_1505" coref_class="set_162"  category="other"  mmax_level="coref"  rule="none"  type="none" />
<markable id="markable_189" span="word_485" coref_class="empty"  category="time"  mmax_level="coref"  rule="none"  type="none" />
<markable id="markable_284" span="word_1521" coref_class="set_114"  category="other"  mmax_level="coref"  rule="none"  type="none" />
<markable id="markable_285" span="word_1525..word_1526" coref_class="set_161"  category="organization"  mmax_level="coref"  rule="none"  type="none" />
<markable id="markable_421" span="word_1373" coref_class="set_124"  category="location"  mmax_level="coref"  rule="none"  type="none" />
<markable id="markable_420" span="word_1304" coref_class="set_168"  category="profession"  mmax_level="coref"  rule="none"  type="none" />
<markable id="markable_423" span="word_110" coref_class="empty"  category="organization"  mmax_level="coref"  rule="none"  type="none" />
<markable id="markable_422" span="word_1420" coref_class="set_124"  category="location"  mmax_level="coref"  rule="none"  type="none" />
<markable id="markable_424" span="word_1432" coref_class="empty"  category="location"  mmax_level="coref"  rule="none"  type="none" />
<markable id="markable_196" span="word_581..word_582" coref_class="empty"  category="time"  mmax_level="coref"  rule="none"  type="none" />
<markable id="markable_299" span="word_1723..word_1724" coref_class="empty"  category="location"  mmax_level="coref"  rule="none"  type="none" />
<markable id="markable_197" span="word_589..word_590" coref_class="set_87"  category="organization"  mmax_level="coref"  rule="none"  type="none" />
<markable id="markable_194" span="word_544" coref_class="set_154"  category="other"  mmax_level="coref"  rule="none"  type="none" />
<markable id="markable_297" span="word_1707" coref_class="set_161"  category="other"  mmax_level="coref"  rule="none"  type="none" />
<markable id="markable_195" span="word_551" coref_class="set_146"  category="other"  mmax_level="coref"  rule="none"  type="none" />
<markable id="markable_298" span="word_1718" coref_class="set_177"  category="organization"  mmax_level="coref"  rule="none"  type="none" />
<markable id="markable_192" span="word_506..word_507" coref_class="set_146"  category="other"  mmax_level="coref"  rule="none"  type="none" />
<markable id="markable_193" span="word_535..word_536" coref_class="set_154"  category="organization"  mmax_level="coref"  rule="none"  type="none" />
<markable id="markable_190" span="word_497..word_498" coref_class="empty"  category="time"  mmax_level="coref"  rule="none"  type="none" />
<markable id="markable_191" span="word_501" coref_class="set_146"  category="other"  mmax_level="coref"  rule="none"  type="none" />
<markable id="markable_415" span="word_478" coref_class="set_116"  category="profession"  mmax_level="coref"  rule="none"  type="none" />
<markable id="markable_291" span="word_1653" coref_class="set_164"  category="organization"  mmax_level="coref"  rule="none"  type="none" />
<markable id="markable_416" span="word_491" coref_class="set_116"  category="profession"  mmax_level="coref"  rule="none"  type="none" />
<markable id="markable_292" span="word_1658" coref_class="set_164"  category="organization"  mmax_level="coref"  rule="none"  type="none" />
<markable id="markable_417" span="word_509" coref_class="set_116"  category="profession"  mmax_level="coref"  rule="none"  type="none" />
<markable id="markable_418" span="word_1115" coref_class="set_167"  category="profession"  mmax_level="coref"  rule="none"  type="none" />
<markable id="markable_290" span="word_1637" coref_class="set_49"  category="location"  mmax_level="coref"  rule="none"  type="none" />
<markable id="markable_419" span="word_1191" coref_class="set_167"  category="other"  mmax_level="coref"  rule="none"  type="none" />
<markable id="markable_295" span="word_1693" coref_class="set_164"  category="other"  mmax_level="coref"  rule="none"  type="none" />
<markable id="markable_296" span="word_1696" coref_class="empty"  category="organization"  mmax_level="coref"  rule="none"  type="none" />
<markable id="markable_293" span="word_1664" coref_class="set_164"  category="other"  mmax_level="coref"  rule="none"  type="none" />
<markable id="markable_294" span="word_1679" coref_class="set_161"  category="other"  mmax_level="coref"  rule="none"  type="none" />
<markable id="markable_258" span="word_1359" coref_class="set_146"  category="other"  mmax_level="coref"  rule="none"  type="none" />
<markable id="markable_259" span="word_1362" coref_class="set_157"  category="location"  mmax_level="coref"  rule="none"  type="none" />
<markable id="markable_449" span="word_958" coref_class="set_166"  category="other"  mmax_level="coref"  rule="none"  type="none" />
<markable id="markable_393" span="word_490" coref_class="set_146"  category="other"  mmax_level="coref"  rule="none"  type="none" />
<markable id="markable_448" span="word_952..word_953" coref_class="set_166"  category="other"  mmax_level="coref"  rule="none"  type="none" />
<markable id="markable_392" span="word_394" coref_class="empty"  category="time"  mmax_level="coref"  rule="none"  type="none" />
<markable id="markable_253" span="word_1301" coref_class="set_119"  category="organization"  mmax_level="coref"  rule="none"  type="none" />
<markable id="markable_256" span="word_1335..word_1337" coref_class="empty"  category="time"  mmax_level="coref"  rule="none"  type="none" />
<markable id="markable_394" span="word_606" coref_class="set_146"  category="other"  mmax_level="coref"  rule="none"  type="none" />
<markable id="markable_255" span="word_1323..word_1325" coref_class="empty"  category="organization"  mmax_level="coref"  rule="none"  type="none" />
<markable id="markable_250" span="word_1221" coref_class="empty"  category="other"  mmax_level="coref"  rule="none"  type="none" />
<markable id="markable_252" span="word_1295..word_1299" coref_class="set_119"  category="organization"  mmax_level="coref"  rule="none"  type="none" />
<markable id="markable_251" span="word_1282..word_1283" coref_class="empty"  category="sum"  mmax_level="coref"  rule="none"  type="none" />
<markable id="markable_450" span="word_1199" coref_class="set_167"  category="other"  mmax_level="coref"  rule="none"  type="none" />
<markable id="markable_455" span="word_457" coref_class="set_170"  category="other"  mmax_level="coref"  rule="none"  type="none" />
<markable id="markable_456" span="word_480" coref_class="set_171"  category="other"  mmax_level="coref"  rule="none"  type="none" />
<markable id="markable_457" span="word_737..word_738" coref_class="set_172"  category="other"  mmax_level="coref"  rule="none"  type="none" />
<markable id="markable_458" span="word_740" coref_class="set_172"  category="other"  mmax_level="coref"  rule="none"  type="none" />
<markable id="markable_451" span="word_1308" coref_class="set_168"  category="other"  mmax_level="coref"  rule="none"  type="none" />
<markable id="markable_452" span="word_420" coref_class="set_169"  category="other"  mmax_level="coref"  rule="none"  type="none" />
<markable id="markable_453" span="word_422" coref_class="set_169"  category="other"  mmax_level="coref"  rule="none"  type="none" />
<markable id="markable_454" span="word_455" coref_class="set_170"  category="other"  mmax_level="coref"  rule="none"  type="none" />
<markable id="markable_380" span="word_2384" coref_class="set_158"  category="organization"  mmax_level="coref"  rule="none"  type="none" />
<markable id="markable_249" span="word_1202..word_1203" coref_class="empty"  category="sum"  mmax_level="coref"  rule="none"  type="none" />
<markable id="markable_248" span="word_1142..word_1143" coref_class="empty"  category="product"  mmax_level="coref"  rule="none"  type="none" />
<markable id="markable_247" span="word_1099..word_1100" coref_class="empty"  category="sum"  mmax_level="coref"  rule="none"  type="none" />
<markable id="markable_246" span="word_1083" coref_class="set_157"  category="location"  mmax_level="coref"  rule="none"  type="none" />
<markable id="markable_384" span="word_2416" coref_class="empty"  category="organization"  mmax_level="coref"  rule="none"  type="none" />
<markable id="markable_383" span="word_2402..word_2403" coref_class="set_161"  category="organization"  mmax_level="coref"  rule="none"  type="none" />
<markable id="markable_382" span="word_2395..word_2397" coref_class="set_175"  category="organization"  mmax_level="coref"  rule="none"  type="none" />
<markable id="markable_243" span="word_1061..word_1063" coref_class="set_111"  category="organization"  mmax_level="coref"  rule="none"  type="none" />
<markable id="markable_386" span="word_2431..word_2434" coref_class="empty"  category="time"  mmax_level="coref"  rule="none"  type="none" />
<markable id="markable_385" span="word_2421" coref_class="empty"  category="location"  mmax_level="coref"  rule="none"  type="none" />
<markable id="markable_446" span="word_2085" coref_class="set_163"  category="other"  mmax_level="coref"  rule="none"  type="none" />
<markable id="markable_447" span="word_1651" coref_class="set_164"  category="other"  mmax_level="coref"  rule="none"  type="none" />
<markable id="markable_445" span="word_1374" coref_class="set_162"  category="other"  mmax_level="coref"  rule="none"  type="none" />
<markable id="markable_440" span="word_2248" coref_class="set_149"  category="other"  mmax_level="coref"  rule="none"  type="none" />
<markable id="markable_239" span="word_1045" coref_class="set_166"  category="person"  mmax_level="coref"  rule="none"  type="none" />
<markable id="markable_276" span="word_1467" coref_class="empty"  category="location"  mmax_level="coref"  rule="none"  type="none" />
<markable id="markable_370" span="word_2294..word_2295" coref_class="set_154"  category="organization"  mmax_level="coref"  rule="none"  type="none" />
<markable id="markable_275" span="word_1465" coref_class="empty"  category="location"  mmax_level="coref"  rule="none"  type="none" />
<markable id="markable_373" span="word_2302..word_2303" coref_class="empty"  category="time"  mmax_level="coref"  rule="none"  type="none" />
<markable id="markable_278" span="word_1481" coref_class="set_125"  category="organization"  mmax_level="coref"  rule="none"  type="none" />
<markable id="markable_277" span="word_1473" coref_class="set_128"  category="location"  mmax_level="coref"  rule="none"  type="none" />
<markable id="markable_379" span="word_2381..word_2382" coref_class="set_158"  category="organization"  mmax_level="coref"  rule="none"  type="none" />
<markable id="markable_378" span="word_2363..word_2364" coref_class="set_157"  category="location"  mmax_level="coref"  rule="none"  type="none" />
<markable id="markable_375" span="word_2319..word_2320" coref_class="set_154"  category="organization"  mmax_level="coref"  rule="none"  type="none" />
<markable id="markable_272" span="word_1422..word_1423" coref_class="empty"  category="time"  mmax_level="coref"  rule="none"  type="none" />
<markable id="markable_374" span="word_2309" coref_class="set_75"  category="other"  mmax_level="coref"  rule="none"  type="none" />
<markable id="markable_271" span="word_1413" coref_class="set_166"  category="other"  mmax_level="coref"  rule="none"  type="none" />
<markable id="markable_377" span="word_2352..word_2353" coref_class="set_157"  category="location"  mmax_level="coref"  rule="none"  type="none" />
<markable id="markable_274" span="word_1410" coref_class="set_114"  category="other"  mmax_level="coref"  rule="none"  type="none" />
<markable id="markable_273" span="word_1448..word_1449" coref_class="empty"  category="time"  mmax_level="coref"  rule="none"  type="none" />
<markable id="markable_471" span="word_318" coref_class="empty"  category="time"  mmax_level="coref"  rule="none"  type="none" />
<markable id="markable_472" span="word_515" coref_class="empty"  category="profession"  mmax_level="coref"  rule="none"  type="none" />
<markable id="markable_474" span="word_1518..word_1519" coref_class="empty"  category="time"  mmax_level="coref"  rule="none"  type="none" />
<markable id="markable_475" span="word_1504" coref_class="empty"  category="time"  mmax_level="coref"  rule="none"  type="none" />
<markable id="markable_476" span="word_1509..word_1511" coref_class="empty"  category="sum"  mmax_level="coref"  rule="none"  type="none" />
<markable id="markable_477" span="word_1635" coref_class="empty"  category="time"  mmax_level="coref"  rule="none"  type="none" />
<markable id="markable_478" span="word_1645..word_1646" coref_class="empty"  category="sum"  mmax_level="coref"  rule="none"  type="none" />
<markable id="markable_479" span="word_1850" coref_class="empty"  category="time"  mmax_level="coref"  rule="none"  type="none" />
<markable id="markable_362" span="word_2261..word_2262" coref_class="set_149"  category="organization"  mmax_level="coref"  rule="none"  type="none" />
<markable id="markable_267" span="word_1402..word_1405" coref_class="empty"  category="time"  mmax_level="coref"  rule="none"  type="none" />
<markable id="markable_360" span="word_2258" coref_class="set_148"  category="organization"  mmax_level="coref"  rule="none"  type="none" />
<markable id="markable_265" span="word_1399" coref_class="set_162"  category="organization"  mmax_level="coref"  rule="none"  type="none" />
<markable id="markable_459" span="word_888..word_889" coref_class="set_173"  category="other"  mmax_level="coref"  rule="none"  type="none" />
<markable id="markable_264" span="word_1396" coref_class="set_157"  category="location"  mmax_level="coref"  rule="none"  type="none" />
<markable id="markable_269" span="word_1407" coref_class="set_166"  category="person"  mmax_level="coref"  rule="none"  type="none" />
<markable id="markable_369" span="word_2289..word_2290" coref_class="empty"  category="time"  mmax_level="coref"  rule="none"  type="none" />
<markable id="markable_368" span="word_2282..word_2283" coref_class="empty"  category="time"  mmax_level="coref"  rule="none"  type="none" />
<markable id="markable_366" span="word_2274..word_2275" coref_class="set_154"  category="organization"  mmax_level="coref"  rule="none"  type="none" />
<markable id="markable_263" span="word_1388" coref_class="set_162"  category="other"  mmax_level="coref"  rule="none"  type="none" />
<markable id="markable_365" span="word_2270" coref_class="set_75"  category="other"  mmax_level="coref"  rule="none"  type="none" />
<markable id="markable_262" span="word_1383" coref_class="set_162"  category="other"  mmax_level="coref"  rule="none"  type="none" />
<markable id="markable_364" span="word_2265..word_2266" coref_class="set_179"  category="person"  mmax_level="coref"  rule="none"  type="none" />
<markable id="markable_261" span="word_1376" coref_class="set_162"  category="organization"  mmax_level="coref"  rule="none"  type="none" />
<markable id="markable_260" span="word_1368" coref_class="set_125"  category="organization"  mmax_level="coref"  rule="none"  type="none" />
<markable id="markable_460" span="word_891" coref_class="set_173"  category="other"  mmax_level="coref"  rule="none"  type="none" />
<markable id="markable_461" span="word_1721" coref_class="set_177"  category="other"  mmax_level="coref"  rule="none"  type="none" />
<markable id="markable_464" span="word_1912" coref_class="set_177"  category="other"  mmax_level="coref"  rule="none"  type="none" />
<markable id="markable_465" span="word_795" coref_class="set_178"  category="other"  mmax_level="coref"  rule="none"  type="none" />
<markable id="markable_462" span="word_1804" coref_class="set_175"  category="other"  mmax_level="coref"  rule="none"  type="none" />
<markable id="markable_463" span="word_1917" coref_class="set_177"  category="other"  mmax_level="coref"  rule="none"  type="none" />
<markable id="markable_468" span="word_1727..word_1729" coref_class="empty"  category="organization"  mmax_level="coref"  rule="none"  type="none" />
<markable id="markable_469" span="word_111" coref_class="empty"  category="profession"  mmax_level="coref"  rule="none"  type="none" />
<markable id="markable_466" span="word_2264" coref_class="set_179"  category="profession"  mmax_level="coref"  rule="none"  type="none" />
<markable id="markable_467" span="word_1661..word_1662" coref_class="empty"  category="sum"  mmax_level="coref"  rule="none"  type="none" />
<markable id="markable_352" span="word_2185" coref_class="empty"  category="time"  mmax_level="coref"  rule="none"  type="none" />
<markable id="markable_353" span="word_2196..word_2198" coref_class="set_146"  category="organization"  mmax_level="coref"  rule="none"  type="none" />
<markable id="markable_354" span="word_2214" coref_class="set_149"  category="organization"  mmax_level="coref"  rule="none"  type="none" />
<markable id="markable_355" span="word_2218" coref_class="set_149"  category="organization"  mmax_level="coref"  rule="none"  type="none" />
<markable id="markable_356" span="word_2222" coref_class="set_149"  category="organization"  mmax_level="coref"  rule="none"  type="none" />
<markable id="markable_214" span="word_798" coref_class="set_178"  category="other"  mmax_level="coref"  rule="none"  type="none" />
<markable id="markable_215" span="word_816" coref_class="set_114"  category="other"  mmax_level="coref"  rule="none"  type="none" />
<markable id="markable_216" span="word_831..word_832" coref_class="set_154"  category="organization"  mmax_level="coref"  rule="none"  type="none" />
<markable id="markable_210" span="word_753..word_754" coref_class="set_103"  category="organization"  mmax_level="coref"  rule="none"  type="none" />
<markable id="markable_350" span="word_2169" coref_class="set_148"  category="organization"  mmax_level="coref"  rule="none"  type="none" />
<markable id="markable_212" span="word_790" coref_class="set_178"  category="organization"  mmax_level="coref"  rule="none"  type="none" />
<markable id="markable_351" span="word_2178" coref_class="set_148"  category="organization"  mmax_level="coref"  rule="none"  type="none" />
<markable id="markable_207" span="word_730..word_731" coref_class="empty"  category="location"  mmax_level="coref"  rule="none"  type="none" />
<markable id="markable_206" span="word_720" coref_class="set_178"  category="other"  mmax_level="coref"  rule="none"  type="none" />
<markable id="markable_209" span="word_749" coref_class="set_178"  category="organization"  mmax_level="coref"  rule="none"  type="none" />
<markable id="markable_492" span="word_1962" coref_class="empty"  category="time"  mmax_level="coref"  rule="none"  type="none" />
<markable id="markable_491" span="word_1817" coref_class="empty"  category="time"  mmax_level="coref"  rule="none"  type="none" />
<markable id="markable_349" span="word_2161..word_2163" coref_class="empty"  category="time"  mmax_level="coref"  rule="none"  type="none" />
<markable id="markable_493" span="word_1935" coref_class="empty"  category="time"  mmax_level="coref"  rule="none"  type="none" />
<markable id="markable_490" span="word_1451" coref_class="empty"  category="time"  mmax_level="coref"  rule="none"  type="none" />
<markable id="markable_343" span="word_2119" coref_class="set_148"  category="organization"  mmax_level="coref"  rule="none"  type="none" />
<markable id="markable_344" span="word_2127..word_2128" coref_class="empty"  category="time"  mmax_level="coref"  rule="none"  type="none" />
<markable id="markable_341" span="word_2108..word_2110" coref_class="set_146"  category="organization"  mmax_level="coref"  rule="none"  type="none" />
<markable id="markable_342" span="word_2113..word_2114" coref_class="empty"  category="time"  mmax_level="coref"  rule="none"  type="none" />
<markable id="markable_347" span="word_2139" coref_class="set_67"  category="organization"  mmax_level="coref"  rule="none"  type="none" />
<markable id="markable_348" span="word_2152..word_2153" coref_class="empty"  category="organization"  mmax_level="coref"  rule="none"  type="none" />
<markable id="markable_345" span="word_2131..word_2132" coref_class="empty"  category="time"  mmax_level="coref"  rule="none"  type="none" />
<markable id="markable_346" span="word_2133..word_2137" coref_class="set_67"  category="organization"  mmax_level="coref"  rule="none"  type="none" />
<markable id="markable_203" span="word_717" coref_class="set_178"  category="organization"  mmax_level="coref"  rule="none"  type="none" />
<markable id="markable_200" span="word_637..word_638" coref_class="empty"  category="time"  mmax_level="coref"  rule="none"  type="none" />
<markable id="markable_201" span="word_647..word_648" coref_class="empty"  category="time"  mmax_level="coref"  rule="none"  type="none" />
<markable id="markable_340" span="word_2101..word_2102" coref_class="set_157"  category="location"  mmax_level="coref"  rule="none"  type="none" />
<markable id="markable_489" span="word_1079" coref_class="empty"  category="time"  mmax_level="coref"  rule="none"  type="none" />
<markable id="markable_488" span="word_593" coref_class="empty"  category="time"  mmax_level="coref"  rule="none"  type="none" />
<markable id="markable_487" span="word_1736" coref_class="empty"  category="time"  mmax_level="coref"  rule="none"  type="none" />
<markable id="markable_486" span="word_2022" coref_class="empty"  category="profession"  mmax_level="coref"  rule="none"  type="none" />
<markable id="markable_485" span="word_1138..word_1139" coref_class="empty"  category="profession"  mmax_level="coref"  rule="none"  type="none" />
<markable id="markable_484" span="word_2373" coref_class="empty"  category="time"  mmax_level="coref"  rule="none"  type="none" />
<markable id="markable_483" span="word_1989" coref_class="empty"  category="time"  mmax_level="coref"  rule="none"  type="none" />
<markable id="markable_482" span="word_1932..word_1933" coref_class="empty"  category="sum"  mmax_level="coref"  rule="none"  type="none" />
<markable id="markable_481" span="word_1940..word_1941" coref_class="empty"  category="sum"  mmax_level="coref"  rule="none"  type="none" />
<markable id="markable_339" span="word_2089..word_2090" coref_class="empty"  category="organization"  mmax_level="coref"  rule="none"  type="none" />
<markable id="markable_480" span="word_1925..word_1926" coref_class="empty"  category="sum"  mmax_level="coref"  rule="none"  type="none" />
<markable id="markable_338" span="word_2083" coref_class="set_163"  category="profession"  mmax_level="coref"  rule="none"  type="none" />
<markable id="markable_334" span="word_2031" coref_class="set_66"  category="location"  mmax_level="coref"  rule="none"  type="none" />
<markable id="markable_335" span="word_2038" coref_class="set_66"  category="other"  mmax_level="coref"  rule="none"  type="none" />
<markable id="markable_336" span="word_2042..word_2043" coref_class="empty"  category="location"  mmax_level="coref"  rule="none"  type="none" />
<markable id="markable_337" span="word_2068" coref_class="set_67"  category="organization"  mmax_level="coref"  rule="none"  type="none" />
<markable id="markable_330" span="word_1969..word_1970" coref_class="set_65"  category="person"  mmax_level="coref"  rule="none"  type="none" />
<markable id="markable_331" span="word_1963..word_1968" coref_class="set_65"  category="profession"  mmax_level="coref"  rule="none"  type="none" />
<markable id="markable_332" span="word_1972" coref_class="empty"  category="organization"  mmax_level="coref"  rule="none"  type="none" />
<markable id="markable_333" span="word_2017..word_2019" coref_class="set_135"  category="organization"  mmax_level="coref"  rule="none"  type="none" />
<markable id="markable_232" span="word_987" coref_class="set_166"  category="other"  mmax_level="coref"  rule="none"  type="none" />
<markable id="markable_233" span="word_1006" coref_class="set_146"  category="other"  mmax_level="coref"  rule="none"  type="none" />
<markable id="markable_234" span="word_1011" coref_class="empty"  category="organization"  mmax_level="coref"  rule="none"  type="none" />
<markable id="markable_235" span="word_1019..word_1020" coref_class="empty"  category="organization"  mmax_level="coref"  rule="none"  type="none" />
<markable id="markable_236" span="word_1025" coref_class="empty"  category="organization"  mmax_level="coref"  rule="none"  type="none" />
<markable id="markable_237" span="word_1034" coref_class="empty"  category="organization"  mmax_level="coref"  rule="none"  type="none" />
<markable id="markable_238" span="word_1029" coref_class="set_114"  category="other"  mmax_level="coref"  rule="none"  type="none" />
<markable id="markable_328" span="word_1943..word_1944" coref_class="empty"  category="time"  mmax_level="coref"  rule="none"  type="none" />
<markable id="markable_327" span="word_1937" coref_class="set_161"  category="other"  mmax_level="coref"  rule="none"  type="none" />
<markable id="markable_329" span="word_1960" coref_class="empty"  category="time"  mmax_level="coref"  rule="none"  type="none" />
<markable id="markable_325" span="word_1929" coref_class="set_63"  category="other"  mmax_level="coref"  rule="none"  type="none" />
<markable id="markable_326" span="word_1936" coref_class="set_63"  category="other"  mmax_level="coref"  rule="none"  type="none" />
<markable id="markable_323" span="word_1861..word_1863" coref_class="set_63"  category="organization"  mmax_level="coref"  rule="none"  type="none" />
<markable id="markable_324" span="word_1866" coref_class="set_63"  category="other"  mmax_level="coref"  rule="none"  type="none" />
<markable id="markable_321" span="word_1920" coref_class="empty"  category="location"  mmax_level="coref"  rule="none"  type="none" />
<markable id="markable_222" span="word_961..word_962" coref_class="set_103"  category="organization"  mmax_level="coref"  rule="none"  type="none" />
<markable id="markable_220" span="word_870" coref_class="set_146"  category="other"  mmax_level="coref"  rule="none"  type="none" />
<markable id="markable_221" span="word_955..word_956" coref_class="set_166"  category="person"  mmax_level="coref"  rule="none"  type="none" />
<markable id="markable_226" span="word_976..word_977" coref_class="set_154"  category="organization"  mmax_level="coref"  rule="none"  type="none" />
<markable id="markable_227" span="word_979..word_984" coref_class="set_166"  category="profession"  mmax_level="coref"  rule="none"  type="none" />
<markable id="markable_224" span="word_964..word_965" coref_class="set_166"  category="profession"  mmax_level="coref"  rule="none"  type="none" />
<markable id="markable_225" span="word_969..word_971" coref_class="empty"  category="organization"  mmax_level="coref"  rule="none"  type="none" />
<markable id="markable_218" span="word_839..word_841" coref_class="set_146"  category="organization"  mmax_level="coref"  rule="none"  type="none" />
<markable id="markable_319" span="word_1911" coref_class="set_161"  category="other"  mmax_level="coref"  rule="none"  type="none" />
<markable id="markable_318" span="word_1914" coref_class="set_177"  category="organization"  mmax_level="coref"  rule="none"  type="none" />
<markable id="markable_317" span="word_1907" coref_class="set_58"  category="other"  mmax_level="coref"  rule="none"  type="none" />
<markable id="markable_316" span="word_1901..word_1902" coref_class="set_58"  category="other"  mmax_level="coref"  rule="none"  type="none" />
</markables>