<?xml version="1.0" encoding="UTF-8"?>
<!DOCTYPE markables SYSTEM "markables.dtd">
<markables xmlns="www.eml.org/NameSpaces/sentence">
<markable mmax_level="sentence" id="markable_1" span="word_1..word_11" />
<markable mmax_level="sentence" id="markable_2" span="word_12..word_14" />
<markable mmax_level="sentence" id="markable_3" span="word_15..word_60" />
<markable mmax_level="sentence" id="markable_4" span="word_61..word_72" />
<markable mmax_level="sentence" id="markable_5" span="word_73..word_90" />
<markable mmax_level="sentence" id="markable_6" span="word_91..word_107" />
<markable mmax_level="sentence" id="markable_7" span="word_108..word_144" />
<markable mmax_level="sentence" id="markable_8" span="word_145..word_152" />
<markable mmax_level="sentence" id="markable_9" span="word_153..word_185" />
<markable mmax_level="sentence" id="markable_10" span="word_186..word_199" />
<markable mmax_level="sentence" id="markable_11" span="word_200..word_257" />
<markable mmax_level="sentence" id="markable_12" span="word_258..word_285" />
<markable mmax_level="sentence" id="markable_13" span="word_286..word_289" />
<markable mmax_level="sentence" id="markable_14" span="word_290..word_307" />
<markable mmax_level="sentence" id="markable_15" span="word_308..word_327" />
<markable mmax_level="sentence" id="markable_16" span="word_328..word_345" />
<markable mmax_level="sentence" id="markable_17" span="word_346..word_361" />
<markable mmax_level="sentence" id="markable_18" span="word_362..word_376" />
<markable mmax_level="sentence" id="markable_19" span="word_377..word_387" />
<markable mmax_level="sentence" id="markable_20" span="word_388..word_419" />
<markable mmax_level="sentence" id="markable_21" span="word_420..word_446" />
<markable mmax_level="sentence" id="markable_22" span="word_447..word_459" />
<markable mmax_level="sentence" id="markable_23" span="word_460..word_485" />
<markable mmax_level="sentence" id="markable_24" span="word_486..word_494" />
<markable mmax_level="sentence" id="markable_25" span="word_495..word_496" />
<markable mmax_level="sentence" id="markable_26" span="word_497..word_514" />
<markable mmax_level="sentence" id="markable_27" span="word_515..word_536" />
<markable mmax_level="sentence" id="markable_28" span="word_537..word_550" />
<markable mmax_level="sentence" id="markable_29" span="word_551..word_571" />
<markable mmax_level="sentence" id="markable_30" span="word_572..word_580" />
<markable mmax_level="sentence" id="markable_31" span="word_581..word_599" />
<markable mmax_level="sentence" id="markable_32" span="word_600..word_625" />
<markable mmax_level="sentence" id="markable_33" span="word_626..word_634" />
<markable mmax_level="sentence" id="markable_34" span="word_635..word_651" />
<markable mmax_level="sentence" id="markable_35" span="word_652..word_667" />
<markable mmax_level="sentence" id="markable_36" span="word_668..word_688" />
<markable mmax_level="sentence" id="markable_37" span="word_689..word_702" />
<markable mmax_level="sentence" id="markable_38" span="word_703..word_711" />
<markable mmax_level="sentence" id="markable_39" span="word_712..word_723" />
<markable mmax_level="sentence" id="markable_40" span="word_724..word_756" />
<markable mmax_level="sentence" id="markable_41" span="word_757..word_779" />
<markable mmax_level="sentence" id="markable_42" span="word_780..word_798" />
<markable mmax_level="sentence" id="markable_43" span="word_799..word_815" />
<markable mmax_level="sentence" id="markable_44" span="word_816..word_843" />
<markable mmax_level="sentence" id="markable_45" span="word_844..word_855" />
<markable mmax_level="sentence" id="markable_46" span="word_856..word_869" />
<markable mmax_level="sentence" id="markable_47" span="word_870..word_887" />
<markable mmax_level="sentence" id="markable_48" span="word_888..word_897" />
<markable mmax_level="sentence" id="markable_49" span="word_898..word_913" />
<markable mmax_level="sentence" id="markable_50" span="word_914..word_924" />
<markable mmax_level="sentence" id="markable_51" span="word_925..word_947" />
<markable mmax_level="sentence" id="markable_52" span="word_948..word_963" />
<markable mmax_level="sentence" id="markable_53" span="word_964..word_982" />
<markable mmax_level="sentence" id="markable_54" span="word_983..word_990" />
<markable mmax_level="sentence" id="markable_55" span="word_991..word_995" />
<markable mmax_level="sentence" id="markable_56" span="word_996..word_1020" />
<markable mmax_level="sentence" id="markable_57" span="word_1021..word_1039" />
<markable mmax_level="sentence" id="markable_58" span="word_1040..word_1055" />
<markable mmax_level="sentence" id="markable_59" span="word_1056..word_1070" />
<markable mmax_level="sentence" id="markable_60" span="word_1071..word_1089" />
<markable mmax_level="sentence" id="markable_61" span="word_1090..word_1132" />
<markable mmax_level="sentence" id="markable_62" span="word_1133..word_1161" />
<markable mmax_level="sentence" id="markable_63" span="word_1162..word_1168" />
<markable mmax_level="sentence" id="markable_64" span="word_1169..word_1180" />
<markable mmax_level="sentence" id="markable_65" span="word_1181..word_1203" />
<markable mmax_level="sentence" id="markable_66" span="word_1204..word_1216" />
<markable mmax_level="sentence" id="markable_67" span="word_1217..word_1239" />
<markable mmax_level="sentence" id="markable_68" span="word_1240..word_1241" />
<markable mmax_level="sentence" id="markable_69" span="word_1242..word_1263" />
<markable mmax_level="sentence" id="markable_70" span="word_1264..word_1272" />
<markable mmax_level="sentence" id="markable_71" span="word_1273..word_1309" />
<markable mmax_level="sentence" id="markable_72" span="word_1310..word_1332" />
<markable mmax_level="sentence" id="markable_73" span="word_1333..word_1365" />
</markables>