<?xml version="1.0" encoding="UTF-8"?>
<!DOCTYPE markables SYSTEM "markables.dtd">
<markables xmlns="www.eml.org/NameSpaces/coref">
<markable id="markable_106" span="word_8" coref_class="empty"  category="location"  mmax_level="coref"  rule="none"  type="none" />
<markable id="markable_105" span="word_2" coref_class="empty"  category="location"  mmax_level="coref"  rule="none"  type="none" />
<markable id="markable_107" span="word_9..word_11" coref_class="empty"  category="time"  mmax_level="coref"  rule="none"  type="none" />
<markable id="markable_108" span="word_12" coref_class="empty"  category="location"  mmax_level="coref"  rule="none"  type="none" />
<markable id="markable_109" span="word_20" coref_class="empty"  category="product"  mmax_level="coref"  rule="none"  type="none" />
<markable id="markable_111" span="word_24..word_28" coref_class="empty"  category="organization"  mmax_level="coref"  rule="none"  type="none" />
<markable id="markable_113" span="word_42" coref_class="empty"  category="location"  mmax_level="coref"  rule="none"  type="none" />
<markable id="markable_112" span="word_32" coref_class="empty"  category="location"  mmax_level="coref"  rule="none"  type="none" />
<markable id="markable_115" span="word_51..word_52" coref_class="empty"  category="profession"  mmax_level="coref"  rule="none"  type="none" />
<markable id="markable_114" span="word_49" coref_class="empty"  category="organization"  mmax_level="coref"  rule="none"  type="none" />
<markable id="markable_116" span="word_53..word_54" coref_class="empty"  category="person"  mmax_level="coref"  rule="none"  type="none" />
<markable id="markable_213" span="word_899..word_900" coref_class="empty"  category="profession"  mmax_level="coref"  rule="none"  type="none" />
<markable id="markable_214" span="word_38" coref_class="empty"  category="time"  mmax_level="coref"  rule="none"  type="none" />
<markable id="markable_215" span="word_318" coref_class="empty"  category="time"  mmax_level="coref"  rule="none"  type="none" />
<markable id="markable_216" span="word_536" coref_class="empty"  category="time"  mmax_level="coref"  rule="none"  type="none" />
<markable id="markable_210" span="word_1221" coref_class="empty"  category="location"  mmax_level="coref"  rule="none"  type="none" />
<markable id="markable_211" span="word_1216..word_1217" coref_class="empty"  category="location"  mmax_level="coref"  rule="none"  type="none" />
<markable id="markable_212" span="word_890" coref_class="empty"  category="time"  mmax_level="coref"  rule="none"  type="none" />
<markable id="markable_160" span="word_1088" coref_class="empty"  category="location"  mmax_level="coref"  rule="none"  type="none" />
<markable id="markable_207" span="word_712" coref_class="empty"  category="time"  mmax_level="coref"  rule="none"  type="none" />
<markable id="markable_161" span="word_1137" coref_class="empty"  category="product"  mmax_level="coref"  rule="none"  type="none" />
<markable id="markable_141" span="word_811" coref_class="empty"  category="profession"  mmax_level="coref"  rule="none"  type="none" />
<markable id="markable_162" span="word_1135" coref_class="empty"  category="location"  mmax_level="coref"  rule="none"  type="none" />
<markable id="markable_206" span="word_1672..word_1674" coref_class="empty"  category="organization"  mmax_level="coref"  rule="none"  type="none" />
<markable id="markable_209" span="word_1201" coref_class="empty"  category="location"  mmax_level="coref"  rule="none"  type="none" />
<markable id="markable_163" span="word_1163" coref_class="empty"  category="product"  mmax_level="coref"  rule="none"  type="none" />
<markable id="markable_208" span="word_767" coref_class="empty"  category="time"  mmax_level="coref"  rule="none"  type="none" />
<markable id="markable_164" span="word_1176" coref_class="empty"  category="location"  mmax_level="coref"  rule="none"  type="none" />
<markable id="markable_140" span="word_788" coref_class="empty"  category="product"  mmax_level="coref"  rule="none"  type="none" />
<markable id="markable_145" span="word_834" coref_class="empty"  category="product"  mmax_level="coref"  rule="none"  type="none" />
<markable id="markable_146" span="word_844..word_845" coref_class="empty"  category="sum"  mmax_level="coref"  rule="none"  type="none" />
<markable id="markable_167" span="word_1207" coref_class="empty"  category="location"  mmax_level="coref"  rule="none"  type="none" />
<markable id="markable_168" span="word_1229" coref_class="empty"  category="location"  mmax_level="coref"  rule="none"  type="none" />
<markable id="markable_144" span="word_815..word_817" coref_class="empty"  category="organization"  mmax_level="coref"  rule="none"  type="none" />
<markable id="markable_169" span="word_1250" coref_class="empty"  category="location"  mmax_level="coref"  rule="none"  type="none" />
<markable id="markable_149" span="word_907" coref_class="empty"  category="location"  mmax_level="coref"  rule="none"  type="none" />
<markable id="markable_147" span="word_859" coref_class="empty"  category="product"  mmax_level="coref"  rule="none"  type="none" />
<markable id="markable_148" span="word_893" coref_class="empty"  category="location"  mmax_level="coref"  rule="none"  type="none" />
<markable id="markable_204" span="word_1666..word_1667" coref_class="empty"  category="sum"  mmax_level="coref"  rule="none"  type="none" />
<markable id="markable_205" span="word_1668" coref_class="empty"  category="location"  mmax_level="coref"  rule="none"  type="none" />
<markable id="markable_202" span="word_1658" coref_class="empty"  category="organization"  mmax_level="coref"  rule="none"  type="none" />
<markable id="markable_203" span="word_1662..word_1663" coref_class="empty"  category="person"  mmax_level="coref"  rule="none"  type="none" />
<markable id="markable_200" span="word_1652..word_1653" coref_class="empty"  category="sum"  mmax_level="coref"  rule="none"  type="none" />
<markable id="markable_201" span="word_1655..word_1656" coref_class="empty"  category="sum"  mmax_level="coref"  rule="none"  type="none" />
<markable id="markable_170" span="word_1263" coref_class="empty"  category="profession"  mmax_level="coref"  rule="none"  type="none" />
<markable id="markable_171" span="word_1266" coref_class="empty"  category="profession"  mmax_level="coref"  rule="none"  type="none" />
<markable id="markable_174" span="word_1326" coref_class="empty"  category="location"  mmax_level="coref"  rule="none"  type="none" />
<markable id="markable_150" span="word_914" coref_class="empty"  category="location"  mmax_level="coref"  rule="none"  type="none" />
<markable id="markable_175" span="word_1334..word_1335" coref_class="empty"  category="organization"  mmax_level="coref"  rule="none"  type="none" />
<markable id="markable_151" span="word_925" coref_class="empty"  category="location"  mmax_level="coref"  rule="none"  type="none" />
<markable id="markable_172" span="word_1298" coref_class="empty"  category="location"  mmax_level="coref"  rule="none"  type="none" />
<markable id="markable_152" span="word_927" coref_class="empty"  category="location"  mmax_level="coref"  rule="none"  type="none" />
<markable id="markable_173" span="word_1318" coref_class="empty"  category="location"  mmax_level="coref"  rule="none"  type="none" />
<markable id="markable_153" span="word_956" coref_class="empty"  category="location"  mmax_level="coref"  rule="none"  type="none" />
<markable id="markable_178" span="word_1368" coref_class="empty"  category="location"  mmax_level="coref"  rule="none"  type="none" />
<markable id="markable_154" span="word_964" coref_class="empty"  category="location"  mmax_level="coref"  rule="none"  type="none" />
<markable id="markable_179" span="word_1373" coref_class="empty"  category="location"  mmax_level="coref"  rule="none"  type="none" />
<markable id="markable_155" span="word_982" coref_class="empty"  category="location"  mmax_level="coref"  rule="none"  type="none" />
<markable id="markable_176" span="word_1337" coref_class="empty"  category="organization"  mmax_level="coref"  rule="none"  type="none" />
<markable id="markable_156" span="word_998" coref_class="empty"  category="location"  mmax_level="coref"  rule="none"  type="none" />
<markable id="markable_177" span="word_1347" coref_class="empty"  category="organization"  mmax_level="coref"  rule="none"  type="none" />
<markable id="markable_157" span="word_1018" coref_class="empty"  category="organization"  mmax_level="coref"  rule="none"  type="none" />
<markable id="markable_159" span="word_1048..word_1052" coref_class="empty"  category="organization"  mmax_level="coref"  rule="none"  type="none" />
<markable id="markable_119" span="word_77" coref_class="empty"  category="location"  mmax_level="coref"  rule="none"  type="none" />
<markable id="markable_118" span="word_68" coref_class="empty"  category="location"  mmax_level="coref"  rule="none"  type="none" />
<markable id="markable_183" span="word_1414..word_1415" coref_class="empty"  category="time"  mmax_level="coref"  rule="none"  type="none" />
<markable id="markable_184" span="word_1422..word_1424" coref_class="empty"  category="time"  mmax_level="coref"  rule="none"  type="none" />
<markable id="markable_120" span="word_81" coref_class="empty"  category="organization"  mmax_level="coref"  rule="none"  type="none" />
<markable id="markable_185" span="word_1484" coref_class="empty"  category="organization"  mmax_level="coref"  rule="none"  type="none" />
<markable id="markable_186" span="word_1488..word_1489" coref_class="empty"  category="profession"  mmax_level="coref"  rule="none"  type="none" />
<markable id="markable_180" span="word_1375" coref_class="empty"  category="location"  mmax_level="coref"  rule="none"  type="none" />
<markable id="markable_181" span="word_1392" coref_class="empty"  category="location"  mmax_level="coref"  rule="none"  type="none" />
<markable id="markable_182" span="word_1409" coref_class="empty"  category="product"  mmax_level="coref"  rule="none"  type="none" />
<markable id="markable_127" span="word_324" coref_class="empty"  category="product"  mmax_level="coref"  rule="none"  type="none" />
<markable id="markable_128" span="word_343" coref_class="empty"  category="location"  mmax_level="coref"  rule="none"  type="none" />
<markable id="markable_125" span="word_265" coref_class="empty"  category="product"  mmax_level="coref"  rule="none"  type="none" />
<markable id="markable_126" span="word_316" coref_class="empty"  category="organization"  mmax_level="coref"  rule="none"  type="none" />
<markable id="markable_187" span="word_1507" coref_class="empty"  category="product"  mmax_level="coref"  rule="none"  type="none" />
<markable id="markable_123" span="word_193" coref_class="empty"  category="product"  mmax_level="coref"  rule="none"  type="none" />
<markable id="markable_124" span="word_253" coref_class="empty"  category="product"  mmax_level="coref"  rule="none"  type="none" />
<markable id="markable_189" span="word_1538..word_1539" coref_class="empty"  category="time"  mmax_level="coref"  rule="none"  type="none" />
<markable id="markable_121" span="word_97" coref_class="empty"  category="product"  mmax_level="coref"  rule="none"  type="none" />
<markable id="markable_122" span="word_113..word_114" coref_class="empty"  category="time"  mmax_level="coref"  rule="none"  type="none" />
<markable id="markable_129" span="word_465" coref_class="empty"  category="product"  mmax_level="coref"  rule="none"  type="none" />
<markable id="markable_220" span="word_1520" coref_class="empty"  category="time"  mmax_level="coref"  rule="none"  type="none" />
<markable id="markable_221" span="word_1500" coref_class="empty"  category="time"  mmax_level="coref"  rule="none"  type="none" />
<markable id="markable_196" span="word_1598" coref_class="empty"  category="product"  mmax_level="coref"  rule="none"  type="none" />
<markable id="markable_219" span="word_1611" coref_class="empty"  category="time"  mmax_level="coref"  rule="none"  type="none" />
<markable id="markable_218" span="word_658" coref_class="empty"  category="time"  mmax_level="coref"  rule="none"  type="none" />
<markable id="markable_194" span="word_1559..word_1560" coref_class="empty"  category="sum"  mmax_level="coref"  rule="none"  type="none" />
<markable id="markable_130" span="word_493..word_494" coref_class="empty"  category="sum"  mmax_level="coref"  rule="none"  type="none" />
<markable id="markable_217" span="word_551" coref_class="empty"  category="time"  mmax_level="coref"  rule="none"  type="none" />
<markable id="markable_195" span="word_1565..word_1566" coref_class="empty"  category="sum"  mmax_level="coref"  rule="none"  type="none" />
<markable id="markable_192" span="word_1549..word_1550" coref_class="empty"  category="sum"  mmax_level="coref"  rule="none"  type="none" />
<markable id="markable_193" span="word_1553..word_1554" coref_class="empty"  category="time"  mmax_level="coref"  rule="none"  type="none" />
<markable id="markable_190" span="word_1541" coref_class="empty"  category="organization"  mmax_level="coref"  rule="none"  type="none" />
<markable id="markable_191" span="word_1545..word_1546" coref_class="empty"  category="sum"  mmax_level="coref"  rule="none"  type="none" />
<markable id="markable_136" span="word_677" coref_class="empty"  category="location"  mmax_level="coref"  rule="none"  type="none" />
<markable id="markable_137" span="word_739" coref_class="empty"  category="location"  mmax_level="coref"  rule="none"  type="none" />
<markable id="markable_138" span="word_752" coref_class="empty"  category="product"  mmax_level="coref"  rule="none"  type="none" />
<markable id="markable_139" span="word_759..word_760" coref_class="empty"  category="sum"  mmax_level="coref"  rule="none"  type="none" />
<markable id="markable_132" span="word_502..word_503" coref_class="empty"  category="location"  mmax_level="coref"  rule="none"  type="none" />
<markable id="markable_133" span="word_505..word_506" coref_class="empty"  category="location"  mmax_level="coref"  rule="none"  type="none" />
<markable id="markable_198" span="word_1640" coref_class="empty"  category="organization"  mmax_level="coref"  rule="none"  type="none" />
<markable id="markable_134" span="word_661" coref_class="empty"  category="product"  mmax_level="coref"  rule="none"  type="none" />
<markable id="markable_135" span="word_664" coref_class="empty"  category="location"  mmax_level="coref"  rule="none"  type="none" />
<markable id="markable_199" span="word_1643..word_1646" coref_class="empty"  category="time"  mmax_level="coref"  rule="none"  type="none" />
</markables>