<?xml version="1.0" encoding="UTF-8"?>
<!DOCTYPE markables SYSTEM "markables.dtd">
<markables xmlns="www.eml.org/NameSpaces/sentence">
<markable mmax_level="sentence" id="markable_1" span="word_1..word_10" />
<markable mmax_level="sentence" id="markable_2" span="word_11..word_13" />
<markable mmax_level="sentence" id="markable_3" span="word_14..word_33" />
<markable mmax_level="sentence" id="markable_4" span="word_34..word_50" />
<markable mmax_level="sentence" id="markable_5" span="word_51..word_77" />
<markable mmax_level="sentence" id="markable_6" span="word_78..word_127" />
<markable mmax_level="sentence" id="markable_7" span="word_128..word_141" />
<markable mmax_level="sentence" id="markable_8" span="word_142..word_152" />
<markable mmax_level="sentence" id="markable_9" span="word_153..word_178" />
<markable mmax_level="sentence" id="markable_10" span="word_179..word_188" />
<markable mmax_level="sentence" id="markable_11" span="word_189..word_202" />
<markable mmax_level="sentence" id="markable_12" span="word_203..word_216" />
<markable mmax_level="sentence" id="markable_13" span="word_217..word_278" />
<markable mmax_level="sentence" id="markable_14" span="word_279..word_309" />
<markable mmax_level="sentence" id="markable_15" span="word_310..word_327" />
<markable mmax_level="sentence" id="markable_16" span="word_328..word_354" />
<markable mmax_level="sentence" id="markable_17" span="word_355..word_373" />
<markable mmax_level="sentence" id="markable_18" span="word_374..word_387" />
<markable mmax_level="sentence" id="markable_19" span="word_388..word_401" />
<markable mmax_level="sentence" id="markable_20" span="word_402..word_422" />
<markable mmax_level="sentence" id="markable_21" span="word_423..word_461" />
<markable mmax_level="sentence" id="markable_22" span="word_462..word_475" />
<markable mmax_level="sentence" id="markable_23" span="word_476..word_510" />
<markable mmax_level="sentence" id="markable_24" span="word_511..word_537" />
<markable mmax_level="sentence" id="markable_25" span="word_538..word_549" />
<markable mmax_level="sentence" id="markable_26" span="word_550..word_577" />
<markable mmax_level="sentence" id="markable_27" span="word_578..word_591" />
<markable mmax_level="sentence" id="markable_28" span="word_592..word_601" />
<markable mmax_level="sentence" id="markable_29" span="word_602..word_626" />
<markable mmax_level="sentence" id="markable_30" span="word_627..word_667" />
<markable mmax_level="sentence" id="markable_31" span="word_668..word_682" />
<markable mmax_level="sentence" id="markable_32" span="word_683..word_703" />
<markable mmax_level="sentence" id="markable_33" span="word_704..word_714" />
<markable mmax_level="sentence" id="markable_34" span="word_715..word_743" />
<markable mmax_level="sentence" id="markable_35" span="word_744..word_753" />
<markable mmax_level="sentence" id="markable_36" span="word_754..word_771" />
<markable mmax_level="sentence" id="markable_37" span="word_772..word_787" />
<markable mmax_level="sentence" id="markable_38" span="word_788..word_828" />
<markable mmax_level="sentence" id="markable_39" span="word_829..word_838" />
<markable mmax_level="sentence" id="markable_40" span="word_839..word_847" />
<markable mmax_level="sentence" id="markable_41" span="word_848..word_861" />
<markable mmax_level="sentence" id="markable_42" span="word_862..word_869" />
<markable mmax_level="sentence" id="markable_43" span="word_870..word_886" />
<markable mmax_level="sentence" id="markable_44" span="word_887..word_898" />
<markable mmax_level="sentence" id="markable_45" span="word_899..word_905" />
<markable mmax_level="sentence" id="markable_46" span="word_906..word_936" />
<markable mmax_level="sentence" id="markable_47" span="word_937..word_949" />
<markable mmax_level="sentence" id="markable_48" span="word_950..word_963" />
<markable mmax_level="sentence" id="markable_49" span="word_964..word_986" />
<markable mmax_level="sentence" id="markable_50" span="word_987..word_996" />
<markable mmax_level="sentence" id="markable_51" span="word_997..word_1013" />
<markable mmax_level="sentence" id="markable_52" span="word_1014..word_1043" />
<markable mmax_level="sentence" id="markable_53" span="word_1044..word_1075" />
<markable mmax_level="sentence" id="markable_54" span="word_1076..word_1086" />
<markable mmax_level="sentence" id="markable_55" span="word_1087..word_1110" />
<markable mmax_level="sentence" id="markable_56" span="word_1111..word_1139" />
<markable mmax_level="sentence" id="markable_57" span="word_1140..word_1152" />
<markable mmax_level="sentence" id="markable_58" span="word_1153..word_1182" />
<markable mmax_level="sentence" id="markable_59" span="word_1183..word_1197" />
<markable mmax_level="sentence" id="markable_60" span="word_1198..word_1210" />
<markable mmax_level="sentence" id="markable_61" span="word_1211..word_1223" />
<markable mmax_level="sentence" id="markable_62" span="word_1224..word_1236" />
<markable mmax_level="sentence" id="markable_63" span="word_1237..word_1259" />
<markable mmax_level="sentence" id="markable_64" span="word_1260..word_1267" />
<markable mmax_level="sentence" id="markable_65" span="word_1268..word_1294" />
<markable mmax_level="sentence" id="markable_66" span="word_1295..word_1312" />
<markable mmax_level="sentence" id="markable_67" span="word_1313..word_1326" />
<markable mmax_level="sentence" id="markable_68" span="word_1327..word_1358" />
<markable mmax_level="sentence" id="markable_69" span="word_1359..word_1373" />
<markable mmax_level="sentence" id="markable_70" span="word_1374..word_1398" />
<markable mmax_level="sentence" id="markable_71" span="word_1399..word_1424" />
<markable mmax_level="sentence" id="markable_72" span="word_1425..word_1434" />
<markable mmax_level="sentence" id="markable_73" span="word_1435..word_1451" />
<markable mmax_level="sentence" id="markable_74" span="word_1452..word_1478" />
<markable mmax_level="sentence" id="markable_75" span="word_1479..word_1494" />
<markable mmax_level="sentence" id="markable_76" span="word_1495..word_1504" />
<markable mmax_level="sentence" id="markable_77" span="word_1505..word_1521" />
<markable mmax_level="sentence" id="markable_78" span="word_1522..word_1548" />
<markable mmax_level="sentence" id="markable_79" span="word_1549..word_1555" />
<markable mmax_level="sentence" id="markable_80" span="word_1556..word_1579" />
<markable mmax_level="sentence" id="markable_81" span="word_1580..word_1593" />
<markable mmax_level="sentence" id="markable_82" span="word_1594..word_1612" />
<markable mmax_level="sentence" id="markable_83" span="word_1613..word_1626" />
<markable mmax_level="sentence" id="markable_84" span="word_1627..word_1639" />
<markable mmax_level="sentence" id="markable_85" span="word_1640..word_1667" />
<markable mmax_level="sentence" id="markable_86" span="word_1668..word_1685" />
<markable mmax_level="sentence" id="markable_87" span="word_1686..word_1694" />
<markable mmax_level="sentence" id="markable_88" span="word_1695..word_1724" />
<markable mmax_level="sentence" id="markable_89" span="word_1725..word_1741" />
<markable mmax_level="sentence" id="markable_90" span="word_1742..word_1756" />
<markable mmax_level="sentence" id="markable_91" span="word_1757..word_1764" />
<markable mmax_level="sentence" id="markable_92" span="word_1765..word_1784" />
<markable mmax_level="sentence" id="markable_93" span="word_1785..word_1804" />
<markable mmax_level="sentence" id="markable_94" span="word_1805..word_1808" />
<markable mmax_level="sentence" id="markable_95" span="word_1809..word_1820" />
<markable mmax_level="sentence" id="markable_96" span="word_1821..word_1831" />
<markable mmax_level="sentence" id="markable_97" span="word_1832..word_1842" />
<markable mmax_level="sentence" id="markable_98" span="word_1843..word_1861" />
<markable mmax_level="sentence" id="markable_99" span="word_1862..word_1898" />
<markable mmax_level="sentence" id="markable_100" span="word_1899..word_1909" />
<markable mmax_level="sentence" id="markable_101" span="word_1910..word_1926" />
<markable mmax_level="sentence" id="markable_102" span="word_1927..word_1943" />
<markable mmax_level="sentence" id="markable_103" span="word_1944..word_1963" />
<markable mmax_level="sentence" id="markable_104" span="word_1964..word_1987" />
<markable mmax_level="sentence" id="markable_105" span="word_1988..word_2000" />
<markable mmax_level="sentence" id="markable_106" span="word_2001..word_2008" />
<markable mmax_level="sentence" id="markable_107" span="word_2009..word_2020" />
<markable mmax_level="sentence" id="markable_108" span="word_2021..word_2049" />
<markable mmax_level="sentence" id="markable_109" span="word_2050..word_2090" />
<markable mmax_level="sentence" id="markable_110" span="word_2091..word_2117" />
<markable mmax_level="sentence" id="markable_111" span="word_2118..word_2131" />
<markable mmax_level="sentence" id="markable_112" span="word_2132..word_2155" />
<markable mmax_level="sentence" id="markable_113" span="word_2156..word_2160" />
<markable mmax_level="sentence" id="markable_114" span="word_2161..word_2195" />
<markable mmax_level="sentence" id="markable_115" span="word_2196..word_2211" />
<markable mmax_level="sentence" id="markable_116" span="word_2212..word_2223" />
<markable mmax_level="sentence" id="markable_117" span="word_2224..word_2255" />
<markable mmax_level="sentence" id="markable_118" span="word_2256..word_2269" />
<markable mmax_level="sentence" id="markable_119" span="word_2270..word_2282" />
<markable mmax_level="sentence" id="markable_120" span="word_2283..word_2309" />
<markable mmax_level="sentence" id="markable_121" span="word_2310..word_2317" />
<markable mmax_level="sentence" id="markable_122" span="word_2318..word_2335" />
<markable mmax_level="sentence" id="markable_123" span="word_2336..word_2341" />
<markable mmax_level="sentence" id="markable_124" span="word_2342..word_2347" />
<markable mmax_level="sentence" id="markable_125" span="word_2348..word_2367" />
<markable mmax_level="sentence" id="markable_126" span="word_2368..word_2387" />
<markable mmax_level="sentence" id="markable_127" span="word_2388..word_2400" />
<markable mmax_level="sentence" id="markable_128" span="word_2401..word_2422" />
<markable mmax_level="sentence" id="markable_129" span="word_2423..word_2442" />
<markable mmax_level="sentence" id="markable_130" span="word_2443..word_2460" />
<markable mmax_level="sentence" id="markable_131" span="word_2461..word_2468" />
<markable mmax_level="sentence" id="markable_132" span="word_2469..word_2484" />
<markable mmax_level="sentence" id="markable_133" span="word_2485..word_2506" />
<markable mmax_level="sentence" id="markable_134" span="word_2507..word_2521" />
<markable mmax_level="sentence" id="markable_135" span="word_2522..word_2550" />
<markable mmax_level="sentence" id="markable_136" span="word_2551..word_2557" />
<markable mmax_level="sentence" id="markable_137" span="word_2558..word_2573" />
<markable mmax_level="sentence" id="markable_138" span="word_2574..word_2584" />
<markable mmax_level="sentence" id="markable_139" span="word_2585..word_2589" />
<markable mmax_level="sentence" id="markable_140" span="word_2590..word_2603" />
<markable mmax_level="sentence" id="markable_141" span="word_2604..word_2626" />
<markable mmax_level="sentence" id="markable_142" span="word_2627..word_2635" />
<markable mmax_level="sentence" id="markable_143" span="word_2636..word_2651" />
<markable mmax_level="sentence" id="markable_144" span="word_2652..word_2665" />
<markable mmax_level="sentence" id="markable_145" span="word_2666..word_2680" />
<markable mmax_level="sentence" id="markable_146" span="word_2681..word_2687" />
<markable mmax_level="sentence" id="markable_147" span="word_2688..word_2707" />
<markable mmax_level="sentence" id="markable_148" span="word_2708..word_2712" />
<markable mmax_level="sentence" id="markable_149" span="word_2713..word_2730" />
<markable mmax_level="sentence" id="markable_150" span="word_2731..word_2753" />
<markable mmax_level="sentence" id="markable_151" span="word_2754..word_2764" />
<markable mmax_level="sentence" id="markable_152" span="word_2765..word_2783" />
<markable mmax_level="sentence" id="markable_153" span="word_2784..word_2794" />
<markable mmax_level="sentence" id="markable_154" span="word_2795..word_2814" />
<markable mmax_level="sentence" id="markable_155" span="word_2815..word_2855" />
<markable mmax_level="sentence" id="markable_156" span="word_2856..word_2886" />
<markable mmax_level="sentence" id="markable_157" span="word_2887..word_2899" />
<markable mmax_level="sentence" id="markable_158" span="word_2900..word_2911" />
<markable mmax_level="sentence" id="markable_159" span="word_2912..word_2928" />
<markable mmax_level="sentence" id="markable_160" span="word_2929..word_2936" />
<markable mmax_level="sentence" id="markable_161" span="word_2937..word_2948" />
<markable mmax_level="sentence" id="markable_162" span="word_2949..word_2961" />
<markable mmax_level="sentence" id="markable_163" span="word_2962..word_2973" />
<markable mmax_level="sentence" id="markable_164" span="word_2974..word_2996" />
<markable mmax_level="sentence" id="markable_165" span="word_2997..word_3022" />
<markable mmax_level="sentence" id="markable_166" span="word_3023..word_3058" />
<markable mmax_level="sentence" id="markable_167" span="word_3059..word_3080" />
<markable mmax_level="sentence" id="markable_168" span="word_3081..word_3107" />
</markables>