<?xml version="1.0" encoding="UTF-8"?>
<!DOCTYPE words SYSTEM "words.dtd">
<words>
<word id="word_1">"</word>
<word id="word_2">Vaide</word>
<word id="word_3">"</word>
<word id="word_4">šim</word>
<word id="word_5">gadam</word>
<word id="word_6">nodrošināta</word>
<word id="word_7">ar</word>
<word id="word_8">pasūtījumiem</word>
<word id="word_9">par</word>
<word id="word_10">120</word>
<word id="word_11">%</word>
<word id="word_12">07</word>
<word id="word_13">Jan</word>
<word id="word_14">2013</word>
<word id="word_15">Tekstilizstrādājumu</word>
<word id="word_16">ražotāja</word>
<word id="word_17">SIA</word>
<word id="word_18">"</word>
<word id="word_19">Vaide</word>
<word id="word_20">"</word>
<word id="word_21">šim</word>
<word id="word_22">gadam</word>
<word id="word_23">ar</word>
<word id="word_24">klientu</word>
<word id="word_25">pasūtījumiem</word>
<word id="word_26">ir</word>
<word id="word_27">nodrošināta</word>
<word id="word_28">par</word>
<word id="word_29">120</word>
<word id="word_30">%</word>
<word id="word_31">,</word>
<word id="word_32">tāpēc</word>
<word id="word_33">nāksies</word>
<word id="word_34">paplašināt</word>
<word id="word_35">ražošanu</word>
<word id="word_36">,</word>
<word id="word_37">intervijā</word>
<word id="word_38">biznesa</word>
<word id="word_39">portālam</word>
<word id="word_40">"</word>
<word id="word_41">Nozare</word>
<word id="word_42">.</word>
<word id="word_43">lv</word>
<word id="word_44">"</word>
<word id="word_45">sacīja</word>
<word id="word_46">"</word>
<word id="word_47">Vaides</word>
<word id="word_48">"</word>
<word id="word_49">komercdirektors</word>
<word id="word_50">Vladimirs</word>
<word id="word_51">Šidlovskis</word>
<word id="word_52">.</word>
<word id="word_53">Uzņēmums</word>
<word id="word_54">šogad</word>
<word id="word_55">plāno</word>
<word id="word_56">paplašināt</word>
<word id="word_57">arī</word>
<word id="word_58">savu</word>
<word id="word_59">mazumtirdzniecības</word>
<word id="word_60">tīklu</word>
<word id="word_61">,</word>
<word id="word_62">atverot</word>
<word id="word_63">divus</word>
<word id="word_64">jaunus</word>
<word id="word_65">veikalus</word>
<word id="word_66">Latvijā</word>
<word id="word_67">un</word>
<word id="word_68">paplašinot</word>
<word id="word_69">franšīzes</word>
<word id="word_70">sadarbību</word>
<word id="word_71">ārvalstīs</word>
<word id="word_72">.</word>
<word id="word_73">Vai</word>
<word id="word_74">tekstilizstrādājumu</word>
<word id="word_75">ražošanā</word>
<word id="word_76">patlaban</word>
<word id="word_77">ir</word>
<word id="word_78">pietiekams</word>
<word id="word_79">pieprasījums</word>
<word id="word_80">,</word>
<word id="word_81">lai</word>
<word id="word_82">uzņēmuma</word>
<word id="word_83">ražošanas</word>
<word id="word_84">jaudas</word>
<word id="word_85">būtu</word>
<word id="word_86">noslogotas</word>
<word id="word_87">pilnībā</word>
<word id="word_88">?</word>
<word id="word_89">Uzņēmums</word>
<word id="word_90">šim</word>
<word id="word_91">gadam</word>
<word id="word_92">pēc</word>
<word id="word_93">pasūtījumu</word>
<word id="word_94">apjoma</word>
<word id="word_95">ir</word>
<word id="word_96">nodrošināts</word>
<word id="word_97">ar</word>
<word id="word_98">darbu</word>
<word id="word_99">par</word>
<word id="word_100">120</word>
<word id="word_101">%</word>
<word id="word_102">.</word>
<word id="word_103">Tas</word>
<word id="word_104">nozīmē</word>
<word id="word_105">,</word>
<word id="word_106">ka</word>
<word id="word_107">uzņēmumam</word>
<word id="word_108">šādus</word>
<word id="word_109">apjomus</word>
<word id="word_110">būs</word>
<word id="word_111">grūti</word>
<word id="word_112">izpildīt</word>
<word id="word_113">,</word>
<word id="word_114">pat</word>
<word id="word_115">palielinot</word>
<word id="word_116">ražošanas</word>
<word id="word_117">jaudu</word>
<word id="word_118">vai</word>
<word id="word_119">strādājošo</word>
<word id="word_120">skaitu</word>
<word id="word_121">.</word>
<word id="word_122">Tomēr</word>
<word id="word_123">tas</word>
<word id="word_124">liecina</word>
<word id="word_125">,</word>
<word id="word_126">ka</word>
<word id="word_127">pieprasījums</word>
<word id="word_128">pēc</word>
<word id="word_129">"</word>
<word id="word_130">Vaides</word>
<word id="word_131">"</word>
<word id="word_132">produkcijas</word>
<word id="word_133">krietni</word>
<word id="word_134">pārspēj</word>
<word id="word_135">reālās</word>
<word id="word_136">ražošanas</word>
<word id="word_137">iespējas</word>
<word id="word_138">.</word>
<word id="word_139">Ko</word>
<word id="word_140">uzņēmums</word>
<word id="word_141">šādā</word>
<word id="word_142">situācijā</word>
<word id="word_143">var</word>
<word id="word_144">iesākt</word>
<word id="word_145">?</word>
<word id="word_146">Pirmkārt</word>
<word id="word_147">,</word>
<word id="word_148">būs</word>
<word id="word_149">jāizvērtē</word>
<word id="word_150">iespējas</word>
<word id="word_151">palielināt</word>
<word id="word_152">ražošanas</word>
<word id="word_153">apjomus</word>
<word id="word_154">.</word>
<word id="word_155">Otrkārt</word>
<word id="word_156">,</word>
<word id="word_157">vienmēr</word>
<word id="word_158">ir</word>
<word id="word_159">iespēja</word>
<word id="word_160">mainīt</word>
<word id="word_161">spēles</word>
<word id="word_162">noteikumus</word>
<word id="word_163">tirgū</word>
<word id="word_164">.</word>
<word id="word_165">Piemēram</word>
<word id="word_166">,</word>
<word id="word_167">panākt</word>
<word id="word_168">no</word>
<word id="word_169">pircējiem</word>
<word id="word_170">sev</word>
<word id="word_171">labvēlīgākus</word>
<word id="word_172">nosacījumus</word>
<word id="word_173">,</word>
<word id="word_174">zināmā</word>
<word id="word_175">mērā</word>
<word id="word_176">diktēt</word>
<word id="word_177">sadarbības</word>
<word id="word_178">noteikumus</word>
<word id="word_179">.</word>
<word id="word_180">Sākot</word>
<word id="word_181">ar</word>
<word id="word_182">2009.</word>
<word id="word_183">gadu</word>
<word id="word_184">,</word>
<word id="word_185">"</word>
<word id="word_186">Vaides</word>
<word id="word_187">"</word>
<word id="word_188">nostāja</word>
<word id="word_189">ir</word>
<word id="word_190">tāda</word>
<word id="word_191">,</word>
<word id="word_192">ka</word>
<word id="word_193">ražojam</word>
<word id="word_194">produkciju</word>
<word id="word_195">tikai</word>
<word id="word_196">ar</word>
<word id="word_197">savu</word>
<word id="word_198">zīmolu</word>
<word id="word_199">,</word>
<word id="word_200">pēc</word>
<word id="word_201">citu</word>
<word id="word_202">zīmolu</word>
<word id="word_203">pasūtījuma</word>
<word id="word_204">neko</word>
<word id="word_205">nešujam</word>
<word id="word_206">.</word>
<word id="word_207">Tas</word>
<word id="word_208">ir</word>
<word id="word_209">izdevīgi</word>
<word id="word_210">tikai</word>
<word id="word_211">tādā</word>
<word id="word_212">gadījumā</word>
<word id="word_213">,</word>
<word id="word_214">ja</word>
<word id="word_215">ir</word>
<word id="word_216">uzņēmums</word>
<word id="word_217">ar</word>
<word id="word_218">šūšanas</word>
<word id="word_219">iekārtām</word>
<word id="word_220">un</word>
<word id="word_221">darbiniekiem</word>
<word id="word_222">,</word>
<word id="word_223">kuram</word>
<word id="word_224">tiek</word>
<word id="word_225">piegādātas</word>
<word id="word_226">piegrieztnes</word>
<word id="word_227">,</word>
<word id="word_228">audumi</word>
<word id="word_229">,</word>
<word id="word_230">un</word>
<word id="word_231">no</word>
<word id="word_232">tā</word>
<word id="word_233">tiek</word>
<word id="word_234">ražota</word>
<word id="word_235">produkcija</word>
<word id="word_236">.</word>
<word id="word_237">Pašizmaksai</word>
<word id="word_238">būtu</word>
<word id="word_239">jābūt</word>
<word id="word_240">zemai</word>
<word id="word_241">,</word>
<word id="word_242">nav</word>
<word id="word_243">obligāti</word>
<word id="word_244">,</word>
<word id="word_245">lai</word>
<word id="word_246">tā</word>
<word id="word_247">konkurētu</word>
<word id="word_248">ar</word>
<word id="word_249">Ķīnas</word>
<word id="word_250">cenām</word>
<word id="word_251">,</word>
<word id="word_252">bet</word>
<word id="word_253">tai</word>
<word id="word_254">jābūt</word>
<word id="word_255">pietiekami</word>
<word id="word_256">zemai</word>
<word id="word_257">.</word>
<word id="word_258">Šajā</word>
<word id="word_259">gadījumā</word>
<word id="word_260">uzņēmums</word>
<word id="word_261">ir</word>
<word id="word_262">pilnībā</word>
<word id="word_263">atkarīgs</word>
<word id="word_264">no</word>
<word id="word_265">nākamajā</word>
<word id="word_266">brīdī</word>
<word id="word_267">izvietot</word>
<word id="word_268">pasūtījumus</word>
<word id="word_269">,</word>
<word id="word_270">piemēram</word>
<word id="word_271">,</word>
<word id="word_272">Slovēnijā</word>
<word id="word_273">vai</word>
<word id="word_274">kur</word>
<word id="word_275">citur</word>
<word id="word_276">.</word>
<word id="word_277">Un</word>
<word id="word_278">tad</word>
<word id="word_279">ražotājam</word>
<word id="word_280">rodas</word>
<word id="word_281">problēmas</word>
<word id="word_282">-</word>
<word id="word_283">ar</word>
<word id="word_284">ko</word>
<word id="word_285">noslogot</word>
<word id="word_286">ražošanas</word>
<word id="word_287">jaudas</word>
<word id="word_288">,</word>
<word id="word_289">nodarbināt</word>
<word id="word_290">strādājošos</word>
<word id="word_291">.</word>
<word id="word_292">Ja</word>
<word id="word_293">ir</word>
<word id="word_294">nopietns</word>
<word id="word_295">sadarbības</word>
<word id="word_296">līgums</word>
<word id="word_297">vismaz</word>
<word id="word_298">uz</word>
<word id="word_299">desmit</word>
<word id="word_300">gadiem</word>
<word id="word_301">,</word>
<word id="word_302">tad</word>
<word id="word_303">tam</word>
<word id="word_304">ir</word>
<word id="word_305">jēga</word>
<word id="word_306">,</word>
<word id="word_307">ja</word>
<word id="word_308">nav</word>
<word id="word_309">-</word>
<word id="word_310">tad</word>
<word id="word_311">tas</word>
<word id="word_312">ir</word>
<word id="word_313">riskanti</word>
<word id="word_314">.</word>
<word id="word_315">Tad</word>
<word id="word_316">visu</word>
<word id="word_317">laiku</word>
<word id="word_318">ir</word>
<word id="word_319">nestabilitātes</word>
<word id="word_320">sajūta</word>
<word id="word_321">.</word>
<word id="word_322">Pārorientēt</word>
<word id="word_323">uzņēmumu</word>
<word id="word_324">uz</word>
<word id="word_325">pašiem</word>
<word id="word_326">savas</word>
<word id="word_327">kolekcijas</word>
<word id="word_328">ražošanu</word>
<word id="word_329">ir</word>
<word id="word_330">diezgan</word>
<word id="word_331">grūti</word>
<word id="word_332">-</word>
<word id="word_333">nepieciešami</word>
<word id="word_334">modelētāji</word>
<word id="word_335">,</word>
<word id="word_336">konstruktori</word>
<word id="word_337">,</word>
<word id="word_338">eksperimentālais</word>
<word id="word_339">cehs</word>
<word id="word_340">un</word>
<word id="word_341">diezgan</word>
<word id="word_342">liels</word>
<word id="word_343">tehnologu</word>
<word id="word_344">skaits</word>
<word id="word_345">.</word>
<word id="word_346">Līdz</word>
<word id="word_347">ar</word>
<word id="word_348">to</word>
<word id="word_349">darbinieku</word>
<word id="word_350">skaits</word>
<word id="word_351">pieaug</word>
<word id="word_352">aptuveni</word>
<word id="word_353">par</word>
<word id="word_354">30</word>
<word id="word_355">%</word>
<word id="word_356">,</word>
<word id="word_357">jāiegādājas</word>
<word id="word_358">daudz</word>
<word id="word_359">jaunu</word>
<word id="word_360">pasūtītāja</word>
<word id="word_361">,</word>
<word id="word_362">taču</word>
<word id="word_363">pasūtītājs</word>
<word id="word_364">vienu</word>
<word id="word_365">brīdi</word>
<word id="word_366">var</word>
<word id="word_367">strādāt</word>
<word id="word_368">ar</word>
<word id="word_369">Latvijas</word>
<word id="word_370">ražotāju</word>
<word id="word_371">,</word>
<word id="word_372">kamēr</word>
<word id="word_373">tas</word>
<word id="word_374">ir</word>
<word id="word_375">izdevīgi</word>
<word id="word_376">,</word>
<word id="word_377">bet</word>
<word id="word_378">iekārtu</word>
<word id="word_379">-</word>
<word id="word_380">tas</word>
<word id="word_381">viss</word>
<word id="word_382">prasa</word>
<word id="word_383">diezgan</word>
<word id="word_384">apjomīgas</word>
<word id="word_385">investīcijas</word>
<word id="word_386">.</word>
<word id="word_387">Vai</word>
<word id="word_388">"</word>
<word id="word_389">Vaide</word>
<word id="word_390">"</word>
<word id="word_391">jau</word>
<word id="word_392">no</word>
<word id="word_393">darbības</word>
<word id="word_394">sākuma</word>
<word id="word_395">šuva</word>
<word id="word_396">tikai</word>
<word id="word_397">sava</word>
<word id="word_398">zīmola</word>
<word id="word_399">apģērbus</word>
<word id="word_400">?</word>
<word id="word_401">Jā</word>
<word id="word_402">,</word>
<word id="word_403">lai gan</word>
<word id="word_404">pirms</word>
<word id="word_405">gandrīz</word>
<word id="word_406">20</word>
<word id="word_407">gadiem</word>
<word id="word_408">uzņēmuma</word>
<word id="word_409">īpašnieki</word>
<word id="word_410">nedomāja</word>
<word id="word_411">,</word>
<word id="word_412">ka</word>
<word id="word_413">nosaukums</word>
<word id="word_414">"</word>
<word id="word_415">Vaide</word>
<word id="word_416">"</word>
<word id="word_417">izveidosies</word>
<word id="word_418">par</word>
<word id="word_419">zīmolu</word>
<word id="word_420">,</word>
<word id="word_421">tas</word>
<word id="word_422">notika</word>
<word id="word_423">pakāpeniski</word>
<word id="word_424">.</word>
<word id="word_425">Viss</word>
<word id="word_426">nopelnītais</word>
<word id="word_427">nepārtraukti</word>
<word id="word_428">tika</word>
<word id="word_429">ieguldīts</word>
<word id="word_430">ražošanas</word>
<word id="word_431">attīstībā</word>
<word id="word_432">,</word>
<word id="word_433">līdz</word>
<word id="word_434">izauga</word>
<word id="word_435">nopietns</word>
<word id="word_436">,</word>
<word id="word_437">liels</word>
<word id="word_438">uzņēmums</word>
<word id="word_439">ar</word>
<word id="word_440">pazīstamu</word>
<word id="word_441">zīmolu</word>
<word id="word_442">.</word>
<word id="word_443">Latvijā</word>
<word id="word_444">tādu</word>
<word id="word_445">uzņēmumu</word>
<word id="word_446">nav</word>
<word id="word_447">daudz</word>
<word id="word_448">-</word>
<word id="word_449">lielākā</word>
<word id="word_450">daļa</word>
<word id="word_451">ir</word>
<word id="word_452">izveidojusies</word>
<word id="word_453">uz</word>
<word id="word_454">privatizētu</word>
<word id="word_455">padomju</word>
<word id="word_456">laika</word>
<word id="word_457">šūšanas</word>
<word id="word_458">uzņēmumu</word>
<word id="word_459">bāzes</word>
<word id="word_460">,</word>
<word id="word_461">vai</word>
<word id="word_462">arī</word>
<word id="word_463">izveidojušies</word>
<word id="word_464">ar</word>
<word id="word_465">ārvalstu</word>
<word id="word_466">investoru</word>
<word id="word_467">ieguldīto</word>
<word id="word_468">līdzekļu</word>
<word id="word_469">palīdzību</word>
<word id="word_470">.</word>
<word id="word_471">"</word>
<word id="word_472">Vaide</word>
<word id="word_473">"</word>
<word id="word_474">izveidojās</word>
<word id="word_475">no</word>
<word id="word_476">nulles</word>
<word id="word_477">un</word>
<word id="word_478">bez</word>
<word id="word_479">jebkādām</word>
<word id="word_480">investīcijām</word>
<word id="word_481">no</word>
<word id="word_482">ārpuses</word>
<word id="word_483">.</word>
<word id="word_484">Šķiet</word>
<word id="word_485">,</word>
<word id="word_486">ka</word>
<word id="word_487">tagad</word>
<word id="word_488">starp</word>
<word id="word_489">trikotāžas</word>
<word id="word_490">uzņēmumiem</word>
<word id="word_491">,</word>
<word id="word_492">kuri</word>
<word id="word_493">ražo</word>
<word id="word_494">apģērbus</word>
<word id="word_495">ar</word>
<word id="word_496">savu</word>
<word id="word_497">zīmolu</word>
<word id="word_498">,</word>
<word id="word_499">esam</word>
<word id="word_500">vieni</word>
<word id="word_501">no</word>
<word id="word_502">tirgus</word>
<word id="word_503">līderiem</word>
<word id="word_504">.</word>
<word id="word_505">Protams</word>
<word id="word_506">,</word>
<word id="word_507">neapstrīdams</word>
<word id="word_508">tirgus</word>
<word id="word_509">līderis</word>
<word id="word_510">ir</word>
<word id="word_511">"</word>
<word id="word_512">Ogres</word>
<word id="word_513">trikotāža</word>
<word id="word_514">"</word>
<word id="word_515">,</word>
<word id="word_516">bet</word>
<word id="word_517">jāņem</word>
<word id="word_518">vērā</word>
<word id="word_519">,</word>
<word id="word_520">ka</word>
<word id="word_521">tas</word>
<word id="word_522">ir</word>
<word id="word_523">liels</word>
<word id="word_524">holdings</word>
<word id="word_525">,</word>
<word id="word_526">ar</word>
<word id="word_527">kuru</word>
<word id="word_528">sacensties</word>
<word id="word_529">"</word>
<word id="word_530">Vaide</word>
<word id="word_531">"</word>
<word id="word_532">nespēj</word>
<word id="word_533">.</word>
<word id="word_534">Ja</word>
<word id="word_535">šis</word>
<word id="word_536">holdings</word>
<word id="word_537">,</word>
<word id="word_538">piemēram</word>
<word id="word_539">,</word>
<word id="word_540">nolems</word>
<word id="word_541">atklāt</word>
<word id="word_542">tirdzniecības</word>
<word id="word_543">tīklu</word>
<word id="word_544">ar</word>
<word id="word_545">50</word>
<word id="word_546">veikaliem</word>
<word id="word_547">,</word>
<word id="word_548">tad</word>
<word id="word_549">viņi</word>
<word id="word_550">to</word>
<word id="word_551">arī</word>
<word id="word_552">izdarīs</word>
<word id="word_553">,</word>
<word id="word_554">kaut vai</word>
<word id="word_555">ziedojot</word>
<word id="word_556">visu</word>
<word id="word_557">holdinga</word>
<word id="word_558">peļņu</word>
<word id="word_559">.</word>
<word id="word_560">"</word>
<word id="word_561">Vaides</word>
<word id="word_562">"</word>
<word id="word_563">pluss</word>
<word id="word_564">ir</word>
<word id="word_565">tas</word>
<word id="word_566">,</word>
<word id="word_567">ka</word>
<word id="word_568">uzņēmums</word>
<word id="word_569">attīstās</word>
<word id="word_570">pats</word>
<word id="word_571">saviem</word>
<word id="word_572">spēkiem</word>
<word id="word_573">un</word>
<word id="word_574">nav</word>
<word id="word_575">ne</word>
<word id="word_576">no</word>
<word id="word_577">viena</word>
<word id="word_578">finansiāli</word>
<word id="word_579">atkarīgs</word>
<word id="word_580">.</word>
<word id="word_581">Vai</word>
<word id="word_582">visu</word>
<word id="word_583">laiku</word>
<word id="word_584">attīstība</word>
<word id="word_585">notikusi</word>
<word id="word_586">,</word>
<word id="word_587">tikai</word>
<word id="word_588">ieguldot</word>
<word id="word_589">pašu</word>
<word id="word_590">nopelnīto</word>
<word id="word_591">?</word>
<word id="word_592">Vai</word>
<word id="word_593">nav</word>
<word id="word_594">ņemti</word>
<word id="word_595">kredīti</word>
<word id="word_596">iekārtu</word>
<word id="word_597">iegādei</word>
<word id="word_598">,</word>
<word id="word_599">modernizācijai</word>
<word id="word_600">?</word>
<word id="word_601">Protams</word>
<word id="word_602">,</word>
<word id="word_603">ir</word>
<word id="word_604">ņemti</word>
<word id="word_605">kredīti</word>
<word id="word_606">,</word>
<word id="word_607">piemēram</word>
<word id="word_608">,</word>
<word id="word_609">lai</word>
<word id="word_610">iegādātos</word>
<word id="word_611">otro</word>
<word id="word_612">šūšanas</word>
<word id="word_613">fabriku</word>
<word id="word_614">Jelgavā</word>
<word id="word_615">.</word>
<word id="word_616">Bez</word>
<word id="word_617">kredīta</word>
<word id="word_618">mūsdienās</word>
<word id="word_619">,</word>
<word id="word_620">ņemot</word>
<word id="word_621">vērā</word>
<word id="word_622">nekustamo</word>
<word id="word_623">īpašumu</word>
<word id="word_624">cenas</word>
<word id="word_625">,</word>
<word id="word_626">tāds</word>
<word id="word_627">darījums</word>
<word id="word_628">nav</word>
<word id="word_629">iespējams</word>
<word id="word_630">,</word>
<word id="word_631">ja</word>
<word id="word_632">vien</word>
<word id="word_633">ir</word>
<word id="word_634">vēlme</word>
<word id="word_635">uzņēmumā</word>
<word id="word_636">saglabāt</word>
<word id="word_637">kaut</word>
<word id="word_638">nelielu</word>
<word id="word_639">peļņu</word>
<word id="word_640">.</word>
<word id="word_641">Savukārt</word>
<word id="word_642">iekārtu</word>
<word id="word_643">iegādei</word>
<word id="word_644">kredīti</word>
<word id="word_645">nav</word>
<word id="word_646">ņemti</word>
<word id="word_647">.</word>
<word id="word_648">Tiek</word>
<word id="word_649">izmantoti</word>
<word id="word_650">arī</word>
<word id="word_651">banku</word>
<word id="word_652">piedāvātie</word>
<word id="word_653">overdrafta</word>
<word id="word_654">pakalpojumi</word>
<word id="word_655">-</word>
<word id="word_656">ne jau</word>
<word id="word_657">tāpēc</word>
<word id="word_658">,</word>
<word id="word_659">ka</word>
<word id="word_660">"</word>
<word id="word_661">Vaidei</word>
<word id="word_662">"</word>
<word id="word_663">tos</word>
<word id="word_664">īpaši</word>
<word id="word_665">vajadzētu</word>
<word id="word_666">,</word>
<word id="word_667">bet</word>
<word id="word_668">tas</word>
<word id="word_669">ir</word>
<word id="word_670">ērts</word>
<word id="word_671">finanšu</word>
<word id="word_672">instruments</word>
<word id="word_673">,</word>
<word id="word_674">kuru</word>
<word id="word_675">var</word>
<word id="word_676">izmantot</word>
<word id="word_677">darbā</word>
<word id="word_678">ar</word>
<word id="word_679">piegādātājiem</word>
<word id="word_680">.</word>
<word id="word_681">Mēnesī</word>
<word id="word_682">ražojam</word>
<word id="word_683">vidēji</word>
<word id="word_684">35000</word>
<word id="word_685">līdz</word>
<word id="word_686">40000</word>
<word id="word_687">izstrādājumu</word>
<word id="word_688">atkarībā</word>
<word id="word_689">no</word>
<word id="word_690">kolekcijas</word>
<word id="word_691">,</word>
<word id="word_692">un</word>
<word id="word_693">tiem</word>
<word id="word_694">ir</word>
<word id="word_695">nepieciešams</word>
<word id="word_696">liels</word>
<word id="word_697">audumu</word>
<word id="word_698">daudzums</word>
<word id="word_699">.</word>
<word id="word_700">Šie</word>
<word id="word_701">apjomi</word>
<word id="word_702">maksā</word>
<word id="word_703">vairākus</word>
<word id="word_704">simtus</word>
<word id="word_705">tūkstošu</word>
<word id="word_706">eiro</word>
<word id="word_707">mēnesī</word>
<word id="word_708">,</word>
<word id="word_709">un</word>
<word id="word_710">,</word>
<word id="word_711">lai</word>
<word id="word_712">audumus</word>
<word id="word_713">varētu</word>
<word id="word_714">iegādāties</word>
<word id="word_715">,</word>
<word id="word_716">izmantojam</word>
<word id="word_717">overdraftu</word>
<word id="word_718">.</word>
<word id="word_719">Itālijas</word>
<word id="word_720">un</word>
<word id="word_721">Francijas</word>
<word id="word_722">audumu</word>
<word id="word_723">piegādātāji</word>
<word id="word_724">,</word>
<word id="word_725">ar</word>
<word id="word_726">kuriem</word>
<word id="word_727">strādājam</word>
<word id="word_728">,</word>
<word id="word_729">ļoti</word>
<word id="word_730">reti</word>
<word id="word_731">piedāvā</word>
<word id="word_732">norēķināties</word>
<word id="word_733">ar</word>
<word id="word_734">pēcapmaksu</word>
<word id="word_735">.</word>
<word id="word_736">Vispār</word>
<word id="word_737">jau</word>
<word id="word_738">modes</word>
<word id="word_739">pasaulē</word>
<word id="word_740">apģērbs</word>
<word id="word_741">tiek</word>
<word id="word_742">uzskatīts</word>
<word id="word_743">par</word>
<word id="word_744">"</word>
<word id="word_745">ātri</word>
<word id="word_746">bojājošos</word>
<word id="word_747">preci</word>
<word id="word_748">"</word>
<word id="word_749">-</word>
<word id="word_750">kolekcijas</word>
<word id="word_751">mūžs</word>
<word id="word_752">ir</word>
<word id="word_753">,</word>
<word id="word_754">lielākais</word>
<word id="word_755">pusgads</word>
<word id="word_756">,</word>
<word id="word_757">un</word>
<word id="word_758">pēc</word>
<word id="word_759">tam</word>
<word id="word_760">tā</word>
<word id="word_761">vairs</word>
<word id="word_762">nevienam</word>
<word id="word_763">nav</word>
<word id="word_764">vajadzīga</word>
<word id="word_765">,</word>
<word id="word_766">tāpēc</word>
<word id="word_767">arī</word>
<word id="word_768">ir</word>
<word id="word_769">šāda</word>
<word id="word_770">sistēma</word>
<word id="word_771">.</word>
<word id="word_772">Kādas</word>
<word id="word_773">ir</word>
<word id="word_774">kopējās</word>
<word id="word_775">investīcijas</word>
<word id="word_776">,</word>
<word id="word_777">kas</word>
<word id="word_778">uzņēmuma</word>
<word id="word_779">20</word>
<word id="word_780">gadu</word>
<word id="word_781">pastāvēšanas</word>
<word id="word_782">laikā</word>
<word id="word_783">ir</word>
<word id="word_784">ieguldītas</word>
<word id="word_785">attīstībā</word>
<word id="word_786">?</word>
<word id="word_787">Nevarēšu</word>
<word id="word_788">pateikt</word>
<word id="word_789">pat</word>
<word id="word_790">aptuveno</word>
<word id="word_791">ciparu</word>
<word id="word_792">,</word>
<word id="word_793">tie</word>
<word id="word_794">noteikti</word>
<word id="word_795">ir</word>
<word id="word_796">miljoni</word>
<word id="word_797">latu</word>
<word id="word_798">.</word>
<word id="word_799">Ražošanā</word>
<word id="word_800">,</word>
<word id="word_801">protams</word>
<word id="word_802">,</word>
<word id="word_803">nauda</word>
<word id="word_804">ir</word>
<word id="word_805">svarīga</word>
<word id="word_806">,</word>
<word id="word_807">taču</word>
<word id="word_808">šos</word>
<word id="word_809">ieguldījumus</word>
<word id="word_810">nevar</word>
<word id="word_811">salīdzināt</word>
<word id="word_812">ar</word>
<word id="word_813">ieguldīto</word>
<word id="word_814">cilvēku</word>
<word id="word_815">darbu</word>
<word id="word_816">.</word>
<word id="word_817">Tad</word>
<word id="word_818">,</word>
<word id="word_819">kad</word>
<word id="word_820">bizness</word>
<word id="word_821">tiek</word>
<word id="word_822">veidots</word>
<word id="word_823">pilnīgi</word>
<word id="word_824">no</word>
<word id="word_825">nulles</word>
<word id="word_826">,</word>
<word id="word_827">īpaši</word>
<word id="word_828">tāds</word>
<word id="word_829">bizness</word>
<word id="word_830">,</word>
<word id="word_831">kurš</word>
<word id="word_832">prasa</word>
<word id="word_833">daudzu</word>
<word id="word_834">cilvēku</word>
<word id="word_835">darbu</word>
<word id="word_836">,</word>
<word id="word_837">kā</word>
<word id="word_838">tas</word>
<word id="word_839">ir</word>
<word id="word_840">šūšanas</word>
<word id="word_841">biznesā</word>
<word id="word_842">,</word>
<word id="word_843">investīcijas</word>
<word id="word_844">cilvēkos</word>
<word id="word_845">ir</word>
<word id="word_846">daudz</word>
<word id="word_847">svarīgākas</word>
<word id="word_848">nekā</word>
<word id="word_849">finansiālas</word>
<word id="word_850">investīcijas</word>
<word id="word_851">.</word>
<word id="word_852">Kad</word>
<word id="word_853">"</word>
<word id="word_854">Vaide</word>
<word id="word_855">"</word>
<word id="word_856">iegādājās</word>
<word id="word_857">šūšanas</word>
<word id="word_858">fabriku</word>
<word id="word_859">Jelgavā</word>
<word id="word_860">?</word>
<word id="word_861">Tad</word>
<word id="word_862">arī</word>
<word id="word_863">bija</word>
<word id="word_864">nepieciešamība</word>
<word id="word_865">paplašināt</word>
<word id="word_866">ražošanu</word>
<word id="word_867">?</word>
<word id="word_868">Mēs</word>
<word id="word_869">šo</word>
<word id="word_870">fabriku</word>
<word id="word_871">nopirkām</word>
<word id="word_872">2007.</word>
<word id="word_873">gadā</word>
<word id="word_874">.</word>
<word id="word_875">Nepieciešamību</word>
<word id="word_876">paplašināt</word>
<word id="word_877">ražošanu</word>
<word id="word_878">esam</word>
<word id="word_879">izjutuši</word>
<word id="word_880">vienmēr</word>
<word id="word_881">,</word>
<word id="word_882">varbūt</word>
<word id="word_883">tikai</word>
<word id="word_884">2009.</word>
<word id="word_885">un</word>
<word id="word_886">2010.</word>
<word id="word_887">gadā</word>
<word id="word_888">nebija</word>
<word id="word_889">šādas</word>
<word id="word_890">nepieciešamības</word>
<word id="word_891">,</word>
<word id="word_892">kad</word>
<word id="word_893">valdīja</word>
<word id="word_894">zināma</word>
<word id="word_895">stagnācija</word>
<word id="word_896">un</word>
<word id="word_897">bija</word>
<word id="word_898">diezgan</word>
<word id="word_899">riskanti</word>
<word id="word_900">palielināt</word>
<word id="word_901">ražošanas</word>
<word id="word_902">apjomus</word>
<word id="word_903">.</word>
<word id="word_904">Visus</word>
<word id="word_905">citus</word>
<word id="word_906">gadus</word>
<word id="word_907">paplašināšanās</word>
<word id="word_908">notiek</word>
<word id="word_909">.</word>
<word id="word_910">Katru</word>
<word id="word_911">gadu</word>
<word id="word_912">darbinieku</word>
<word id="word_913">skaitu</word>
<word id="word_914">papildina</word>
<word id="word_915">piecas</word>
<word id="word_916">līdz</word>
<word id="word_917">septiņas</word>
<word id="word_918">jaunas</word>
<word id="word_919">šuvējas</word>
<word id="word_920">,</word>
<word id="word_921">un</word>
<word id="word_922">2012.</word>
<word id="word_923">gada</word>
<word id="word_924">rudens</word>
<word id="word_925">beigās</word>
<word id="word_926">uzņēmumā</word>
<word id="word_927">strādāja</word>
<word id="word_928">219</word>
<word id="word_929">darbinieki</word>
<word id="word_930">.</word>
<word id="word_931">Ļoti</word>
<word id="word_932">daudz</word>
<word id="word_933">20</word>
<word id="word_934">gadu</word>
<word id="word_935">laikā</word>
<word id="word_936">ir</word>
<word id="word_937">izdarīts</word>
<word id="word_938">uzņēmuma</word>
<word id="word_939">mārketinga</word>
<word id="word_940">attīstībā</word>
<word id="word_941">,</word>
<word id="word_942">lai gan</word>
<word id="word_943">brīžiem</word>
<word id="word_944">tas</word>
<word id="word_945">no</word>
<word id="word_946">malas</word>
<word id="word_947">nemaz</word>
<word id="word_948">nav</word>
<word id="word_949">redzams</word>
<word id="word_950">.</word>
<word id="word_951">Gadā</word>
<word id="word_952">tiek</word>
<word id="word_953">izlaistas</word>
<word id="word_954">sešas</word>
<word id="word_955">kolekcijas</word>
<word id="word_956">,</word>
<word id="word_957">katru</word>
<word id="word_958">no</word>
<word id="word_959">tām</word>
<word id="word_960">pavada</word>
<word id="word_961">katalogs</word>
<word id="word_962">,</word>
<word id="word_963">bet</word>
<word id="word_964">"</word>
<word id="word_965">business</word>
<word id="word_966">to</word>
<word id="word_967">business</word>
<word id="word_968">"</word>
<word id="word_969">(</word>
<word id="word_970">B2B</word>
<word id="word_971">)</word>
<word id="word_972">klientiem</word>
<word id="word_973">-</word>
<word id="word_974">arī</word>
<word id="word_975">elektroniskās</word>
<word id="word_976">pasūtījuma</word>
<word id="word_977">veidlapas</word>
<word id="word_978">,</word>
<word id="word_979">kuras</word>
<word id="word_980">ir</word>
<word id="word_981">integrētas</word>
<word id="word_982">uzņēmuma</word>
<word id="word_983">informācijas</word>
<word id="word_984">sistēmā</word>
<word id="word_985">,</word>
<word id="word_986">"</word>
<word id="word_987">Vaidei</word>
<word id="word_988">"</word>
<word id="word_989">ar</word>
<word id="word_990">saviem</word>
<word id="word_991">klientiem</word>
<word id="word_992">ir</word>
<word id="word_993">nodrošināta</word>
<word id="word_994">pilnīga</word>
<word id="word_995">elektroniskā</word>
<word id="word_996">dokumetu</word>
<word id="word_997">apmaiņa</word>
<word id="word_998">.</word>
<word id="word_999">B2B</word>
<word id="word_1000">segmentā</word>
<word id="word_1001">notiek</word>
<word id="word_1002">arī</word>
<word id="word_1003">daudzas</word>
<word id="word_1004">akcijas</word>
<word id="word_1005">,</word>
<word id="word_1006">izstādes</word>
<word id="word_1007">,</word>
<word id="word_1008">kolekciju</word>
<word id="word_1009">demonstrācijas</word>
<word id="word_1010">.</word>
<word id="word_1011">Lielākā</word>
<word id="word_1012">daļa</word>
<word id="word_1013">mārketinga</word>
<word id="word_1014">aktivitāšu</word>
<word id="word_1015">notiek</word>
<word id="word_1016">tieši</word>
<word id="word_1017">B2B</word>
<word id="word_1018">segmentā</word>
<word id="word_1019">,</word>
<word id="word_1020">bet</word>
<word id="word_1021">"</word>
<word id="word_1022">business</word>
<word id="word_1023">to</word>
<word id="word_1024">consumer</word>
<word id="word_1025">"</word>
<word id="word_1026">(</word>
<word id="word_1027">B2C</word>
<word id="word_1028">)</word>
<word id="word_1029">segmentā</word>
<word id="word_1030">to</word>
<word id="word_1031">ir</word>
<word id="word_1032">pavisam</word>
<word id="word_1033">maz</word>
<word id="word_1034">-</word>
<word id="word_1035">veikalu</word>
<word id="word_1036">vitrīnas</word>
<word id="word_1037">,</word>
<word id="word_1038">minimālas</word>
<word id="word_1039">reklāmas</word>
<word id="word_1040">kampaņas</word>
<word id="word_1041">televīzijā</word>
<word id="word_1042">un</word>
<word id="word_1043">presē</word>
<word id="word_1044">.</word>
<word id="word_1045">Tas</word>
<word id="word_1046">ir</word>
<word id="word_1047">saprotams</word>
<word id="word_1048">,</word>
<word id="word_1049">jo</word>
<word id="word_1050">lielākā</word>
<word id="word_1051">daļa</word>
<word id="word_1052">"</word>
<word id="word_1053">Vaides</word>
<word id="word_1054">"</word>
<word id="word_1055">klientu</word>
<word id="word_1056">ir</word>
<word id="word_1057">vairumtirgotāji</word>
<word id="word_1058">,</word>
<word id="word_1059">reģionālie</word>
<word id="word_1060">izplatītāji</word>
<word id="word_1061">.</word>
<word id="word_1062">Mazumtirdzniecībā</word>
<word id="word_1063">mums</word>
<word id="word_1064">ir</word>
<word id="word_1065">tikai</word>
<word id="word_1066">13</word>
<word id="word_1067">veikali</word>
<word id="word_1068">,</word>
<word id="word_1069">kas</word>
<word id="word_1070">ir</word>
<word id="word_1071">kopā</word>
<word id="word_1072">ar</word>
<word id="word_1073">franšīzes</word>
<word id="word_1074">uzņēmumiem</word>
<word id="word_1075">.</word>
<word id="word_1076">Trīs</word>
<word id="word_1077">no</word>
<word id="word_1078">veikaliem</word>
<word id="word_1079">atrodas</word>
<word id="word_1080">Latvijā</word>
<word id="word_1081">,</word>
<word id="word_1082">Rīgā</word>
<word id="word_1083">.</word>
<word id="word_1084">Viens</word>
<word id="word_1085">veikals</word>
<word id="word_1086">ir</word>
<word id="word_1087">Tallinā</word>
<word id="word_1088">,</word>
<word id="word_1089">viens</word>
<word id="word_1090">-</word>
<word id="word_1091">Sanktpēterburgā</word>
<word id="word_1092">,</word>
<word id="word_1093">divi</word>
<word id="word_1094">veikali</word>
<word id="word_1095">ir</word>
<word id="word_1096">Maskavā</word>
<word id="word_1097">,</word>
<word id="word_1098">trīs</word>
<word id="word_1099">veikali</word>
<word id="word_1100">-</word>
<word id="word_1101">Krasnodarā</word>
<word id="word_1102">,</word>
<word id="word_1103">divi</word>
<word id="word_1104">veikali</word>
<word id="word_1105">ir</word>
<word id="word_1106">Ukrainā</word>
<word id="word_1107">,</word>
<word id="word_1108">Dņepropetrovskā</word>
<word id="word_1109">,</word>
<word id="word_1110">viens</word>
<word id="word_1111">veikals</word>
<word id="word_1112">-</word>
<word id="word_1113">Vācijā</word>
<word id="word_1114">,</word>
<word id="word_1115">Paderbornā</word>
<word id="word_1116">.</word>
<word id="word_1117">Visiem</word>
<word id="word_1118">sadarbības</word>
<word id="word_1119">partneriem</word>
<word id="word_1120">ir</word>
<word id="word_1121">izteikts</word>
<word id="word_1122">arī</word>
<word id="word_1123">franšīzes</word>
<word id="word_1124">piedāvājums</word>
<word id="word_1125">,</word>
<word id="word_1126">un</word>
<word id="word_1127">diezgan</word>
<word id="word_1128">daudzi</word>
<word id="word_1129">tajā</word>
<word id="word_1130">ir</word>
<word id="word_1131">arī</word>
<word id="word_1132">ieinteresēti</word>
<word id="word_1133">.</word>
<word id="word_1134">Tiek</word>
<word id="word_1135">plānots</word>
<word id="word_1136">viens</word>
<word id="word_1137">ļoti</word>
<word id="word_1138">nopietns</word>
<word id="word_1139">projekts</word>
<word id="word_1140">ar</word>
<word id="word_1141">Krievijas</word>
<word id="word_1142">investoru</word>
<word id="word_1143">Tālajos</word>
<word id="word_1144">Austrumos</word>
<word id="word_1145">,</word>
<word id="word_1146">Nahodkā</word>
<word id="word_1147">blakus</word>
<word id="word_1148">Vladivostokai</word>
<word id="word_1149">.</word>
<word id="word_1150">Šī</word>
<word id="word_1151">projekta</word>
<word id="word_1152">realizācija</word>
<word id="word_1153">tiek</word>
<word id="word_1154">plānota</word>
<word id="word_1155">2013.</word>
<word id="word_1156">gadā</word>
<word id="word_1157">.</word>
<word id="word_1158">To</word>
<word id="word_1159">visu</word>
<word id="word_1160">sasniegt</word>
<word id="word_1161">bez</word>
<word id="word_1162">ražošanas</word>
<word id="word_1163">,</word>
<word id="word_1164">kurā</word>
<word id="word_1165">tiek</word>
<word id="word_1166">reinvestēts</word>
<word id="word_1167">viss</word>
<word id="word_1168">nopelnītais</word>
<word id="word_1169">,</word>
<word id="word_1170">nemaz</word>
<word id="word_1171">nebūtu</word>
<word id="word_1172">iespējams</word>
<word id="word_1173">.</word>
<word id="word_1174">Sarunas</word>
<word id="word_1175">sākumā</word>
<word id="word_1176">minējāt</word>
<word id="word_1177">,</word>
<word id="word_1178">ka</word>
<word id="word_1179">šim</word>
<word id="word_1180">gadam</word>
<word id="word_1181">ir</word>
<word id="word_1182">pasūtījumi</word>
<word id="word_1183">par</word>
<word id="word_1184">120</word>
<word id="word_1185">%</word>
<word id="word_1186">no</word>
<word id="word_1187">ražošanas</word>
<word id="word_1188">jaudas</word>
<word id="word_1189">.</word>
<word id="word_1190">Tātad</word>
<word id="word_1191">tiek</word>
<word id="word_1192">plānota</word>
<word id="word_1193">ražošanas</word>
<word id="word_1194">paplašināšana</word>
<word id="word_1195">?</word>
<word id="word_1196">Paplašināšana</word>
<word id="word_1197">noteikti</word>
<word id="word_1198">būs</word>
<word id="word_1199">.</word>
<word id="word_1200">Daļa</word>
<word id="word_1201">pasūtījumu</word>
<word id="word_1202">tika</word>
<word id="word_1203">atteikta</word>
<word id="word_1204">klientiem</word>
<word id="word_1205">,</word>
<word id="word_1206">kurus</word>
<word id="word_1207">mēs</word>
<word id="word_1208">uzskatījām</word>
<word id="word_1209">par</word>
<word id="word_1210">ne</word>
<word id="word_1211">sevišķi</word>
<word id="word_1212">uzticamiem</word>
<word id="word_1213">,</word>
<word id="word_1214">līdz</word>
<word id="word_1215">ar</word>
<word id="word_1216">to</word>
<word id="word_1217">ražošanas</word>
<word id="word_1218">apjomus</word>
<word id="word_1219">būs</word>
<word id="word_1220">jāpalielina</word>
<word id="word_1221">aptuveni</word>
<word id="word_1222">par</word>
<word id="word_1223">10</word>
<word id="word_1224">%</word>
<word id="word_1225">.</word>
<word id="word_1226">Iespējams</word>
<word id="word_1227">,</word>
<word id="word_1228">ka</word>
<word id="word_1229">daļa</word>
<word id="word_1230">pasūtījumu</word>
<word id="word_1231">tiks</word>
<word id="word_1232">nodota</word>
<word id="word_1233">apakšuzņēmējiem</word>
<word id="word_1234">,</word>
<word id="word_1235">taču</word>
<word id="word_1236">pagaidām</word>
<word id="word_1237">tiekam</word>
<word id="word_1238">galā</word>
<word id="word_1239">paši</word>
<word id="word_1240">.</word>
<word id="word_1241">"</word>
<word id="word_1242">Vaidē</word>
<word id="word_1243">"</word>
<word id="word_1244">saviem</word>
<word id="word_1245">spēkiem</word>
<word id="word_1246">20</word>
<word id="word_1247">gadu</word>
<word id="word_1248">laikā</word>
<word id="word_1249">ir</word>
<word id="word_1250">radīta</word>
<word id="word_1251">ražošanas</word>
<word id="word_1252">sistēma</word>
<word id="word_1253">,</word>
<word id="word_1254">kas</word>
<word id="word_1255">ļoti</word>
<word id="word_1256">labi</word>
<word id="word_1257">funkcionē</word>
<word id="word_1258">un</word>
<word id="word_1259">apmierina</word>
<word id="word_1260">visas</word>
<word id="word_1261">prasības</word>
<word id="word_1262">ar</word>
<word id="word_1263">iespējām</word>
<word id="word_1264">paplašināt</word>
<word id="word_1265">apjomus</word>
<word id="word_1266">.</word>
<word id="word_1267">Ražošanā</word>
<word id="word_1268">ir</word>
<word id="word_1269">svarīgas</word>
<word id="word_1270">trīs</word>
<word id="word_1271">lietas</word>
<word id="word_1272">-</word>
<word id="word_1273">stabila</word>
<word id="word_1274">un</word>
<word id="word_1275">pārdomāta</word>
<word id="word_1276">klientu</word>
<word id="word_1277">bāze</word>
<word id="word_1278">,</word>
<word id="word_1279">labi</word>
<word id="word_1280">izveidots</word>
<word id="word_1281">ražošanas</word>
<word id="word_1282">process</word>
<word id="word_1283">ar</word>
<word id="word_1284">pareizajām</word>
<word id="word_1285">tehnoloģijām</word>
<word id="word_1286">un</word>
<word id="word_1287">pareizajiem</word>
<word id="word_1288">cilvēkiem</word>
<word id="word_1289">,</word>
<word id="word_1290">kā arī</word>
<word id="word_1291">uzticama</word>
<word id="word_1292">iepirkumu</word>
<word id="word_1293">daļa</word>
<word id="word_1294">,</word>
<word id="word_1295">kas</word>
<word id="word_1296">nodrošina</word>
<word id="word_1297">uzņēmuma</word>
<word id="word_1298">apgādi</word>
<word id="word_1299">ar</word>
<word id="word_1300">visu</word>
<word id="word_1301">nepieciešamo</word>
<word id="word_1302">.</word>
<word id="word_1303">Kas</word>
<word id="word_1304">ir</word>
<word id="word_1305">galvenie</word>
<word id="word_1306">audumu</word>
<word id="word_1307">piegādātāji</word>
<word id="word_1308">?</word>
<word id="word_1309">Tās</word>
<word id="word_1310">ir</word>
<word id="word_1311">Francijas</word>
<word id="word_1312">,</word>
<word id="word_1313">Itālijas</word>
<word id="word_1314">,</word>
<word id="word_1315">Vācijas</word>
<word id="word_1316">kompānijas</word>
<word id="word_1317">,</word>
<word id="word_1318">nosaukt</word>
<word id="word_1319">tās</word>
<word id="word_1320">nevaru</word>
<word id="word_1321">,</word>
<word id="word_1322">taču</word>
<word id="word_1323">kopuma</word>
<word id="word_1324">ir</word>
<word id="word_1325">kādi</word>
<word id="word_1326">20</word>
<word id="word_1327">piegādātāji</word>
<word id="word_1328">.</word>
<word id="word_1329">Uzskats</word>
<word id="word_1330">,</word>
<word id="word_1331">ka</word>
<word id="word_1332">Rietumos</word>
<word id="word_1333">viss</word>
<word id="word_1334">notiek</word>
<word id="word_1335">ideāli</word>
<word id="word_1336">,</word>
<word id="word_1337">bez</word>
<word id="word_1338">brāķa</word>
<word id="word_1339">un</word>
<word id="word_1340">laicīgi</word>
<word id="word_1341">,</word>
<word id="word_1342">ir</word>
<word id="word_1343">mīts</word>
<word id="word_1344">,</word>
<word id="word_1345">nereti</word>
<word id="word_1346">mums</word>
<word id="word_1347">savus</word>
<word id="word_1348">Itālijas</word>
<word id="word_1349">un</word>
<word id="word_1350">reizēm</word>
<word id="word_1351">arī</word>
<word id="word_1352">Vācijas</word>
<word id="word_1353">partnerus</word>
<word id="word_1354">nākas</word>
<word id="word_1355">mācīt</word>
<word id="word_1356">strādāt</word>
<word id="word_1357">.</word>
<word id="word_1358">Kā</word>
<word id="word_1359">sadalās</word>
<word id="word_1360">gatavās</word>
<word id="word_1361">produkcijas</word>
<word id="word_1362">pārdošanas</word>
<word id="word_1363">tirgi</word>
<word id="word_1364">?</word>
<word id="word_1365">Lielākā</word>
<word id="word_1366">daļa</word>
<word id="word_1367">tiek</word>
<word id="word_1368">eksportēta</word>
<word id="word_1369">un</word>
<word id="word_1370">pārsvarā</word>
<word id="word_1371">uz</word>
<word id="word_1372">Krieviju</word>
<word id="word_1373">un</word>
<word id="word_1374">NVS</word>
<word id="word_1375">valstīm</word>
<word id="word_1376">?</word>
<word id="word_1377">Pirmkārt</word>
<word id="word_1378">jāmin</word>
<word id="word_1379">tas</word>
<word id="word_1380">,</word>
<word id="word_1381">ka</word>
<word id="word_1382">mēs</word>
<word id="word_1383">esam</word>
<word id="word_1384">"</word>
<word id="word_1385">ex-works</word>
<word id="word_1386">"</word>
<word id="word_1387">tipa</word>
<word id="word_1388">kompānija</word>
<word id="word_1389">un</word>
<word id="word_1390">ārējos</word>
<word id="word_1391">tirgos</word>
<word id="word_1392">strādājam</word>
<word id="word_1393">caur</word>
<word id="word_1394">distribūcijas</word>
<word id="word_1395">tīklu</word>
<word id="word_1396">.</word>
<word id="word_1397">Tāpēc</word>
<word id="word_1398">saukt</word>
<word id="word_1399">mūs</word>
<word id="word_1400">par</word>
<word id="word_1401">eksportētajiem</word>
<word id="word_1402">nebūs</word>
<word id="word_1403">godīgi</word>
<word id="word_1404">.</word>
<word id="word_1405">Tomēr</word>
<word id="word_1406">kopumā</word>
<word id="word_1407">tiek</word>
<word id="word_1408">eksportēti</word>
<word id="word_1409">aptuveni</word>
<word id="word_1410">70</word>
<word id="word_1411">%</word>
<word id="word_1412">no</word>
<word id="word_1413">saražotā</word>
<word id="word_1414">.</word>
<word id="word_1415">No</word>
<word id="word_1416">kopējā</word>
<word id="word_1417">eksporta</word>
<word id="word_1418">apjoma</word>
<word id="word_1419">Krievijā</word>
<word id="word_1420">tiek</word>
<word id="word_1421">pārdoti</word>
<word id="word_1422">aptuveni</word>
<word id="word_1423">70</word>
<word id="word_1424">%</word>
<word id="word_1425">produkcijas</word>
<word id="word_1426">.</word>
<word id="word_1427">Strādājam</word>
<word id="word_1428">arī</word>
<word id="word_1429">Rietumeiropas</word>
<word id="word_1430">tirgos</word>
<word id="word_1431">,</word>
<word id="word_1432">bet</word>
<word id="word_1433">tas</word>
<word id="word_1434">ir</word>
<word id="word_1435">grūtāk</word>
<word id="word_1436">-</word>
<word id="word_1437">tur</word>
<word id="word_1438">ir</word>
<word id="word_1439">ļoti</word>
<word id="word_1440">daudz</word>
<word id="word_1441">uzņēmumu</word>
<word id="word_1442">,</word>
<word id="word_1443">kuriem</word>
<word id="word_1444">ir</word>
<word id="word_1445">nevis</word>
<word id="word_1446">20</word>
<word id="word_1447">gadu</word>
<word id="word_1448">vēsture</word>
<word id="word_1449">,</word>
<word id="word_1450">bet</word>
<word id="word_1451">krietni</word>
<word id="word_1452">ilgāka</word>
<word id="word_1453">,</word>
<word id="word_1454">un</word>
<word id="word_1455">to</word>
<word id="word_1456">zīmols</word>
<word id="word_1457">ir</word>
<word id="word_1458">pazīstams</word>
<word id="word_1459">jau</word>
<word id="word_1460">sen</word>
<word id="word_1461">.</word>
<word id="word_1462">Tirgus</word>
<word id="word_1463">jau</word>
<word id="word_1464">sen</word>
<word id="word_1465">ir</word>
<word id="word_1466">sadalīts</word>
<word id="word_1467">un</word>
<word id="word_1468">pārdalīts</word>
<word id="word_1469">,</word>
<word id="word_1470">un</word>
<word id="word_1471">brīvu</word>
<word id="word_1472">tirgus</word>
<word id="word_1473">nišu</word>
<word id="word_1474">,</word>
<word id="word_1475">kurās</word>
<word id="word_1476">kāds</word>
<word id="word_1477">mūs</word>
<word id="word_1478">gaidītu</word>
<word id="word_1479">,</word>
<word id="word_1480">gandrīz</word>
<word id="word_1481">nav</word>
<word id="word_1482">.</word>
<word id="word_1483">Protams</word>
<word id="word_1484">,</word>
<word id="word_1485">varētu</word>
<word id="word_1486">šūt</word>
<word id="word_1487">kādam</word>
<word id="word_1488">lielākam</word>
<word id="word_1489">zīmolam</word>
<word id="word_1490">,</word>
<word id="word_1491">bet</word>
<word id="word_1492">ielauzties</word>
<word id="word_1493">tirgū</word>
<word id="word_1494">ar</word>
<word id="word_1495">savu</word>
<word id="word_1496">zīmolu</word>
<word id="word_1497">ir</word>
<word id="word_1498">diezgan</word>
<word id="word_1499">grūti</word>
<word id="word_1500">.</word>
<word id="word_1501">Tiesa</word>
<word id="word_1502">,</word>
<word id="word_1503">strādājam</word>
<word id="word_1504">ar</word>
<word id="word_1505">izplatītājiem</word>
<word id="word_1506">Vācijā</word>
<word id="word_1507">un</word>
<word id="word_1508">Čehijā</word>
<word id="word_1509">un</word>
<word id="word_1510">no</word>
<word id="word_1511">viņiem</word>
<word id="word_1512">ir</word>
<word id="word_1513">dzirdēts</word>
<word id="word_1514">,</word>
<word id="word_1515">ka</word>
<word id="word_1516">,</word>
<word id="word_1517">strādājot</word>
<word id="word_1518">ar</word>
<word id="word_1519">kādu</word>
<word id="word_1520">vācu</word>
<word id="word_1521">kompāniju</word>
<word id="word_1522">,</word>
<word id="word_1523">20</word>
<word id="word_1524">gadu</word>
<word id="word_1525">laikā</word>
<word id="word_1526">nav</word>
<word id="word_1527">izdevies</word>
<word id="word_1528">panākt</word>
<word id="word_1529">to</word>
<word id="word_1530">,</word>
<word id="word_1531">ko</word>
<word id="word_1532">"</word>
<word id="word_1533">Vaide</word>
<word id="word_1534">"</word>
<word id="word_1535">spēj</word>
<word id="word_1536">izdarīt</word>
<word id="word_1537">gada</word>
<word id="word_1538">laikā</word>
<word id="word_1539">.</word>
<word id="word_1540">Tātad</word>
<word id="word_1541">strādāt</word>
<word id="word_1542">mēs</word>
<word id="word_1543">protam</word>
<word id="word_1544">un</word>
<word id="word_1545">tirgus</word>
<word id="word_1546">potenciāls</word>
<word id="word_1547">ir</word>
<word id="word_1548">.</word>
<word id="word_1549">Savukārt</word>
<word id="word_1550">austrumu</word>
<word id="word_1551">tirgos</word>
<word id="word_1552">konkurence</word>
<word id="word_1553">ir</word>
<word id="word_1554">mazāka</word>
<word id="word_1555">,</word>
<word id="word_1556">vietējo</word>
<word id="word_1557">uzņēmumu</word>
<word id="word_1558">,</word>
<word id="word_1559">kuriem</word>
<word id="word_1560">būtu</word>
<word id="word_1561">plaši</word>
<word id="word_1562">pazīstams</word>
<word id="word_1563">zīmols</word>
<word id="word_1564">,</word>
<word id="word_1565">nav</word>
<word id="word_1566">daudz</word>
<word id="word_1567">.</word>
<word id="word_1568">Austrumu</word>
<word id="word_1569">tirgos</word>
<word id="word_1570">ir</word>
<word id="word_1571">ļoti</word>
<word id="word_1572">daudz</word>
<word id="word_1573">Ķīnas</word>
<word id="word_1574">masu</word>
<word id="word_1575">produkcijas</word>
<word id="word_1576">,</word>
<word id="word_1577">ar</word>
<word id="word_1578">kuru</word>
<word id="word_1579">cenšamies</word>
<word id="word_1580">nekonkurēt</word>
<word id="word_1581">,</word>
<word id="word_1582">jo</word>
<word id="word_1583">"</word>
<word id="word_1584">Vaide</word>
<word id="word_1585">"</word>
<word id="word_1586">tomēr</word>
<word id="word_1587">ražo</word>
<word id="word_1588">dizaineru</word>
<word id="word_1589">izstrādātus</word>
<word id="word_1590">apģērbus</word>
<word id="word_1591">.</word>
<word id="word_1592">"</word>
<word id="word_1593">Vaides</word>
<word id="word_1594">"</word>
<word id="word_1595">mērķauditorija</word>
<word id="word_1596">ir</word>
<word id="word_1597">sievietes</word>
<word id="word_1598">vecumā</word>
<word id="word_1599">no</word>
<word id="word_1600">25</word>
<word id="word_1601">līdz</word>
<word id="word_1602">45</word>
<word id="word_1603">-</word>
<word id="word_1604">50</word>
<word id="word_1605">gadiem</word>
<word id="word_1606">,</word>
<word id="word_1607">tātad</word>
<word id="word_1608">ir</word>
<word id="word_1609">jāizstrādā</word>
<word id="word_1610">apģērbi</word>
<word id="word_1611">,</word>
<word id="word_1612">kurus</word>
<word id="word_1613">velēsies</word>
<word id="word_1614">nopirkt</word>
<word id="word_1615">25</word>
<word id="word_1616">gadus</word>
<word id="word_1617">veca</word>
<word id="word_1618">jauniete</word>
<word id="word_1619">,</word>
<word id="word_1620">bet</word>
<word id="word_1621">labprāt</word>
<word id="word_1622">valkās</word>
<word id="word_1623">arī</word>
<word id="word_1624">sieviete</word>
<word id="word_1625">45</word>
<word id="word_1626">gadu</word>
<word id="word_1627">vecumā</word>
<word id="word_1628">.</word>
<word id="word_1629">Līdz</word>
<word id="word_1630">ar</word>
<word id="word_1631">to</word>
<word id="word_1632">ir</word>
<word id="word_1633">izveidojies</word>
<word id="word_1634">īpašs</word>
<word id="word_1635">stils</word>
<word id="word_1636">,</word>
<word id="word_1637">kurā</word>
<word id="word_1638">"</word>
<word id="word_1639">Vaide</word>
<word id="word_1640">"</word>
<word id="word_1641">piedāvā</word>
<word id="word_1642">savu</word>
<word id="word_1643">produkciju</word>
<word id="word_1644">.</word>
<word id="word_1645">Uzņēmumā</word>
<word id="word_1646">ir</word>
<word id="word_1647">pieci</word>
<word id="word_1648">modelētāji</word>
<word id="word_1649">,</word>
<word id="word_1650">kuri</word>
<word id="word_1651">vienai</word>
<word id="word_1652">kolekcijai</word>
<word id="word_1653">katrs</word>
<word id="word_1654">izstrādā</word>
<word id="word_1655">aptuveni</word>
<word id="word_1656">50</word>
<word id="word_1657">jaunus</word>
<word id="word_1658">modeļus</word>
<word id="word_1659">,</word>
<word id="word_1660">bet</word>
<word id="word_1661">kolekcijā</word>
<word id="word_1662">tiek</word>
<word id="word_1663">ražoti</word>
<word id="word_1664">tikai</word>
<word id="word_1665">60</word>
<word id="word_1666">modeļi</word>
<word id="word_1667">-</word>
<word id="word_1668">tas</word>
<word id="word_1669">nozīmē</word>
<word id="word_1670">,</word>
<word id="word_1671">ka</word>
<word id="word_1672">ir</word>
<word id="word_1673">arī</word>
<word id="word_1674">liela</word>
<word id="word_1675">iekšējā</word>
<word id="word_1676">konkurence</word>
<word id="word_1677">par</word>
<word id="word_1678">to</word>
<word id="word_1679">,</word>
<word id="word_1680">kuri</word>
<word id="word_1681">modeļi</word>
<word id="word_1682">iekļūs</word>
<word id="word_1683">kolekcijā</word>
<word id="word_1684">.</word>
<word id="word_1685">Vienmēr</word>
<word id="word_1686">cenšamies</word>
<word id="word_1687">saprast</word>
<word id="word_1688">,</word>
<word id="word_1689">ko</word>
<word id="word_1690">vēlēsies</word>
<word id="word_1691">klients</word>
<word id="word_1692">,</word>
<word id="word_1693">turklāt</word>
<word id="word_1694">jāņem</word>
<word id="word_1695">vērā</word>
<word id="word_1696">klientu</word>
<word id="word_1697">gaume</word>
<word id="word_1698">gan</word>
<word id="word_1699">Vācijā</word>
<word id="word_1700">,</word>
<word id="word_1701">gan</word>
<word id="word_1702">Krievijā</word>
<word id="word_1703">,</word>
<word id="word_1704">gan</word>
<word id="word_1705">Tallinā</word>
<word id="word_1706">,</word>
<word id="word_1707">gan</word>
<word id="word_1708">Krasnodarā</word>
<word id="word_1709">,</word>
<word id="word_1710">bet</word>
<word id="word_1711">šī</word>
<word id="word_1712">gaume</word>
<word id="word_1713">ir</word>
<word id="word_1714">ļoti</word>
<word id="word_1715">atšķirīga</word>
<word id="word_1716">gan</word>
<word id="word_1717">austrumu-rietumu</word>
<word id="word_1718">,</word>
<word id="word_1719">gan</word>
<word id="word_1720">ziemeļu-dienvidu</word>
<word id="word_1721">virzienā</word>
<word id="word_1722">.</word>
<word id="word_1723">Līdz</word>
<word id="word_1724">ar</word>
<word id="word_1725">to</word>
<word id="word_1726">jāizstrāda</word>
<word id="word_1727">tādas</word>
<word id="word_1728">kolekcijas</word>
<word id="word_1729">,</word>
<word id="word_1730">kas</word>
<word id="word_1731">atbildīs</word>
<word id="word_1732">gan</word>
<word id="word_1733">"</word>
<word id="word_1734">Vaides</word>
<word id="word_1735">"</word>
<word id="word_1736">stilam</word>
<word id="word_1737">,</word>
<word id="word_1738">gan</word>
<word id="word_1739">arī</word>
<word id="word_1740">tik</word>
<word id="word_1741">atšķirīgajai</word>
<word id="word_1742">klientu</word>
<word id="word_1743">gaumei</word>
<word id="word_1744">.</word>
<word id="word_1745">Kurā</word>
<word id="word_1746">no</word>
<word id="word_1747">tirgiem</word>
<word id="word_1748">redzat</word>
<word id="word_1749">lielāku</word>
<word id="word_1750">attīstības</word>
<word id="word_1751">potenciālu</word>
<word id="word_1752">-</word>
<word id="word_1753">austrumu</word>
<word id="word_1754">vai</word>
<word id="word_1755">rietumu</word>
<word id="word_1756">?</word>
<word id="word_1757">Es</word>
<word id="word_1758">teiktu</word>
<word id="word_1759">tā</word>
<word id="word_1760">-</word>
<word id="word_1761">mēs</word>
<word id="word_1762">neizvēlamies</word>
<word id="word_1763">tirgus</word>
<word id="word_1764">,</word>
<word id="word_1765">un</word>
<word id="word_1766">būtībā</word>
<word id="word_1767">tagad</word>
<word id="word_1768">jau</word>
<word id="word_1769">ir</word>
<word id="word_1770">diezgan</word>
<word id="word_1771">vienalga</word>
<word id="word_1772">,</word>
<word id="word_1773">vai</word>
<word id="word_1774">strādāt</word>
<word id="word_1775">austrumu</word>
<word id="word_1776">,</word>
<word id="word_1777">vai</word>
<word id="word_1778">rietumu</word>
<word id="word_1779">tirgum</word>
<word id="word_1780">.</word>
<word id="word_1781">Austrumu</word>
<word id="word_1782">tirgū</word>
<word id="word_1783">patlaban</word>
<word id="word_1784">strādāt</word>
<word id="word_1785">ir</word>
<word id="word_1786">vieglāk</word>
<word id="word_1787">,</word>
<word id="word_1788">tāpēc</word>
<word id="word_1789">arī</word>
<word id="word_1790">vairāk</word>
<word id="word_1791">strādājam</word>
<word id="word_1792">šim</word>
<word id="word_1793">tirgum</word>
<word id="word_1794">.</word>
<word id="word_1795">Cenšamies</word>
<word id="word_1796">sekot</word>
<word id="word_1797">biznesa</word>
<word id="word_1798">zilo</word>
<word id="word_1799">okeānu</word>
<word id="word_1800">teorijai</word>
<word id="word_1801">un</word>
<word id="word_1802">vairāk</word>
<word id="word_1803">peldēt</word>
<word id="word_1804">zilajos</word>
<word id="word_1805">okeānos</word>
<word id="word_1806">,</word>
<word id="word_1807">nevis</word>
<word id="word_1808">sarkanajos</word>
<word id="word_1809">.</word>
<word id="word_1810">Jācenšas</word>
<word id="word_1811">pēc</word>
<word id="word_1812">iespējas</word>
<word id="word_1813">mazāk</word>
<word id="word_1814">konkurēt</word>
<word id="word_1815">,</word>
<word id="word_1816">un</word>
<word id="word_1817">tad</word>
<word id="word_1818">viss</word>
<word id="word_1819">būs</word>
<word id="word_1820">labi</word>
<word id="word_1821">.</word>
<word id="word_1822">Vadoties</word>
<word id="word_1823">pēc</word>
<word id="word_1824">šī</word>
<word id="word_1825">paša</word>
<word id="word_1826">principa</word>
<word id="word_1827">,</word>
<word id="word_1828">patlaban</word>
<word id="word_1829">diezgan</word>
<word id="word_1830">aktīvi</word>
<word id="word_1831">attīstām</word>
<word id="word_1832">mazumtirdzniecību</word>
<word id="word_1833">.</word>
<word id="word_1834">No</word>
<word id="word_1835">vienas</word>
<word id="word_1836">puses</word>
<word id="word_1837">-</word>
<word id="word_1838">tirgū</word>
<word id="word_1839">ir</word>
<word id="word_1840">diezgan</word>
<word id="word_1841">liela</word>
<word id="word_1842">konkurence</word>
<word id="word_1843">,</word>
<word id="word_1844">taču</word>
<word id="word_1845">,</word>
<word id="word_1846">no</word>
<word id="word_1847">otras</word>
<word id="word_1848">puses</word>
<word id="word_1849">,</word>
<word id="word_1850">-</word>
<word id="word_1851">šajā</word>
<word id="word_1852">tirgū</word>
<word id="word_1853">ir</word>
<word id="word_1854">ļoti</word>
<word id="word_1855">maz</word>
<word id="word_1856">ražotāju</word>
<word id="word_1857">,</word>
<word id="word_1858">bet</word>
<word id="word_1859">ražotājiem</word>
<word id="word_1860">tirdzniecībā</word>
<word id="word_1861">konkurēt</word>
<word id="word_1862">ar</word>
<word id="word_1863">klasiskajiem</word>
<word id="word_1864">tirgotājiem</word>
<word id="word_1865">ir</word>
<word id="word_1866">daudz</word>
<word id="word_1867">vieglāk</word>
<word id="word_1868">.</word>
<word id="word_1869">Mēs</word>
<word id="word_1870">varam</word>
<word id="word_1871">atļauties</word>
<word id="word_1872">daudz</word>
<word id="word_1873">vairāk</word>
<word id="word_1874">nekā</word>
<word id="word_1875">tirgotāji</word>
<word id="word_1876">-</word>
<word id="word_1877">likt</word>
<word id="word_1878">mazāku</word>
<word id="word_1879">uzcenojumu</word>
<word id="word_1880">,</word>
<word id="word_1881">uzturēt</word>
<word id="word_1882">veikalu</word>
<word id="word_1883">,</word>
<word id="word_1884">kas</word>
<word id="word_1885">tikai</word>
<word id="word_1886">sedz</word>
<word id="word_1887">uzturēšanas</word>
<word id="word_1888">izmaksas</word>
<word id="word_1889">,</word>
<word id="word_1890">bet</word>
<word id="word_1891">nepelna</word>
<word id="word_1892">.</word>
<word id="word_1893">Tā</word>
<word id="word_1894">ražotājam</word>
<word id="word_1895">nav</word>
<word id="word_1896">problēma</word>
<word id="word_1897">,</word>
<word id="word_1898">jo</word>
<word id="word_1899">peļņu</word>
<word id="word_1900">nodrošina</word>
<word id="word_1901">ražošana</word>
<word id="word_1902">,</word>
<word id="word_1903">bet</word>
<word id="word_1904">,</word>
<word id="word_1905">no</word>
<word id="word_1906">otras</word>
<word id="word_1907">puses</word>
<word id="word_1908">,</word>
<word id="word_1909">savs</word>
<word id="word_1910">veikalu</word>
<word id="word_1911">tīkls</word>
<word id="word_1912">nodrošina</word>
<word id="word_1913">ražošanu</word>
<word id="word_1914">ar</word>
<word id="word_1915">pasūtījumiem</word>
<word id="word_1916">.</word>
<word id="word_1917">Pat</word>
<word id="word_1918">tad</word>
<word id="word_1919">,</word>
<word id="word_1920">ja</word>
<word id="word_1921">kādā</word>
<word id="word_1922">no</word>
<word id="word_1923">tirgiem</word>
<word id="word_1924">rodas</word>
<word id="word_1925">problēmas</word>
<word id="word_1926">,</word>
<word id="word_1927">mēs</word>
<word id="word_1928">zinām</word>
<word id="word_1929">,</word>
<word id="word_1930">ka</word>
<word id="word_1931">savs</word>
<word id="word_1932">veikalu</word>
<word id="word_1933">tīkls</word>
<word id="word_1934">"</word>
<word id="word_1935">apēdīs</word>
<word id="word_1936">"</word>
<word id="word_1937">vismaz</word>
<word id="word_1938">20</word>
<word id="word_1939">%</word>
<word id="word_1940">no</word>
<word id="word_1941">saražotā</word>
<word id="word_1942">,</word>
<word id="word_1943">un</word>
<word id="word_1944">tas</word>
<word id="word_1945">rada</word>
<word id="word_1946">pārliecību</word>
<word id="word_1947">par</word>
<word id="word_1948">rītdienu</word>
<word id="word_1949">.</word>
<word id="word_1950">Ne</word>
<word id="word_1951">mazāk</word>
<word id="word_1952">svarīgs</word>
<word id="word_1953">sava</word>
<word id="word_1954">tirdzniecības</word>
<word id="word_1955">tīkla</word>
<word id="word_1956">uzdevums</word>
<word id="word_1957">ir</word>
<word id="word_1958">uzņēmuma</word>
<word id="word_1959">un</word>
<word id="word_1960">zīmola</word>
<word id="word_1961">tēla</word>
<word id="word_1962">veidošana</word>
<word id="word_1963">klientu</word>
<word id="word_1964">acīs</word>
<word id="word_1965">.</word>
<word id="word_1966">Vai</word>
<word id="word_1967">ir</word>
<word id="word_1968">kādi</word>
<word id="word_1969">veikalu</word>
<word id="word_1970">tīkla</word>
<word id="word_1971">paplašināšanas</word>
<word id="word_1972">plāni</word>
<word id="word_1973">šim</word>
<word id="word_1974">gadam</word>
<word id="word_1975">?</word>
<word id="word_1976">Šogad</word>
<word id="word_1977">ir</word>
<word id="word_1978">diezgan</word>
<word id="word_1979">lieli</word>
<word id="word_1980">franšīzes</word>
<word id="word_1981">tīkla</word>
<word id="word_1982">veidošanas</word>
<word id="word_1983">plāni</word>
<word id="word_1984">,</word>
<word id="word_1985">taču</word>
<word id="word_1986">tos</word>
<word id="word_1987">tagad</word>
<word id="word_1988">neatklāšu</word>
<word id="word_1989">,</word>
<word id="word_1990">jo</word>
<word id="word_1991">tur</word>
<word id="word_1992">viss</word>
<word id="word_1993">nav</word>
<word id="word_1994">atkarīgs</word>
<word id="word_1995">no</word>
<word id="word_1996">mums</word>
<word id="word_1997">.</word>
<word id="word_1998">"</word>
<word id="word_1999">Vaide</word>
<word id="word_2000">"</word>
<word id="word_2001">saviem</word>
<word id="word_2002">spēkiem</word>
<word id="word_2003">plāno</word>
<word id="word_2004">atvērt</word>
<word id="word_2005">vienu</word>
<word id="word_2006">uzņēmumam</word>
<word id="word_2007">piederošu</word>
<word id="word_2008">veikalu</word>
<word id="word_2009">Rīgā</word>
<word id="word_2010">un</word>
<word id="word_2011">vienu</word>
<word id="word_2012">-</word>
<word id="word_2013">Jūrmalā</word>
<word id="word_2014">.</word>
<word id="word_2015">Visticamāk</word>
<word id="word_2016">,</word>
<word id="word_2017">ka</word>
<word id="word_2018">pie</word>
<word id="word_2019">šo</word>
<word id="word_2020">plānu</word>
<word id="word_2021">īstenošanas</word>
<word id="word_2022">ķersimies</word>
<word id="word_2023">tikai</word>
<word id="word_2024">pavasarī</word>
<word id="word_2025">,</word>
<word id="word_2026">līdz</word>
<word id="word_2027">tam</word>
<word id="word_2028">ir</word>
<word id="word_2029">jāveic</word>
<word id="word_2030">iekšēji</word>
<word id="word_2031">ražošanas</word>
<word id="word_2032">pārkārtošanas</word>
<word id="word_2033">darbi</word>
<word id="word_2034">.</word>
<word id="word_2035">Uzņēmumam</word>
<word id="word_2036">katru</word>
<word id="word_2037">gadu</word>
<word id="word_2038">ir</word>
<word id="word_2039">neliels</word>
<word id="word_2040">apgrozījuma</word>
<word id="word_2041">un</word>
<word id="word_2042">peļņas</word>
<word id="word_2043">kāpums</word>
<word id="word_2044">.</word>
<word id="word_2045">Kāds</word>
<word id="word_2046">būs</word>
<word id="word_2047">2012.</word>
<word id="word_2048">gada</word>
<word id="word_2049">rezultāts</word>
<word id="word_2050">,</word>
<word id="word_2051">un</word>
<word id="word_2052">kāda</word>
<word id="word_2053">ir</word>
<word id="word_2054">prognoze</word>
<word id="word_2055">2013.</word>
<word id="word_2056">gadam</word>
<word id="word_2057">?</word>
<word id="word_2058">Apgrozījuma</word>
<word id="word_2059">pieaugums</word>
<word id="word_2060">ne</word>
<word id="word_2061">vienmēr</word>
<word id="word_2062">rada</word>
<word id="word_2063">peļņu</word>
<word id="word_2064">.</word>
<word id="word_2065">Krīzes</word>
<word id="word_2066">laikā</word>
<word id="word_2067">apgrozījuma</word>
<word id="word_2068">rādītāji</word>
<word id="word_2069">nedaudz</word>
<word id="word_2070">samazinājās</word>
<word id="word_2071">,</word>
<word id="word_2072">jo</word>
<word id="word_2073">uzņēmumā</word>
<word id="word_2074">tika</word>
<word id="word_2075">nomainīta</word>
<word id="word_2076">produktu</word>
<word id="word_2077">grupa</word>
<word id="word_2078">,</word>
<word id="word_2079">izstrādājumi</word>
<word id="word_2080">kļuva</word>
<word id="word_2081">krietni</word>
<word id="word_2082">dārgāki</word>
<word id="word_2083">,</word>
<word id="word_2084">jo</word>
<word id="word_2085">vairāk</word>
<word id="word_2086">pievērsāmies</word>
<word id="word_2087">modes</word>
<word id="word_2088">produkcijai</word>
<word id="word_2089">,</word>
<word id="word_2090">nevis</word>
<word id="word_2091">masu</word>
<word id="word_2092">produkcijai</word>
<word id="word_2093">.</word>
<word id="word_2094">Pagājušā</word>
<word id="word_2095">gada</word>
<word id="word_2096">apgrozījums</word>
<word id="word_2097">un</word>
<word id="word_2098">peļņa</word>
<word id="word_2099">noteikti</word>
<word id="word_2100">būs</word>
<word id="word_2101">augstāki</word>
<word id="word_2102">nekā</word>
<word id="word_2103">pērn</word>
<word id="word_2104">,</word>
<word id="word_2105">un</word>
<word id="word_2106">arī</word>
<word id="word_2107">šogad</word>
<word id="word_2108">jāsaglabājas</word>
<word id="word_2109">šādai</word>
<word id="word_2110">tendencei</word>
<word id="word_2111">.</word>
<word id="word_2112">Šūšanas</word>
<word id="word_2113">bizness</word>
<word id="word_2114">ir</word>
<word id="word_2115">ļoti</word>
<word id="word_2116">darbietilpīgs</word>
<word id="word_2117">,</word>
<word id="word_2118">un</word>
<word id="word_2119">daudzi</word>
<word id="word_2120">uzņēmumi</word>
<word id="word_2121">ir</word>
<word id="word_2122">sūdzējušies</word>
<word id="word_2123">,</word>
<word id="word_2124">ka</word>
<word id="word_2125">Latvijā</word>
<word id="word_2126">vērojams</word>
<word id="word_2127">darbaspēka</word>
<word id="word_2128">trūkums</word>
<word id="word_2129">,</word>
<word id="word_2130">turklāt</word>
<word id="word_2131">šuvējus</word>
<word id="word_2132">vairs</word>
<word id="word_2133">nesagatavo</word>
<word id="word_2134">neviena</word>
<word id="word_2135">profesionālās</word>
<word id="word_2136">izglītības</word>
<word id="word_2137">iestāde</word>
<word id="word_2138">.</word>
<word id="word_2139">Vai</word>
<word id="word_2140">"</word>
<word id="word_2141">Vaide</word>
<word id="word_2142">"</word>
<word id="word_2143">izjūt</word>
<word id="word_2144">šādas</word>
<word id="word_2145">problēmas</word>
<word id="word_2146">,</word>
<word id="word_2147">un</word>
<word id="word_2148">kā</word>
<word id="word_2149">uzņēmums</word>
<word id="word_2150">tās</word>
<word id="word_2151">risina</word>
<word id="word_2152">?</word>
<word id="word_2153">Jā</word>
<word id="word_2154">,</word>
<word id="word_2155">darbaspēka</word>
<word id="word_2156">trūkumu</word>
<word id="word_2157">izjūtam</word>
<word id="word_2158">.</word>
<word id="word_2159">Galvenais</word>
<word id="word_2160">faktors</word>
<word id="word_2161">ir</word>
<word id="word_2162">nauda</word>
<word id="word_2163">-</word>
<word id="word_2164">cik</word>
<word id="word_2165">uzņēmums</word>
<word id="word_2166">ir</word>
<word id="word_2167">gatavs</word>
<word id="word_2168">maksāt</word>
<word id="word_2169">.</word>
<word id="word_2170">Nosacīti</word>
<word id="word_2171">var</word>
<word id="word_2172">pieņemt</word>
<word id="word_2173">-</word>
<word id="word_2174">ja</word>
<word id="word_2175">šuvēja</word>
<word id="word_2176">saņemtu</word>
<word id="word_2177">1000</word>
<word id="word_2178">latu</word>
<word id="word_2179">mēnesī</word>
<word id="word_2180">"</word>
<word id="word_2181">uz</word>
<word id="word_2182">rokas</word>
<word id="word_2183">"</word>
<word id="word_2184">,</word>
<word id="word_2185">tad</word>
<word id="word_2186">nekāda</word>
<word id="word_2187">darbaspēka</word>
<word id="word_2188">trūkuma</word>
<word id="word_2189">nebūtu</word>
<word id="word_2190">.</word>
<word id="word_2191">Diemžēl</word>
<word id="word_2192">šādas</word>
<word id="word_2193">algas</word>
<word id="word_2194">maksāt</word>
<word id="word_2195">nav</word>
<word id="word_2196">iespējams</word>
<word id="word_2197">.</word>
<word id="word_2198">Problēmas</word>
<word id="word_2199">ar</word>
<word id="word_2200">šuvējām</word>
<word id="word_2201">ir</word>
<word id="word_2202">,</word>
<word id="word_2203">taču</word>
<word id="word_2204">tās</word>
<word id="word_2205">nav</word>
<word id="word_2206">kritiskas</word>
<word id="word_2207">,</word>
<word id="word_2208">tāpat</word>
<word id="word_2209">nāk</word>
<word id="word_2210">strādāt</word>
<word id="word_2211">arī</word>
<word id="word_2212">jauni</word>
<word id="word_2213">cilvēki</word>
<word id="word_2214">,</word>
<word id="word_2215">kuri</word>
<word id="word_2216">tiek</word>
<word id="word_2217">apmācīti</word>
<word id="word_2218">ražošanas</word>
<word id="word_2219">procesā</word>
<word id="word_2220">.</word>
<word id="word_2221">Tagad</word>
<word id="word_2222">sadarbībā</word>
<word id="word_2223">ar</word>
<word id="word_2224">Latvijas</word>
<word id="word_2225">Veļas</word>
<word id="word_2226">ražotāju</word>
<word id="word_2227">asociāciju</word>
<word id="word_2228">un</word>
<word id="word_2229">koledžām</word>
<word id="word_2230">ir</word>
<word id="word_2231">sākts</word>
<word id="word_2232">liels</word>
<word id="word_2233">projekts</word>
<word id="word_2234">šuvēju</word>
<word id="word_2235">sagatavošanā</word>
<word id="word_2236">Liepājā</word>
<word id="word_2237">.</word>
<word id="word_2238">No</word>
<word id="word_2239">otras</word>
<word id="word_2240">puses</word>
<word id="word_2241">-</word>
<word id="word_2242">pieņemsim</word>
<word id="word_2243">,</word>
<word id="word_2244">ka</word>
<word id="word_2245">kāda</word>
<word id="word_2246">profesionālās</word>
<word id="word_2247">izglītības</word>
<word id="word_2248">iestāde</word>
<word id="word_2249">pievērsīsies</word>
<word id="word_2250">šuvēju</word>
<word id="word_2251">apmācībai</word>
<word id="word_2252">un</word>
<word id="word_2253">gadā</word>
<word id="word_2254">sagatavos</word>
<word id="word_2255">100</word>
<word id="word_2256">šuvējas</word>
<word id="word_2257">.</word>
<word id="word_2258">Iekārtot</word>
<word id="word_2259">darbā</word>
<word id="word_2260">šīs</word>
<word id="word_2261">100</word>
<word id="word_2262">šuvējas</word>
<word id="word_2263">būs</word>
<word id="word_2264">liela</word>
<word id="word_2265">problēma</word>
<word id="word_2266">,</word>
<word id="word_2267">jo</word>
<word id="word_2268">pieprasījums</word>
<word id="word_2269">nav</word>
<word id="word_2270">tik</word>
<word id="word_2271">liels</word>
<word id="word_2272">.</word>
<word id="word_2273">Pieņemsim</word>
<word id="word_2274">,</word>
<word id="word_2275">ka</word>
<word id="word_2276">puse</word>
<word id="word_2277">no</word>
<word id="word_2278">šīm</word>
<word id="word_2279">šuvējām</word>
<word id="word_2280">nestrādās</word>
<word id="word_2281">savā</word>
<word id="word_2282">specialitātē</word>
<word id="word_2283">,</word>
<word id="word_2284">bet</word>
<word id="word_2285">tad</word>
<word id="word_2286">kāda</word>
<word id="word_2287">jēga</word>
<word id="word_2288">viņas</word>
<word id="word_2289">mācīt</word>
<word id="word_2290">?</word>
<word id="word_2291">Domāju</word>
<word id="word_2292">,</word>
<word id="word_2293">ka</word>
<word id="word_2294">agri</word>
<word id="word_2295">vai</word>
<word id="word_2296">vēlu</word>
<word id="word_2297">,</word>
<word id="word_2298">bet</word>
<word id="word_2299">industrija</word>
<word id="word_2300">nonāks</word>
<word id="word_2301">līdz</word>
<word id="word_2302">tam</word>
<word id="word_2303">,</word>
<word id="word_2304">ka</word>
<word id="word_2305">personāla</word>
<word id="word_2306">apmācība</word>
<word id="word_2307">notiks</word>
<word id="word_2308">neatrauti</word>
<word id="word_2309">no</word>
<word id="word_2310">ražošanas</word>
<word id="word_2311">procesa</word>
<word id="word_2312">.</word>
<word id="word_2313">Informācijai</word>
<word id="word_2314">:</word>
<word id="word_2315">Zīmols</word>
<word id="word_2316">"</word>
<word id="word_2317">Vaide</word>
<word id="word_2318">"</word>
<word id="word_2319">radies</word>
<word id="word_2320">1993.</word>
<word id="word_2321">gadā</word>
<word id="word_2322">Rīgā</word>
<word id="word_2323">.</word>
<word id="word_2324">SIA</word>
<word id="word_2325">"</word>
<word id="word_2326">Vaide</word>
<word id="word_2327">"</word>
<word id="word_2328">apgrozījums</word>
<word id="word_2329">2011.</word>
<word id="word_2330">gadā</word>
<word id="word_2331">bija</word>
<word id="word_2332">2,43</word>
<word id="word_2333">miljoni</word>
<word id="word_2334">latu</word>
<word id="word_2335">,</word>
<word id="word_2336">kas</word>
<word id="word_2337">ir</word>
<word id="word_2338">nedaudz</word>
<word id="word_2339">vairāk</word>
<word id="word_2340">nekā</word>
<word id="word_2341">2010.</word>
<word id="word_2342">gadā</word>
<word id="word_2343">,</word>
<word id="word_2344">kad</word>
<word id="word_2345">tas</word>
<word id="word_2346">bija</word>
<word id="word_2347">2,26</word>
<word id="word_2348">miljoni</word>
<word id="word_2349">latu</word>
<word id="word_2350">.</word>
<word id="word_2351">Uzņēmuma</word>
<word id="word_2352">peļņa</word>
<word id="word_2353">2011.</word>
<word id="word_2354">gadā</word>
<word id="word_2355">bija</word>
<word id="word_2356">56 548</word>
<word id="word_2357">lati</word>
<word id="word_2358">,</word>
<word id="word_2359">bet</word>
<word id="word_2360">2010.</word>
<word id="word_2361">gadā</word>
<word id="word_2362">-</word>
<word id="word_2363">55 148</word>
<word id="word_2364">lati</word>
<word id="word_2365">,</word>
<word id="word_2366">liecina</word>
<word id="word_2367">SIA</word>
<word id="word_2368">"</word>
<word id="word_2369">Firmas</word>
<word id="word_2370">.</word>
<word id="word_2371">lv</word>
<word id="word_2372">"</word>
<word id="word_2373">informācija</word>
<word id="word_2374">.</word>
<word id="word_2375">Uzņēmums</word>
<word id="word_2376">vienādās</word>
<word id="word_2377">daļās</word>
<word id="word_2378">pieder</word>
<word id="word_2379">Igoram</word>
<word id="word_2380">Obodovam</word>
<word id="word_2381">un</word>
<word id="word_2382">Vladimiram</word>
<word id="word_2383">Gornikam</word>
<word id="word_2384">.</word>
<word id="word_2385">Abi</word>
<word id="word_2386">ir</word>
<word id="word_2387">arī</word>
<word id="word_2388">uzņēmuma</word>
<word id="word_2389">valdes</word>
<word id="word_2390">locekļi</word>
<word id="word_2391">.</word>
</words>