<?xml version="1.0" encoding="UTF-8"?>
<!DOCTYPE markables SYSTEM "markables.dtd">
<markables xmlns="www.eml.org/NameSpaces/sentence">
<markable mmax_level="sentence" id="markable_1" span="word_1..word_8" />
<markable mmax_level="sentence" id="markable_2" span="word_9..word_11" />
<markable mmax_level="sentence" id="markable_3" span="word_12..word_42" />
<markable mmax_level="sentence" id="markable_4" span="word_43..word_48" />
<markable mmax_level="sentence" id="markable_5" span="word_49..word_87" />
<markable mmax_level="sentence" id="markable_6" span="word_88..word_98" />
<markable mmax_level="sentence" id="markable_7" span="word_99..word_102" />
<markable mmax_level="sentence" id="markable_8" span="word_103..word_122" />
<markable mmax_level="sentence" id="markable_9" span="word_123..word_131" />
<markable mmax_level="sentence" id="markable_10" span="word_132..word_160" />
<markable mmax_level="sentence" id="markable_11" span="word_161..word_175" />
<markable mmax_level="sentence" id="markable_12" span="word_176..word_198" />
<markable mmax_level="sentence" id="markable_13" span="word_199..word_207" />
<markable mmax_level="sentence" id="markable_14" span="word_208..word_217" />
<markable mmax_level="sentence" id="markable_15" span="word_218..word_229" />
<markable mmax_level="sentence" id="markable_16" span="word_230..word_236" />
<markable mmax_level="sentence" id="markable_17" span="word_237..word_259" />
<markable mmax_level="sentence" id="markable_18" span="word_260..word_277" />
<markable mmax_level="sentence" id="markable_19" span="word_278..word_297" />
<markable mmax_level="sentence" id="markable_20" span="word_298..word_305" />
<markable mmax_level="sentence" id="markable_21" span="word_306..word_319" />
<markable mmax_level="sentence" id="markable_22" span="word_320..word_348" />
<markable mmax_level="sentence" id="markable_23" span="word_349..word_363" />
<markable mmax_level="sentence" id="markable_24" span="word_364..word_382" />
<markable mmax_level="sentence" id="markable_25" span="word_383..word_390" />
<markable mmax_level="sentence" id="markable_26" span="word_391..word_404" />
<markable mmax_level="sentence" id="markable_27" span="word_405..word_425" />
<markable mmax_level="sentence" id="markable_28" span="word_426..word_438" />
<markable mmax_level="sentence" id="markable_29" span="word_439..word_450" />
<markable mmax_level="sentence" id="markable_30" span="word_451..word_473" />
<markable mmax_level="sentence" id="markable_31" span="word_474..word_482" />
<markable mmax_level="sentence" id="markable_32" span="word_483..word_499" />
<markable mmax_level="sentence" id="markable_33" span="word_500..word_510" />
<markable mmax_level="sentence" id="markable_34" span="word_511..word_522" />
<markable mmax_level="sentence" id="markable_35" span="word_523..word_544" />
<markable mmax_level="sentence" id="markable_36" span="word_545..word_557" />
<markable mmax_level="sentence" id="markable_37" span="word_558..word_584" />
<markable mmax_level="sentence" id="markable_38" span="word_585..word_597" />
<markable mmax_level="sentence" id="markable_39" span="word_598..word_609" />
<markable mmax_level="sentence" id="markable_40" span="word_610..word_622" />
<markable mmax_level="sentence" id="markable_41" span="word_623..word_649" />
<markable mmax_level="sentence" id="markable_42" span="word_650..word_671" />
<markable mmax_level="sentence" id="markable_43" span="word_672..word_677" />
<markable mmax_level="sentence" id="markable_44" span="word_678..word_704" />
<markable mmax_level="sentence" id="markable_45" span="word_705..word_736" />
<markable mmax_level="sentence" id="markable_46" span="word_737..word_752" />
<markable mmax_level="sentence" id="markable_47" span="word_753..word_765" />
<markable mmax_level="sentence" id="markable_48" span="word_766..word_773" />
<markable mmax_level="sentence" id="markable_49" span="word_774..word_790" />
<markable mmax_level="sentence" id="markable_50" span="word_791..word_809" />
<markable mmax_level="sentence" id="markable_51" span="word_810..word_826" />
<markable mmax_level="sentence" id="markable_52" span="word_827..word_835" />
<markable mmax_level="sentence" id="markable_53" span="word_836..word_853" />
<markable mmax_level="sentence" id="markable_54" span="word_854..word_860" />
<markable mmax_level="sentence" id="markable_55" span="word_861..word_873" />
<markable mmax_level="sentence" id="markable_56" span="word_874..word_879" />
<markable mmax_level="sentence" id="markable_57" span="word_880..word_890" />
<markable mmax_level="sentence" id="markable_58" span="word_891..word_899" />
<markable mmax_level="sentence" id="markable_59" span="word_900..word_904" />
<markable mmax_level="sentence" id="markable_60" span="word_905..word_926" />
<markable mmax_level="sentence" id="markable_61" span="word_927..word_937" />
<markable mmax_level="sentence" id="markable_62" span="word_938..word_944" />
<markable mmax_level="sentence" id="markable_63" span="word_945..word_953" />
<markable mmax_level="sentence" id="markable_64" span="word_954..word_962" />
<markable mmax_level="sentence" id="markable_65" span="word_963..word_976" />
<markable mmax_level="sentence" id="markable_66" span="word_977..word_992" />
<markable mmax_level="sentence" id="markable_67" span="word_993..word_1004" />
<markable mmax_level="sentence" id="markable_68" span="word_1005..word_1029" />
<markable mmax_level="sentence" id="markable_69" span="word_1030..word_1048" />
<markable mmax_level="sentence" id="markable_70" span="word_1049..word_1063" />
<markable mmax_level="sentence" id="markable_71" span="word_1064..word_1065" />
<markable mmax_level="sentence" id="markable_72" span="word_1066..word_1070" />
<markable mmax_level="sentence" id="markable_73" span="word_1071..word_1105" />
<markable mmax_level="sentence" id="markable_74" span="word_1106..word_1111" />
<markable mmax_level="sentence" id="markable_75" span="word_1112..word_1121" />
<markable mmax_level="sentence" id="markable_76" span="word_1122..word_1136" />
<markable mmax_level="sentence" id="markable_77" span="word_1137..word_1149" />
<markable mmax_level="sentence" id="markable_78" span="word_1150..word_1168" />
<markable mmax_level="sentence" id="markable_79" span="word_1169..word_1218" />
<markable mmax_level="sentence" id="markable_80" span="word_1219..word_1227" />
<markable mmax_level="sentence" id="markable_81" span="word_1228..word_1255" />
<markable mmax_level="sentence" id="markable_82" span="word_1256..word_1278" />
<markable mmax_level="sentence" id="markable_83" span="word_1279..word_1306" />
<markable mmax_level="sentence" id="markable_84" span="word_1307..word_1329" />
</markables>