<?xml version="1.0" encoding="UTF-8"?>
<!DOCTYPE markables SYSTEM "markables.dtd">
<markables xmlns="www.eml.org/NameSpaces/coref">
<markable id="markable_307" span="word_1648" coref_class="set_340"  category="organization"  mmax_level="coref"  rule="none"  type="none" />
<markable id="markable_308" span="word_1664" coref_class="set_340"  category="organization"  mmax_level="coref"  rule="none"  type="none" />
<markable id="markable_305" span="word_1633" coref_class="set_340"  category="organization"  mmax_level="coref"  rule="none"  type="none" />
<markable id="markable_306" span="word_1638" coref_class="set_340"  category="organization"  mmax_level="coref"  rule="none"  type="none" />
<markable id="markable_309" span="word_1688" coref_class="set_340"  category="organization"  mmax_level="coref"  rule="none"  type="none" />
<markable id="markable_311" span="word_1697" coref_class="set_340"  category="organization"  mmax_level="coref"  rule="none"  type="none" />
<markable id="markable_310" span="word_1691..word_1692" coref_class="empty"  category="time"  mmax_level="coref"  rule="none"  type="none" />
<markable id="markable_315" span="word_1719" coref_class="set_264"  category="organization"  mmax_level="coref"  rule="none"  type="none" />
<markable id="markable_314" span="word_1716..word_1717" coref_class="empty"  category="time"  mmax_level="coref"  rule="none"  type="none" />
<markable id="markable_313" span="word_1707" coref_class="set_264"  category="organization"  mmax_level="coref"  rule="none"  type="none" />
<markable id="markable_312" span="word_1702..word_1705" coref_class="set_264"  category="organization"  mmax_level="coref"  rule="none"  type="none" />
<markable id="markable_302" span="word_1573" coref_class="set_254"  category="organization"  mmax_level="coref"  rule="none"  type="none" />
<markable id="markable_301" span="word_1570" coref_class="set_253"  category="organization"  mmax_level="coref"  rule="none"  type="none" />
<markable id="markable_304" span="word_1627" coref_class="set_340"  category="organization"  mmax_level="coref"  rule="none"  type="none" />
<markable id="markable_303" span="word_1582" coref_class="empty"  category="organization"  mmax_level="coref"  rule="none"  type="none" />
<markable id="markable_681" span="word_934..word_935" coref_class="empty"  category="sum"  mmax_level="coref"  rule="none"  type="none" />
<markable id="markable_680" span="word_925..word_926" coref_class="empty"  category="location"  mmax_level="coref"  rule="none"  type="none" />
<markable id="markable_683" span="word_1073..word_1074" coref_class="set_229"  category="organization"  mmax_level="coref"  rule="none"  type="none" />
<markable id="markable_682" span="word_1061" coref_class="set_228"  category="organization"  mmax_level="coref"  rule="none"  type="none" />
<markable id="markable_685" span="word_1346" coref_class="set_340"  category="organization"  mmax_level="coref"  rule="none"  type="none" />
<markable id="markable_684" span="word_1084" coref_class="set_228"  category="organization"  mmax_level="coref"  rule="none"  type="none" />
<markable id="markable_687" span="word_1406..word_1407" coref_class="set_275"  category="other"  mmax_level="coref"  rule="none"  type="none" />
<markable id="markable_686" span="word_1373" coref_class="set_253"  category="organization"  mmax_level="coref"  rule="none"  type="none" />
<markable id="markable_689" span="word_1435" coref_class="set_248"  category="profession"  mmax_level="coref"  rule="none"  type="none" />
<markable id="markable_679" span="word_915..word_916" coref_class="empty"  category="sum"  mmax_level="coref"  rule="none"  type="none" />
<markable id="markable_692" span="word_1484" coref_class="set_255"  category="other"  mmax_level="coref"  rule="none"  type="none" />
<markable id="markable_691" span="word_1451" coref_class="set_255"  category="other"  mmax_level="coref"  rule="none"  type="none" />
<markable id="markable_696" span="word_1610" coref_class="set_255"  category="other"  mmax_level="coref"  rule="none"  type="none" />
<markable id="markable_695" span="word_1548" coref_class="set_275"  category="organization"  mmax_level="coref"  rule="none"  type="none" />
<markable id="markable_694" span="word_1516" coref_class="set_255"  category="other"  mmax_level="coref"  rule="none"  type="none" />
<markable id="markable_693" span="word_1513" coref_class="set_248"  category="profession"  mmax_level="coref"  rule="none"  type="none" />
<markable id="markable_699" span="word_2108..word_2109" coref_class="set_320"  category="person"  mmax_level="coref"  rule="none"  type="none" />
<markable id="markable_698" span="word_2092" coref_class="set_285"  category="other"  mmax_level="coref"  rule="none"  type="none" />
<markable id="markable_414" span="word_3168" coref_class="empty"  category="time"  mmax_level="coref"  rule="none"  type="none" />
<markable id="markable_413" span="word_3166..word_3167" coref_class="empty"  category="profession"  mmax_level="coref"  rule="none"  type="none" />
<markable id="markable_412" span="word_3154..word_3155" coref_class="empty"  category="profession"  mmax_level="coref"  rule="none"  type="none" />
<markable id="markable_411" span="word_3162..word_3163" coref_class="empty"  category="person"  mmax_level="coref"  rule="none"  type="none" />
<markable id="markable_410" span="word_3159..word_3160" coref_class="empty"  category="person"  mmax_level="coref"  rule="none"  type="none" />
<markable id="markable_408" span="word_3151..word_3152" coref_class="set_320"  category="person"  mmax_level="coref"  rule="none"  type="none" />
<markable id="markable_168" span="word_16..word_17" coref_class="set_340"  category="organization"  mmax_level="coref"  rule="none"  type="none" />
<markable id="markable_409" span="word_3156..word_3157" coref_class="empty"  category="person"  mmax_level="coref"  rule="none"  type="none" />
<markable id="markable_169" span="word_19" coref_class="set_340"  category="organization"  mmax_level="coref"  rule="none"  type="none" />
<markable id="markable_406" span="word_3148" coref_class="set_340"  category="organization"  mmax_level="coref"  rule="none"  type="none" />
<markable id="markable_407" span="word_3149..word_3150" coref_class="set_320"  category="profession"  mmax_level="coref"  rule="none"  type="none" />
<markable id="markable_404" span="word_3133..word_3135" coref_class="empty"  category="time"  mmax_level="coref"  rule="none"  type="none" />
<markable id="markable_405" span="word_3136" coref_class="set_340"  category="organization"  mmax_level="coref"  rule="none"  type="none" />
<markable id="markable_401" span="word_3097" coref_class="set_340"  category="organization"  mmax_level="coref"  rule="none"  type="none" />
<markable id="markable_400" span="word_3068..word_3070" coref_class="empty"  category="sum"  mmax_level="coref"  rule="none"  type="none" />
<markable id="markable_403" span="word_3119" coref_class="set_341"  category="organization"  mmax_level="coref"  rule="none"  type="none" />
<markable id="markable_402" span="word_3116..word_3117" coref_class="empty"  category="time"  mmax_level="coref"  rule="none"  type="none" />
<markable id="markable_542" span="word_84..word_85" coref_class="set_275"  category="organization"  mmax_level="coref"  rule="none"  type="none" />
<markable id="markable_171" span="word_2" coref_class="set_340"  category="organization"  mmax_level="coref"  rule="none"  type="none" />
<markable id="markable_539" span="word_263..word_264" coref_class="set_275"  category="organization"  mmax_level="coref"  rule="none"  type="none" />
<markable id="markable_174" span="word_48" coref_class="set_340"  category="organization"  mmax_level="coref"  rule="none"  type="none" />
<markable id="markable_172" span="word_24" coref_class="set_340"  category="other"  mmax_level="coref"  rule="none"  type="none" />
<markable id="markable_173" span="word_44..word_46" coref_class="empty"  category="organization"  mmax_level="coref"  rule="none"  type="none" />
<markable id="markable_176" span="word_49..word_50" coref_class="set_327"  category="profession"  mmax_level="coref"  rule="none"  type="none" />
<markable id="markable_432" span="word_3275" coref_class="set_340"  category="organization"  mmax_level="coref"  rule="none"  type="none" />
<markable id="markable_431" span="word_3256" coref_class="set_340"  category="organization"  mmax_level="coref"  rule="none"  type="none" />
<markable id="markable_430" span="word_3251..word_3252" coref_class="empty"  category="time"  mmax_level="coref"  rule="none"  type="none" />
<markable id="markable_436" span="word_3313" coref_class="set_340"  category="organization"  mmax_level="coref"  rule="none"  type="none" />
<markable id="markable_435" span="word_3287" coref_class="set_341"  category="organization"  mmax_level="coref"  rule="none"  type="none" />
<markable id="markable_434" span="word_3284..word_3285" coref_class="set_341"  category="organization"  mmax_level="coref"  rule="none"  type="none" />
<markable id="markable_433" span="word_3281..word_3283" coref_class="empty"  category="time"  mmax_level="coref"  rule="none"  type="none" />
<markable id="markable_710" span="word_3016" coref_class="set_327"  category="profession"  mmax_level="coref"  rule="none"  type="none" />
<markable id="markable_711" span="word_3144" coref_class="set_340"  category="other"  mmax_level="coref"  rule="none"  type="none" />
<markable id="markable_183" span="word_69..word_70" coref_class="set_341"  category="organization"  mmax_level="coref"  rule="none"  type="none" />
<markable id="markable_287" span="word_1377" coref_class="set_275"  category="organization"  mmax_level="coref"  rule="none"  type="none" />
<markable id="markable_184" span="word_72" coref_class="set_340"  category="organization"  mmax_level="coref"  rule="none"  type="none" />
<markable id="markable_185" span="word_76" coref_class="empty"  category="time"  mmax_level="coref"  rule="none"  type="none" />
<markable id="markable_702" span="word_2495..word_2496" coref_class="set_298"  category="other"  mmax_level="coref"  rule="none"  type="none" />
<markable id="markable_289" span="word_1381" coref_class="set_309"  category="organization"  mmax_level="coref"  rule="none"  type="none" />
<markable id="markable_701" span="word_2414" coref_class="set_340"  category="other"  mmax_level="coref"  rule="none"  type="none" />
<markable id="markable_527" span="word_1527" coref_class="set_340"  category="organization"  mmax_level="coref"  rule="none"  type="none" />
<markable id="markable_181" span="word_59" coref_class="empty"  category="location"  mmax_level="coref"  rule="none"  type="none" />
<markable id="markable_182" span="word_65" coref_class="empty"  category="location"  mmax_level="coref"  rule="none"  type="none" />
<markable id="markable_428" span="word_3217" coref_class="set_340"  category="organization"  mmax_level="coref"  rule="none"  type="none" />
<markable id="markable_429" span="word_3227..word_3228" coref_class="empty"  category="time"  mmax_level="coref"  rule="none"  type="none" />
<markable id="markable_426" span="word_3204" coref_class="empty"  category="time"  mmax_level="coref"  rule="none"  type="none" />
<markable id="markable_427" span="word_3205..word_3206" coref_class="set_341"  category="organization"  mmax_level="coref"  rule="none"  type="none" />
<markable id="markable_282" span="word_1354" coref_class="set_275"  category="organization"  mmax_level="coref"  rule="none"  type="none" />
<markable id="markable_187" span="word_90" coref_class="empty"  category="organization"  mmax_level="coref"  rule="none"  type="none" />
<markable id="markable_283" span="word_1358" coref_class="set_309"  category="organization"  mmax_level="coref"  rule="none"  type="none" />
<markable id="markable_188" span="word_95..word_97" coref_class="set_253"  category="organization"  mmax_level="coref"  rule="none"  type="none" />
<markable id="markable_284" span="word_1363" coref_class="set_254"  category="organization"  mmax_level="coref"  rule="none"  type="none" />
<markable id="markable_189" span="word_102" coref_class="set_254"  category="organization"  mmax_level="coref"  rule="none"  type="none" />
<markable id="markable_285" span="word_1368..word_1370" coref_class="set_253"  category="organization"  mmax_level="coref"  rule="none"  type="none" />
<markable id="markable_421" span="word_3190" coref_class="set_340"  category="organization"  mmax_level="coref"  rule="none"  type="none" />
<markable id="markable_420" span="word_3186..word_3187" coref_class="set_327"  category="person"  mmax_level="coref"  rule="none"  type="none" />
<markable id="markable_423" span="word_3194..word_3195" coref_class="set_327"  category="profession"  mmax_level="coref"  rule="none"  type="none" />
<markable id="markable_422" span="word_3193" coref_class="set_327"  category="person"  mmax_level="coref"  rule="none"  type="none" />
<markable id="markable_425" span="word_3203" coref_class="set_340"  category="organization"  mmax_level="coref"  rule="none"  type="none" />
<markable id="markable_424" span="word_3199..word_3201" coref_class="empty"  category="time"  mmax_level="coref"  rule="none"  type="none" />
<markable id="markable_700" span="word_2140" coref_class="set_327"  category="other"  mmax_level="coref"  rule="none"  type="none" />
<markable id="markable_196" span="word_146" coref_class="set_322"  category="organization"  mmax_level="coref"  rule="none"  type="none" />
<markable id="markable_297" span="word_1492..word_1493" coref_class="empty"  category="time"  mmax_level="coref"  rule="none"  type="none" />
<markable id="markable_298" span="word_1520" coref_class="set_275"  category="organization"  mmax_level="coref"  rule="none"  type="none" />
<markable id="markable_192" span="word_126" coref_class="set_228"  category="organization"  mmax_level="coref"  rule="none"  type="none" />
<markable id="markable_193" span="word_131..word_132" coref_class="set_229"  category="organization"  mmax_level="coref"  rule="none"  type="none" />
<markable id="markable_190" span="word_106" coref_class="empty"  category="time"  mmax_level="coref"  rule="none"  type="none" />
<markable id="markable_191" span="word_117..word_118" coref_class="set_54"  category="organization"  mmax_level="coref"  rule="none"  type="none" />
<markable id="markable_291" span="word_1394" coref_class="set_341"  category="organization"  mmax_level="coref"  rule="none"  type="none" />
<markable id="markable_415" span="word_3171..word_3174" coref_class="empty"  category="organization"  mmax_level="coref"  rule="none"  type="none" />
<markable id="markable_292" span="word_1445" coref_class="set_275"  category="organization"  mmax_level="coref"  rule="none"  type="none" />
<markable id="markable_416" span="word_3175..word_3176" coref_class="empty"  category="profession"  mmax_level="coref"  rule="none"  type="none" />
<markable id="markable_417" span="word_3178..word_3179" coref_class="empty"  category="profession"  mmax_level="coref"  rule="none"  type="none" />
<markable id="markable_290" span="word_1388..word_1389" coref_class="empty"  category="time"  mmax_level="coref"  rule="none"  type="none" />
<markable id="markable_418" span="word_3182" coref_class="set_322"  category="organization"  mmax_level="coref"  rule="none"  type="none" />
<markable id="markable_295" span="word_1465..word_1467" coref_class="empty"  category="time"  mmax_level="coref"  rule="none"  type="none" />
<markable id="markable_419" span="word_3184..word_3185" coref_class="set_327"  category="profession"  mmax_level="coref"  rule="none"  type="none" />
<markable id="markable_296" span="word_1490" coref_class="set_275"  category="organization"  mmax_level="coref"  rule="none"  type="none" />
<markable id="markable_293" span="word_1462" coref_class="set_309"  category="organization"  mmax_level="coref"  rule="none"  type="none" />
<markable id="markable_198" span="word_193" coref_class="set_340"  category="organization"  mmax_level="coref"  rule="none"  type="none" />
<markable id="markable_294" span="word_1454..word_1456" coref_class="empty"  category="time"  mmax_level="coref"  rule="none"  type="none" />
<markable id="markable_391" span="word_2937" coref_class="set_340"  category="organization"  mmax_level="coref"  rule="none"  type="none" />
<markable id="markable_259" span="word_1089..word_1090" coref_class="set_229"  category="organization"  mmax_level="coref"  rule="none"  type="none" />
<markable id="markable_390" span="word_2921" coref_class="set_340"  category="organization"  mmax_level="coref"  rule="none"  type="none" />
<markable id="markable_254" span="word_1051..word_1052" coref_class="empty"  category="sum"  mmax_level="coref"  rule="none"  type="none" />
<markable id="markable_616" span="word_2757" coref_class="set_340"  category="other"  mmax_level="coref"  rule="none"  type="none" />
<markable id="markable_253" span="word_1011..word_1012" coref_class="empty"  category="sum"  mmax_level="coref"  rule="none"  type="none" />
<markable id="markable_392" span="word_2953..word_2954" coref_class="empty"  category="time"  mmax_level="coref"  rule="none"  type="none" />
<markable id="markable_256" span="word_1064..word_1065" coref_class="empty"  category="sum"  mmax_level="coref"  rule="none"  type="none" />
<markable id="markable_395" span="word_2998" coref_class="set_340"  category="organization"  mmax_level="coref"  rule="none"  type="none" />
<markable id="markable_394" span="word_2957..word_2958" coref_class="empty"  category="time"  mmax_level="coref"  rule="none"  type="none" />
<markable id="markable_250" span="word_922" coref_class="empty"  category="location"  mmax_level="coref"  rule="none"  type="none" />
<markable id="markable_714" span="word_1850" coref_class="set_342"  category="other"  mmax_level="coref"  rule="none"  type="none" />
<markable id="markable_396" span="word_3015" coref_class="set_340"  category="organization"  mmax_level="coref"  rule="none"  type="none" />
<markable id="markable_715" span="word_1847..word_1848" coref_class="set_342"  category="other"  mmax_level="coref"  rule="none"  type="none" />
<markable id="markable_712" span="word_3171" coref_class="set_321"  category="location"  mmax_level="coref"  rule="none"  type="none" />
<markable id="markable_252" span="word_1004..word_1005" coref_class="set_54"  category="organization"  mmax_level="coref"  rule="none"  type="none" />
<markable id="markable_399" span="word_3058..word_3059" coref_class="empty"  category="organization"  mmax_level="coref"  rule="none"  type="none" />
<markable id="markable_713" span="word_3208" coref_class="set_340"  category="other"  mmax_level="coref"  rule="none"  type="none" />
<markable id="markable_251" span="word_925" coref_class="empty"  category="location"  mmax_level="coref"  rule="none"  type="none" />
<markable id="markable_718" span="word_1890" coref_class="set_344"  category="other"  mmax_level="coref"  rule="none"  type="none" />
<markable id="markable_719" span="word_1904" coref_class="set_344"  category="other"  mmax_level="coref"  rule="none"  type="none" />
<markable id="markable_716" span="word_28" coref_class="set_343"  category="other"  mmax_level="coref"  rule="none"  type="none" />
<markable id="markable_717" span="word_30" coref_class="set_343"  category="other"  mmax_level="coref"  rule="none"  type="none" />
<markable id="markable_597" span="word_2444" coref_class="set_298"  category="other"  mmax_level="coref"  rule="none"  type="none" />
<markable id="markable_722" span="word_1537" coref_class="empty"  category="profession"  mmax_level="coref"  rule="none"  type="none" />
<markable id="markable_598" span="word_2455" coref_class="set_298"  category="other"  mmax_level="coref"  rule="none"  type="none" />
<markable id="markable_721" span="word_1596..word_1597" coref_class="empty"  category="profession"  mmax_level="coref"  rule="none"  type="none" />
<markable id="markable_599" span="word_2464" coref_class="set_298"  category="other"  mmax_level="coref"  rule="none"  type="none" />
<markable id="markable_720" span="word_1542..word_1543" coref_class="empty"  category="profession"  mmax_level="coref"  rule="none"  type="none" />
<markable id="markable_249" span="word_911" coref_class="empty"  category="location"  mmax_level="coref"  rule="none"  type="none" />
<markable id="markable_380" span="word_2745" coref_class="set_340"  category="organization"  mmax_level="coref"  rule="none"  type="none" />
<markable id="markable_248" span="word_872" coref_class="set_340"  category="organization"  mmax_level="coref"  rule="none"  type="none" />
<markable id="markable_246" span="word_834..word_835" coref_class="empty"  category="time"  mmax_level="coref"  rule="none"  type="none" />
<markable id="markable_384" span="word_2819" coref_class="set_340"  category="organization"  mmax_level="coref"  rule="none"  type="none" />
<markable id="markable_244" span="word_786" coref_class="set_340"  category="organization"  mmax_level="coref"  rule="none"  type="none" />
<markable id="markable_383" span="word_2783" coref_class="set_340"  category="organization"  mmax_level="coref"  rule="none"  type="none" />
<markable id="markable_439" span="word_3327" coref_class="set_340"  category="organization"  mmax_level="coref"  rule="none"  type="none" />
<markable id="markable_382" span="word_2780..word_2781" coref_class="empty"  category="time"  mmax_level="coref"  rule="none"  type="none" />
<markable id="markable_438" span="word_3322..word_3323" coref_class="set_337"  category="profession"  mmax_level="coref"  rule="none"  type="none" />
<markable id="markable_381" span="word_2777..word_2778" coref_class="empty"  category="time"  mmax_level="coref"  rule="none"  type="none" />
<markable id="markable_437" span="word_3324..word_3325" coref_class="set_337"  category="person"  mmax_level="coref"  rule="none"  type="none" />
<markable id="markable_388" span="word_2869..word_2871" coref_class="empty"  category="time"  mmax_level="coref"  rule="none"  type="none" />
<markable id="markable_386" span="word_2846" coref_class="set_340"  category="organization"  mmax_level="coref"  rule="none"  type="none" />
<markable id="markable_385" span="word_2843..word_2845" coref_class="empty"  category="time"  mmax_level="coref"  rule="none"  type="none" />
<markable id="markable_389" span="word_2877" coref_class="set_340"  category="organization"  mmax_level="coref"  rule="none"  type="none" />
<markable id="markable_442" span="word_3366" coref_class="set_340"  category="organization"  mmax_level="coref"  rule="none"  type="none" />
<markable id="markable_443" span="word_3376" coref_class="set_341"  category="organization"  mmax_level="coref"  rule="none"  type="none" />
<markable id="markable_440" span="word_3335..word_3337" coref_class="empty"  category="time"  mmax_level="coref"  rule="none"  type="none" />
<markable id="markable_441" span="word_3338" coref_class="set_341"  category="organization"  mmax_level="coref"  rule="none"  type="none" />
<markable id="markable_276" span="word_1315..word_1318" coref_class="empty"  category="time"  mmax_level="coref"  rule="none"  type="none" />
<markable id="markable_371" span="word_2693..word_2694" coref_class="empty"  category="time"  mmax_level="coref"  rule="none"  type="none" />
<markable id="markable_275" span="word_1301..word_1303" coref_class="empty"  category="sum"  mmax_level="coref"  rule="none"  type="none" />
<markable id="markable_370" span="word_2682" coref_class="empty"  category="organization"  mmax_level="coref"  rule="none"  type="none" />
<markable id="markable_278" span="word_1326..word_1328" coref_class="empty"  category="sum"  mmax_level="coref"  rule="none"  type="none" />
<markable id="markable_373" span="word_2712..word_2713" coref_class="empty"  category="sum"  mmax_level="coref"  rule="none"  type="none" />
<markable id="markable_277" span="word_1320..word_1322" coref_class="empty"  category="sum"  mmax_level="coref"  rule="none"  type="none" />
<markable id="markable_372" span="word_2703" coref_class="empty"  category="location"  mmax_level="coref"  rule="none"  type="none" />
<markable id="markable_279" span="word_1333..word_1335" coref_class="empty"  category="sum"  mmax_level="coref"  rule="none"  type="none" />
<markable id="markable_379" span="word_2742" coref_class="set_320"  category="person"  mmax_level="coref"  rule="none"  type="none" />
<markable id="markable_378" span="word_2741" coref_class="set_320"  category="profession"  mmax_level="coref"  rule="none"  type="none" />
<markable id="markable_270" span="word_1261..word_1262" coref_class="empty"  category="time"  mmax_level="coref"  rule="none"  type="none" />
<markable id="markable_272" span="word_1272..word_1275" coref_class="empty"  category="time"  mmax_level="coref"  rule="none"  type="none" />
<markable id="markable_375" span="word_2727..word_2728" coref_class="empty"  category="time"  mmax_level="coref"  rule="none"  type="none" />
<markable id="markable_271" span="word_1263" coref_class="set_340"  category="organization"  mmax_level="coref"  rule="none"  type="none" />
<markable id="markable_374" span="word_2724..word_2725" coref_class="empty"  category="profession"  mmax_level="coref"  rule="none"  type="none" />
<markable id="markable_274" span="word_1295..word_1297" coref_class="empty"  category="sum"  mmax_level="coref"  rule="none"  type="none" />
<markable id="markable_377" span="word_2740" coref_class="set_340"  category="organization"  mmax_level="coref"  rule="none"  type="none" />
<markable id="markable_273" span="word_1289..word_1291" coref_class="empty"  category="sum"  mmax_level="coref"  rule="none"  type="none" />
<markable id="markable_376" span="word_2732" coref_class="set_340"  category="organization"  mmax_level="coref"  rule="none"  type="none" />
<markable id="markable_576" span="word_1968..word_1973" coref_class="set_109"  category="organization"  mmax_level="coref"  rule="none"  type="none" />
<markable id="markable_577" span="word_1975" coref_class="set_109"  category="other"  mmax_level="coref"  rule="none"  type="none" />
<markable id="markable_578" span="word_1995" coref_class="set_340"  category="other"  mmax_level="coref"  rule="none"  type="none" />
<markable id="markable_579" span="word_2000" coref_class="set_340"  category="other"  mmax_level="coref"  rule="none"  type="none" />
<markable id="markable_572" span="word_1880..word_1881" coref_class="set_285"  category="other"  mmax_level="coref"  rule="none"  type="none" />
<markable id="markable_571" span="word_1820..word_1822" coref_class="set_285"  category="other"  mmax_level="coref"  rule="none"  type="none" />
<markable id="markable_600" span="word_2510" coref_class="set_340"  category="other"  mmax_level="coref"  rule="none"  type="none" />
<markable id="markable_362" span="word_2544..word_2549" coref_class="set_297"  category="organization"  mmax_level="coref"  rule="none"  type="none" />
<markable id="markable_267" span="word_1236..word_1238" coref_class="empty"  category="sum"  mmax_level="coref"  rule="none"  type="none" />
<markable id="markable_361" span="word_2531..word_2532" coref_class="set_298"  category="organization"  mmax_level="coref"  rule="none"  type="none" />
<markable id="markable_266" span="word_1214..word_1216" coref_class="empty"  category="sum"  mmax_level="coref"  rule="none"  type="none" />
<markable id="markable_360" span="word_2517" coref_class="set_340"  category="organization"  mmax_level="coref"  rule="none"  type="none" />
<markable id="markable_265" span="word_1206..word_1208" coref_class="empty"  category="sum"  mmax_level="coref"  rule="none"  type="none" />
<markable id="markable_264" span="word_1199..word_1201" coref_class="empty"  category="sum"  mmax_level="coref"  rule="none"  type="none" />
<markable id="markable_607" span="word_2507" coref_class="set_138"  category="other"  mmax_level="coref"  rule="none"  type="none" />
<markable id="markable_608" span="word_2572" coref_class="set_138"  category="other"  mmax_level="coref"  rule="none"  type="none" />
<markable id="markable_269" span="word_1256..word_1258" coref_class="empty"  category="sum"  mmax_level="coref"  rule="none"  type="none" />
<markable id="markable_609" span="word_2585" coref_class="set_298"  category="other"  mmax_level="coref"  rule="none"  type="none" />
<markable id="markable_268" span="word_1246..word_1248" coref_class="empty"  category="sum"  mmax_level="coref"  rule="none"  type="none" />
<markable id="markable_369" span="word_2676..word_2677" coref_class="empty"  category="organization"  mmax_level="coref"  rule="none"  type="none" />
<markable id="markable_368" span="word_2662" coref_class="set_340"  category="organization"  mmax_level="coref"  rule="none"  type="none" />
<markable id="markable_367" span="word_2627" coref_class="empty"  category="location"  mmax_level="coref"  rule="none"  type="none" />
<markable id="markable_366" span="word_2597..word_2598" coref_class="empty"  category="profession"  mmax_level="coref"  rule="none"  type="none" />
<markable id="markable_263" span="word_1134..word_1137" coref_class="empty"  category="time"  mmax_level="coref"  rule="none"  type="none" />
<markable id="markable_365" span="word_2566..word_2567" coref_class="set_298"  category="organization"  mmax_level="coref"  rule="none"  type="none" />
<markable id="markable_262" span="word_1129..word_1132" coref_class="empty"  category="time"  mmax_level="coref"  rule="none"  type="none" />
<markable id="markable_364" span="word_2554" coref_class="set_297"  category="organization"  mmax_level="coref"  rule="none"  type="none" />
<markable id="markable_261" span="word_1108" coref_class="set_340"  category="organization"  mmax_level="coref"  rule="none"  type="none" />
<markable id="markable_363" span="word_2551" coref_class="set_297"  category="organization"  mmax_level="coref"  rule="none"  type="none" />
<markable id="markable_260" span="word_1100" coref_class="set_340"  category="organization"  mmax_level="coref"  rule="none"  type="none" />
<markable id="markable_461" span="word_284" coref_class="set_189"  category="other"  mmax_level="coref"  rule="none"  type="none" />
<markable id="markable_353" span="word_2293..word_2294" coref_class="empty"  category="sum"  mmax_level="coref"  rule="none"  type="none" />
<markable id="markable_354" span="word_2338" coref_class="set_340"  category="organization"  mmax_level="coref"  rule="none"  type="none" />
<markable id="markable_355" span="word_2376..word_2377" coref_class="set_298"  category="organization"  mmax_level="coref"  rule="none"  type="none" />
<markable id="markable_356" span="word_2382" coref_class="set_340"  category="organization"  mmax_level="coref"  rule="none"  type="none" />
<markable id="markable_357" span="word_2402..word_2403" coref_class="set_298"  category="organization"  mmax_level="coref"  rule="none"  type="none" />
<markable id="markable_358" span="word_2407..word_2408" coref_class="set_138"  category="organization"  mmax_level="coref"  rule="none"  type="none" />
<markable id="markable_359" span="word_2449..word_2451" coref_class="empty"  category="sum"  mmax_level="coref"  rule="none"  type="none" />
<markable id="markable_213" span="word_364" coref_class="set_198"  category="profession"  mmax_level="coref"  rule="none"  type="none" />
<markable id="markable_215" span="word_392" coref_class="set_340"  category="organization"  mmax_level="coref"  rule="none"  type="none" />
<markable id="markable_210" span="word_345" coref_class="set_340"  category="organization"  mmax_level="coref"  rule="none"  type="none" />
<markable id="markable_658" span="word_232" coref_class="set_327"  category="other"  mmax_level="coref"  rule="none"  type="none" />
<markable id="markable_350" span="word_2271..word_2272" coref_class="empty"  category="sum"  mmax_level="coref"  rule="none"  type="none" />
<markable id="markable_211" span="word_359..word_361" coref_class="empty"  category="time"  mmax_level="coref"  rule="none"  type="none" />
<markable id="markable_657" span="word_225" coref_class="set_340"  category="organization"  mmax_level="coref"  rule="none"  type="none" />
<markable id="markable_351" span="word_2281..word_2282" coref_class="empty"  category="time"  mmax_level="coref"  rule="none"  type="none" />
<markable id="markable_666" span="word_398..word_399" coref_class="set_341"  category="organization"  mmax_level="coref"  rule="none"  type="none" />
<markable id="markable_667" span="word_674" coref_class="set_340"  category="organization"  mmax_level="coref"  rule="none"  type="none" />
<markable id="markable_499" span="word_1033" coref_class="set_54"  category="other"  mmax_level="coref"  rule="none"  type="none" />
<markable id="markable_664" span="word_371" coref_class="set_198"  category="other"  mmax_level="coref"  rule="none"  type="none" />
<markable id="markable_665" span="word_375" coref_class="set_340"  category="other"  mmax_level="coref"  rule="none"  type="none" />
<markable id="markable_662" span="word_363" coref_class="set_340"  category="organization"  mmax_level="coref"  rule="none"  type="none" />
<markable id="markable_663" span="word_367..word_368" coref_class="set_198"  category="person"  mmax_level="coref"  rule="none"  type="none" />
<markable id="markable_206" span="word_279" coref_class="set_309"  category="organization"  mmax_level="coref"  rule="none"  type="none" />
<markable id="markable_660" span="word_296" coref_class="set_340"  category="organization"  mmax_level="coref"  rule="none"  type="none" />
<markable id="markable_209" span="word_322" coref_class="set_340"  category="organization"  mmax_level="coref"  rule="none"  type="none" />
<markable id="markable_498" span="word_1025" coref_class="set_54"  category="other"  mmax_level="coref"  rule="none"  type="none" />
<markable id="markable_661" span="word_95" coref_class="empty"  category="location"  mmax_level="coref"  rule="none"  type="none" />
<markable id="markable_208" span="word_316" coref_class="set_322"  category="organization"  mmax_level="coref"  rule="none"  type="none" />
<markable id="markable_349" span="word_2175" coref_class="set_321"  category="location"  mmax_level="coref"  rule="none"  type="none" />
<markable id="markable_343" span="word_2102" coref_class="set_340"  category="organization"  mmax_level="coref"  rule="none"  type="none" />
<markable id="markable_344" span="word_2106..word_2107" coref_class="empty"  category="time"  mmax_level="coref"  rule="none"  type="none" />
<markable id="markable_341" span="word_2061" coref_class="set_309"  category="organization"  mmax_level="coref"  rule="none"  type="none" />
<markable id="markable_342" span="word_2088..word_2090" coref_class="set_285"  category="organization"  mmax_level="coref"  rule="none"  type="none" />
<markable id="markable_347" span="word_2116" coref_class="set_340"  category="organization"  mmax_level="coref"  rule="none"  type="none" />
<markable id="markable_348" span="word_2167" coref_class="set_341"  category="organization"  mmax_level="coref"  rule="none"  type="none" />
<markable id="markable_346" span="word_2103" coref_class="set_320"  category="profession"  mmax_level="coref"  rule="none"  type="none" />
<markable id="markable_204" span="word_268" coref_class="set_275"  category="organization"  mmax_level="coref"  rule="none"  type="none" />
<markable id="markable_205" span="word_273" coref_class="set_309"  category="organization"  mmax_level="coref"  rule="none"  type="none" />
<markable id="markable_202" span="word_256" coref_class="set_189"  category="organization"  mmax_level="coref"  rule="none"  type="none" />
<markable id="markable_669" span="word_739" coref_class="set_340"  category="organization"  mmax_level="coref"  rule="none"  type="none" />
<markable id="markable_200" span="word_226" coref_class="set_327"  category="profession"  mmax_level="coref"  rule="none"  type="none" />
<markable id="markable_668" span="word_733" coref_class="set_340"  category="organization"  mmax_level="coref"  rule="none"  type="none" />
<markable id="markable_201" span="word_251..word_252" coref_class="set_189"  category="organization"  mmax_level="coref"  rule="none"  type="none" />
<markable id="markable_340" span="word_2051" coref_class="set_340"  category="organization"  mmax_level="coref"  rule="none"  type="none" />
<markable id="markable_675" span="word_818..word_819" coref_class="empty"  category="location"  mmax_level="coref"  rule="none"  type="none" />
<markable id="markable_676" span="word_852..word_853" coref_class="empty"  category="sum"  mmax_level="coref"  rule="none"  type="none" />
<markable id="markable_677" span="word_867" coref_class="set_340"  category="organization"  mmax_level="coref"  rule="none"  type="none" />
<markable id="markable_678" span="word_902..word_903" coref_class="empty"  category="sum"  mmax_level="coref"  rule="none"  type="none" />
<markable id="markable_671" span="word_750" coref_class="set_340"  category="organization"  mmax_level="coref"  rule="none"  type="none" />
<markable id="markable_672" span="word_759" coref_class="set_340"  category="other"  mmax_level="coref"  rule="none"  type="none" />
<markable id="markable_673" span="word_771" coref_class="set_340"  category="organization"  mmax_level="coref"  rule="none"  type="none" />
<markable id="markable_674" span="word_818" coref_class="empty"  category="location"  mmax_level="coref"  rule="none"  type="none" />
<markable id="markable_339" span="word_2044" coref_class="set_340"  category="organization"  mmax_level="coref"  rule="none"  type="none" />
<markable id="markable_670" span="word_746..word_748" coref_class="set_285"  category="organization"  mmax_level="coref"  rule="none"  type="none" />
<markable id="markable_338" span="word_2038" coref_class="set_340"  category="organization"  mmax_level="coref"  rule="none"  type="none" />
<markable id="markable_334" span="word_2008" coref_class="set_340"  category="organization"  mmax_level="coref"  rule="none"  type="none" />
<markable id="markable_335" span="word_2019" coref_class="set_340"  category="organization"  mmax_level="coref"  rule="none"  type="none" />
<markable id="markable_336" span="word_2026" coref_class="set_275"  category="organization"  mmax_level="coref"  rule="none"  type="none" />
<markable id="markable_337" span="word_2030" coref_class="set_309"  category="organization"  mmax_level="coref"  rule="none"  type="none" />
<markable id="markable_330" span="word_1888" coref_class="set_271"  category="location"  mmax_level="coref"  rule="none"  type="none" />
<markable id="markable_331" span="word_1911" coref_class="set_271"  category="location"  mmax_level="coref"  rule="none"  type="none" />
<markable id="markable_332" span="word_1920" coref_class="set_321"  category="location"  mmax_level="coref"  rule="none"  type="none" />
<markable id="markable_230" span="word_566" coref_class="set_340"  category="organization"  mmax_level="coref"  rule="none"  type="none" />
<markable id="markable_333" span="word_1964..word_1966" coref_class="empty"  category="organization"  mmax_level="coref"  rule="none"  type="none" />
<markable id="markable_231" span="word_589" coref_class="set_340"  category="organization"  mmax_level="coref"  rule="none"  type="none" />
<markable id="markable_232" span="word_601" coref_class="set_340"  category="organization"  mmax_level="coref"  rule="none"  type="none" />
<markable id="markable_233" span="word_637..word_638" coref_class="empty"  category="time"  mmax_level="coref"  rule="none"  type="none" />
<markable id="markable_234" span="word_667" coref_class="set_340"  category="organization"  mmax_level="coref"  rule="none"  type="none" />
<markable id="markable_236" span="word_691" coref_class="set_341"  category="organization"  mmax_level="coref"  rule="none"  type="none" />
<markable id="markable_237" span="word_698..word_699" coref_class="set_255"  category="organization"  mmax_level="coref"  rule="none"  type="none" />
<markable id="markable_238" span="word_707..word_709" coref_class="set_285"  category="organization"  mmax_level="coref"  rule="none"  type="none" />
<markable id="markable_229" span="word_525..word_528" coref_class="empty"  category="time"  mmax_level="coref"  rule="none"  type="none" />
<markable id="markable_228" span="word_522" coref_class="set_340"  category="organization"  mmax_level="coref"  rule="none"  type="none" />
<markable id="markable_328" span="word_1862..word_1864" coref_class="empty"  category="organization"  mmax_level="coref"  rule="none"  type="none" />
<markable id="markable_327" span="word_1856..word_1857" coref_class="empty"  category="organization"  mmax_level="coref"  rule="none"  type="none" />
<markable id="markable_329" span="word_1869..word_1871" coref_class="empty"  category="organization"  mmax_level="coref"  rule="none"  type="none" />
<markable id="markable_325" span="word_1841..word_1842" coref_class="empty"  category="organization"  mmax_level="coref"  rule="none"  type="none" />
<markable id="markable_326" span="word_1847..word_1851" coref_class="empty"  category="organization"  mmax_level="coref"  rule="none"  type="none" />
<markable id="markable_323" span="word_1836" coref_class="empty"  category="organization"  mmax_level="coref"  rule="none"  type="none" />
<markable id="markable_321" span="word_1801" coref_class="set_341"  category="organization"  mmax_level="coref"  rule="none"  type="none" />
<markable id="markable_322" span="word_1809" coref_class="set_271"  category="location"  mmax_level="coref"  rule="none"  type="none" />
<markable id="markable_320" span="word_1793" coref_class="set_340"  category="organization"  mmax_level="coref"  rule="none"  type="none" />
<markable id="markable_222" span="word_472" coref_class="set_341"  category="organization"  mmax_level="coref"  rule="none"  type="none" />
<markable id="markable_223" span="word_474" coref_class="set_340"  category="organization"  mmax_level="coref"  rule="none"  type="none" />
<markable id="markable_220" span="word_458" coref_class="set_340"  category="organization"  mmax_level="coref"  rule="none"  type="none" />
<markable id="markable_221" span="word_470" coref_class="set_341"  category="organization"  mmax_level="coref"  rule="none"  type="none" />
<markable id="markable_226" span="word_490..word_491" coref_class="empty"  category="time"  mmax_level="coref"  rule="none"  type="none" />
<markable id="markable_227" span="word_501..word_502" coref_class="empty"  category="time"  mmax_level="coref"  rule="none"  type="none" />
<markable id="markable_224" span="word_485" coref_class="set_340"  category="organization"  mmax_level="coref"  rule="none"  type="none" />
<markable id="markable_219" span="word_442" coref_class="set_340"  category="organization"  mmax_level="coref"  rule="none"  type="none" />
<markable id="markable_218" span="word_433" coref_class="set_340"  category="organization"  mmax_level="coref"  rule="none"  type="none" />
<markable id="markable_652" span="word_51..word_52" coref_class="set_327"  category="person"  mmax_level="coref"  rule="none"  type="none" />
<markable id="markable_217" span="word_401" coref_class="set_341"  category="organization"  mmax_level="coref"  rule="none"  type="none" />
<markable id="markable_653" span="word_138" coref_class="set_340"  category="organization"  mmax_level="coref"  rule="none"  type="none" />
<markable id="markable_654" span="word_139" coref_class="set_327"  category="profession"  mmax_level="coref"  rule="none"  type="none" />
<markable id="markable_655" span="word_149..word_150" coref_class="set_327"  category="profession"  mmax_level="coref"  rule="none"  type="none" />
<markable id="markable_656" span="word_170" coref_class="set_327"  category="other"  mmax_level="coref"  rule="none"  type="none" />
<markable id="markable_319" span="word_1772..word_1774" coref_class="set_285"  category="organization"  mmax_level="coref"  rule="none"  type="none" />
<markable id="markable_318" span="word_1757" coref_class="set_271"  category="location"  mmax_level="coref"  rule="none"  type="none" />
<markable id="markable_317" span="word_1747" coref_class="set_321"  category="location"  mmax_level="coref"  rule="none"  type="none" />
<markable id="markable_316" span="word_1742" coref_class="set_340"  category="organization"  mmax_level="coref"  rule="none"  type="none" />
</markables>