<?xml version="1.0" encoding="UTF-8"?>
<!DOCTYPE markables SYSTEM "markables.dtd">
<markables xmlns="www.eml.org/NameSpaces/coref">
<markable id="markable_307" span="word_334" coref_class="empty"  category="profession"  mmax_level="coref"  rule="none"  type="none" />
<markable id="markable_258" span="word_2107" coref_class="empty"  category="time"  mmax_level="coref"  rule="none"  type="none" />
<markable id="markable_308" span="word_336" coref_class="empty"  category="profession"  mmax_level="coref"  rule="none"  type="none" />
<markable id="markable_257" span="word_2103" coref_class="empty"  category="time"  mmax_level="coref"  rule="none"  type="none" />
<markable id="markable_305" span="word_1648" coref_class="set_85"  category="other"  mmax_level="coref"  rule="none"  type="none" />
<markable id="markable_259" span="word_2125" coref_class="set_73"  category="location"  mmax_level="coref"  rule="none"  type="none" />
<markable id="markable_306" span="word_1650" coref_class="set_85"  category="other"  mmax_level="coref"  rule="none"  type="none" />
<markable id="markable_254" span="word_2047..word_2048" coref_class="empty"  category="time"  mmax_level="coref"  rule="none"  type="none" />
<markable id="markable_253" span="word_2035" coref_class="set_43"  category="other"  mmax_level="coref"  rule="none"  type="none" />
<markable id="markable_309" span="word_343" coref_class="empty"  category="profession"  mmax_level="coref"  rule="none"  type="none" />
<markable id="markable_256" span="word_2073" coref_class="set_43"  category="other"  mmax_level="coref"  rule="none"  type="none" />
<markable id="markable_255" span="word_2055..word_2056" coref_class="empty"  category="time"  mmax_level="coref"  rule="none"  type="none" />
<markable id="markable_250" span="word_2009" coref_class="set_71"  category="location"  mmax_level="coref"  rule="none"  type="none" />
<markable id="markable_252" span="word_2024" coref_class="empty"  category="time"  mmax_level="coref"  rule="none"  type="none" />
<markable id="markable_251" span="word_2013" coref_class="empty"  category="location"  mmax_level="coref"  rule="none"  type="none" />
<markable id="markable_249" span="word_2006" coref_class="set_43"  category="other"  mmax_level="coref"  rule="none"  type="none" />
<markable id="markable_248" span="word_2001" coref_class="set_43"  category="other"  mmax_level="coref"  rule="none"  type="none" />
<markable id="markable_247" span="word_1999" coref_class="set_43"  category="organization"  mmax_level="coref"  rule="none"  type="none" />
<markable id="markable_246" span="word_1996" coref_class="set_43"  category="other"  mmax_level="coref"  rule="none"  type="none" />
<markable id="markable_245" span="word_1976" coref_class="empty"  category="time"  mmax_level="coref"  rule="none"  type="none" />
<markable id="markable_244" span="word_1938..word_1939" coref_class="empty"  category="sum"  mmax_level="coref"  rule="none"  type="none" />
<markable id="markable_243" span="word_1927" coref_class="set_43"  category="other"  mmax_level="coref"  rule="none"  type="none" />
<markable id="markable_242" span="word_1869" coref_class="set_43"  category="other"  mmax_level="coref"  rule="none"  type="none" />
<markable id="markable_241" span="word_1761" coref_class="set_43"  category="other"  mmax_level="coref"  rule="none"  type="none" />
<markable id="markable_240" span="word_1734" coref_class="set_43"  category="organization"  mmax_level="coref"  rule="none"  type="none" />
<markable id="markable_300" span="word_2385" coref_class="set_82"  category="other"  mmax_level="coref"  rule="none"  type="none" />
<markable id="markable_302" span="word_527" coref_class="set_83"  category="other"  mmax_level="coref"  rule="none"  type="none" />
<markable id="markable_301" span="word_524" coref_class="set_83"  category="other"  mmax_level="coref"  rule="none"  type="none" />
<markable id="markable_239" span="word_1708" coref_class="set_69"  category="location"  mmax_level="coref"  rule="none"  type="none" />
<markable id="markable_304" span="word_1069" coref_class="set_84"  category="other"  mmax_level="coref"  rule="none"  type="none" />
<markable id="markable_303" span="word_1067" coref_class="set_84"  category="other"  mmax_level="coref"  rule="none"  type="none" />
<markable id="markable_276" span="word_2363..word_2364" coref_class="empty"  category="sum"  mmax_level="coref"  rule="none"  type="none" />
<markable id="markable_275" span="word_2360..word_2361" coref_class="empty"  category="time"  mmax_level="coref"  rule="none"  type="none" />
<markable id="markable_278" span="word_2351" coref_class="set_43"  category="other"  mmax_level="coref"  rule="none"  type="none" />
<markable id="markable_277" span="word_2369..word_2371" coref_class="empty"  category="organization"  mmax_level="coref"  rule="none"  type="none" />
<markable id="markable_279" span="word_2375" coref_class="set_43"  category="other"  mmax_level="coref"  rule="none"  type="none" />
<markable id="markable_270" span="word_2332..word_2334" coref_class="empty"  category="sum"  mmax_level="coref"  rule="none"  type="none" />
<markable id="markable_272" span="word_2347..word_2349" coref_class="empty"  category="sum"  mmax_level="coref"  rule="none"  type="none" />
<markable id="markable_271" span="word_2341..word_2342" coref_class="empty"  category="time"  mmax_level="coref"  rule="none"  type="none" />
<markable id="markable_274" span="word_2356..word_2357" coref_class="empty"  category="sum"  mmax_level="coref"  rule="none"  type="none" />
<markable id="markable_273" span="word_2353..word_2354" coref_class="empty"  category="time"  mmax_level="coref"  rule="none"  type="none" />
<markable id="markable_267" span="word_2322" coref_class="empty"  category="location"  mmax_level="coref"  rule="none"  type="none" />
<markable id="markable_266" span="word_2320..word_2321" coref_class="empty"  category="time"  mmax_level="coref"  rule="none"  type="none" />
<markable id="markable_265" span="word_2317" coref_class="set_43"  category="product"  mmax_level="coref"  rule="none"  type="none" />
<markable id="markable_264" span="word_2236" coref_class="empty"  category="location"  mmax_level="coref"  rule="none"  type="none" />
<markable id="markable_269" span="word_2329..word_2330" coref_class="empty"  category="time"  mmax_level="coref"  rule="none"  type="none" />
<markable id="markable_268" span="word_2326" coref_class="set_43"  category="organization"  mmax_level="coref"  rule="none"  type="none" />
<markable id="markable_263" span="word_2224..word_2227" coref_class="empty"  category="organization"  mmax_level="coref"  rule="none"  type="none" />
<markable id="markable_262" span="word_2177..word_2178" coref_class="empty"  category="sum"  mmax_level="coref"  rule="none"  type="none" />
<markable id="markable_261" span="word_2149" coref_class="set_43"  category="other"  mmax_level="coref"  rule="none"  type="none" />
<markable id="markable_260" span="word_2141" coref_class="set_43"  category="organization"  mmax_level="coref"  rule="none"  type="none" />
<markable id="markable_213" span="word_1315" coref_class="set_66"  category="location"  mmax_level="coref"  rule="none"  type="none" />
<markable id="markable_214" span="word_1348" coref_class="set_58"  category="location"  mmax_level="coref"  rule="none"  type="none" />
<markable id="markable_215" span="word_1352" coref_class="set_66"  category="location"  mmax_level="coref"  rule="none"  type="none" />
<markable id="markable_216" span="word_1372" coref_class="set_67"  category="location"  mmax_level="coref"  rule="none"  type="none" />
<markable id="markable_210" span="word_1297" coref_class="set_43"  category="other"  mmax_level="coref"  rule="none"  type="none" />
<markable id="markable_211" span="word_1311" coref_class="set_56"  category="location"  mmax_level="coref"  rule="none"  type="none" />
<markable id="markable_212" span="word_1313" coref_class="set_58"  category="location"  mmax_level="coref"  rule="none"  type="none" />
<markable id="markable_160" span="word_438" coref_class="set_43"  category="other"  mmax_level="coref"  rule="none"  type="none" />
<markable id="markable_207" span="word_1223..word_1224" coref_class="empty"  category="sum"  mmax_level="coref"  rule="none"  type="none" />
<markable id="markable_141" span="word_58" coref_class="set_43"  category="other"  mmax_level="coref"  rule="none"  type="none" />
<markable id="markable_161" span="word_443" coref_class="set_73"  category="location"  mmax_level="coref"  rule="none"  type="none" />
<markable id="markable_206" span="word_1207" coref_class="set_43"  category="other"  mmax_level="coref"  rule="none"  type="none" />
<markable id="markable_142" span="word_66" coref_class="set_73"  category="location"  mmax_level="coref"  rule="none"  type="none" />
<markable id="markable_162" span="word_472" coref_class="set_43"  category="organization"  mmax_level="coref"  rule="none"  type="none" />
<markable id="markable_209" span="word_1242" coref_class="set_43"  category="organization"  mmax_level="coref"  rule="none"  type="none" />
<markable id="markable_163" span="word_512..word_513" coref_class="set_83"  category="organization"  mmax_level="coref"  rule="none"  type="none" />
<markable id="markable_208" span="word_1239" coref_class="set_43"  category="other"  mmax_level="coref"  rule="none"  type="none" />
<markable id="markable_164" span="word_521" coref_class="set_83"  category="other"  mmax_level="coref"  rule="none"  type="none" />
<markable id="markable_145" span="word_100..word_101" coref_class="empty"  category="sum"  mmax_level="coref"  rule="none"  type="none" />
<markable id="markable_165" span="word_530" coref_class="set_43"  category="organization"  mmax_level="coref"  rule="none"  type="none" />
<markable id="markable_146" span="word_107" coref_class="set_43"  category="other"  mmax_level="coref"  rule="none"  type="none" />
<markable id="markable_166" span="word_535..word_536" coref_class="set_83"  category="other"  mmax_level="coref"  rule="none"  type="none" />
<markable id="markable_143" span="word_82" coref_class="set_43"  category="other"  mmax_level="coref"  rule="none"  type="none" />
<markable id="markable_167" span="word_549" coref_class="set_83"  category="other"  mmax_level="coref"  rule="none"  type="none" />
<markable id="markable_144" span="word_89" coref_class="set_43"  category="other"  mmax_level="coref"  rule="none"  type="none" />
<markable id="markable_168" span="word_561" coref_class="set_43"  category="organization"  mmax_level="coref"  rule="none"  type="none" />
<markable id="markable_149" span="word_182..word_183" coref_class="empty"  category="time"  mmax_level="coref"  rule="none"  type="none" />
<markable id="markable_169" span="word_568" coref_class="set_43"  category="other"  mmax_level="coref"  rule="none"  type="none" />
<markable id="markable_147" span="word_130" coref_class="set_43"  category="organization"  mmax_level="coref"  rule="none"  type="none" />
<markable id="markable_148" span="word_140" coref_class="set_43"  category="other"  mmax_level="coref"  rule="none"  type="none" />
<markable id="markable_205" span="word_1184..word_1185" coref_class="empty"  category="sum"  mmax_level="coref"  rule="none"  type="none" />
<markable id="markable_202" span="word_1148" coref_class="empty"  category="location"  mmax_level="coref"  rule="none"  type="none" />
<markable id="markable_203" span="word_1155..word_1156" coref_class="empty"  category="time"  mmax_level="coref"  rule="none"  type="none" />
<markable id="markable_200" span="word_1143..word_1144" coref_class="empty"  category="location"  mmax_level="coref"  rule="none"  type="none" />
<markable id="markable_201" span="word_1146" coref_class="empty"  category="location"  mmax_level="coref"  rule="none"  type="none" />
<markable id="markable_170" span="word_589" coref_class="set_43"  category="other"  mmax_level="coref"  rule="none"  type="none" />
<markable id="markable_171" span="word_614" coref_class="set_53"  category="location"  mmax_level="coref"  rule="none"  type="none" />
<markable id="markable_150" span="word_186" coref_class="set_43"  category="organization"  mmax_level="coref"  rule="none"  type="none" />
<markable id="markable_174" span="word_721" coref_class="set_56"  category="location"  mmax_level="coref"  rule="none"  type="none" />
<markable id="markable_151" span="word_197" coref_class="set_43"  category="other"  mmax_level="coref"  rule="none"  type="none" />
<markable id="markable_175" span="word_778" coref_class="set_43"  category="other"  mmax_level="coref"  rule="none"  type="none" />
<markable id="markable_152" span="word_249" coref_class="set_63"  category="location"  mmax_level="coref"  rule="none"  type="none" />
<markable id="markable_172" span="word_661" coref_class="set_43"  category="organization"  mmax_level="coref"  rule="none"  type="none" />
<markable id="markable_153" span="word_260" coref_class="set_43"  category="other"  mmax_level="coref"  rule="none"  type="none" />
<markable id="markable_173" span="word_719" coref_class="set_58"  category="location"  mmax_level="coref"  rule="none"  type="none" />
<markable id="markable_154" span="word_272" coref_class="empty"  category="location"  mmax_level="coref"  rule="none"  type="none" />
<markable id="markable_178" span="word_868" coref_class="set_43"  category="other"  mmax_level="coref"  rule="none"  type="none" />
<markable id="markable_155" span="word_369" coref_class="set_73"  category="location"  mmax_level="coref"  rule="none"  type="none" />
<markable id="markable_179" span="word_872..word_873" coref_class="empty"  category="time"  mmax_level="coref"  rule="none"  type="none" />
<markable id="markable_156" span="word_389" coref_class="set_43"  category="organization"  mmax_level="coref"  rule="none"  type="none" />
<markable id="markable_176" span="word_854" coref_class="set_43"  category="organization"  mmax_level="coref"  rule="none"  type="none" />
<markable id="markable_157" span="word_397" coref_class="set_43"  category="other"  mmax_level="coref"  rule="none"  type="none" />
<markable id="markable_177" span="word_859" coref_class="set_53"  category="location"  mmax_level="coref"  rule="none"  type="none" />
<markable id="markable_158" span="word_408" coref_class="set_43"  category="other"  mmax_level="coref"  rule="none"  type="none" />
<markable id="markable_159" span="word_415" coref_class="set_43"  category="organization"  mmax_level="coref"  rule="none"  type="none" />
<markable id="markable_230" span="word_1584" coref_class="set_43"  category="organization"  mmax_level="coref"  rule="none"  type="none" />
<markable id="markable_231" span="word_1593" coref_class="set_43"  category="organization"  mmax_level="coref"  rule="none"  type="none" />
<markable id="markable_232" span="word_1639" coref_class="set_43"  category="organization"  mmax_level="coref"  rule="none"  type="none" />
<markable id="markable_233" span="word_1642" coref_class="set_43"  category="other"  mmax_level="coref"  rule="none"  type="none" />
<markable id="markable_235" span="word_1645" coref_class="set_43"  category="other"  mmax_level="coref"  rule="none"  type="none" />
<markable id="markable_236" span="word_1699" coref_class="set_66"  category="location"  mmax_level="coref"  rule="none"  type="none" />
<markable id="markable_237" span="word_1702" coref_class="set_67"  category="location"  mmax_level="coref"  rule="none"  type="none" />
<markable id="markable_238" span="word_1705" coref_class="set_68"  category="location"  mmax_level="coref"  rule="none"  type="none" />
<markable id="markable_229" span="word_1573" coref_class="set_63"  category="location"  mmax_level="coref"  rule="none"  type="none" />
<markable id="markable_183" span="word_922..word_925" coref_class="empty"  category="time"  mmax_level="coref"  rule="none"  type="none" />
<markable id="markable_286" span="word_170" coref_class="set_43"  category="other"  mmax_level="coref"  rule="none"  type="none" />
<markable id="markable_287" span="word_279" coref_class="set_43"  category="other"  mmax_level="coref"  rule="none"  type="none" />
<markable id="markable_228" span="word_1542" coref_class="set_43"  category="other"  mmax_level="coref"  rule="none"  type="none" />
<markable id="markable_184" span="word_926" coref_class="set_43"  category="other"  mmax_level="coref"  rule="none"  type="none" />
<markable id="markable_288" span="word_354..word_355" coref_class="empty"  category="sum"  mmax_level="coref"  rule="none"  type="none" />
<markable id="markable_185" span="word_938" coref_class="set_43"  category="other"  mmax_level="coref"  rule="none"  type="none" />
<markable id="markable_186" span="word_987" coref_class="set_43"  category="organization"  mmax_level="coref"  rule="none"  type="none" />
<markable id="markable_180" span="word_884" coref_class="empty"  category="time"  mmax_level="coref"  rule="none"  type="none" />
<markable id="markable_181" span="word_886..word_887" coref_class="empty"  category="time"  mmax_level="coref"  rule="none"  type="none" />
<markable id="markable_280" span="word_2379..word_2380" coref_class="set_82"  category="person"  mmax_level="coref"  rule="none"  type="none" />
<markable id="markable_281" span="word_2382..word_2383" coref_class="set_82"  category="person"  mmax_level="coref"  rule="none"  type="none" />
<markable id="markable_187" span="word_1053" coref_class="set_43"  category="organization"  mmax_level="coref"  rule="none"  type="none" />
<markable id="markable_188" span="word_1063" coref_class="set_43"  category="other"  mmax_level="coref"  rule="none"  type="none" />
<markable id="markable_189" span="word_1080" coref_class="set_73"  category="location"  mmax_level="coref"  rule="none"  type="none" />
<markable id="markable_284" span="word_2388" coref_class="set_43"  category="other"  mmax_level="coref"  rule="none"  type="none" />
<markable id="markable_285" span="word_2389..word_2390" coref_class="empty"  category="profession"  mmax_level="coref"  rule="none"  type="none" />
<markable id="markable_222" span="word_1423..word_1424" coref_class="empty"  category="sum"  mmax_level="coref"  rule="none"  type="none" />
<markable id="markable_223" span="word_1429" coref_class="empty"  category="location"  mmax_level="coref"  rule="none"  type="none" />
<markable id="markable_220" span="word_1410..word_1411" coref_class="empty"  category="sum"  mmax_level="coref"  rule="none"  type="none" />
<markable id="markable_221" span="word_1419" coref_class="set_67"  category="location"  mmax_level="coref"  rule="none"  type="none" />
<markable id="markable_226" span="word_1508" coref_class="empty"  category="location"  mmax_level="coref"  rule="none"  type="none" />
<markable id="markable_227" span="word_1533" coref_class="set_43"  category="organization"  mmax_level="coref"  rule="none"  type="none" />
<markable id="markable_224" span="word_1477" coref_class="set_43"  category="other"  mmax_level="coref"  rule="none"  type="none" />
<markable id="markable_225" span="word_1506" coref_class="set_66"  category="location"  mmax_level="coref"  rule="none"  type="none" />
<markable id="markable_299" span="word_2278..word_2279" coref_class="set_80"  category="other"  mmax_level="coref"  rule="none"  type="none" />
<markable id="markable_196" span="word_1108" coref_class="empty"  category="location"  mmax_level="coref"  rule="none"  type="none" />
<markable id="markable_219" span="word_1399" coref_class="set_43"  category="other"  mmax_level="coref"  rule="none"  type="none" />
<markable id="markable_197" span="word_1113" coref_class="empty"  category="location"  mmax_level="coref"  rule="none"  type="none" />
<markable id="markable_297" span="word_2262" coref_class="set_80"  category="profession"  mmax_level="coref"  rule="none"  type="none" />
<markable id="markable_218" span="word_1382" coref_class="set_43"  category="other"  mmax_level="coref"  rule="none"  type="none" />
<markable id="markable_194" span="word_1101" coref_class="set_69"  category="location"  mmax_level="coref"  rule="none"  type="none" />
<markable id="markable_130" span="word_2" coref_class="set_43"  category="organization"  mmax_level="coref"  rule="none"  type="none" />
<markable id="markable_217" span="word_1374" coref_class="empty"  category="location"  mmax_level="coref"  rule="none"  type="none" />
<markable id="markable_195" span="word_1106" coref_class="empty"  category="location"  mmax_level="coref"  rule="none"  type="none" />
<markable id="markable_192" span="word_1091" coref_class="empty"  category="location"  mmax_level="coref"  rule="none"  type="none" />
<markable id="markable_193" span="word_1096" coref_class="empty"  category="location"  mmax_level="coref"  rule="none"  type="none" />
<markable id="markable_190" span="word_1082" coref_class="set_71"  category="location"  mmax_level="coref"  rule="none"  type="none" />
<markable id="markable_191" span="word_1087" coref_class="set_68"  category="location"  mmax_level="coref"  rule="none"  type="none" />
<markable id="markable_291" span="word_2175" coref_class="set_80"  category="profession"  mmax_level="coref"  rule="none"  type="none" />
<markable id="markable_136" span="word_47" coref_class="set_43"  category="organization"  mmax_level="coref"  rule="none"  type="none" />
<markable id="markable_292" span="word_2200" coref_class="set_80"  category="profession"  mmax_level="coref"  rule="none"  type="none" />
<markable id="markable_137" span="word_50..word_51" coref_class="set_46"  category="person"  mmax_level="coref"  rule="none"  type="none" />
<markable id="markable_138" span="word_49" coref_class="set_46"  category="profession"  mmax_level="coref"  rule="none"  type="none" />
<markable id="markable_290" span="word_1931" coref_class="set_43"  category="other"  mmax_level="coref"  rule="none"  type="none" />
<markable id="markable_139" span="word_53" coref_class="set_43"  category="other"  mmax_level="coref"  rule="none"  type="none" />
<markable id="markable_295" span="word_2250" coref_class="set_80"  category="profession"  mmax_level="coref"  rule="none"  type="none" />
<markable id="markable_132" span="word_10..word_11" coref_class="empty"  category="sum"  mmax_level="coref"  rule="none"  type="none" />
<markable id="markable_296" span="word_2256" coref_class="set_80"  category="profession"  mmax_level="coref"  rule="none"  type="none" />
<markable id="markable_133" span="word_19" coref_class="set_43"  category="organization"  mmax_level="coref"  rule="none"  type="none" />
<markable id="markable_293" span="word_2224" coref_class="set_73"  category="location"  mmax_level="coref"  rule="none"  type="none" />
<markable id="markable_198" span="word_1115" coref_class="empty"  category="location"  mmax_level="coref"  rule="none"  type="none" />
<markable id="markable_134" span="word_29..word_30" coref_class="empty"  category="sum"  mmax_level="coref"  rule="none"  type="none" />
<markable id="markable_294" span="word_2234" coref_class="set_80"  category="profession"  mmax_level="coref"  rule="none"  type="none" />
<markable id="markable_199" span="word_1141" coref_class="set_67"  category="location"  mmax_level="coref"  rule="none"  type="none" />
<markable id="markable_135" span="word_41..word_43" coref_class="empty"  category="organization"  mmax_level="coref"  rule="none"  type="none" />
</markables>