<?xml version="1.0" encoding="UTF-8"?>
<!DOCTYPE words SYSTEM "words.dtd">
<words><word id="word_1">Nākotnē</word>
<word id="word_2">lielo</word>
<word id="word_3">biznesa</word>
<word id="word_4">programmatūru</word>
<word id="word_5">vadīs</word>
<word id="word_6">ar</word>
<word id="word_7">pieskārieniem</word>
<word id="word_8">un</word>
<word id="word_9">žestiem</word>
<word id="word_10">14</word>
<word id="word_11">Jan</word>
<word id="word_12">2013</word>
<word id="word_13">Biznesā</word>
<word id="word_14">arvien</word>
<word id="word_15">vairāk</word>
<word id="word_16">lietos</word>
<word id="word_17">dažādas</word>
<word id="word_18">mobilās</word>
<word id="word_19">ierīces</word>
<word id="word_20">un</word>
<word id="word_21">planšetdatorus</word>
<word id="word_22">,</word>
<word id="word_23">kas</word>
<word id="word_24">būtiski</word>
<word id="word_25">mainīs</word>
<word id="word_26">veidu</word>
<word id="word_27">,</word>
<word id="word_28">kā</word>
<word id="word_29">tiks</word>
<word id="word_30">lietotas</word>
<word id="word_31">biznesa</word>
<word id="word_32">informācijas</word>
<word id="word_33">sistēmas</word>
<word id="word_34">,</word>
<word id="word_35">un</word>
<word id="word_36">radīs</word>
<word id="word_37">jaunus</word>
<word id="word_38">izaicinājumus</word>
<word id="word_39">šo</word>
<word id="word_40">informācijas</word>
<word id="word_41">sistēmu</word>
<word id="word_42">izstrādātājiem</word>
<word id="word_43">un</word>
<word id="word_44">lietotājiem</word>
<word id="word_45">,</word>
<word id="word_46">intervijā</word>
<word id="word_47">biznesa</word>
<word id="word_48">portālam</word>
<word id="word_49">&quot;</word>
<word id="word_50">Nozare</word>
<word id="word_51">.</word>
<word id="word_52">lv</word>
<word id="word_53">&quot;</word>
<word id="word_54">teica</word>
<word id="word_55">globālā</word>
<word id="word_56">biznesa</word>
<word id="word_57">vadības</word>
<word id="word_58">programmatūras</word>
<word id="word_59">koncerna</word>
<word id="word_60">,</word>
<word id="word_61">&quot;</word>
<word id="word_62">SAP</word>
<word id="word_63">AG</word>
<word id="word_64">&quot;</word>
<word id="word_65">galvenais</word>
<word id="word_66">informācijas</word>
<word id="word_67">sistēmu</word>
<word id="word_68">direktors</word>
<word id="word_69">Olivers</word>
<word id="word_70">Busmans</word>
<word id="word_71">.</word>
<word id="word_72">Šo</word>
<word id="word_73">pārmaiņu</word>
<word id="word_74">dzinējspēki</word>
<word id="word_75">ir</word>
<word id="word_76">jaunas</word>
<word id="word_77">operētājsistēmas</word>
<word id="word_78">,</word>
<word id="word_79">kas</word>
<word id="word_80">strādā</word>
<word id="word_81">gan</word>
<word id="word_82">uz</word>
<word id="word_83">&quot;</word>
<word id="word_84">veciem</word>
<word id="word_85">&quot;</word>
<word id="word_86">portatīvajiem</word>
<word id="word_87">datoriem</word>
<word id="word_88">,</word>
<word id="word_89">gan</word>
<word id="word_90">jauniem</word>
<word id="word_91">,</word>
<word id="word_92">skārienjūtīgiem</word>
<word id="word_93">planšetdatoriem</word>
<word id="word_94">,</word>
<word id="word_95">un</word>
<word id="word_96">arvien</word>
<word id="word_97">vairāk</word>
<word id="word_98">darbvietās</word>
<word id="word_99">lietoto</word>
<word id="word_100">ierīču</word>
<word id="word_101">plašais</word>
<word id="word_102">spektrs</word>
<word id="word_103">,</word>
<word id="word_104">tostarp</word>
<word id="word_105">personīgie</word>
<word id="word_106">viedtelefoni</word>
<word id="word_107">un</word>
<word id="word_108">planšetdatori</word>
<word id="word_109">,</word>
<word id="word_110">teica</word>
<word id="word_111">Busmans</word>
<word id="word_112">.</word>
<word id="word_113">Nesen</word>
<word id="word_114">bija</word>
<word id="word_115">publikācija</word>
<word id="word_116">,</word>
<word id="word_117">kurā</word>
<word id="word_118">rakstījāt</word>
<word id="word_119">,</word>
<word id="word_120">ka</word>
<word id="word_121">portatīvais</word>
<word id="word_122">dators</word>
<word id="word_123">tuvākajos</word>
<word id="word_124">gados</word>
<word id="word_125">būs</word>
<word id="word_126">novecojusi</word>
<word id="word_127">prece</word>
<word id="word_128">un</word>
<word id="word_129">arvien</word>
<word id="word_130">vairāk</word>
<word id="word_131">,</word>
<word id="word_132">īpaši</word>
<word id="word_133">biznesā</word>
<word id="word_134">,</word>
<word id="word_135">lietos</word>
<word id="word_136">planšetdatorus</word>
<word id="word_137">un</word>
<word id="word_138">viedtālruņus</word>
<word id="word_139">?</word>
<word id="word_140">Kādēļ</word>
<word id="word_141">tā</word>
<word id="word_142">?</word>
<word id="word_143">Operētājsistēmā</word>
<word id="word_144">&quot;</word>
<word id="word_145">Windows</word>
<word id="word_146">8</word>
<word id="word_147">&quot;</word>
<word id="word_148">jau</word>
<word id="word_149">redzam</word>
<word id="word_150">hibrīdu</word>
<word id="word_151">,</word>
<word id="word_152">kas</word>
<word id="word_153">domāts</word>
<word id="word_154">skārienjūtīgam</word>
<word id="word_155">ierīcēm</word>
<word id="word_156">,</word>
<word id="word_157">bet</word>
<word id="word_158">kuru</word>
<word id="word_159">vienlaikus</word>
<word id="word_160">var</word>
<word id="word_161">lietot</word>
<word id="word_162">&quot;</word>
<word id="word_163">pa</word>
<word id="word_164">vecam</word>
<word id="word_165">&quot;</word>
<word id="word_166">.</word>
<word id="word_167">Ar</word>
<word id="word_168">jauno</word>
<word id="word_169">operētājsistēmu</word>
<word id="word_170">joprojām</word>
<word id="word_171">var</word>
<word id="word_172">izmantot</word>
<word id="word_173">daudziem</word>
<word id="word_174">ierasto</word>
<word id="word_175">&quot;</word>
<word id="word_176">Microsoft</word>
<word id="word_177">&quot;</word>
<word id="word_178">biroja</word>
<word id="word_179">programmatūras</word>
<word id="word_180">komplektu</word>
<word id="word_181">&quot;</word>
<word id="word_182">Microsoft</word>
<word id="word_183">Office</word>
<word id="word_184">&quot;</word>
<word id="word_185">.</word>
<word id="word_186">Tas</word>
<word id="word_187">ir</word>
<word id="word_188">veids</word>
<word id="word_189">,</word>
<word id="word_190">ka</word>
<word id="word_191">esošo</word>
<word id="word_192">lietotāju</word>
<word id="word_193">kopienu</word>
<word id="word_194">ievest</word>
<word id="word_195">mobilo</word>
<word id="word_196">ierīču</word>
<word id="word_197">pasaulē</word>
<word id="word_198">.</word>
<word id="word_199">Ir</word>
<word id="word_200">arī</word>
<word id="word_201">jāskatās</word>
<word id="word_202">uz</word>
<word id="word_203">skaitļiem</word>
<word id="word_204">.</word>
<word id="word_205">Pērn</word>
<word id="word_206">pasaulē</word>
<word id="word_207">pārdeva</word>
<word id="word_208">260</word>
<word id="word_209">miljonus</word>
<word id="word_210">portatīvo</word>
<word id="word_211">un</word>
<word id="word_212">galda</word>
<word id="word_213">datoru</word>
<word id="word_214">.</word>
<word id="word_215">Šogad</word>
<word id="word_216">pārdoti</word>
<word id="word_217">110</word>
<word id="word_218">miljoni</word>
<word id="word_219">planšetdatoru</word>
<word id="word_220">,</word>
<word id="word_221">un</word>
<word id="word_222">prognozē</word>
<word id="word_223">,</word>
<word id="word_224">ka</word>
<word id="word_225">tuvā</word>
<word id="word_226">nākotnē</word>
<word id="word_227">šis</word>
<word id="word_228">skaitlis</word>
<word id="word_229">varētu</word>
<word id="word_230">sasniegt</word>
<word id="word_231">250</word>
<word id="word_232">miljonus</word>
<word id="word_233">.</word>
<word id="word_234">Portatīvo</word>
<word id="word_235">un</word>
<word id="word_236">galda</word>
<word id="word_237">datoru</word>
<word id="word_238">skaits</word>
<word id="word_239">nepieaugs</word>
<word id="word_240">.</word>
<word id="word_241">Tā</word>
<word id="word_242">ir</word>
<word id="word_243">skaidra</word>
<word id="word_244">pazīme</word>
<word id="word_245">,</word>
<word id="word_246">ka</word>
<word id="word_247">planšetdatori</word>
<word id="word_248">&quot;</word>
<word id="word_249">pārņems</word>
<word id="word_250">tirgu</word>
<word id="word_251">&quot;</word>
<word id="word_252">.</word>
<word id="word_253">Tā</word>
<word id="word_254">ir</word>
<word id="word_255">laba</word>
<word id="word_256">ziņa</word>
<word id="word_257">galvenokārt</word>
<word id="word_258">&quot;</word>
<word id="word_259">Apple</word>
<word id="word_260">&quot;</word>
<word id="word_261">un</word>
<word id="word_262">varbūt</word>
<word id="word_263">arī</word>
<word id="word_264">&quot;</word>
<word id="word_265">Samsung</word>
<word id="word_266">&quot;</word>
<word id="word_267">.</word>
<word id="word_268">Neaizmirstam</word>
<word id="word_269">to</word>
<word id="word_270">,</word>
<word id="word_271">ka</word>
<word id="word_272">arī</word>
<word id="word_273">ir</word>
<word id="word_274">planšetdatori</word>
<word id="word_275">ar</word>
<word id="word_276">&quot;</word>
<word id="word_277">Windows</word>
<word id="word_278">&quot;</word>
<word id="word_279">operētājsistēmu</word>
<word id="word_280">.</word>
<word id="word_281">Katrā</word>
<word id="word_282">ziņā</word>
<word id="word_283">būs</word>
<word id="word_284">izvēle</word>
<word id="word_285">.</word>
<word id="word_286">Kā</word>
<word id="word_287">tas</word>
<word id="word_288">ietekmēs</word>
<word id="word_289">&quot;</word>
<word id="word_290">SAP</word>
<word id="word_291">&quot;</word>
<word id="word_292">pamatbiznesu</word>
<word id="word_293">,</word>
<word id="word_294">kas</word>
<word id="word_295">ir</word>
<word id="word_296">biznesa</word>
<word id="word_297">vadības</word>
<word id="word_298">programmatūra</word>
<word id="word_299">?</word>
<word id="word_300">Vai</word>
<word id="word_301">mobilie</word>
<word id="word_302">sakaru</word>
<word id="word_303">tīkli</word>
<word id="word_304">ir</word>
<word id="word_305">piemēroti</word>
<word id="word_306">šādu</word>
<word id="word_307">jaudīgu</word>
<word id="word_308">programmu</word>
<word id="word_309">darbināšanai</word>
<word id="word_310">un</word>
<word id="word_311">lielu</word>
<word id="word_312">datu</word>
<word id="word_313">apjomu</word>
<word id="word_314">pārraidei</word>
<word id="word_315">?</word>
<word id="word_316">Domāju</word>
<word id="word_317">gan</word>
<word id="word_318">,</word>
<word id="word_319">ka</word>
<word id="word_320">ar</word>
<word id="word_321">to</word>
<word id="word_322">tiks</word>
<word id="word_323">galā</word>
<word id="word_324">.</word>
<word id="word_325">Jāskatās</word>
<word id="word_326">uz</word>
<word id="word_327">to</word>
<word id="word_328">,</word>
<word id="word_329">cik</word>
<word id="word_330">daudz</word>
<word id="word_331">tiek</word>
<word id="word_332">investēts</word>
<word id="word_333">mobilos</word>
<word id="word_334">tīklos</word>
<word id="word_335">.</word>
<word id="word_336">Nesen</word>
<word id="word_337">biju</word>
<word id="word_338">Āfrikā</word>
<word id="word_339">un</word>
<word id="word_340">redzēju</word>
<word id="word_341">,</word>
<word id="word_342">ka</word>
<word id="word_343">tur</word>
<word id="word_344">ir</word>
<word id="word_345">valstis</word>
<word id="word_346">,</word>
<word id="word_347">kuras</word>
<word id="word_348">&quot;</word>
<word id="word_349">pārlēks</word>
<word id="word_350">&quot;</word>
<word id="word_351">fiksētā</word>
<word id="word_352">tīkla</word>
<word id="word_353">izbūvei</word>
<word id="word_354">un</word>
<word id="word_355">nodosies</word>
<word id="word_356">tikai</word>
<word id="word_357">mobilo</word>
<word id="word_358">sakaru</word>
<word id="word_359">risinājumiem</word>
<word id="word_360">.</word>
<word id="word_361">Āfrikā</word>
<word id="word_362">ir</word>
<word id="word_363">650</word>
<word id="word_364">miljoni</word>
<word id="word_365">mobilo</word>
<word id="word_366">sakaru</word>
<word id="word_367">pieslēgumu</word>
<word id="word_368">,</word>
<word id="word_369">tas</word>
<word id="word_370">ir</word>
<word id="word_371">vairāk</word>
<word id="word_372">,</word>
<word id="word_373">nekā</word>
<word id="word_374">Āfrikā</word>
<word id="word_375">ir</word>
<word id="word_376">zobu</word>
<word id="word_377">birstu</word>
<word id="word_378">.</word>
<word id="word_379">Skatoties</word>
<word id="word_380">uz</word>
<word id="word_381">šo</word>
<word id="word_382">lietu</word>
<word id="word_383">no</word>
<word id="word_384">lietotāja</word>
<word id="word_385">redzespunkta</word>
<word id="word_386">,</word>
<word id="word_387">redzam</word>
<word id="word_388">,</word>
<word id="word_389">ka</word>
<word id="word_390">biznesa</word>
<word id="word_391">lietotājs</word>
<word id="word_392">vairs</word>
<word id="word_393">nav</word>
<word id="word_394">tādos</word>
<word id="word_395">apstākļos</word>
<word id="word_396">,</word>
<word id="word_397">kur</word>
<word id="word_398">visiem</word>
<word id="word_399">uzņēmuma</word>
<word id="word_400">darbiniekiem</word>
<word id="word_401">bija</word>
<word id="word_402">viena</word>
<word id="word_403">veida</word>
<word id="word_404">ierīce</word>
<word id="word_405">,</word>
<word id="word_406">parasti</word>
<word id="word_407">kompānijas</word>
<word id="word_408">&quot;</word>
<word id="word_409">Research</word>
<word id="word_410">in</word>
<word id="word_411">Motion</word>
<word id="word_412">&quot;</word>
<word id="word_413">(</word>
<word id="word_414">RIM</word>
<word id="word_415">)</word>
<word id="word_416">ražots</word>
<word id="word_417">&quot;</word>
<word id="word_418">Blackberry</word>
<word id="word_419">&quot;</word>
<word id="word_420">telefons</word>
<word id="word_421">.</word>
<word id="word_422">Tagad</word>
<word id="word_423">ir</word>
<word id="word_424">daudz</word>
<word id="word_425">un</word>
<word id="word_426">dažādas</word>
<word id="word_427">ierīces</word>
<word id="word_428">.</word>
<word id="word_429">Lietotājs</word>
<word id="word_430">var</word>
<word id="word_431">izvēlēties</word>
<word id="word_432">&quot;</word>
<word id="word_433">Apple</word>
<word id="word_434">&quot;</word>
<word id="word_435">ierīci</word>
<word id="word_436">,</word>
<word id="word_437">&quot;</word>
<word id="word_438">Windows</word>
<word id="word_439">&quot;</word>
<word id="word_440">aprīkotu</word>
<word id="word_441">ierīci</word>
<word id="word_442">vai</word>
<word id="word_443">&quot;</word>
<word id="word_444">Android</word>
<word id="word_445">&quot;</word>
<word id="word_446">ierīci</word>
<word id="word_447">.</word>
<word id="word_448">Korporatīvam</word>
<word id="word_449">informācijas</word>
<word id="word_450">sistēmu</word>
<word id="word_451">direktoram</word>
<word id="word_452">ir</word>
<word id="word_453">jāspēj</word>
<word id="word_454">atbalstīt</word>
<word id="word_455">katru</word>
<word id="word_456">no</word>
<word id="word_457">šīm</word>
<word id="word_458">ierīcēm</word>
<word id="word_459">.</word>
<word id="word_460">Ir</word>
<word id="word_461">jādod</word>
<word id="word_462">izvēle</word>
<word id="word_463">,</word>
<word id="word_464">taču</word>
<word id="word_465">varbūt</word>
<word id="word_466">ne</word>
<word id="word_467">neierobežota</word>
<word id="word_468">.</word>
<word id="word_469">Bet</word>
<word id="word_470">ir</word>
<word id="word_471">jāspēj</word>
<word id="word_472">dažu</word>
<word id="word_473">dienu</word>
<word id="word_474">laikā</word>
<word id="word_475">korporatīvās</word>
<word id="word_476">sistēmās</word>
<word id="word_477">iekļaut</word>
<word id="word_478">jaunu</word>
<word id="word_479">ierīci</word>
<word id="word_480">,</word>
<word id="word_481">kaut_vai</word>
<word id="word_482">&quot;</word>
<word id="word_483">iPhone5</word>
<word id="word_484">&quot;</word>
<word id="word_485">.</word>
<word id="word_486">Ir</word>
<word id="word_487">arī</word>
<word id="word_488">jārēķinās</word>
<word id="word_489">,</word>
<word id="word_490">ka</word>
<word id="word_491">korporatīvā</word>
<word id="word_492">informācijas</word>
<word id="word_493">infrastruktūrā</word>
<word id="word_494">izmantos</word>
<word id="word_495">arī</word>
<word id="word_496">personīgās</word>
<word id="word_497">ierīces</word>
<word id="word_498">.</word>
<word id="word_499">Jaunie</word>
<word id="word_500">darbinieki</word>
<word id="word_501">ienāk</word>
<word id="word_502">darba</word>
<word id="word_503">dzīvē</word>
<word id="word_504">,</word>
<word id="word_505">sagaidot</word>
<word id="word_506">to</word>
<word id="word_507">,</word>
<word id="word_508">ka</word>
<word id="word_509">viņi</word>
<word id="word_510">darbavietā</word>
<word id="word_511">var</word>
<word id="word_512">lietot</word>
<word id="word_513">personīgās</word>
<word id="word_514">ierīces</word>
<word id="word_515">.</word>
<word id="word_516">Vai</word>
<word id="word_517">tas</word>
<word id="word_518">tomēr</word>
<word id="word_519">nav</word>
<word id="word_520">murgs</word>
<word id="word_521">?</word>
<word id="word_522">Pirms</word>
<word id="word_523">pāris</word>
<word id="word_524">gadiem</word>
<word id="word_525">varēja</word>
<word id="word_526">iepirkt</word>
<word id="word_527">simtiem</word>
<word id="word_528">,</word>
<word id="word_529">teiksim</word>
<word id="word_530">,</word>
<word id="word_531">identiskas</word>
<word id="word_532">&quot;</word>
<word id="word_533">Blackberry</word>
<word id="word_534">&quot;</word>
<word id="word_535">ierīces</word>
<word id="word_536">un</word>
<word id="word_537">tās</word>
<word id="word_538">visas</word>
<word id="word_539">sagatavot</word>
<word id="word_540">vienam</word>
<word id="word_541">un</word>
<word id="word_542">tam</word>
<word id="word_543">pašam</word>
<word id="word_544">darbam</word>
<word id="word_545">,</word>
<word id="word_546">vienīgi</word>
<word id="word_547">ar</word>
<word id="word_548">niansi</word>
<word id="word_549">,</word>
<word id="word_550">ka</word>
<word id="word_551">uzdevumi</word>
<word id="word_552">var</word>
<word id="word_553">būt</word>
<word id="word_554">citādāki</word>
<word id="word_555">pārdevējam</word>
<word id="word_556">,</word>
<word id="word_557">grāmatvedim</word>
<word id="word_558">un</word>
<word id="word_559">nodaļas</word>
<word id="word_560">vadītājam</word>
<word id="word_561">.</word>
<word id="word_562">Tagad</word>
<word id="word_563">paveras</word>
<word id="word_564">vārti</word>
<word id="word_565">&quot;</word>
<word id="word_566">visam</word>
<word id="word_567">zvēru</word>
<word id="word_568">dārzam</word>
<word id="word_569">&quot;</word>
<word id="word_570">un</word>
<word id="word_571">svarīga</word>
<word id="word_572">korporatīvā</word>
<word id="word_573">aplikācija</word>
<word id="word_574">var</word>
<word id="word_575">atrasties</word>
<word id="word_576">vienā</word>
<word id="word_577">viedtelefonā</word>
<word id="word_578">ar</word>
<word id="word_579">nejauši</word>
<word id="word_580">ievazātu</word>
<word id="word_581">ļaundabīgu</word>
<word id="word_582">&quot;</word>
<word id="word_583">Android</word>
<word id="word_584">&quot;</word>
<word id="word_585">programmiņu</word>
<word id="word_586">.</word>
<word id="word_587">Pirmkārt</word>
<word id="word_588">,</word>
<word id="word_589">&quot;</word>
<word id="word_590">SAP</word>
<word id="word_591">&quot;</word>
<word id="word_592">personālam</word>
<word id="word_593">,</word>
<word id="word_594">kuri</word>
<word id="word_595">atbild</word>
<word id="word_596">par</word>
<word id="word_597">uzņēmuma</word>
<word id="word_598">kritiskām</word>
<word id="word_599">funkcijām</word>
<word id="word_600">,</word>
<word id="word_601">ir</word>
<word id="word_602">izsniegtas</word>
<word id="word_603">īpašas</word>
<word id="word_604">&quot;</word>
<word id="word_605">SAP</word>
<word id="word_606">&quot;</word>
<word id="word_607">aplikācijas</word>
<word id="word_608">.</word>
<word id="word_609">Atbalstam</word>
<word id="word_610">tikai</word>
<word id="word_611">desmit</word>
<word id="word_612">personīgo</word>
<word id="word_613">mobilo</word>
<word id="word_614">ierīču</word>
<word id="word_615">modeļus</word>
<word id="word_616">,</word>
<word id="word_617">kurus</word>
<word id="word_618">darbinieki</word>
<word id="word_619">drīkst</word>
<word id="word_620">nest</word>
<word id="word_621">uz</word>
<word id="word_622">darbu</word>
<word id="word_623">un</word>
<word id="word_624">lietot</word>
<word id="word_625">arī</word>
<word id="word_626">darba</word>
<word id="word_627">vajadzībām</word>
<word id="word_628">.</word>
<word id="word_629">Izmantojam</word>
<word id="word_630">savu</word>
<word id="word_631">&quot;</word>
<word id="word_632">SAP</word>
<word id="word_633">&quot;</word>
<word id="word_634">mobilo</word>
<word id="word_635">ierīču</word>
<word id="word_636">vadības</word>
<word id="word_637">programmatūru</word>
<word id="word_638">,</word>
<word id="word_639">kas</word>
<word id="word_640">konfigurē</word>
<word id="word_641">,</word>
<word id="word_642">uzrauga</word>
<word id="word_643">un</word>
<word id="word_644">rūpējās</word>
<word id="word_645">par</word>
<word id="word_646">mobilo</word>
<word id="word_647">ierīču</word>
<word id="word_648">drošību</word>
<word id="word_649">.</word>
<word id="word_650">Ja</word>
<word id="word_651">kāds</word>
<word id="word_652">,</word>
<word id="word_653">piemēram</word>
<word id="word_654">,</word>
<word id="word_655">uz</word>
<word id="word_656">darbu</word>
<word id="word_657">atnes</word>
<word id="word_658">savu</word>
<word id="word_659">&quot;</word>
<word id="word_660">iPad</word>
<word id="word_661">&quot;</word>
<word id="word_662">planšetdatoru</word>
<word id="word_663">,</word>
<word id="word_664">nākas</word>
<word id="word_665">parakstīt</word>
<word id="word_666">dokumentu</word>
<word id="word_667">,</word>
<word id="word_668">ka</word>
<word id="word_669">darbinieks</word>
<word id="word_670">piekrīt</word>
<word id="word_671">&quot;</word>
<word id="word_672">SAP</word>
<word id="word_673">&quot;</word>
<word id="word_674">programmatūras</word>
<word id="word_675">ierīkošanai</word>
<word id="word_676">šajā</word>
<word id="word_677">ierīcē</word>
<word id="word_678">un</word>
<word id="word_679">arī</word>
<word id="word_680">piekrīt</word>
<word id="word_681">,</word>
<word id="word_682">ka</word>
<word id="word_683">&quot;</word>
<word id="word_684">SAP</word>
<word id="word_685">&quot;</word>
<word id="word_686">var</word>
<word id="word_687">veikt</word>
<word id="word_688">monitorēšanu</word>
<word id="word_689">un</word>
<word id="word_690">vajadzības</word>
<word id="word_691">gadījumā</word>
<word id="word_692">&quot;</word>
<word id="word_693">izmest</word>
<word id="word_694">&quot;</word>
<word id="word_695">ierīci</word>
<word id="word_696">no</word>
<word id="word_697">tīkla</word>
<word id="word_698">.</word>
<word id="word_699">Ar</word>
<word id="word_700">šīm</word>
<word id="word_701">ierīcēm</word>
<word id="word_702">rīkojamies</word>
<word id="word_703">ar</word>
<word id="word_704">to</word>
<word id="word_705">pašu</word>
<word id="word_706">stingrību</word>
<word id="word_707">,</word>
<word id="word_708">kuru</word>
<word id="word_709">attiecinām</word>
<word id="word_710">uz</word>
<word id="word_711">korporatīvām</word>
<word id="word_712">jeb</word>
<word id="word_713">&quot;</word>
<word id="word_714">SAP</word>
<word id="word_715">&quot;</word>
<word id="word_716">piederošām</word>
<word id="word_717">ierīcēm</word>
<word id="word_718">.</word>
<word id="word_719">To</word>
<word id="word_720">visu</word>
<word id="word_721">darāt</word>
<word id="word_722">&quot;</word>
<word id="word_723">SAP</word>
<word id="word_724">&quot;</word>
<word id="word_725">ietvaros</word>
<word id="word_726">.</word>
<word id="word_727">Kā</word>
<word id="word_728">varam</word>
<word id="word_729">palīdzēt</word>
<word id="word_730">kompānijai</word>
<word id="word_731">,</word>
<word id="word_732">kura</word>
<word id="word_733">izmanto</word>
<word id="word_734">&quot;</word>
<word id="word_735">SAP</word>
<word id="word_736">&quot;</word>
<word id="word_737">risinājumus</word>
<word id="word_738">,</word>
<word id="word_739">bet</word>
<word id="word_740">saprot</word>
<word id="word_741">,</word>
<word id="word_742">ka</word>
<word id="word_743">liela</word>
<word id="word_744">daļa</word>
<word id="word_745">darba</word>
<word id="word_746">ar</word>
<word id="word_747">šīm</word>
<word id="word_748">sistēmām</word>
<word id="word_749">notiks</word>
<word id="word_750">mobilajā</word>
<word id="word_751">vidē</word>
<word id="word_752">un</word>
<word id="word_753">izmantojot</word>
<word id="word_754">,</word>
<word id="word_755">tā</word>
<word id="word_756">sakot</word>
<word id="word_757">,</word>
<word id="word_758">&quot;</word>
<word id="word_759">sazina</word>
<word id="word_760">velns</word>
<word id="word_761">&quot;</word>
<word id="word_762">kādus</word>
<word id="word_763">rīkus</word>
<word id="word_764">,</word>
<word id="word_765">kas</word>
<word id="word_766">atnesti</word>
<word id="word_767">uz</word>
<word id="word_768">darbu</word>
<word id="word_769">?</word>
<word id="word_770">Ko</word>
<word id="word_771">darīt</word>
<word id="word_772">?</word>
<word id="word_773">Vispirms</word>
<word id="word_774">jāizlemj</word>
<word id="word_775">,</word>
<word id="word_776">kuras</word>
<word id="word_777">ierīces</word>
<word id="word_778">atbalstīt</word>
<word id="word_779">.</word>
<word id="word_780">Tad</word>
<word id="word_781">var</word>
<word id="word_782">izvēlēties</word>
<word id="word_783">&quot;</word>
<word id="word_784">SAP</word>
<word id="word_785">&quot;</word>
<word id="word_786">korporatīvo</word>
<word id="word_787">mobilo</word>
<word id="word_788">ierīču</word>
<word id="word_789">vadības</word>
<word id="word_790">sistēmu</word>
<word id="word_791">&quot;</word>
<word id="word_792">Afaria</word>
<word id="word_793">&quot;</word>
<word id="word_794">,</word>
<word id="word_795">kas</word>
<word id="word_796">,</word>
<word id="word_797">cita</word>
<word id="word_798">starpā</word>
<word id="word_799">,</word>
<word id="word_800">arī</word>
<word id="word_801">atbalsta</word>
<word id="word_802">populāros</word>
<word id="word_803">&quot;</word>
<word id="word_804">Apple</word>
<word id="word_805">&quot;</word>
<word id="word_806">produktus</word>
<word id="word_807">,</word>
<word id="word_808">arī</word>
<word id="word_809">&quot;</word>
<word id="word_810">Android</word>
<word id="word_811">&quot;</word>
<word id="word_812">un</word>
<word id="word_813">&quot;</word>
<word id="word_814">Windows</word>
<word id="word_815">&quot;</word>
<word id="word_816">ierīces</word>
<word id="word_817">.</word>
<word id="word_818">Turklāt</word>
<word id="word_819">ar</word>
<word id="word_820">šo</word>
<word id="word_821">sistēmu</word>
<word id="word_822">var</word>
<word id="word_823">pārvaldīt</word>
<word id="word_824">tikai</word>
<word id="word_825">tās</word>
<word id="word_826">ierīces</word>
<word id="word_827">,</word>
<word id="word_828">kuras</word>
<word id="word_829">ir</word>
<word id="word_830">savietojamas</word>
<word id="word_831">ar</word>
<word id="word_832">kompānijas</word>
<word id="word_833">&quot;</word>
<word id="word_834">SAP</word>
<word id="word_835">&quot;</word>
<word id="word_836">uzņēmuma</word>
<word id="word_837">vadības</word>
<word id="word_838">sistēmām</word>
<word id="word_839">.</word>
<word id="word_840">&quot;</word>
<word id="word_841">SAP</word>
<word id="word_842">&quot;</word>
<word id="word_843">mobilo</word>
<word id="word_844">ierīču</word>
<word id="word_845">vadības</word>
<word id="word_846">sistēmai</word>
<word id="word_847">&quot;</word>
<word id="word_848">SAP</word>
<word id="word_849">Afaria</word>
<word id="word_850">&quot;</word>
<word id="word_851">ir</word>
<word id="word_852">20</word>
<word id="word_853">%</word>
<word id="word_854">pasaules</word>
<word id="word_855">tirgus</word>
<word id="word_856">daļas</word>
<word id="word_857">,</word>
<word id="word_858">to</word>
<word id="word_859">izmanto</word>
<word id="word_860">arī</word>
<word id="word_861">mobilo</word>
<word id="word_862">sakaru</word>
<word id="word_863">operatori</word>
<word id="word_864">,</word>
<word id="word_865">lai</word>
<word id="word_866">klientiem</word>
<word id="word_867">sniegtu</word>
<word id="word_868">pakalpojumus</word>
<word id="word_869">.</word>
<word id="word_870">SAP</word>
<word id="word_871">iekšienē</word>
<word id="word_872">vadam</word>
<word id="word_873">ap</word>
<word id="word_874">40000</word>
<word id="word_875">ierīču</word>
<word id="word_876">,</word>
<word id="word_877">tostarp</word>
<word id="word_878">18000</word>
<word id="word_879">&quot;</word>
<word id="word_880">iPad</word>
<word id="word_881">&quot;</word>
<word id="word_882">planšetdatoru</word>
<word id="word_883">,</word>
<word id="word_884">16000</word>
<word id="word_885">&quot;</word>
<word id="word_886">iPhone</word>
<word id="word_887">&quot;</word>
<word id="word_888">viedtelefonu</word>
<word id="word_889">,</word>
<word id="word_890">arī</word>
<word id="word_891">&quot;</word>
<word id="word_892">Samsung</word>
<word id="word_893">&quot;</word>
<word id="word_894">un</word>
<word id="word_895">no</word>
<word id="word_896">dažādu</word>
<word id="word_897">ražotāju</word>
<word id="word_898">personīgās</word>
<word id="word_899">ierīces</word>
<word id="word_900">.</word>
<word id="word_901">Vai</word>
<word id="word_902">vidējs</word>
<word id="word_903">un</word>
<word id="word_904">liels</word>
<word id="word_905">Baltijas</word>
<word id="word_906">uzņēmums</word>
<word id="word_907">,</word>
<word id="word_908">ar</word>
<word id="word_909">simtiem</word>
<word id="word_910">mobilo</word>
<word id="word_911">ierīču</word>
<word id="word_912">var</word>
<word id="word_913">justies</word>
<word id="word_914">drošs</word>
<word id="word_915">par</word>
<word id="word_916">savu</word>
<word id="word_917">&quot;</word>
<word id="word_918">SAP</word>
<word id="word_919">&quot;</word>
<word id="word_920">sistēmu</word>
<word id="word_921">un</word>
<word id="word_922">tajā</word>
<word id="word_923">uzglabātajiem</word>
<word id="word_924">datiem</word>
<word id="word_925">?</word>
<word id="word_926">Noteikti</word>
<word id="word_927">.</word>
<word id="word_928">&quot;</word>
<word id="word_929">Apple</word>
<word id="word_930">&quot;</word>
<word id="word_931">ir</word>
<word id="word_932">izstrādājis</word>
<word id="word_933">virkni</word>
<word id="word_934">programmēšanas</word>
<word id="word_935">saskarņu</word>
<word id="word_936">(</word>
<word id="word_937">API</word>
<word id="word_938">)</word>
<word id="word_939">,</word>
<word id="word_940">ap</word>
<word id="word_941">90</word>
<word id="word_942">,</word>
<word id="word_943">ko</word>
<word id="word_944">izmantot</word>
<word id="word_945">drošības</word>
<word id="word_946">risinājumiem</word>
<word id="word_947">.</word>
<word id="word_948">&quot;</word>
<word id="word_949">Samsung</word>
<word id="word_950">&quot;</word>
<word id="word_951">saviem</word>
<word id="word_952">produktiem</word>
<word id="word_953">piedāvā</word>
<word id="word_954">ap</word>
<word id="word_955">300</word>
<word id="word_956">dažādu</word>
<word id="word_957">funkciju</word>
<word id="word_958">,</word>
<word id="word_959">kas</word>
<word id="word_960">nodrošina</word>
<word id="word_961">,</word>
<word id="word_962">ka</word>
<word id="word_963">telefons</word>
<word id="word_964">vai</word>
<word id="word_965">cita</word>
<word id="word_966">ierīce</word>
<word id="word_967">atrodas</word>
<word id="word_968">attiecīgā</word>
<word id="word_969">uzņēmuma</word>
<word id="word_970">uzraudzībā</word>
<word id="word_971">un</word>
<word id="word_972">kontrolē</word>
<word id="word_973">.</word>
<word id="word_974">Tātad</word>
<word id="word_975">SAP</word>
<word id="word_976">ir</word>
<word id="word_977">mobilo</word>
<word id="word_978">ierīču</word>
<word id="word_979">vadības</word>
<word id="word_980">risinājums</word>
<word id="word_981">un</word>
<word id="word_982">dažādas</word>
<word id="word_983">savu</word>
<word id="word_984">aplikācijas</word>
<word id="word_985">,</word>
<word id="word_986">kuras</word>
<word id="word_987">var</word>
<word id="word_988">nekavējoties</word>
<word id="word_989">lietot</word>
<word id="word_990">,</word>
<word id="word_991">lai</word>
<word id="word_992">no</word>
<word id="word_993">mobilās</word>
<word id="word_994">ierīces</word>
<word id="word_995">pieslēgtos</word>
<word id="word_996">kādai</word>
<word id="word_997">no</word>
<word id="word_998">&quot;</word>
<word id="word_999">SAP</word>
<word id="word_1000">&quot;</word>
<word id="word_1001">uzņēmuma</word>
<word id="word_1002">vadības</word>
<word id="word_1003">sistēmām</word>
<word id="word_1004">.</word>
<word id="word_1005">Tam</word>
<word id="word_1006">arī</word>
<word id="word_1007">ir</word>
<word id="word_1008">radīti</word>
<word id="word_1009">attīstītāju</word>
<word id="word_1010">rīki</word>
<word id="word_1011">,</word>
<word id="word_1012">jo</word>
<word id="word_1013">&quot;</word>
<word id="word_1014">SAP</word>
<word id="word_1015">&quot;</word>
<word id="word_1016">mērķis</word>
<word id="word_1017">ir</word>
<word id="word_1018">panākt</word>
<word id="word_1019">,</word>
<word id="word_1020">lai</word>
<word id="word_1021">neatkarīgi</word>
<word id="word_1022">izstrādātāji</word>
<word id="word_1023">radītu</word>
<word id="word_1024">80</word>
<word id="word_1025">%</word>
<word id="word_1026">no</word>
<word id="word_1027">aplikācijām</word>
<word id="word_1028">,</word>
<word id="word_1029">kas</word>
<word id="word_1030">no</word>
<word id="word_1031">mobilām</word>
<word id="word_1032">ierīcēm</word>
<word id="word_1033">darbojas</word>
<word id="word_1034">ar</word>
<word id="word_1035">&quot;</word>
<word id="word_1036">SAP</word>
<word id="word_1037">&quot;</word>
<word id="word_1038">sistēmām</word>
<word id="word_1039">.</word>
<word id="word_1040">Tos</word>
<word id="word_1041">pašus</word>
<word id="word_1042">rīkus</word>
<word id="word_1043">lieto</word>
<word id="word_1044">arī</word>
<word id="word_1045">&quot;</word>
<word id="word_1046">SAP</word>
<word id="word_1047">&quot;</word>
<word id="word_1048">programmētāji</word>
<word id="word_1049">savu</word>
<word id="word_1050">aplikāciju</word>
<word id="word_1051">izstrādei</word>
<word id="word_1052">,</word>
<word id="word_1053">un</word>
<word id="word_1054">pamatprincips</word>
<word id="word_1055">ir</word>
<word id="word_1056">,</word>
<word id="word_1057">ka</word>
<word id="word_1058">šādām</word>
<word id="word_1059">aplikācijām</word>
<word id="word_1060">ir</word>
<word id="word_1061">jādarbojas</word>
<word id="word_1062">dažādās</word>
<word id="word_1063">ierīcēs</word>
<word id="word_1064">.</word>
<word id="word_1065">Ar</word>
<word id="word_1066">tiem</word>
<word id="word_1067">var</word>
<word id="word_1068">radīt</word>
<word id="word_1069">aplikācijas</word>
<word id="word_1070">,</word>
<word id="word_1071">kas</word>
<word id="word_1072">ne_tikvien</word>
<word id="word_1073">nav</word>
<word id="word_1074">atkarīgas</word>
<word id="word_1075">no</word>
<word id="word_1076">konkrētas</word>
<word id="word_1077">ierīces</word>
<word id="word_1078">,</word>
<word id="word_1079">bet_arī</word>
<word id="word_1080">tādas</word>
<word id="word_1081">,</word>
<word id="word_1082">kas</word>
<word id="word_1083">var</word>
<word id="word_1084">izmantot</word>
<word id="word_1085">gan</word>
<word id="word_1086">&quot;</word>
<word id="word_1087">SAP</word>
<word id="word_1088">&quot;</word>
<word id="word_1089">,</word>
<word id="word_1090">gan</word>
<word id="word_1091">pieslēgties</word>
<word id="word_1092">&quot;</word>
<word id="word_1093">SAP</word>
<word id="word_1094">&quot;</word>
<word id="word_1095">,</word>
<word id="word_1096">&quot;</word>
<word id="word_1097">Microsoft</word>
<word id="word_1098">&quot;</word>
<word id="word_1099">vai</word>
<word id="word_1100">&quot;</word>
<word id="word_1101">IBM</word>
<word id="word_1102">&quot;</word>
<word id="word_1103">biznesa</word>
<word id="word_1104">programmatūras</word>
<word id="word_1105">sistēmai</word>
<word id="word_1106">.</word>
<word id="word_1107">Cik</word>
<word id="word_1108">aplikācijas</word>
<word id="word_1109">patlaban</word>
<word id="word_1110">procentuāli</word>
<word id="word_1111">attīsta</word>
<word id="word_1112">&quot;</word>
<word id="word_1113">SAP</word>
<word id="word_1114">&quot;</word>
<word id="word_1115">pašu</word>
<word id="word_1116">programmētāji</word>
<word id="word_1117">un</word>
<word id="word_1118">cik</word>
<word id="word_1119">attīsta</word>
<word id="word_1120">ārpus</word>
<word id="word_1121">uzņēmuma</word>
<word id="word_1122">?</word>
<word id="word_1123">Kā</word>
<word id="word_1124">zināms</word>
<word id="word_1125">,</word>
<word id="word_1126">Latvijā</word>
<word id="word_1127">un</word>
<word id="word_1128">Baltijā</word>
<word id="word_1129">ir</word>
<word id="word_1130">programmētāji</word>
<word id="word_1131">,</word>
<word id="word_1132">kas</word>
<word id="word_1133">labprāt</word>
<word id="word_1134">attīstītu</word>
<word id="word_1135">šādas</word>
<word id="word_1136">aplikācijas</word>
<word id="word_1137">.</word>
<word id="word_1138">Mērķis</word>
<word id="word_1139">ir</word>
<word id="word_1140">iegūt</word>
<word id="word_1141">80</word>
<word id="word_1142">%</word>
<word id="word_1143">aplikāciju</word>
<word id="word_1144">no</word>
<word id="word_1145">&quot;</word>
<word id="word_1146">partneriem</word>
<word id="word_1147">&quot;</word>
<word id="word_1148">.</word>
<word id="word_1149">Ja</word>
<word id="word_1150">ieskatās</word>
<word id="word_1151">mobilo</word>
<word id="word_1152">aplikāciju</word>
<word id="word_1153">veikalā</word>
<word id="word_1154">&quot;</word>
<word id="word_1155">iTunes</word>
<word id="word_1156">&quot;</word>
<word id="word_1157">,</word>
<word id="word_1158">tur</word>
<word id="word_1159">jau</word>
<word id="word_1160">ir</word>
<word id="word_1161">kādas</word>
<word id="word_1162">100</word>
<word id="word_1163">mobilās</word>
<word id="word_1164">aplikācijas</word>
<word id="word_1165">&quot;</word>
<word id="word_1166">SAP</word>
<word id="word_1167">&quot;</word>
<word id="word_1168">sadaļā</word>
<word id="word_1169">,</word>
<word id="word_1170">kuras</word>
<word id="word_1171">izstrādājis</word>
<word id="word_1172">gan</word>
<word id="word_1173">&quot;</word>
<word id="word_1174">SAP</word>
<word id="word_1175">&quot;</word>
<word id="word_1176">,</word>
<word id="word_1177">gan</word>
<word id="word_1178">citi</word>
<word id="word_1179">.</word>
<word id="word_1180">Tās</word>
<word id="word_1181">ir</word>
<word id="word_1182">sadalītas</word>
<word id="word_1183">pa</word>
<word id="word_1184">funkcijām</word>
<word id="word_1185">un</word>
<word id="word_1186">nozarēm</word>
<word id="word_1187">,</word>
<word id="word_1188">kurās</word>
<word id="word_1189">tās</word>
<word id="word_1190">lietojamas</word>
<word id="word_1191">.</word>
<word id="word_1192">Tātad</word>
<word id="word_1193">ir</word>
<word id="word_1194">izvēle</word>
<word id="word_1195">.</word>
<word id="word_1196">Vai</word>
<word id="word_1197">ir</word>
<word id="word_1198">arī</word>
<word id="word_1199">iespējas</word>
<word id="word_1200">un</word>
<word id="word_1201">izdevības</word>
<word id="word_1202">attīstītājiem</word>
<word id="word_1203">?</word>
<word id="word_1204">Tieši</word>
<word id="word_1205">tā</word>
<word id="word_1206">!</word>
<word id="word_1207">&quot;</word>
<word id="word_1208">SAP</word>
<word id="word_1209">&quot;</word>
<word id="word_1210">rosina</word>
<word id="word_1211">programmu</word>
<word id="word_1212">attīstītājus</word>
<word id="word_1213">izstrādāt</word>
<word id="word_1214">aplikācijas</word>
<word id="word_1215">saskaņā</word>
<word id="word_1216">ar</word>
<word id="word_1217">&quot;</word>
<word id="word_1218">SAP</word>
<word id="word_1219">&quot;</word>
<word id="word_1220">standartiem</word>
<word id="word_1221">.</word>
<word id="word_1222">Tad</word>
<word id="word_1223">nebūs</word>
<word id="word_1224">jāpārstrādā</word>
<word id="word_1225">lietotāju</word>
<word id="word_1226">saskarnes</word>
<word id="word_1227">,</word>
<word id="word_1228">lai</word>
<word id="word_1229">tās</word>
<word id="word_1230">atbilstu</word>
<word id="word_1231">&quot;</word>
<word id="word_1232">SAP</word>
<word id="word_1233">&quot;</word>
<word id="word_1234">prasībām</word>
<word id="word_1235">.</word>
<word id="word_1236">Kur</word>
<word id="word_1237">programmētāji</word>
<word id="word_1238">var</word>
<word id="word_1239">vērsties</word>
<word id="word_1240">,</word>
<word id="word_1241">ja</word>
<word id="word_1242">vēlas</word>
<word id="word_1243">attīstīt</word>
<word id="word_1244">kādu</word>
<word id="word_1245">aplikāciju</word>
<word id="word_1246">,</word>
<word id="word_1247">kas</word>
<word id="word_1248">sadarbojas</word>
<word id="word_1249">ar</word>
<word id="word_1250">&quot;</word>
<word id="word_1251">SAP</word>
<word id="word_1252">&quot;</word>
<word id="word_1253">sistēmām</word>
<word id="word_1254">&quot;</word>
<word id="word_1255">?</word>
<word id="word_1256">Mājaslapā</word>
<word id="word_1257">&quot;</word>
<word id="word_1258">sap</word>
<word id="word_1259">.</word>
<word id="word_1260">com</word>
<word id="word_1261">&quot;</word>
<word id="word_1262">ir</word>
<word id="word_1263">informācija</word>
<word id="word_1264">par</word>
<word id="word_1265">to</word>
<word id="word_1266">,</word>
<word id="word_1267">kā</word>
<word id="word_1268">iegūt</word>
<word id="word_1269">mobilo</word>
<word id="word_1270">aplikāciju</word>
<word id="word_1271">izstrādes</word>
<word id="word_1272">licences</word>
<word id="word_1273">.</word>
<word id="word_1274">Ir</word>
<word id="word_1275">arī</word>
<word id="word_1276">mobilo</word>
<word id="word_1277">aplikāciju</word>
<word id="word_1278">interneta</word>
<word id="word_1279">veikals</word>
<word id="word_1280">,</word>
<word id="word_1281">kur</word>
<word id="word_1282">var</word>
<word id="word_1283">izvietot</word>
<word id="word_1284">aplikācijas</word>
<word id="word_1285">.</word>
<word id="word_1286">Arī</word>
<word id="word_1287">Baltijas</word>
<word id="word_1288">attīstītāji</word>
<word id="word_1289">var</word>
<word id="word_1290">aplūkot</word>
<word id="word_1291">šo</word>
<word id="word_1292">vietni</word>
<word id="word_1293">,</word>
<word id="word_1294">ir</word>
<word id="word_1295">informācija</word>
<word id="word_1296">par</word>
<word id="word_1297">to</word>
<word id="word_1298">,</word>
<word id="word_1299">kā</word>
<word id="word_1300">izstrādāt</word>
<word id="word_1301">aplikācijas</word>
<word id="word_1302">un</word>
<word id="word_1303">arī</word>
<word id="word_1304">atrast</word>
<word id="word_1305">vietu</word>
<word id="word_1306">,</word>
<word id="word_1307">kur</word>
<word id="word_1308">tās</word>
<word id="word_1309">pārdot</word>
<word id="word_1310">.</word>
<word id="word_1311">Jaunā</word>
<word id="word_1312">operētājsistēma</word>
<word id="word_1313">&quot;</word>
<word id="word_1314">Windows</word>
<word id="word_1315">8</word>
<word id="word_1316">&quot;</word>
<word id="word_1317">darbojas</word>
<word id="word_1318">gan</word>
<word id="word_1319">ar</word>
<word id="word_1320">parastiem</word>
<word id="word_1321">datoriem</word>
<word id="word_1322">,</word>
<word id="word_1323">gan</word>
<word id="word_1324">skārienjūtīgiem</word>
<word id="word_1325">planšetdatoriem</word>
<word id="word_1326">un</word>
<word id="word_1327">uzskata</word>
<word id="word_1328">,</word>
<word id="word_1329">ka</word>
<word id="word_1330">tieši</word>
<word id="word_1331">ar</word>
<word id="word_1332">skārienu</word>
<word id="word_1333">vadāmās</word>
<word id="word_1334">ierīces</word>
<word id="word_1335">ir</word>
<word id="word_1336">nākotnes</word>
<word id="word_1337">vilnis</word>
<word id="word_1338">.</word>
<word id="word_1339">Kad</word>
<word id="word_1340">1980.</word>
<word id="word_1341">gadu</word>
<word id="word_1342">beigās</word>
<word id="word_1343">un</word>
<word id="word_1344">90.</word>
<word id="word_1345">gados</word>
<word id="word_1346">strādāju</word>
<word id="word_1347">kā</word>
<word id="word_1348">IT</word>
<word id="word_1349">koncerna</word>
<word id="word_1350">&quot;</word>
<word id="word_1351">IBM</word>
<word id="word_1352">&quot;</word>
<word id="word_1353">inženieris</word>
<word id="word_1354">,</word>
<word id="word_1355">darbojos</word>
<word id="word_1356">ar</word>
<word id="word_1357">skārienjūtīgu</word>
<word id="word_1358">ierīču</word>
<word id="word_1359">programmēšanu</word>
<word id="word_1360">.</word>
<word id="word_1361">Bet</word>
<word id="word_1362">tie</word>
<word id="word_1363">bija</word>
<word id="word_1364">pašapkalpošanās</word>
<word id="word_1365">rīki</word>
<word id="word_1366">-</word>
<word id="word_1367">bankomāti</word>
<word id="word_1368">.</word>
<word id="word_1369">Tehnoloģija</word>
<word id="word_1370">ir</word>
<word id="word_1371">vairāk</word>
<word id="word_1372">nekā</word>
<word id="word_1373">20</word>
<word id="word_1374">gadus</word>
<word id="word_1375">veca</word>
<word id="word_1376">.</word>
<word id="word_1377">Jaunums</word>
<word id="word_1378">ir</word>
<word id="word_1379">tas</word>
<word id="word_1380">,</word>
<word id="word_1381">ka</word>
<word id="word_1382">tagad</word>
<word id="word_1383">skārienjūtīgs</word>
<word id="word_1384">planšetdators</word>
<word id="word_1385">var</word>
<word id="word_1386">piederēt</word>
<word id="word_1387">katram</word>
<word id="word_1388">.</word>
<word id="word_1389">Patlaban</word>
<word id="word_1390">būtu</word>
<word id="word_1391">jājautā</word>
<word id="word_1392">-</word>
<word id="word_1393">vai</word>
<word id="word_1394">ir</word>
<word id="word_1395">vēl</word>
<word id="word_1396">kāda</word>
<word id="word_1397">tehnoloģija</word>
<word id="word_1398">,</word>
<word id="word_1399">ar</word>
<word id="word_1400">kuru</word>
<word id="word_1401">varam</word>
<word id="word_1402">darbināt</word>
<word id="word_1403">aplikācijas</word>
<word id="word_1404">un</word>
<word id="word_1405">to</word>
<word id="word_1406">funkcijas</word>
<word id="word_1407">.</word>
<word id="word_1408">Nākamā</word>
<word id="word_1409">tehnoloģija</word>
<word id="word_1410">varētu</word>
<word id="word_1411">būt</word>
<word id="word_1412">žestu</word>
<word id="word_1413">atpazīšana</word>
<word id="word_1414">,</word>
<word id="word_1415">kas</word>
<word id="word_1416">pamana</word>
<word id="word_1417">to</word>
<word id="word_1418">,</word>
<word id="word_1419">kā</word>
<word id="word_1420">lietotājs</word>
<word id="word_1421">kustina</word>
<word id="word_1422">rokas</word>
<word id="word_1423">,</word>
<word id="word_1424">žestikulē</word>
<word id="word_1425">.</word>
<word id="word_1426">Katrā</word>
<word id="word_1427">ziņā</word>
<word id="word_1428">tas</word>
<word id="word_1429">,</word>
<word id="word_1430">ka</word>
<word id="word_1431">galvenā</word>
<word id="word_1432">saskarne</word>
<word id="word_1433">ar</word>
<word id="word_1434">datoru</word>
<word id="word_1435">ir</word>
<word id="word_1436">klaviatūra</word>
<word id="word_1437">un</word>
<word id="word_1438">pele</word>
<word id="word_1439">,</word>
<word id="word_1440">tuvākajos</word>
<word id="word_1441">gados</word>
<word id="word_1442">mainīsies</word>
<word id="word_1443">.</word>
<word id="word_1444">Klasiskais</word>
<word id="word_1445">portatīvais</word>
<word id="word_1446">dators</word>
<word id="word_1447">,</word>
<word id="word_1448">kur</word>
<word id="word_1449">ir</word>
<word id="word_1450">savienota</word>
<word id="word_1451">klaviatūra</word>
<word id="word_1452">un</word>
<word id="word_1453">displejs</word>
<word id="word_1454">vienā</word>
<word id="word_1455">vienībā</word>
<word id="word_1456">,</word>
<word id="word_1457">izzudīs</word>
<word id="word_1458">.</word>
<word id="word_1459">Ņemot</word>
<word id="word_1460">vērā</word>
<word id="word_1461">,</word>
<word id="word_1462">ka</word>
<word id="word_1463">šādas</word>
<word id="word_1464">aplikācijas</word>
<word id="word_1465">raksta</word>
<word id="word_1466">neatkarīgi</word>
<word id="word_1467">programmētāji</word>
<word id="word_1468">,</word>
<word id="word_1469">vai</word>
<word id="word_1470">nesanāk</word>
<word id="word_1471">,</word>
<word id="word_1472">ka</word>
<word id="word_1473">šīs</word>
<word id="word_1474">jaunās</word>
<word id="word_1475">lietotāju</word>
<word id="word_1476">saskarnes</word>
<word id="word_1477">savā</word>
<word id="word_1478">veidā</word>
<word id="word_1479">tiek</word>
<word id="word_1480">izstrādātas</word>
<word id="word_1481">kā</word>
<word id="word_1482">ārpakalpojums</word>
<word id="word_1483">?</word>
<word id="word_1484">Mēs</word>
<word id="word_1485">neskatāmies</word>
<word id="word_1486">uz</word>
<word id="word_1487">ierīču</word>
<word id="word_1488">ražotājiem</word>
<word id="word_1489">un</word>
<word id="word_1490">operētājsistēmām</word>
<word id="word_1491">,</word>
<word id="word_1492">cenšamies</word>
<word id="word_1493">atbalstīt</word>
<word id="word_1494">visas</word>
<word id="word_1495">,</word>
<word id="word_1496">kam</word>
<word id="word_1497">ir</word>
<word id="word_1498">pietiekami</word>
<word id="word_1499">daudz</word>
<word id="word_1500">lietotāju</word>
<word id="word_1501">.</word>
<word id="word_1502">Un</word>
<word id="word_1503">,</word>
<word id="word_1504">ja</word>
<word id="word_1505">kādam</word>
<word id="word_1506">izdodas</word>
<word id="word_1507">izstrādāt</word>
<word id="word_1508">saskarni</word>
<word id="word_1509">,</word>
<word id="word_1510">kas</word>
<word id="word_1511">atbilst</word>
<word id="word_1512">mūsu</word>
<word id="word_1513">standartiem</word>
<word id="word_1514">,</word>
<word id="word_1515">tad</word>
<word id="word_1516">-</word>
<word id="word_1517">lai</word>
<word id="word_1518">notiek</word>
<word id="word_1519">!</word>
<word id="word_1520">Esam</word>
<word id="word_1521">jau</word>
<word id="word_1522">izstrādājuši</word>
<word id="word_1523">pirmās</word>
<word id="word_1524">aplikācijas</word>
<word id="word_1525">,</word>
<word id="word_1526">kas</word>
<word id="word_1527">darbojas</word>
<word id="word_1528">ar</word>
<word id="word_1529">&quot;</word>
<word id="word_1530">Windows</word>
<word id="word_1531">8</word>
<word id="word_1532">&quot;</word>
<word id="word_1533">un</word>
<word id="word_1534">jauno</word>
<word id="word_1535">&quot;</word>
<word id="word_1536">Microsoft</word>
<word id="word_1537">&quot;</word>
<word id="word_1538">planšetdatoru</word>
<word id="word_1539">&quot;</word>
<word id="word_1540">Surface</word>
<word id="word_1541">&quot;</word>
<word id="word_1542">.</word>
<word id="word_1543">Uzskatu</word>
<word id="word_1544">,</word>
<word id="word_1545">ka</word>
<word id="word_1546">tādējādi</word>
<word id="word_1547">apliecinām</word>
<word id="word_1548">savu</word>
<word id="word_1549">uzticēšanos</word>
<word id="word_1550">&quot;</word>
<word id="word_1551">Windows</word>
<word id="word_1552">8</word>
<word id="word_1553">&quot;</word>
<word id="word_1554">nākotnei</word>
<word id="word_1555">.</word>
<word id="word_1556">Bet</word>
<word id="word_1557">saku</word>
<word id="word_1558">vēlreiz</word>
<word id="word_1559">,</word>
<word id="word_1560">ja</word>
<word id="word_1561">kāds</word>
<word id="word_1562">vēlas</word>
<word id="word_1563">izstrādāt</word>
<word id="word_1564">saskarni</word>
<word id="word_1565">&quot;</word>
<word id="word_1566">SAP</word>
<word id="word_1567">&quot;</word>
<word id="word_1568">sistēmu</word>
<word id="word_1569">lietošanai</word>
<word id="word_1570">,</word>
<word id="word_1571">lūdzu</word>
<word id="word_1572">,</word>
<word id="word_1573">vajag</word>
<word id="word_1574">tika</word>
<word id="word_1575">mūsu</word>
<word id="word_1576">attīstītāja</word>
<word id="word_1577">komplektu</word>
<word id="word_1578">-</word>
<word id="word_1579">SDK</word>
<word id="word_1580">(</word>
<word id="word_1581">software</word>
<word id="word_1582">developer</word>
<word id="word_1583">kit</word>
<word id="word_1584">)</word>
<word id="word_1585">.</word>
<word id="word_1586">Iedomājos</word>
<word id="word_1587">,</word>
<word id="word_1588">ka</word>
<word id="word_1589">&quot;</word>
<word id="word_1590">SAP</word>
<word id="word_1591">&quot;</word>
<word id="word_1592">grāmatvedības</word>
<word id="word_1593">,</word>
<word id="word_1594">uzskaites</word>
<word id="word_1595">un</word>
<word id="word_1596">uzņēmumu</word>
<word id="word_1597">vadības</word>
<word id="word_1598">sistēmas</word>
<word id="word_1599">patlaban</word>
<word id="word_1600">darbojas</word>
<word id="word_1601">ar</word>
<word id="word_1602">klaviatūru</word>
<word id="word_1603">un</word>
<word id="word_1604">peli</word>
<word id="word_1605">un</word>
<word id="word_1606">ka</word>
<word id="word_1607">tās</word>
<word id="word_1608">lieto</word>
<word id="word_1609">datu</word>
<word id="word_1610">ievadīšanai</word>
<word id="word_1611">vai</word>
<word id="word_1612">arī</word>
<word id="word_1613">,</word>
<word id="word_1614">lai</word>
<word id="word_1615">veidotu</word>
<word id="word_1616">grafiskas</word>
<word id="word_1617">atskaites</word>
<word id="word_1618">par</word>
<word id="word_1619">atslēgas</word>
<word id="word_1620">skaitļiem</word>
<word id="word_1621">uz</word>
<word id="word_1622">ekrāna</word>
<word id="word_1623">.</word>
<word id="word_1624">Vai</word>
<word id="word_1625">pāreja</word>
<word id="word_1626">uz</word>
<word id="word_1627">skārienjūtīgām</word>
<word id="word_1628">ierīcēm</word>
<word id="word_1629">un</word>
<word id="word_1630">&quot;</word>
<word id="word_1631">Windows</word>
<word id="word_1632">8</word>
<word id="word_1633">&quot;</word>
<word id="word_1634">formātu</word>
<word id="word_1635">,</word>
<word id="word_1636">kur</word>
<word id="word_1637">visu</word>
<word id="word_1638">var</word>
<word id="word_1639">prezentēt</word>
<word id="word_1640">kā</word>
<word id="word_1641">&quot;</word>
<word id="word_1642">flīzes</word>
<word id="word_1643">&quot;</word>
<word id="word_1644">,</word>
<word id="word_1645">teiksim</word>
<word id="word_1646">,</word>
<word id="word_1647">noliktavas</word>
<word id="word_1648">datubāzi</word>
<word id="word_1649">vai</word>
<word id="word_1650">kādu</word>
<word id="word_1651">pārdošanas</word>
<word id="word_1652">analītisko</word>
<word id="word_1653">rīku</word>
<word id="word_1654">,</word>
<word id="word_1655">neprasīs</word>
<word id="word_1656">lielu</word>
<word id="word_1657">darbu</word>
<word id="word_1658">,</word>
<word id="word_1659">adaptējot</word>
<word id="word_1660">šīs</word>
<word id="word_1661">&quot;</word>
<word id="word_1662">SAP</word>
<word id="word_1663">&quot;</word>
<word id="word_1664">pamatsistēmas</word>
<word id="word_1665">jaunam</word>
<word id="word_1666">darba</word>
<word id="word_1667">veidam</word>
<word id="word_1668">?</word>
<word id="word_1669">Tieši</word>
<word id="word_1670">tā</word>
<word id="word_1671">!</word>
<word id="word_1672">Patlaban</word>
<word id="word_1673">veicam</word>
<word id="word_1674">lielas</word>
<word id="word_1675">investīcijas</word>
<word id="word_1676">lietotāju</word>
<word id="word_1677">saskarņu</word>
<word id="word_1678">pārveidošanā</word>
<word id="word_1679">.</word>
<word id="word_1680">Mobilās</word>
<word id="word_1681">ierīces</word>
<word id="word_1682">ir</word>
<word id="word_1683">viens</word>
<word id="word_1684">no</word>
<word id="word_1685">darbības</word>
<word id="word_1686">laukiem</word>
<word id="word_1687">.</word>
<word id="word_1688">Lietotāju</word>
<word id="word_1689">saskarne</word>
<word id="word_1690">tiek</word>
<word id="word_1691">modernizēta</word>
<word id="word_1692">,</word>
<word id="word_1693">īpaši</word>
<word id="word_1694">mobilajām</word>
<word id="word_1695">ierīcēm</word>
<word id="word_1696">,</word>
<word id="word_1697">un</word>
<word id="word_1698">attiecīgi</word>
<word id="word_1699">veidotas</word>
<word id="word_1700">aplikācijas</word>
<word id="word_1701">varam</word>
<word id="word_1702">atrast</word>
<word id="word_1703">ne_tikvien</word>
<word id="word_1704">&quot;</word>
<word id="word_1705">iTunes</word>
<word id="word_1706">&quot;</word>
<word id="word_1707">veikalā</word>
<word id="word_1708">,</word>
<word id="word_1709">bet_arī</word>
<word id="word_1710">interneta</word>
<word id="word_1711">veikalos</word>
<word id="word_1712">,</word>
<word id="word_1713">kas</word>
<word id="word_1714">piedāvā</word>
<word id="word_1715">risinājumus</word>
<word id="word_1716">&quot;</word>
<word id="word_1717">Android</word>
<word id="word_1718">&quot;</word>
<word id="word_1719">ierīcēm</word>
<word id="word_1720">.</word>
<word id="word_1721">Tātad</word>
<word id="word_1722">,</word>
<word id="word_1723">ja</word>
<word id="word_1724">kāds</word>
<word id="word_1725">vadītājs</word>
<word id="word_1726">vēlēsies</word>
<word id="word_1727">uzzināt</word>
<word id="word_1728">uzņēmuma</word>
<word id="word_1729">jaunākos</word>
<word id="word_1730">iekšējos</word>
<word id="word_1731">finanšu</word>
<word id="word_1732">datus</word>
<word id="word_1733">,</word>
<word id="word_1734">viņš</word>
<word id="word_1735">tikai</word>
<word id="word_1736">pieskarsies</word>
<word id="word_1737">&quot;</word>
<word id="word_1738">flīzei</word>
<word id="word_1739">&quot;</word>
<word id="word_1740">ar</word>
<word id="word_1741">galvenā</word>
<word id="word_1742">grāmatveža</word>
<word id="word_1743">attēlu</word>
<word id="word_1744">,</word>
<word id="word_1745">un</word>
<word id="word_1746">parādīsies</word>
<word id="word_1747">viņa</word>
<word id="word_1748">dati</word>
<word id="word_1749">?</word>
<word id="word_1750">Ja</word>
<word id="word_1751">runa</word>
<word id="word_1752">ir</word>
<word id="word_1753">par</word>
<word id="word_1754">tā</word>
<word id="word_1755">sauktajiem</word>
<word id="word_1756">biznesa</word>
<word id="word_1757">instrumentu</word>
<word id="word_1758">paneļiem</word>
<word id="word_1759">-</word>
<word id="word_1760">dashboards</word>
<word id="word_1761">-</word>
<word id="word_1762">tad</word>
<word id="word_1763">,</word>
<word id="word_1764">piemēram</word>
<word id="word_1765">,</word>
<word id="word_1766">&quot;</word>
<word id="word_1767">SAP</word>
<word id="word_1768">&quot;</word>
<word id="word_1769">analītisko</word>
<word id="word_1770">rīku</word>
<word id="word_1771">&quot;</word>
<word id="word_1772">Business</word>
<word id="word_1773">Objects</word>
<word id="word_1774">&quot;</word>
<word id="word_1775">instrumentu</word>
<word id="word_1776">paneļus</word>
<word id="word_1777">var</word>
<word id="word_1778">vienkārši</word>
<word id="word_1779">pārcelt</word>
<word id="word_1780">uz</word>
<word id="word_1781">mobilām</word>
<word id="word_1782">ierīcēm</word>
<word id="word_1783">.</word>
<word id="word_1784">Interesantās</word>
<word id="word_1785">lietas</word>
<word id="word_1786">notiek</word>
<word id="word_1787">pēc</word>
<word id="word_1788">dažām</word>
<word id="word_1789">dienām</word>
<word id="word_1790">,</word>
<word id="word_1791">un</word>
<word id="word_1792">to</word>
<word id="word_1793">esam</word>
<word id="word_1794">redzējuši</word>
<word id="word_1795">&quot;</word>
<word id="word_1796">SAP</word>
<word id="word_1797">&quot;</word>
<word id="word_1798">iekšienē</word>
<word id="word_1799">-</word>
<word id="word_1800">šo</word>
<word id="word_1801">instrumentu</word>
<word id="word_1802">paneļu</word>
<word id="word_1803">lietošana</word>
<word id="word_1804">&quot;</word>
<word id="word_1805">eksplodē</word>
<word id="word_1806">&quot;</word>
<word id="word_1807">.</word>
<word id="word_1808">Cilvēki</word>
<word id="word_1809">pazīst</word>
<word id="word_1810">aplikāciju</word>
<word id="word_1811">un</word>
<word id="word_1812">to</word>
<word id="word_1813">lieto</word>
<word id="word_1814">.</word>
<word id="word_1815">Turklāt</word>
<word id="word_1816">,</word>
<word id="word_1817">ja</word>
<word id="word_1818">sistēmā</word>
<word id="word_1819">vēl</word>
<word id="word_1820">ir</word>
<word id="word_1821">iespēja</word>
<word id="word_1822">datus</word>
<word id="word_1823">apstrādāt</word>
<word id="word_1824">reālā</word>
<word id="word_1825">laikā</word>
<word id="word_1826">,</word>
<word id="word_1827">kā</word>
<word id="word_1828">to</word>
<word id="word_1829">var</word>
<word id="word_1830">ar</word>
<word id="word_1831">&quot;</word>
<word id="word_1832">SAP</word>
<word id="word_1833">&quot;</word>
<word id="word_1834">tehnoloģiju</word>
<word id="word_1835">&quot;</word>
<word id="word_1836">In</word>
<word id="word_1837">Memory</word>
<word id="word_1838">&quot;</word>
<word id="word_1839">,</word>
<word id="word_1840">tad</word>
<word id="word_1841">biznesa</word>
<word id="word_1842">informāciju</word>
<word id="word_1843">sāk</word>
<word id="word_1844">patērēt</word>
<word id="word_1845">un</word>
<word id="word_1846">izmantot</word>
<word id="word_1847">tāpat_kā</word>
<word id="word_1848">e-pastu</word>
<word id="word_1849">.</word>
<word id="word_1850">Pietiek</word>
<word id="word_1851">pieskarties</word>
<word id="word_1852">podziņai</word>
<word id="word_1853">un</word>
<word id="word_1854">dati</word>
<word id="word_1855">atjaunojās</word>
<word id="word_1856">.</word>
<word id="word_1857">To</word>
<word id="word_1858">var</word>
<word id="word_1859">darīt</word>
<word id="word_1860">sapulces</word>
<word id="word_1861">laikā</word>
<word id="word_1862">,</word>
<word id="word_1863">starp</word>
<word id="word_1864">sapulcēm</word>
<word id="word_1865">,</word>
<word id="word_1866">jebkad</word>
<word id="word_1867">,</word>
<word id="word_1868">kad</word>
<word id="word_1869">ir</word>
<word id="word_1870">mazliet</word>
<word id="word_1871">laika</word>
<word id="word_1872">.</word>
<word id="word_1873">Protams</word>
<word id="word_1874">,</word>
<word id="word_1875">mainīsies</word>
<word id="word_1876">arī</word>
<word id="word_1877">tas</word>
<word id="word_1878">,</word>
<word id="word_1879">ko</word>
<word id="word_1880">prasīs</word>
<word id="word_1881">un</word>
<word id="word_1882">sagaida</word>
<word id="word_1883">no</word>
<word id="word_1884">biznesa</word>
<word id="word_1885">lēmumu</word>
<word id="word_1886">pieņēmējiem</word>
<word id="word_1887">,</word>
<word id="word_1888">proti</word>
<word id="word_1889">,</word>
<word id="word_1890">ka</word>
<word id="word_1891">,</word>
<word id="word_1892">tāpat_kā</word>
<word id="word_1893">ar</word>
<word id="word_1894">e-pastu</word>
<word id="word_1895">,</word>
<word id="word_1896">par</word>
<word id="word_1897">visiem</word>
<word id="word_1898">svarīgiem</word>
<word id="word_1899">biznesa</word>
<word id="word_1900">rādītājiem</word>
<word id="word_1901">jābūt</word>
<word id="word_1902">vienmēr</word>
<word id="word_1903">lietas</word>
<word id="word_1904">kursā</word>
<word id="word_1905">-</word>
<word id="word_1906">par</word>
<word id="word_1907">finansēm</word>
<word id="word_1908">,</word>
<word id="word_1909">pārdošanas</word>
<word id="word_1910">apjomiem</word>
<word id="word_1911">,</word>
<word id="word_1912">ražošanu</word>
<word id="word_1913">.</word>
<word id="word_1914">Jaunās</word>
<word id="word_1915">&quot;</word>
<word id="word_1916">megatendences</word>
<word id="word_1917">&quot;</word>
<word id="word_1918">-</word>
<word id="word_1919">mobilās</word>
<word id="word_1920">ierīces</word>
<word id="word_1921">,</word>
<word id="word_1922">milzu</word>
<word id="word_1923">datu</word>
<word id="word_1924">kopu</word>
<word id="word_1925">apstrāde</word>
<word id="word_1926">un</word>
<word id="word_1927">mākoņdatošana</word>
<word id="word_1928">ir</word>
<word id="word_1929">jāredz</word>
<word id="word_1930">kopsakarībā</word>
<word id="word_1931">-</word>
<word id="word_1932">tie</word>
<word id="word_1933">nosacīs</word>
<word id="word_1934">jauna</word>
<word id="word_1935">vieda</word>
<word id="word_1936">lietotāja</word>
<word id="word_1937">paradumus</word>
<word id="word_1938">un</word>
<word id="word_1939">pieredzi</word>
<word id="word_1940">.</word>
<word id="word_1941">Vadītājs</word>
<word id="word_1942">vairs</word>
<word id="word_1943">neatnāks</word>
<word id="word_1944">no</word>
<word id="word_1945">stundu</word>
<word id="word_1946">garām</word>
<word id="word_1947">pusdienām</word>
<word id="word_1948">un</word>
<word id="word_1949">nepaskatīsies</word>
<word id="word_1950">uz</word>
<word id="word_1951">jaunākajiem</word>
<word id="word_1952">rādītājiem</word>
<word id="word_1953">savā</word>
<word id="word_1954">galda</word>
<word id="word_1955">datorā</word>
<word id="word_1956">,</word>
<word id="word_1957">jo</word>
<word id="word_1958">tos</word>
<word id="word_1959">jau</word>
<word id="word_1960">būs</word>
<word id="word_1961">redzējis</word>
<word id="word_1962">savā</word>
<word id="word_1963">planšetdatorā</word>
<word id="word_1964">pusdienu</word>
<word id="word_1965">laikā</word>
<word id="word_1966">.</word>
<word id="word_1967">Ar</word>
<word id="word_1968">šādu</word>
<word id="word_1969">ierīci</word>
<word id="word_1970">un</word>
<word id="word_1971">aplikāciju</word>
<word id="word_1972">arī</word>
<word id="word_1973">varēs</word>
<word id="word_1974">&quot;</word>
<word id="word_1975">ieurbties</word>
<word id="word_1976">&quot;</word>
<word id="word_1977">datos</word>
<word id="word_1978">,</word>
<word id="word_1979">sīkumos</word>
<word id="word_1980">konstatēt</word>
<word id="word_1981">,</word>
<word id="word_1982">kādēļ</word>
<word id="word_1983">kaut</word>
<word id="word_1984">kas</word>
<word id="word_1985">ir</word>
<word id="word_1986">noticis</word>
<word id="word_1987">.</word>
<word id="word_1988">Bet</word>
<word id="word_1989">tas</word>
<word id="word_1990">nav</word>
<word id="word_1991">viss</word>
<word id="word_1992">,</word>
<word id="word_1993">mobilitāte</word>
<word id="word_1994">arī</word>
<word id="word_1995">ietekmēs</word>
<word id="word_1996">darba</word>
<word id="word_1997">plūsmu</word>
<word id="word_1998">.</word>
<word id="word_1999">Uzņēmumos</word>
<word id="word_2000">tiek</word>
<word id="word_2001">veikti</word>
<word id="word_2002">iepirkumi</word>
<word id="word_2003">internetā</word>
<word id="word_2004">,</word>
<word id="word_2005">iesniegti</word>
<word id="word_2006">komandējumu</word>
<word id="word_2007">un</word>
<word id="word_2008">atvaļinājumu</word>
<word id="word_2009">dokumenti</word>
<word id="word_2010">.</word>
<word id="word_2011">Vadītājam</word>
<word id="word_2012">vairs</word>
<word id="word_2013">nav</word>
<word id="word_2014">jāatgriežas</word>
<word id="word_2015">no</word>
<word id="word_2016">savām</word>
<word id="word_2017">darīšanām</word>
<word id="word_2018">dienas</word>
<word id="word_2019">beigās</word>
<word id="word_2020">un</word>
<word id="word_2021">birojā</word>
<word id="word_2022">jāapstiprina</word>
<word id="word_2023">pirkumi</word>
<word id="word_2024">vai</word>
<word id="word_2025">jāviīzē</word>
<word id="word_2026">komandējumu</word>
<word id="word_2027">vai</word>
<word id="word_2028">atvaļinājumu</word>
<word id="word_2029">dokumenti</word>
<word id="word_2030">.</word>
<word id="word_2031">To</word>
<word id="word_2032">var</word>
<word id="word_2033">izdarīt</word>
<word id="word_2034">sapulces</word>
<word id="word_2035">laikā</word>
<word id="word_2036">,</word>
<word id="word_2037">dažās</word>
<word id="word_2038">minūtes</word>
<word id="word_2039">un</word>
<word id="word_2040">doties</word>
<word id="word_2041">tālāk</word>
<word id="word_2042">dienas</word>
<word id="word_2043">gaitā</word>
<word id="word_2044">.</word>
<word id="word_2045">Pieaugs</word>
<word id="word_2046">daudz</word>
<word id="word_2047">darbiņu</word>
<word id="word_2048">veikšana</word>
<word id="word_2049">vienlaicīgi</word>
<word id="word_2050">,</word>
<word id="word_2051">tā</word>
<word id="word_2052">sauktais</word>
<word id="word_2053">&quot;</word>
<word id="word_2054">multitāskings</word>
<word id="word_2055">&quot;</word>
<word id="word_2056">.</word>
<word id="word_2057">Bet</word>
<word id="word_2058">ir</word>
<word id="word_2059">daži</word>
<word id="word_2060">,</word>
<word id="word_2061">kas</word>
<word id="word_2062">teiks</word>
<word id="word_2063">,</word>
<word id="word_2064">ka</word>
<word id="word_2065">no</word>
<word id="word_2066">šādas</word>
<word id="word_2067">vienlaicīgas</word>
<word id="word_2068">darbības</word>
<word id="word_2069">nastas</word>
<word id="word_2070">var</word>
<word id="word_2071">palikt</word>
<word id="word_2072">traks</word>
<word id="word_2073">.</word>
<word id="word_2074">Ne</word>
<word id="word_2075">manā</word>
<word id="word_2076">gadījumā</word>
<word id="word_2077">.</word>
<word id="word_2078">Nē</word>
<word id="word_2079">!</word>
<word id="word_2080">Dienas</word>
<word id="word_2081">beigās</word>
<word id="word_2082">atliek</word>
<word id="word_2083">vairāk</word>
<word id="word_2084">laika</word>
<word id="word_2085">sev</word>
<word id="word_2086">.</word>
<word id="word_2087">INFORMĀCIJAI</word>
<word id="word_2088">Olivers</word>
<word id="word_2089">Busmans</word>
<word id="word_2090">kopš</word>
<word id="word_2091">2009.</word>
<word id="word_2092">gada</word>
<word id="word_2093">ir</word>
<word id="word_2094">globālā</word>
<word id="word_2095">uzņēmumu</word>
<word id="word_2096">vadības</word>
<word id="word_2097">programmatūras</word>
<word id="word_2098">koncerna</word>
<word id="word_2099">&quot;</word>
<word id="word_2100">SAP</word>
<word id="word_2101">&quot;</word>
<word id="word_2102">galvenais</word>
<word id="word_2103">informācijas</word>
<word id="word_2104">sistēmu</word>
<word id="word_2105">direktors</word>
<word id="word_2106">.</word>
<word id="word_2107">Pirms</word>
<word id="word_2108">tam</word>
<word id="word_2109">viņš</word>
<word id="word_2110">ieņēma</word>
<word id="word_2111">līdzīgu</word>
<word id="word_2112">amatu</word>
<word id="word_2113">apdrošinātāju</word>
<word id="word_2114">koncerna</word>
<word id="word_2115">&quot;</word>
<word id="word_2116">Allianz</word>
<word id="word_2117">&quot;</word>
<word id="word_2118">Ziemeļamerikas</word>
<word id="word_2119">un</word>
<word id="word_2120">Meksikas</word>
<word id="word_2121">reģionālajā</word>
<word id="word_2122">vadībā</word>
<word id="word_2123">.</word>
<word id="word_2124">&quot;</word>
<word id="word_2125">Allianz</word>
<word id="word_2126">&quot;</word>
<word id="word_2127">grupā</word>
<word id="word_2128">viņš</word>
<word id="word_2129">strādājis</word>
<word id="word_2130">vairākos</word>
<word id="word_2131">ar</word>
<word id="word_2132">informācijas</word>
<word id="word_2133">tehnoloģijām</word>
<word id="word_2134">(</word>
<word id="word_2135">IT</word>
<word id="word_2136">)</word>
<word id="word_2137">saistītos</word>
<word id="word_2138">vadošos</word>
<word id="word_2139">amatos</word>
<word id="word_2140">kopš</word>
<word id="word_2141">2000.</word>
<word id="word_2142">gada</word>
<word id="word_2143">.</word>
<word id="word_2144">No</word>
<word id="word_2145">1997.</word>
<word id="word_2146">līdz</word>
<word id="word_2147">2000.</word>
<word id="word_2148">gadam</word>
<word id="word_2149">strādājis</word>
<word id="word_2150">&quot;</word>
<word id="word_2151">Deutsche</word>
<word id="word_2152">Bank</word>
<word id="word_2153">&quot;</word>
<word id="word_2154">ar</word>
<word id="word_2155">IT</word>
<word id="word_2156">sistēmu</word>
<word id="word_2157">vadību</word>
<word id="word_2158">un</word>
<word id="word_2159">attīstību</word>
<word id="word_2160">.</word>
<word id="word_2161">No</word>
<word id="word_2162">1990.</word>
<word id="word_2163">līdz</word>
<word id="word_2164">1997.</word>
<word id="word_2165">gadam</word>
<word id="word_2166">strādājis</word>
<word id="word_2167">kā</word>
<word id="word_2168">sistēmu</word>
<word id="word_2169">inženieris</word>
<word id="word_2170">globālajā</word>
<word id="word_2171">IT</word>
<word id="word_2172">koncernā</word>
<word id="word_2173">&quot;</word>
<word id="word_2174">IBM</word>
<word id="word_2175">&quot;</word>
<word id="word_2176">,</word>
<word id="word_2177">specializējoties</word>
<word id="word_2178">banku</word>
<word id="word_2179">un</word>
<word id="word_2180">finanšu</word>
<word id="word_2181">nozares</word>
<word id="word_2182">IT</word>
<word id="word_2183">risinājumu</word>
<word id="word_2184">izstrādē</word>
<word id="word_2185">.</word>
<word id="word_2186">Saņēmis</word>
<word id="word_2187">vairākas</word>
<word id="word_2188">starptautiskas</word>
<word id="word_2189">un</word>
<word id="word_2190">Vācijas</word>
<word id="word_2191">IT</word>
<word id="word_2192">nozares</word>
<word id="word_2193">godalgas</word>
<word id="word_2194">,</word>
<word id="word_2195">kā_arī</word>
<word id="word_2196">izraudzīts</word>
<word id="word_2197">par</word>
<word id="word_2198">biznesa</word>
<word id="word_2199">augstskolas</word>
<word id="word_2200">INSEAD</word>
<word id="word_2201">2012.</word>
<word id="word_2202">gada</word>
<word id="word_2203">labāko</word>
<word id="word_2204">informācijas</word>
<word id="word_2205">sistēmu</word>
<word id="word_2206">direktoru</word>
<word id="word_2207">(</word>
<word id="word_2208">CIO</word>
<word id="word_2209">-</word>
<word id="word_2210">chief</word>
<word id="word_2211">information</word>
<word id="word_2212">officer</word>
<word id="word_2213">)</word>
<word id="word_2214">.</word>
<word id="word_2215">Ieguvis</word>
<word id="word_2216">biznesa</word>
<word id="word_2217">maģistra</word>
<word id="word_2218">grādu</word>
<word id="word_2219">(</word>
<word id="word_2220">MBA</word>
<word id="word_2221">)</word>
<word id="word_2222">&quot;</word>
<word id="word_2223">Westfälische</word>
<word id="word_2224">Wilhelms-Universität</word>
<word id="word_2225">Münster</word>
<word id="word_2226">&quot;</word>
<word id="word_2227">Minsterē</word>
<word id="word_2228">,</word>
<word id="word_2229">Vācijā</word>
<word id="word_2230">,</word>
<word id="word_2231">pēc</word>
<word id="word_2232">tam</word>
<word id="word_2233">papildinājis</word>
<word id="word_2234">zināšanas</word>
<word id="word_2235">īpašos</word>
<word id="word_2236">vadītāju</word>
<word id="word_2237">apmācības</word>
<word id="word_2238">kursos</word>
<word id="word_2239">&quot;</word>
<word id="word_2240">IESE</word>
<word id="word_2241">Business</word>
<word id="word_2242">School</word>
<word id="word_2243">&quot;</word>
<word id="word_2244">Navarā</word>
<word id="word_2245">,</word>
<word id="word_2246">Spānijā</word>
<word id="word_2247">un</word>
<word id="word_2248">INSEAD</word>
<word id="word_2249">.</word>
<word id="word_2250">&quot;</word>
<word id="word_2251">SAP</word>
<word id="word_2252">&quot;</word>
<word id="word_2253">ir</word>
<word id="word_2254">Vācijā</word>
<word id="word_2255">dibināts</word>
<word id="word_2256">globāls</word>
<word id="word_2257">programmatūras</word>
<word id="word_2258">izstrādes</word>
<word id="word_2259">un</word>
<word id="word_2260">uzņēmumu</word>
<word id="word_2261">un</word>
<word id="word_2262">organizāciju</word>
<word id="word_2263">vadības</word>
<word id="word_2264">risinājumu</word>
<word id="word_2265">koncerns</word>
<word id="word_2266">.</word>
<word id="word_2267">&quot;</word>
<word id="word_2268">SAP</word>
<word id="word_2269">&quot;</word>
<word id="word_2270">2011.</word>
<word id="word_2271">gadā</word>
<word id="word_2272">strādājis</word>
<word id="word_2273">ar</word>
<word id="word_2274">3,44</word>
<word id="word_2275">miljardu</word>
<word id="word_2276">eiro</word>
<word id="word_2277">(</word>
<word id="word_2278">2,4</word>
<word id="word_2279">miljardu</word>
<word id="word_2280">latu</word>
<word id="word_2281">)</word>
<word id="word_2282">tīro</word>
<word id="word_2283">peļņu</word>
<word id="word_2284">,</word>
<word id="word_2285">kas</word>
<word id="word_2286">ir</word>
<word id="word_2287">par</word>
<word id="word_2288">90</word>
<word id="word_2289">%</word>
<word id="word_2290">vairāk</word>
<word id="word_2291">nekā</word>
<word id="word_2292">2010.</word>
<word id="word_2293">gadā</word>
<word id="word_2294">.</word>
<word id="word_2295">Kompānijas</word>
<word id="word_2296">apgrozījums</word>
<word id="word_2297">bija</word>
<word id="word_2298">14,23</word>
<word id="word_2299">miljardi</word>
<word id="word_2300">eiro</word>
<word id="word_2301">(</word>
<word id="word_2302">9,96</word>
<word id="word_2303">miljardi</word>
<word id="word_2304">latu</word>
<word id="word_2305">)</word>
<word id="word_2306">,</word>
<word id="word_2307">salīdzinot</word>
<word id="word_2308">ar</word>
<word id="word_2309">12,46</word>
<word id="word_2310">miljardiem</word>
<word id="word_2311">eiro</word>
<word id="word_2312">(</word>
<word id="word_2313">8,72</word>
<word id="word_2314">miljardiem</word>
<word id="word_2315">latu</word>
<word id="word_2316">)</word>
<word id="word_2317">2010.</word>
<word id="word_2318">gadā</word>
<word id="word_2319">.</word>
</words>