<?xml version="1.0" encoding="UTF-8"?>
<!DOCTYPE markables SYSTEM "markables.dtd">
<markables xmlns="www.eml.org/NameSpaces/sentence">
<markable mmax_level="sentence" id="markable_1" span="word_1..word_12" />
<markable mmax_level="sentence" id="markable_2" span="word_13..word_15" />
<markable mmax_level="sentence" id="markable_3" span="word_16..word_37" />
<markable mmax_level="sentence" id="markable_4" span="word_38..word_65" />
<markable mmax_level="sentence" id="markable_5" span="word_66..word_73" />
<markable mmax_level="sentence" id="markable_6" span="word_74..word_77" />
<markable mmax_level="sentence" id="markable_7" span="word_78..word_95" />
<markable mmax_level="sentence" id="markable_8" span="word_96..word_115" />
<markable mmax_level="sentence" id="markable_9" span="word_116..word_138" />
<markable mmax_level="sentence" id="markable_10" span="word_139..word_143" />
<markable mmax_level="sentence" id="markable_11" span="word_144..word_155" />
<markable mmax_level="sentence" id="markable_12" span="word_156..word_174" />
<markable mmax_level="sentence" id="markable_13" span="word_175..word_182" />
<markable mmax_level="sentence" id="markable_14" span="word_183..word_191" />
<markable mmax_level="sentence" id="markable_15" span="word_192..word_203" />
<markable mmax_level="sentence" id="markable_16" span="word_204..word_215" />
<markable mmax_level="sentence" id="markable_17" span="word_216..word_233" />
<markable mmax_level="sentence" id="markable_18" span="word_234..word_242" />
<markable mmax_level="sentence" id="markable_19" span="word_243..word_258" />
<markable mmax_level="sentence" id="markable_20" span="word_259..word_273" />
<markable mmax_level="sentence" id="markable_21" span="word_274..word_293" />
<markable mmax_level="sentence" id="markable_22" span="word_294..word_308" />
<markable mmax_level="sentence" id="markable_23" span="word_309..word_328" />
<markable mmax_level="sentence" id="markable_24" span="word_329..word_342" />
<markable mmax_level="sentence" id="markable_25" span="word_343..word_373" />
<markable mmax_level="sentence" id="markable_26" span="word_374..word_404" />
<markable mmax_level="sentence" id="markable_27" span="word_405..word_412" />
<markable mmax_level="sentence" id="markable_28" span="word_413..word_421" />
<markable mmax_level="sentence" id="markable_29" span="word_422..word_426" />
<markable mmax_level="sentence" id="markable_30" span="word_427..word_439" />
<markable mmax_level="sentence" id="markable_31" span="word_440..word_463" />
<markable mmax_level="sentence" id="markable_32" span="word_464..word_471" />
<markable mmax_level="sentence" id="markable_33" span="word_472..word_483" />
<markable mmax_level="sentence" id="markable_34" span="word_484..word_500" />
<markable mmax_level="sentence" id="markable_35" span="word_501..word_513" />
<markable mmax_level="sentence" id="markable_36" span="word_514..word_525" />
<markable mmax_level="sentence" id="markable_37" span="word_526..word_542" />
<markable mmax_level="sentence" id="markable_38" span="word_543..word_550" />
<markable mmax_level="sentence" id="markable_39" span="word_551..word_566" />
<markable mmax_level="sentence" id="markable_40" span="word_567..word_575" />
<markable mmax_level="sentence" id="markable_41" span="word_576..word_581" />
<markable mmax_level="sentence" id="markable_42" span="word_582..word_593" />
<markable mmax_level="sentence" id="markable_43" span="word_594..word_631" />
<markable mmax_level="sentence" id="markable_44" span="word_632..word_656" />
<markable mmax_level="sentence" id="markable_45" span="word_657..word_672" />
<markable mmax_level="sentence" id="markable_46" span="word_673..word_689" />
<markable mmax_level="sentence" id="markable_47" span="word_690..word_717" />
<markable mmax_level="sentence" id="markable_48" span="word_718..word_724" />
<markable mmax_level="sentence" id="markable_49" span="word_725..word_749" />
<markable mmax_level="sentence" id="markable_50" span="word_750..word_769" />
<markable mmax_level="sentence" id="markable_51" span="word_770..word_783" />
<markable mmax_level="sentence" id="markable_52" span="word_784..word_810" />
<markable mmax_level="sentence" id="markable_53" span="word_811..word_826" />
<markable mmax_level="sentence" id="markable_54" span="word_827..word_837" />
<markable mmax_level="sentence" id="markable_55" span="word_838..word_852" />
<markable mmax_level="sentence" id="markable_56" span="word_853..word_860" />
<markable mmax_level="sentence" id="markable_57" span="word_861..word_869" />
<markable mmax_level="sentence" id="markable_58" span="word_870..word_886" />
<markable mmax_level="sentence" id="markable_59" span="word_887..word_904" />
<markable mmax_level="sentence" id="markable_60" span="word_905..word_944" />
<markable mmax_level="sentence" id="markable_61" span="word_945..word_954" />
<markable mmax_level="sentence" id="markable_62" span="word_955..word_963" />
<markable mmax_level="sentence" id="markable_63" span="word_964..word_992" />
<markable mmax_level="sentence" id="markable_64" span="word_993..word_999" />
<markable mmax_level="sentence" id="markable_65" span="word_1000..word_1013" />
<markable mmax_level="sentence" id="markable_66" span="word_1014..word_1021" />
<markable mmax_level="sentence" id="markable_67" span="word_1022..word_1032" />
<markable mmax_level="sentence" id="markable_68" span="word_1033..word_1044" />
<markable mmax_level="sentence" id="markable_69" span="word_1045..word_1054" />
<markable mmax_level="sentence" id="markable_70" span="word_1055..word_1087" />
<markable mmax_level="sentence" id="markable_71" span="word_1088..word_1106" />
<markable mmax_level="sentence" id="markable_72" span="word_1107..word_1111" />
<markable mmax_level="sentence" id="markable_73" span="word_1112..word_1121" />
<markable mmax_level="sentence" id="markable_74" span="word_1122..word_1143" />
<markable mmax_level="sentence" id="markable_75" span="word_1144..word_1163" />
<markable mmax_level="sentence" id="markable_76" span="word_1164..word_1168" />
<markable mmax_level="sentence" id="markable_77" span="word_1169..word_1193" />
<markable mmax_level="sentence" id="markable_78" span="word_1194..word_1202" />
<markable mmax_level="sentence" id="markable_79" span="word_1203..word_1219" />
<markable mmax_level="sentence" id="markable_80" span="word_1220..word_1225" />
<markable mmax_level="sentence" id="markable_81" span="word_1226..word_1234" />
<markable mmax_level="sentence" id="markable_82" span="word_1235..word_1246" />
<markable mmax_level="sentence" id="markable_83" span="word_1247" />
<markable mmax_level="sentence" id="markable_84" span="word_1248..word_1263" />
<markable mmax_level="sentence" id="markable_85" span="word_1264..word_1268" />
<markable mmax_level="sentence" id="markable_86" span="word_1269..word_1295" />
<markable mmax_level="sentence" id="markable_87" span="word_1296..word_1309" />
<markable mmax_level="sentence" id="markable_88" span="word_1310..word_1318" />
</markables>