<?xml version="1.0" encoding="UTF-8"?>
<!DOCTYPE markables SYSTEM "markables.dtd">
<markables xmlns="www.eml.org/NameSpaces/coref">
<markable id="markable_1" span="word_1" coref_class="empty" category="location" mmax_level="coref"  rule="none"  type="none"/>
<markable id="markable_2" span="word_2" coref_class="empty" category="profession" mmax_level="coref"  rule="none"  type="none"/>
<markable id="markable_3" span="word_9" coref_class="empty" category="location" mmax_level="coref"  rule="none"  type="none"/>
<markable id="markable_4" span="word_14" coref_class="empty" category="location" mmax_level="coref"  rule="none"  type="none"/>
<markable id="markable_5" span="word_19..word_20" coref_class="empty" category="location" mmax_level="coref"  rule="none"  type="none"/>
<markable id="markable_6" span="word_25" coref_class="empty" category="organization" mmax_level="coref"  rule="none"  type="none"/>
<markable id="markable_7" span="word_27" coref_class="empty" category="location" mmax_level="coref"  rule="none"  type="none"/>
<markable id="markable_8" span="word_28" coref_class="empty" category="profession" mmax_level="coref"  rule="none"  type="none"/>
<markable id="markable_9" span="word_29" coref_class="empty" category="location" mmax_level="coref"  rule="none"  type="none"/>
<markable id="markable_10" span="word_31..word_32" coref_class="empty" category="person" mmax_level="coref"  rule="none"  type="none"/>
<markable id="markable_11" span="word_41" coref_class="empty" category="location" mmax_level="coref"  rule="none"  type="none"/>
<markable id="markable_12" span="word_45" coref_class="empty" category="person" mmax_level="coref"  rule="none"  type="none"/>
<markable id="markable_13" span="word_54" coref_class="empty" category="location" mmax_level="coref"  rule="none"  type="none"/>
<markable id="markable_14" span="word_57" coref_class="empty" category="location" mmax_level="coref"  rule="none"  type="none"/>
<markable id="markable_15" span="word_65" coref_class="empty" category="organization" mmax_level="coref"  rule="none"  type="none"/>
<markable id="markable_16" span="word_74..word_76" coref_class="empty" category="location" mmax_level="coref"  rule="none"  type="none"/>
<markable id="markable_17" span="word_83" coref_class="empty" category="location" mmax_level="coref"  rule="none"  type="none"/>
<markable id="markable_18" span="word_84" coref_class="empty" category="profession" mmax_level="coref"  rule="none"  type="none"/>
<markable id="markable_19" span="word_86" coref_class="empty" category="location" mmax_level="coref"  rule="none"  type="none"/>
<markable id="markable_20" span="word_91" coref_class="empty" category="location" mmax_level="coref"  rule="none"  type="none"/>
<markable id="markable_21" span="word_93" coref_class="empty" category="location" mmax_level="coref"  rule="none"  type="none"/>
<markable id="markable_22" span="word_96" coref_class="empty" category="organization" mmax_level="coref"  rule="none"  type="none"/>
<markable id="markable_23" span="word_109" coref_class="empty" category="location" mmax_level="coref"  rule="none"  type="none"/>
<markable id="markable_24" span="word_112..word_113" coref_class="empty" category="location" mmax_level="coref"  rule="none"  type="none"/>
<markable id="markable_25" span="word_120" coref_class="empty" category="location" mmax_level="coref"  rule="none"  type="none"/>
<markable id="markable_26" span="word_125..word_126" coref_class="empty" category="time" mmax_level="coref"  rule="none"  type="none"/>
<markable id="markable_27" span="word_131" coref_class="empty" category="time" mmax_level="coref"  rule="none"  type="none"/>
<markable id="markable_28" span="word_135" coref_class="empty" category="location" mmax_level="coref"  rule="none"  type="none"/>
<markable id="markable_29" span="word_137" coref_class="empty" category="location" mmax_level="coref"  rule="none"  type="none"/>
<markable id="markable_30" span="word_138" coref_class="empty" category="profession" mmax_level="coref"  rule="none"  type="none"/>
<markable id="markable_31" span="word_139..word_140" coref_class="empty" category="person" mmax_level="coref"  rule="none"  type="none"/>
<markable id="markable_32" span="word_218" coref_class="empty" category="location" mmax_level="coref"  rule="none"  type="none"/>
<markable id="markable_33" span="word_220" coref_class="empty" category="location" mmax_level="coref"  rule="none"  type="none"/>
<markable id="markable_34" span="word_240..word_242" coref_class="empty" category="sum" mmax_level="coref"  rule="none"  type="none"/>
<markable id="markable_35" span="word_271" coref_class="empty" category="organization" mmax_level="coref"  rule="none"  type="none"/>
<markable id="markable_36" span="word_274" coref_class="empty" category="location" mmax_level="coref"  rule="none"  type="none"/>
<markable id="markable_37" span="word_287" coref_class="empty" category="location" mmax_level="coref"  rule="none"  type="none"/>
<markable id="markable_38" span="word_292" coref_class="empty" category="location" mmax_level="coref"  rule="none"  type="none"/>
<markable id="markable_39" span="word_294" coref_class="empty" category="location" mmax_level="coref"  rule="none"  type="none"/>
<markable id="markable_40" span="word_296" coref_class="empty" category="organization" mmax_level="coref"  rule="none"  type="none"/>
<markable id="markable_41" span="word_300" coref_class="empty" category="location" mmax_level="coref"  rule="none"  type="none"/>
<markable id="markable_42" span="word_304" coref_class="empty" category="profession" mmax_level="coref"  rule="none"  type="none"/>
<markable id="markable_43" span="word_306..word_307" coref_class="empty" category="organization" mmax_level="coref"  rule="none"  type="none"/>
<markable id="markable_44" span="word_318" coref_class="empty" category="location" mmax_level="coref"  rule="none"  type="none"/>
<markable id="markable_45" span="word_321" coref_class="empty" category="location" mmax_level="coref"  rule="none"  type="none"/>
<markable id="markable_46" span="word_326" coref_class="empty" category="location" mmax_level="coref"  rule="none"  type="none"/>
<markable id="markable_47" span="word_336" coref_class="empty" category="location" mmax_level="coref"  rule="none"  type="none"/>
<markable id="markable_48" span="word_338..word_339" coref_class="empty" category="location" mmax_level="coref"  rule="none"  type="none"/>
<markable id="markable_49" span="word_352" coref_class="empty" category="location" mmax_level="coref"  rule="none"  type="none"/>
<markable id="markable_50" span="word_379" coref_class="empty" category="location" mmax_level="coref"  rule="none"  type="none"/>
<markable id="markable_51" span="word_380" coref_class="empty" category="profession" mmax_level="coref"  rule="none"  type="none"/>
<markable id="markable_52" span="word_437" coref_class="empty" category="location" mmax_level="coref"  rule="none"  type="none"/>
<markable id="markable_53" span="word_442" coref_class="empty" category="organization" mmax_level="coref"  rule="none"  type="none"/>
<markable id="markable_54" span="word_451" coref_class="empty" category="organization" mmax_level="coref"  rule="none"  type="none"/>
<markable id="markable_55" span="word_453" coref_class="empty" category="organization" mmax_level="coref"  rule="none"  type="none"/>
<markable id="markable_56" span="word_455" coref_class="empty" category="profession" mmax_level="coref"  rule="none"  type="none"/>
<markable id="markable_57" span="word_480" coref_class="empty" category="location" mmax_level="coref"  rule="none"  type="none"/>
<markable id="markable_58" span="word_490..word_491" coref_class="empty" category="profession" mmax_level="coref"  rule="none"  type="none"/>
<markable id="markable_59" span="word_524" coref_class="empty" category="profession" mmax_level="coref"  rule="none"  type="none"/>
<markable id="markable_60" span="word_544" coref_class="empty" category="profession" mmax_level="coref"  rule="none"  type="none"/>
<markable id="markable_61" span="word_554" coref_class="empty" category="location" mmax_level="coref"  rule="none"  type="none"/>
<markable id="markable_62" span="word_555" coref_class="empty" category="profession" mmax_level="coref"  rule="none"  type="none"/>
<markable id="markable_63" span="word_556" coref_class="empty" category="person" mmax_level="coref"  rule="none"  type="none"/>
<markable id="markable_64" span="word_572" coref_class="empty" category="person" mmax_level="coref"  rule="none"  type="none"/>
<markable id="markable_65" span="word_576" coref_class="empty" category="location" mmax_level="coref"  rule="none"  type="none"/>
<markable id="markable_66" span="word_596" coref_class="empty" category="location" mmax_level="coref"  rule="none"  type="none"/>
<markable id="markable_67" span="word_598" coref_class="empty" category="location" mmax_level="coref"  rule="none"  type="none"/>
<markable id="markable_68" span="word_603" coref_class="empty" category="location" mmax_level="coref"  rule="none"  type="none"/>
<markable id="markable_69" span="word_610" coref_class="empty" category="location" mmax_level="coref"  rule="none"  type="none"/>
<markable id="markable_70" span="word_620" coref_class="empty" category="location" mmax_level="coref"  rule="none"  type="none"/>
<markable id="markable_71" span="word_624" coref_class="empty" category="location" mmax_level="coref"  rule="none"  type="none"/>
<markable id="markable_72" span="word_636" coref_class="empty" category="location" mmax_level="coref"  rule="none"  type="none"/>
<markable id="markable_73" span="word_639" coref_class="empty" category="location" mmax_level="coref"  rule="none"  type="none"/>
<markable id="markable_74" span="word_644" coref_class="empty" category="location" mmax_level="coref"  rule="none"  type="none"/>
<markable id="markable_75" span="word_647" coref_class="empty" category="location" mmax_level="coref"  rule="none"  type="none"/>
<markable id="markable_76" span="word_657" coref_class="empty" category="location" mmax_level="coref"  rule="none"  type="none"/>
<markable id="markable_77" span="word_659" coref_class="empty" category="location" mmax_level="coref"  rule="none"  type="none"/>
<markable id="markable_78" span="word_664..word_666" coref_class="empty" category="location" mmax_level="coref"  rule="none"  type="none"/>
<markable id="markable_79" span="word_671" coref_class="empty" category="location" mmax_level="coref"  rule="none"  type="none"/>
<markable id="markable_80" span="word_674" coref_class="empty" category="organization" mmax_level="coref"  rule="none"  type="none"/>
<markable id="markable_81" span="word_681" coref_class="empty" category="location" mmax_level="coref"  rule="none"  type="none"/>
<markable id="markable_82" span="word_683" coref_class="empty" category="location" mmax_level="coref"  rule="none"  type="none"/>
<markable id="markable_83" span="word_689" coref_class="empty" category="location" mmax_level="coref"  rule="none"  type="none"/>
<markable id="markable_84" span="word_706" coref_class="empty" category="location" mmax_level="coref"  rule="none"  type="none"/>
<markable id="markable_85" span="word_718" coref_class="empty" category="location" mmax_level="coref"  rule="none"  type="none"/>
<markable id="markable_86" span="word_729" coref_class="empty" category="location" mmax_level="coref"  rule="none"  type="none"/>
<markable id="markable_87" span="word_731" coref_class="empty" category="location" mmax_level="coref"  rule="none"  type="none"/>
<markable id="markable_88" span="word_740" coref_class="empty" category="location" mmax_level="coref"  rule="none"  type="none"/>
<markable id="markable_89" span="word_742" coref_class="empty" category="location" mmax_level="coref"  rule="none"  type="none"/>
<markable id="markable_90" span="word_746" coref_class="empty" category="location" mmax_level="coref"  rule="none"  type="none"/>
<markable id="markable_91" span="word_759" coref_class="empty" category="location" mmax_level="coref"  rule="none"  type="none"/>
<markable id="markable_92" span="word_764" coref_class="empty" category="location" mmax_level="coref"  rule="none"  type="none"/>
<markable id="markable_93" span="word_789..word_790" coref_class="empty" category="location" mmax_level="coref"  rule="none"  type="none"/>
<markable id="markable_94" span="word_798..word_799" coref_class="empty" category="location" mmax_level="coref"  rule="none"  type="none"/>
<markable id="markable_95" span="word_809" coref_class="empty" category="location" mmax_level="coref"  rule="none"  type="none"/>
<markable id="markable_96" span="word_827" coref_class="empty" category="location" mmax_level="coref"  rule="none"  type="none"/>
<markable id="markable_97" span="word_857" coref_class="empty" category="location" mmax_level="coref"  rule="none"  type="none"/>
<markable id="markable_98" span="word_866" coref_class="empty" category="location" mmax_level="coref"  rule="none"  type="none"/>
<markable id="markable_99" span="word_875" coref_class="empty" category="location" mmax_level="coref"  rule="none"  type="none"/>
<markable id="markable_100" span="word_880" coref_class="empty" category="location" mmax_level="coref"  rule="none"  type="none"/>
<markable id="markable_101" span="word_891" coref_class="empty" category="location" mmax_level="coref"  rule="none"  type="none"/>
<markable id="markable_102" span="word_897" coref_class="empty" category="location" mmax_level="coref"  rule="none"  type="none"/>
<markable id="markable_103" span="word_899" coref_class="empty" category="location" mmax_level="coref"  rule="none"  type="none"/>
<markable id="markable_104" span="word_913" coref_class="empty" category="location" mmax_level="coref"  rule="none"  type="none"/>
<markable id="markable_105" span="word_933..word_935" coref_class="empty" category="location" mmax_level="coref"  rule="none"  type="none"/>
<markable id="markable_106" span="word_941" coref_class="empty" category="organization" mmax_level="coref"  rule="none"  type="none"/>
<markable id="markable_107" span="word_948" coref_class="empty" category="location" mmax_level="coref"  rule="none"  type="none"/>
<markable id="markable_108" span="word_965" coref_class="empty" category="organization" mmax_level="coref"  rule="none"  type="none"/>
<markable id="markable_109" span="word_971" coref_class="empty" category="location" mmax_level="coref"  rule="none"  type="none"/>
<markable id="markable_110" span="word_974" coref_class="empty" category="location" mmax_level="coref"  rule="none"  type="none"/>
<markable id="markable_111" span="word_977..word_978" coref_class="empty" category="sum" mmax_level="coref"  rule="none"  type="none"/>
<markable id="markable_112" span="word_985" coref_class="empty" category="location" mmax_level="coref"  rule="none"  type="none"/>
<markable id="markable_113" span="word_995" coref_class="empty" category="location" mmax_level="coref"  rule="none"  type="none"/>
<markable id="markable_114" span="word_1003" coref_class="empty" category="location" mmax_level="coref"  rule="none"  type="none"/>
<markable id="markable_115" span="word_1009" coref_class="empty" category="location" mmax_level="coref"  rule="none"  type="none"/>
<markable id="markable_116" span="word_1026" coref_class="empty" category="location" mmax_level="coref"  rule="none"  type="none"/>
<markable id="markable_117" span="word_1033" coref_class="empty" category="person" mmax_level="coref"  rule="none"  type="none"/>
<markable id="markable_118" span="word_1042" coref_class="empty" category="location" mmax_level="coref"  rule="none"  type="none"/>
<markable id="markable_119" span="word_1049" coref_class="empty" category="location" mmax_level="coref"  rule="none"  type="none"/>
<markable id="markable_120" span="word_1056" coref_class="empty" category="organization" mmax_level="coref"  rule="none"  type="none"/>
<markable id="markable_121" span="word_1082" coref_class="empty" category="organization" mmax_level="coref"  rule="none"  type="none"/>
<markable id="markable_122" span="word_1087" coref_class="empty" category="location" mmax_level="coref"  rule="none"  type="none"/>
<markable id="markable_123" span="word_1093" coref_class="empty" category="location" mmax_level="coref"  rule="none"  type="none"/>
<markable id="markable_124" span="word_1099" coref_class="empty" category="location" mmax_level="coref"  rule="none"  type="none"/>
<markable id="markable_125" span="word_1107" coref_class="empty" category="location" mmax_level="coref"  rule="none"  type="none"/>
<markable id="markable_126" span="word_1109" coref_class="empty" category="location" mmax_level="coref"  rule="none"  type="none"/>
<markable id="markable_127" span="word_1132" coref_class="empty" category="location" mmax_level="coref"  rule="none"  type="none"/>
<markable id="markable_128" span="word_1169" coref_class="empty" category="location" mmax_level="coref"  rule="none"  type="none"/>
<markable id="markable_129" span="word_1187" coref_class="empty" category="location" mmax_level="coref"  rule="none"  type="none"/>
<markable id="markable_130" span="word_1209" coref_class="empty" category="location" mmax_level="coref"  rule="none"  type="none"/>
<markable id="markable_131" span="word_1213" coref_class="empty" category="location" mmax_level="coref"  rule="none"  type="none"/>
<markable id="markable_132" span="word_1222" coref_class="empty" category="location" mmax_level="coref"  rule="none"  type="none"/>
<markable id="markable_133" span="word_1224" coref_class="empty" category="location" mmax_level="coref"  rule="none"  type="none"/>
<markable id="markable_134" span="word_1239" coref_class="empty" category="location" mmax_level="coref"  rule="none"  type="none"/>
<markable id="markable_135" span="word_1241" coref_class="empty" category="location" mmax_level="coref"  rule="none"  type="none"/>
<markable id="markable_136" span="word_1270" coref_class="empty" category="location" mmax_level="coref"  rule="none"  type="none"/>
<markable id="markable_137" span="word_1273" coref_class="empty" category="location" mmax_level="coref"  rule="none"  type="none"/>
<markable id="markable_138" span="word_1275..word_1277" coref_class="empty" category="sum" mmax_level="coref"  rule="none"  type="none"/>
<markable id="markable_139" span="word_1279..word_1281" coref_class="empty" category="sum" mmax_level="coref"  rule="none"  type="none"/>
<markable id="markable_140" span="word_1289..word_1290" coref_class="empty" category="time" mmax_level="coref"  rule="none"  type="none"/>
<markable id="markable_141" span="word_1295" coref_class="empty" category="location" mmax_level="coref"  rule="none"  type="none"/>
<markable id="markable_142" span="word_1298" coref_class="empty" category="location" mmax_level="coref"  rule="none"  type="none"/>
<markable id="markable_143" span="word_1304..word_1306" coref_class="empty" category="sum" mmax_level="coref"  rule="none"  type="none"/>
<markable id="markable_144" span="word_1308..word_1310" coref_class="empty" category="sum" mmax_level="coref"  rule="none"  type="none"/>
<markable id="markable_145" span="word_1324..word_1325" coref_class="empty" category="sum" mmax_level="coref"  rule="none"  type="none"/>
<markable id="markable_146" span="word_1343..word_1345" coref_class="empty" category="sum" mmax_level="coref"  rule="none"  type="none"/>
<markable id="markable_147" span="word_1350..word_1352" coref_class="empty" category="sum" mmax_level="coref"  rule="none"  type="none"/>
<markable id="markable_148" span="word_1354..word_1356" coref_class="empty" category="sum" mmax_level="coref"  rule="none"  type="none"/>
<markable id="markable_149" span="word_1385" coref_class="empty" category="location" mmax_level="coref"  rule="none"  type="none"/>
<markable id="markable_150" span="word_1387" coref_class="empty" category="location" mmax_level="coref"  rule="none"  type="none"/>
<markable id="markable_151" span="word_1392" coref_class="empty" category="location" mmax_level="coref"  rule="none"  type="none"/>
<markable id="markable_152" span="word_1396" coref_class="empty" category="location" mmax_level="coref"  rule="none"  type="none"/>
<markable id="markable_153" span="word_1408" coref_class="empty" category="location" mmax_level="coref"  rule="none"  type="none"/>
<markable id="markable_154" span="word_1413" coref_class="empty" category="location" mmax_level="coref"  rule="none"  type="none"/>
<markable id="markable_155" span="word_1442" coref_class="empty" category="organization" mmax_level="coref"  rule="none"  type="none"/>
<markable id="markable_156" span="word_1450" coref_class="empty" category="location" mmax_level="coref"  rule="none"  type="none"/>
<markable id="markable_157" span="word_1500" coref_class="empty" category="location" mmax_level="coref"  rule="none"  type="none"/>
<markable id="markable_158" span="word_1527" coref_class="empty" category="location" mmax_level="coref"  rule="none"  type="none"/>
<markable id="markable_159" span="word_1531" coref_class="empty" category="organization" mmax_level="coref"  rule="none"  type="none"/>
<markable id="markable_160" span="word_1554" coref_class="empty" category="location" mmax_level="coref"  rule="none"  type="none"/>
<markable id="markable_161" span="word_1559" coref_class="empty" category="profession" mmax_level="coref"  rule="none"  type="none"/>
<markable id="markable_162" span="word_1560" coref_class="empty" category="person" mmax_level="coref"  rule="none"  type="none"/>
<markable id="markable_163" span="word_1563" coref_class="empty" category="profession" mmax_level="coref"  rule="none"  type="none"/>
<markable id="markable_164" span="word_1564" coref_class="empty" category="person" mmax_level="coref"  rule="none"  type="none"/>
<markable id="markable_165" span="word_1569" coref_class="empty" category="location" mmax_level="coref"  rule="none"  type="none"/>
<markable id="markable_166" span="word_1585" coref_class="empty" category="location" mmax_level="coref"  rule="none"  type="none"/>
<markable id="markable_167" span="word_1592" coref_class="empty" category="location" mmax_level="coref"  rule="none"  type="none"/>
<markable id="markable_168" span="word_1594" coref_class="empty" category="location" mmax_level="coref"  rule="none"  type="none"/>
<markable id="markable_169" span="word_1599" coref_class="empty" category="location" mmax_level="coref"  rule="none"  type="none"/>
<markable id="markable_170" span="word_1613" coref_class="empty" category="profession" mmax_level="coref"  rule="none"  type="none"/>
<markable id="markable_171" span="word_1633" coref_class="empty" category="location" mmax_level="coref"  rule="none"  type="none"/>
<markable id="markable_172" span="word_1640" coref_class="empty" category="time" mmax_level="coref"  rule="none"  type="none"/>
<markable id="markable_173" span="word_1641" coref_class="empty" category="location" mmax_level="coref"  rule="none"  type="none"/>
<markable id="markable_174" span="word_1651..word_1652" coref_class="empty" category="location" mmax_level="coref"  rule="none"  type="none"/>
<markable id="markable_175" span="word_1665..word_1666" coref_class="empty" category="product" mmax_level="coref"  rule="none"  type="none"/>
<markable id="markable_176" span="word_1672" coref_class="empty" category="location" mmax_level="coref"  rule="none"  type="none"/>
<markable id="markable_177" span="word_1695" coref_class="empty" category="location" mmax_level="coref"  rule="none"  type="none"/>
<markable id="markable_178" span="word_1699" coref_class="empty" category="location" mmax_level="coref"  rule="none"  type="none"/>
<markable id="markable_179" span="word_1704" coref_class="empty" category="location" mmax_level="coref"  rule="none"  type="none"/>
<markable id="markable_180" span="word_1716" coref_class="empty" category="location" mmax_level="coref"  rule="none"  type="none"/>
<markable id="markable_181" span="word_1721" coref_class="empty" category="location" mmax_level="coref"  rule="none"  type="none"/>
<markable id="markable_182" span="word_1723" coref_class="empty" category="location" mmax_level="coref"  rule="none"  type="none"/>
<markable id="markable_183" span="word_1725" coref_class="empty" category="location" mmax_level="coref"  rule="none"  type="none"/>
<markable id="markable_184" span="word_1743" coref_class="empty" category="location" mmax_level="coref"  rule="none"  type="none"/>
<markable id="markable_185" span="word_1751" coref_class="empty" category="location" mmax_level="coref"  rule="none"  type="none"/>
<markable id="markable_186" span="word_1769" coref_class="empty" category="location" mmax_level="coref"  rule="none"  type="none"/>
<markable id="markable_187" span="word_1776" coref_class="empty" category="organization" mmax_level="coref"  rule="none"  type="none"/>
<markable id="markable_188" span="word_1813" coref_class="empty" category="location" mmax_level="coref"  rule="none"  type="none"/>
<markable id="markable_189" span="word_1815" coref_class="empty" category="location" mmax_level="coref"  rule="none"  type="none"/>
<markable id="markable_190" span="word_1825" coref_class="empty" category="location" mmax_level="coref"  rule="none"  type="none"/>
<markable id="markable_191" span="word_1853" coref_class="empty" category="location" mmax_level="coref"  rule="none"  type="none"/>
<markable id="markable_192" span="word_1868" coref_class="empty" category="location" mmax_level="coref"  rule="none"  type="none"/>
<markable id="markable_193" span="word_1870" coref_class="empty" category="location" mmax_level="coref"  rule="none"  type="none"/>
<markable id="markable_194" span="word_1873" coref_class="empty" category="organization" mmax_level="coref"  rule="none"  type="none"/>
<markable id="markable_195" span="word_1902" coref_class="empty" category="location" mmax_level="coref"  rule="none"  type="none"/>
<markable id="markable_196" span="word_1975" coref_class="empty" category="organization" mmax_level="coref"  rule="none"  type="none"/>
<markable id="markable_197" span="word_1984" coref_class="empty" category="location" mmax_level="coref"  rule="none"  type="none"/>
<markable id="markable_198" span="word_1986" coref_class="empty" category="location" mmax_level="coref"  rule="none"  type="none"/>
<markable id="markable_199" span="word_1989" coref_class="empty" category="location" mmax_level="coref"  rule="none"  type="none"/>
<markable id="markable_200" span="word_2003" coref_class="empty" category="location" mmax_level="coref"  rule="none"  type="none"/>
<markable id="markable_201" span="word_2010" coref_class="empty" category="location" mmax_level="coref"  rule="none"  type="none"/>
<markable id="markable_202" span="word_2019" coref_class="empty" category="profession" mmax_level="coref"  rule="none"  type="none"/>
<markable id="markable_203" span="word_2038" coref_class="empty" category="profession" mmax_level="coref"  rule="none"  type="none"/>
<markable id="markable_204" span="word_2092" coref_class="empty" category="location" mmax_level="coref"  rule="none"  type="none"/>
<markable id="markable_205" span="word_2101..word_2102" coref_class="empty" category="sum" mmax_level="coref"  rule="none"  type="none"/>
<markable id="markable_206" span="word_2116" coref_class="empty" category="location" mmax_level="coref"  rule="none"  type="none"/>
<markable id="markable_207" span="word_2121" coref_class="empty" category="location" mmax_level="coref"  rule="none"  type="none"/>
<markable id="markable_208" span="word_2163" coref_class="empty" category="location" mmax_level="coref"  rule="none"  type="none"/>
<markable id="markable_209" span="word_2179" coref_class="empty" category="profession" mmax_level="coref"  rule="none"  type="none"/>
<markable id="markable_210" span="word_2182" coref_class="empty" category="location" mmax_level="coref"  rule="none"  type="none"/>
<markable id="markable_211" span="word_2184" coref_class="empty" category="location" mmax_level="coref"  rule="none"  type="none"/>
<markable id="markable_212" span="word_2224" coref_class="empty" category="location" mmax_level="coref"  rule="none"  type="none"/>
<markable id="markable_213" span="word_2262" coref_class="empty" category="location" mmax_level="coref"  rule="none"  type="none"/>
<markable id="markable_214" span="word_2265" coref_class="empty" category="location" mmax_level="coref"  rule="none"  type="none"/>
<markable id="markable_215" span="word_2268" coref_class="empty" category="location" mmax_level="coref"  rule="none"  type="none"/>
<markable id="markable_216" span="word_2274" coref_class="empty" category="location" mmax_level="coref"  rule="none"  type="none"/>
<markable id="markable_217" span="word_2278" coref_class="empty" category="location" mmax_level="coref"  rule="none"  type="none"/>
<markable id="markable_218" span="word_2280" coref_class="empty" category="location" mmax_level="coref"  rule="none"  type="none"/>
<markable id="markable_219" span="word_2290" coref_class="empty" category="location" mmax_level="coref"  rule="none"  type="none"/>
<markable id="markable_220" span="word_2292" coref_class="empty" category="location" mmax_level="coref"  rule="none"  type="none"/>
<markable id="markable_221" span="word_2300" coref_class="empty" category="location" mmax_level="coref"  rule="none"  type="none"/>
<markable id="markable_222" span="word_2306" coref_class="empty" category="organization" mmax_level="coref"  rule="none"  type="none"/>
<markable id="markable_223" span="word_2308" coref_class="empty" category="profession" mmax_level="coref"  rule="none"  type="none"/>
<markable id="markable_224" span="word_2324" coref_class="empty" category="organization" mmax_level="coref"  rule="none"  type="none"/>
<markable id="markable_225" span="word_2327" coref_class="empty" category="location" mmax_level="coref"  rule="none"  type="none"/>
<markable id="markable_226" span="word_2349" coref_class="empty" category="location" mmax_level="coref"  rule="none"  type="none"/>
<markable id="markable_227" span="word_2352..word_2353" coref_class="empty" category="location" mmax_level="coref"  rule="none"  type="none"/>
<markable id="markable_228" span="word_2388" coref_class="empty" category="location" mmax_level="coref"  rule="none"  type="none"/>
<markable id="markable_229" span="word_2397" coref_class="empty" category="location" mmax_level="coref"  rule="none"  type="none"/>
<markable id="markable_230" span="word_2401" coref_class="empty" category="location" mmax_level="coref"  rule="none"  type="none"/>
<markable id="markable_231" span="word_2424" coref_class="empty" category="location" mmax_level="coref"  rule="none"  type="none"/>
<markable id="markable_232" span="word_2430" coref_class="empty" category="location" mmax_level="coref"  rule="none"  type="none"/>
<markable id="markable_233" span="word_2443" coref_class="empty" category="location" mmax_level="coref"  rule="none"  type="none"/>
<markable id="markable_234" span="word_2466" coref_class="empty" category="location" mmax_level="coref"  rule="none"  type="none"/>
<markable id="markable_235" span="word_2473..word_2474" coref_class="empty" category="location" mmax_level="coref"  rule="none"  type="none"/>
<markable id="markable_236" span="word_2485" coref_class="empty" category="location" mmax_level="coref"  rule="none"  type="none"/>
<markable id="markable_237" span="word_2488" coref_class="empty" category="location" mmax_level="coref"  rule="none"  type="none"/>
<markable id="markable_238" span="word_2500" coref_class="empty" category="location" mmax_level="coref"  rule="none"  type="none"/>
<markable id="markable_239" span="word_2509" coref_class="empty" category="location" mmax_level="coref"  rule="none"  type="none"/>
<markable id="markable_240" span="word_2513" coref_class="empty" category="location" mmax_level="coref"  rule="none"  type="none"/>
<markable id="markable_241" span="word_2519" coref_class="empty" category="location" mmax_level="coref"  rule="none"  type="none"/>
<markable id="markable_242" span="word_2523" coref_class="empty" category="location" mmax_level="coref"  rule="none"  type="none"/>
<markable id="markable_243" span="word_2575" coref_class="empty" category="location" mmax_level="coref"  rule="none"  type="none"/>
<markable id="markable_244" span="word_2582..word_2583" coref_class="empty" category="time" mmax_level="coref"  rule="none"  type="none"/>
<markable id="markable_245" span="word_2587" coref_class="empty" category="location" mmax_level="coref"  rule="none"  type="none"/>
<markable id="markable_246" span="word_2609" coref_class="empty" category="location" mmax_level="coref"  rule="none"  type="none"/>
<markable id="markable_247" span="word_2618" coref_class="empty" category="location" mmax_level="coref"  rule="none"  type="none"/>
<markable id="markable_248" span="word_2627" coref_class="empty" category="location" mmax_level="coref"  rule="none"  type="none"/>
<markable id="markable_249" span="word_2637" coref_class="empty" category="location" mmax_level="coref"  rule="none"  type="none"/>
<markable id="markable_250" span="word_2653" coref_class="empty" category="location" mmax_level="coref"  rule="none"  type="none"/>
<markable id="markable_251" span="word_2683" coref_class="empty" category="location" mmax_level="coref"  rule="none"  type="none"/>
<markable id="markable_252" span="word_2690" coref_class="empty" category="location" mmax_level="coref"  rule="none"  type="none"/>
<markable id="markable_253" span="word_2705" coref_class="empty" category="organization" mmax_level="coref"  rule="none"  type="none"/>
<markable id="markable_254" span="word_2709" coref_class="empty" category="location" mmax_level="coref"  rule="none"  type="none"/>
<markable id="markable_255" span="word_2715..word_2716" coref_class="empty" category="organization" mmax_level="coref"  rule="none"  type="none"/>
<markable id="markable_256" span="word_2726" coref_class="empty" category="location" mmax_level="coref"  rule="none"  type="none"/>
<markable id="markable_257" span="word_2765" coref_class="empty" category="location" mmax_level="coref"  rule="none"  type="none"/>
<markable id="markable_258" span="word_2770" coref_class="empty" category="location" mmax_level="coref"  rule="none"  type="none"/>
<markable id="markable_259" span="word_2784..word_2785" coref_class="empty" category="time" mmax_level="coref"  rule="none"  type="none"/>
<markable id="markable_260" span="word_2788" coref_class="empty" category="location" mmax_level="coref"  rule="none"  type="none"/>
<markable id="markable_261" span="word_2792..word_2793" coref_class="empty" category="location" mmax_level="coref"  rule="none"  type="none"/>
<markable id="markable_262" span="word_2796" coref_class="empty" category="location" mmax_level="coref"  rule="none"  type="none"/>
<markable id="markable_263" span="word_2799" coref_class="empty" category="location" mmax_level="coref"  rule="none"  type="none"/>
<markable id="markable_264" span="word_2805..word_2806" coref_class="empty" category="time" mmax_level="coref"  rule="none"  type="none"/>
<markable id="markable_265" span="word_2856" coref_class="empty" category="location" mmax_level="coref"  rule="none"  type="none"/>
<markable id="markable_266" span="word_2872" coref_class="empty" category="location" mmax_level="coref"  rule="none"  type="none"/>
<markable id="markable_267" span="word_2883" coref_class="empty" category="location" mmax_level="coref"  rule="none"  type="none"/>
<markable id="markable_268" span="word_2887" coref_class="empty" category="location" mmax_level="coref"  rule="none"  type="none"/>
<markable id="markable_269" span="word_2909" coref_class="empty" category="location" mmax_level="coref"  rule="none"  type="none"/>
<markable id="markable_270" span="word_2929" coref_class="empty" category="location" mmax_level="coref"  rule="none"  type="none"/>
<markable id="markable_271" span="word_2931" coref_class="empty" category="location" mmax_level="coref"  rule="none"  type="none"/>
<markable id="markable_272" span="word_2962" coref_class="empty" category="location" mmax_level="coref"  rule="none"  type="none"/>
<markable id="markable_273" span="word_2975..word_2976" coref_class="empty" category="time" mmax_level="coref"  rule="none"  type="none"/>
<markable id="markable_274" span="word_2984" coref_class="empty" category="organization" mmax_level="coref"  rule="none"  type="none"/>
<markable id="markable_275" span="word_2987" coref_class="empty" category="organization" mmax_level="coref"  rule="none"  type="none"/>
<markable id="markable_276" span="word_2994" coref_class="empty" category="location" mmax_level="coref"  rule="none"  type="none"/>
<markable id="markable_277" span="word_3002" coref_class="empty" category="organization" mmax_level="coref"  rule="none"  type="none"/>
<markable id="markable_278" span="word_3036" coref_class="empty" category="location" mmax_level="coref"  rule="none"  type="none"/>
<markable id="markable_279" span="word_3040" coref_class="empty" category="organization" mmax_level="coref"  rule="none"  type="none"/>
<markable id="markable_280" span="word_3043" coref_class="empty" category="organization" mmax_level="coref"  rule="none"  type="none"/>
<markable id="markable_281" span="word_3047" coref_class="empty" category="organization" mmax_level="coref"  rule="none"  type="none"/>
<markable id="markable_282" span="word_3048" coref_class="empty" category="location" mmax_level="coref"  rule="none"  type="none"/>
<markable id="markable_283" span="word_3056" coref_class="empty" category="organization" mmax_level="coref"  rule="none"  type="none"/>
</markables>