<?xml version="1.0" encoding="UTF-8"?>
<!DOCTYPE markables SYSTEM "markables.dtd">
<markables xmlns="www.eml.org/NameSpaces/sentence">
<markable mmax_level="sentence" id="markable_1" span="word_1..word_9" />
<markable mmax_level="sentence" id="markable_2" span="word_10..word_12" />
<markable mmax_level="sentence" id="markable_3" span="word_13..word_51" />
<markable mmax_level="sentence" id="markable_4" span="word_52..word_71" />
<markable mmax_level="sentence" id="markable_5" span="word_72..word_112" />
<markable mmax_level="sentence" id="markable_6" span="word_113..word_139" />
<markable mmax_level="sentence" id="markable_7" span="word_140..word_142" />
<markable mmax_level="sentence" id="markable_8" span="word_143..word_166" />
<markable mmax_level="sentence" id="markable_9" span="word_167..word_185" />
<markable mmax_level="sentence" id="markable_10" span="word_186..word_198" />
<markable mmax_level="sentence" id="markable_11" span="word_199..word_204" />
<markable mmax_level="sentence" id="markable_12" span="word_205..word_214" />
<markable mmax_level="sentence" id="markable_13" span="word_215..word_233" />
<markable mmax_level="sentence" id="markable_14" span="word_234..word_240" />
<markable mmax_level="sentence" id="markable_15" span="word_241..word_252" />
<markable mmax_level="sentence" id="markable_16" span="word_253..word_267" />
<markable mmax_level="sentence" id="markable_17" span="word_268..word_280" />
<markable mmax_level="sentence" id="markable_18" span="word_281..word_285" />
<markable mmax_level="sentence" id="markable_19" span="word_286..word_299" />
<markable mmax_level="sentence" id="markable_20" span="word_300..word_315" />
<markable mmax_level="sentence" id="markable_21" span="word_316..word_324" />
<markable mmax_level="sentence" id="markable_22" span="word_325..word_335" />
<markable mmax_level="sentence" id="markable_23" span="word_336..word_360" />
<markable mmax_level="sentence" id="markable_24" span="word_361..word_378" />
<markable mmax_level="sentence" id="markable_25" span="word_379..word_421" />
<markable mmax_level="sentence" id="markable_26" span="word_422..word_428" />
<markable mmax_level="sentence" id="markable_27" span="word_429..word_447" />
<markable mmax_level="sentence" id="markable_28" span="word_448..word_459" />
<markable mmax_level="sentence" id="markable_29" span="word_460..word_468" />
<markable mmax_level="sentence" id="markable_30" span="word_469..word_485" />
<markable mmax_level="sentence" id="markable_31" span="word_486..word_498" />
<markable mmax_level="sentence" id="markable_32" span="word_499..word_515" />
<markable mmax_level="sentence" id="markable_33" span="word_516..word_521" />
<markable mmax_level="sentence" id="markable_34" span="word_522..word_561" />
<markable mmax_level="sentence" id="markable_35" span="word_562..word_586" />
<markable mmax_level="sentence" id="markable_36" span="word_587..word_608" />
<markable mmax_level="sentence" id="markable_37" span="word_609..word_628" />
<markable mmax_level="sentence" id="markable_38" span="word_629..word_649" />
<markable mmax_level="sentence" id="markable_39" span="word_650..word_698" />
<markable mmax_level="sentence" id="markable_40" span="word_699..word_718" />
<markable mmax_level="sentence" id="markable_41" span="word_719..word_726" />
<markable mmax_level="sentence" id="markable_42" span="word_727..word_769" />
<markable mmax_level="sentence" id="markable_43" span="word_770..word_772" />
<markable mmax_level="sentence" id="markable_44" span="word_773..word_779" />
<markable mmax_level="sentence" id="markable_45" span="word_780..word_817" />
<markable mmax_level="sentence" id="markable_46" span="word_818..word_839" />
<markable mmax_level="sentence" id="markable_47" span="word_840..word_869" />
<markable mmax_level="sentence" id="markable_48" span="word_870..word_900" />
<markable mmax_level="sentence" id="markable_49" span="word_901..word_925" />
<markable mmax_level="sentence" id="markable_50" span="word_926..word_927" />
<markable mmax_level="sentence" id="markable_51" span="word_928..word_947" />
<markable mmax_level="sentence" id="markable_52" span="word_948..word_973" />
<markable mmax_level="sentence" id="markable_53" span="word_974..word_1004" />
<markable mmax_level="sentence" id="markable_54" span="word_1005..word_1039" />
<markable mmax_level="sentence" id="markable_55" span="word_1040..word_1064" />
<markable mmax_level="sentence" id="markable_56" span="word_1065..word_1106" />
<markable mmax_level="sentence" id="markable_57" span="word_1107..word_1122" />
<markable mmax_level="sentence" id="markable_58" span="word_1123..word_1137" />
<markable mmax_level="sentence" id="markable_59" span="word_1138..word_1148" />
<markable mmax_level="sentence" id="markable_60" span="word_1149..word_1179" />
<markable mmax_level="sentence" id="markable_61" span="word_1180..word_1191" />
<markable mmax_level="sentence" id="markable_62" span="word_1192..word_1195" />
<markable mmax_level="sentence" id="markable_63" span="word_1196..word_1203" />
<markable mmax_level="sentence" id="markable_64" span="word_1204..word_1206" />
<markable mmax_level="sentence" id="markable_65" span="word_1207..word_1221" />
<markable mmax_level="sentence" id="markable_66" span="word_1222..word_1235" />
<markable mmax_level="sentence" id="markable_67" span="word_1236..word_1255" />
<markable mmax_level="sentence" id="markable_68" span="word_1256..word_1259" />
<markable mmax_level="sentence" id="markable_69" span="word_1260..word_1273" />
<markable mmax_level="sentence" id="markable_70" span="word_1274..word_1285" />
<markable mmax_level="sentence" id="markable_71" span="word_1286..word_1310" />
<markable mmax_level="sentence" id="markable_72" span="word_1311..word_1338" />
<markable mmax_level="sentence" id="markable_73" span="word_1339..word_1360" />
<markable mmax_level="sentence" id="markable_74" span="word_1361..word_1368" />
<markable mmax_level="sentence" id="markable_75" span="word_1369..word_1376" />
<markable mmax_level="sentence" id="markable_76" span="word_1377..word_1388" />
<markable mmax_level="sentence" id="markable_77" span="word_1389..word_1407" />
<markable mmax_level="sentence" id="markable_78" span="word_1408..word_1425" />
<markable mmax_level="sentence" id="markable_79" span="word_1426..word_1443" />
<markable mmax_level="sentence" id="markable_80" span="word_1444..word_1458" />
<markable mmax_level="sentence" id="markable_81" span="word_1459..word_1483" />
<markable mmax_level="sentence" id="markable_82" span="word_1484..word_1501" />
<markable mmax_level="sentence" id="markable_83" span="word_1502..word_1519" />
<markable mmax_level="sentence" id="markable_84" span="word_1520..word_1542" />
<markable mmax_level="sentence" id="markable_85" span="word_1543..word_1555" />
<markable mmax_level="sentence" id="markable_86" span="word_1556..word_1585" />
<markable mmax_level="sentence" id="markable_87" span="word_1586..word_1623" />
<markable mmax_level="sentence" id="markable_88" span="word_1624..word_1668" />
<markable mmax_level="sentence" id="markable_89" span="word_1669..word_1671" />
<markable mmax_level="sentence" id="markable_90" span="word_1672..word_1679" />
<markable mmax_level="sentence" id="markable_91" span="word_1680..word_1687" />
<markable mmax_level="sentence" id="markable_92" span="word_1688..word_1720" />
<markable mmax_level="sentence" id="markable_93" span="word_1721..word_1749" />
<markable mmax_level="sentence" id="markable_94" span="word_1750..word_1783" />
<markable mmax_level="sentence" id="markable_95" span="word_1784..word_1807" />
<markable mmax_level="sentence" id="markable_96" span="word_1808..word_1814" />
<markable mmax_level="sentence" id="markable_97" span="word_1815..word_1849" />
<markable mmax_level="sentence" id="markable_98" span="word_1850..word_1856" />
<markable mmax_level="sentence" id="markable_99" span="word_1857..word_1872" />
<markable mmax_level="sentence" id="markable_100" span="word_1873..word_1913" />
<markable mmax_level="sentence" id="markable_101" span="word_1914..word_1940" />
<markable mmax_level="sentence" id="markable_102" span="word_1941..word_1966" />
<markable mmax_level="sentence" id="markable_103" span="word_1967..word_1987" />
<markable mmax_level="sentence" id="markable_104" span="word_1988..word_1998" />
<markable mmax_level="sentence" id="markable_105" span="word_1999..word_2010" />
<markable mmax_level="sentence" id="markable_106" span="word_2011..word_2030" />
<markable mmax_level="sentence" id="markable_107" span="word_2031..word_2044" />
<markable mmax_level="sentence" id="markable_108" span="word_2045..word_2056" />
<markable mmax_level="sentence" id="markable_109" span="word_2057..word_2073" />
<markable mmax_level="sentence" id="markable_110" span="word_2074..word_2077" />
<markable mmax_level="sentence" id="markable_111" span="word_2078..word_2079" />
<markable mmax_level="sentence" id="markable_112" span="word_2080..word_2086" />
<markable mmax_level="sentence" id="markable_113" span="word_2087" />
<markable mmax_level="sentence" id="markable_114" span="word_2088..word_2106" />
<markable mmax_level="sentence" id="markable_115" span="word_2107..word_2123" />
<markable mmax_level="sentence" id="markable_116" span="word_2124..word_2143" />
<markable mmax_level="sentence" id="markable_117" span="word_2144..word_2160" />
<markable mmax_level="sentence" id="markable_118" span="word_2161..word_2185" />
<markable mmax_level="sentence" id="markable_119" span="word_2186..word_2214" />
<markable mmax_level="sentence" id="markable_120" span="word_2215..word_2249" />
<markable mmax_level="sentence" id="markable_121" span="word_2250..word_2266" />
<markable mmax_level="sentence" id="markable_122" span="word_2267..word_2294" />
<markable mmax_level="sentence" id="markable_123" span="word_2295..word_2319" />
</markables>