<?xml version="1.0" encoding="UTF-8"?>
<!DOCTYPE words SYSTEM "words.dtd">
<words>
<word id="word_1">"</word>
<word id="word_2">Graanul</word>
<word id="word_3">Invest</word>
<word id="word_4">”</word>
<word id="word_5">Inčukalnā</word>
<word id="word_6">būvēs</word>
<word id="word_7">koģenerācijas</word>
<word id="word_8">staciju</word>
<word id="word_9">par</word>
<word id="word_10">Ls</word>
<word id="word_11">14</word>
<word id="word_12">miljoniem</word>
<word id="word_13">21</word>
<word id="word_14">Dec</word>
<word id="word_15">2012</word>
<word id="word_16">Kokskaidu</word>
<word id="word_17">granulu</word>
<word id="word_18">ražotājs</word>
<word id="word_19">SIA</word>
<word id="word_20">"</word>
<word id="word_21">Graanul</word>
<word id="word_22">Invest</word>
<word id="word_23">"</word>
<word id="word_24">nākamajā</word>
<word id="word_25">gadā</word>
<word id="word_26">plāno</word>
<word id="word_27">Inčukalna</word>
<word id="word_28">ražotnē</word>
<word id="word_29">būvēt</word>
<word id="word_30">uzņēmuma</word>
<word id="word_31">otro</word>
<word id="word_32">koģenerācijas</word>
<word id="word_33">staciju</word>
<word id="word_34">14</word>
<word id="word_35">miljonu</word>
<word id="word_36">latu</word>
<word id="word_37">vērtībā</word>
<word id="word_38">,</word>
<word id="word_39">Launkalnes</word>
<word id="word_40">ražotnē</word>
<word id="word_41">investēt</word>
<word id="word_42">1,4</word>
<word id="word_43">miljonus</word>
<word id="word_44">latu</word>
<word id="word_45">,</word>
<word id="word_46">bet</word>
<word id="word_47">tuvākajos</word>
<word id="word_48">gados</word>
<word id="word_49">-</word>
<word id="word_50">iegādāties</word>
<word id="word_51">kādu</word>
<word id="word_52">no</word>
<word id="word_53">Latvijas</word>
<word id="word_54">mežistrādes</word>
<word id="word_55">uzņēmumiem</word>
<word id="word_56">,</word>
<word id="word_57">intervijā</word>
<word id="word_58">biznesa</word>
<word id="word_59">portālam</word>
<word id="word_60">"</word>
<word id="word_61">Nozare</word>
<word id="word_62">.</word>
<word id="word_63">lv</word>
<word id="word_64">"</word>
<word id="word_65">atzina</word>
<word id="word_66">uzņēmuma</word>
<word id="word_67">izpilddirektors</word>
<word id="word_68">Haralds</word>
<word id="word_69">Vīgants</word>
<word id="word_70">.</word>
<word id="word_71">Kā</word>
<word id="word_72">notiek</word>
<word id="word_73">granulu</word>
<word id="word_74">ražošanas</word>
<word id="word_75">process</word>
<word id="word_76">?</word>
<word id="word_77">Process</word>
<word id="word_78">granulu</word>
<word id="word_79">ražošanā</word>
<word id="word_80">ir</word>
<word id="word_81">sekojošs</word>
<word id="word_82">-</word>
<word id="word_83">sašķeldojam</word>
<word id="word_84">apakokus</word>
<word id="word_85">,</word>
<word id="word_86">šķeldu</word>
<word id="word_87">pārstrādājam</word>
<word id="word_88">skaidās</word>
<word id="word_89">,</word>
<word id="word_90">tās</word>
<word id="word_91">savukārt</word>
<word id="word_92">izžāvējam</word>
<word id="word_93">un</word>
<word id="word_94">samaļam</word>
<word id="word_95">vēl</word>
<word id="word_96">smalkāk</word>
<word id="word_97">-</word>
<word id="word_98">iegūto</word>
<word id="word_99">smalko</word>
<word id="word_100">frakciju</word>
<word id="word_101">kompresē</word>
<word id="word_102">un</word>
<word id="word_103">ražo</word>
<word id="word_104">augstvērtīgas</word>
<word id="word_105">granulas</word>
<word id="word_106">.</word>
<word id="word_107">Granulu</word>
<word id="word_108">ražošanā</word>
<word id="word_109">ļoti</word>
<word id="word_110">svarīgs</word>
<word id="word_111">process</word>
<word id="word_112">ir</word>
<word id="word_113">skaidu</word>
<word id="word_114">kaltēšana</word>
<word id="word_115">,</word>
<word id="word_116">ko</word>
<word id="word_117">veic</word>
<word id="word_118">ar</word>
<word id="word_119">speciāli</word>
<word id="word_120">tam</word>
<word id="word_121">paredzētām</word>
<word id="word_122">kaltēm</word>
<word id="word_123">.</word>
<word id="word_124">Iepriekš</word>
<word id="word_125">mums</word>
<word id="word_126">bija</word>
<word id="word_127">tikai</word>
<word id="word_128">rotējošā</word>
<word id="word_129">skaidu</word>
<word id="word_130">kalte</word>
<word id="word_131">,</word>
<word id="word_132">bet</word>
<word id="word_133">tagad</word>
<word id="word_134">,</word>
<word id="word_135">pateicoties</word>
<word id="word_136">koģenerācijai</word>
<word id="word_137">un</word>
<word id="word_138">divām</word>
<word id="word_139">lentveida</word>
<word id="word_140">kaltēm</word>
<word id="word_141">,</word>
<word id="word_142">ir</word>
<word id="word_143">iespējams</word>
<word id="word_144">kaltēt</word>
<word id="word_145">mitrās</word>
<word id="word_146">skaidas</word>
<word id="word_147">,</word>
<word id="word_148">izmantojot</word>
<word id="word_149">visu</word>
<word id="word_150">koģenerācijas</word>
<word id="word_151">stacijā</word>
<word id="word_152">saražoto</word>
<word id="word_153">siltumu</word>
<word id="word_154">,</word>
<word id="word_155">tādējādi</word>
<word id="word_156">arī</word>
<word id="word_157">nodrošinot</word>
<word id="word_158">augstu</word>
<word id="word_159">efektivitāti</word>
<word id="word_160">pašai</word>
<word id="word_161">koģenerācijas</word>
<word id="word_162">stacijai</word>
<word id="word_163">.</word>
<word id="word_164">Savukārt</word>
<word id="word_165">saražotā</word>
<word id="word_166">elektroenerģija</word>
<word id="word_167">tiek</word>
<word id="word_168">pārdota</word>
<word id="word_169">AS</word>
<word id="word_170">"</word>
<word id="word_171">Latvenergo</word>
<word id="word_172">"</word>
<word id="word_173">obligātā</word>
<word id="word_174">iepirkuma</word>
<word id="word_175">ietvaros</word>
<word id="word_176">.</word>
<word id="word_177">Kādas</word>
<word id="word_178">investīcijas</word>
<word id="word_179">"</word>
<word id="word_180">Graanul</word>
<word id="word_181">Invest</word>
<word id="word_182">"</word>
<word id="word_183">ir</word>
<word id="word_184">veicis</word>
<word id="word_185">pēdējā</word>
<word id="word_186">gada</word>
<word id="word_187">laikā</word>
<word id="word_188">un</word>
<word id="word_189">kādi</word>
<word id="word_190">ieguldījumi</word>
<word id="word_191">plānoti</word>
<word id="word_192">nākamgad</word>
<word id="word_193">?</word>
<word id="word_194">Pērn</word>
<word id="word_195">mātesuzņēmums</word>
<word id="word_196">-</word>
<word id="word_197">Igaunijas</word>
<word id="word_198">"</word>
<word id="word_199">Graanul</word>
<word id="word_200">Invest</word>
<word id="word_201">"</word>
<word id="word_202">-</word>
<word id="word_203">ieguldīja</word>
<word id="word_204">14</word>
<word id="word_205">miljonus</word>
<word id="word_206">latu</word>
<word id="word_207">koģenerācijas</word>
<word id="word_208">elektrostacijas</word>
<word id="word_209">būvniecībā</word>
<word id="word_210">un</word>
<word id="word_211">tās</word>
<word id="word_212">infrastruktūras</word>
<word id="word_213">izveidē</word>
<word id="word_214">Launkalnes</word>
<word id="word_215">ražotnē</word>
<word id="word_216">.</word>
<word id="word_217">Tāpat</word>
<word id="word_218">,</word>
<word id="word_219">ieguldot</word>
<word id="word_220">4,21</word>
<word id="word_221">miljonu</word>
<word id="word_222">latu</word>
<word id="word_223">,</word>
<word id="word_224">tika</word>
<word id="word_225">veikta</word>
<word id="word_226">ražotnes</word>
<word id="word_227">produktivitātes</word>
<word id="word_228">paaugstināšana</word>
<word id="word_229">,</word>
<word id="word_230">uzstādītas</word>
<word id="word_231">papildu</word>
<word id="word_232">trīs</word>
<word id="word_233">granulu</word>
<word id="word_234">preses</word>
<word id="word_235">,</word>
<word id="word_236">uzbūvētas</word>
<word id="word_237">divas</word>
<word id="word_238">lentveida</word>
<word id="word_239">kaltes</word>
<word id="word_240">,</word>
<word id="word_241">uzlikti</word>
<word id="word_242">lielākas</word>
<word id="word_243">jaudas</word>
<word id="word_244">smalcinātāji</word>
<word id="word_245">,</word>
<word id="word_246">izbūvēti</word>
<word id="word_247">materiālu</word>
<word id="word_248">pārvades</word>
<word id="word_249">konveijeri</word>
<word id="word_250">un</word>
<word id="word_251">paplašināts</word>
<word id="word_252">materiālu</word>
<word id="word_253">glabāšanas</word>
<word id="word_254">laukums</word>
<word id="word_255">.</word>
<word id="word_256">Nākamā</word>
<word id="word_257">gada</word>
<word id="word_258">plāns</word>
<word id="word_259">paredz</word>
<word id="word_260">14</word>
<word id="word_261">miljonu</word>
<word id="word_262">latu</word>
<word id="word_263">lielu</word>
<word id="word_264">investīciju</word>
<word id="word_265">projektu</word>
<word id="word_266">Inčukalnā</word>
<word id="word_267">,</word>
<word id="word_268">kur</word>
<word id="word_269">atrodas</word>
<word id="word_270">otra</word>
<word id="word_271">"</word>
<word id="word_272">Graanul</word>
<word id="word_273">Invest</word>
<word id="word_274">"</word>
<word id="word_275">ražotne</word>
<word id="word_276">Latvijā</word>
<word id="word_277">.</word>
<word id="word_278">Tur</word>
<word id="word_279">mātesuzņēmums</word>
<word id="word_280">plāno</word>
<word id="word_281">būvēt</word>
<word id="word_282">koģenerācijas</word>
<word id="word_283">staciju</word>
<word id="word_284">,</word>
<word id="word_285">veidojot</word>
<word id="word_286">tādu</word>
<word id="word_287">pašu</word>
<word id="word_288">"</word>
<word id="word_289">kombināciju</word>
<word id="word_290">"</word>
<word id="word_291">kā</word>
<word id="word_292">Launkalnē</word>
<word id="word_293">-</word>
<word id="word_294">granulu</word>
<word id="word_295">ražotne</word>
<word id="word_296">kopā</word>
<word id="word_297">ar</word>
<word id="word_298">koģenerācijas</word>
<word id="word_299">staciju</word>
<word id="word_300">.</word>
<word id="word_301">Tāpat</word>
<word id="word_302">tuvākajos</word>
<word id="word_303">pāris</word>
<word id="word_304">gados</word>
<word id="word_305">tiks</word>
<word id="word_306">tuprināti</word>
<word id="word_307">ieguldījumi</word>
<word id="word_308">arī</word>
<word id="word_309">Launkalnes</word>
<word id="word_310">ražotnē</word>
<word id="word_311">,</word>
<word id="word_312">kur</word>
<word id="word_313">par</word>
<word id="word_314">apmēram</word>
<word id="word_315">1,4</word>
<word id="word_316">miljoniem</word>
<word id="word_317">latu</word>
<word id="word_318">iekārtos</word>
<word id="word_319">apaļkoka</word>
<word id="word_320">mizošanas</word>
<word id="word_321">un</word>
<word id="word_322">šķeldošanas</word>
<word id="word_323">līniju</word>
<word id="word_324">.</word>
<word id="word_325">Šāds</word>
<word id="word_326">agregāts</word>
<word id="word_327">kopš</word>
<word id="word_328">pagājušā</word>
<word id="word_329">gada</word>
<word id="word_330">jau</word>
<word id="word_331">strādā</word>
<word id="word_332">Inčukalnā</word>
<word id="word_333">,</word>
<word id="word_334">un</word>
<word id="word_335">Launkalnē</word>
<word id="word_336">tas</word>
<word id="word_337">sniegs</word>
<word id="word_338">lielu</word>
<word id="word_339">ietaupījumu</word>
<word id="word_340">uz</word>
<word id="word_341">rezerves</word>
<word id="word_342">daļām</word>
<word id="word_343">,</word>
<word id="word_344">jo</word>
<word id="word_345">tiks</word>
<word id="word_346">noņemta</word>
<word id="word_347">miza</word>
<word id="word_348">,</word>
<word id="word_349">kura</word>
<word id="word_350">veicina</word>
<word id="word_351">iekārtu</word>
<word id="word_352">un</word>
<word id="word_353">rezerves</word>
<word id="word_354">daļu</word>
<word id="word_355">dilšanu</word>
<word id="word_356">.</word>
<word id="word_357">Tikmēr</word>
<word id="word_358">nekvalitatīvo</word>
<word id="word_359">mizu</word>
<word id="word_360">izmantosim</word>
<word id="word_361">kā</word>
<word id="word_362">vienu</word>
<word id="word_363">no</word>
<word id="word_364">kurināmajiem</word>
<word id="word_365">koģenerācijas</word>
<word id="word_366">elektrostacijā</word>
<word id="word_367">.</word>
<word id="word_368">Pateicoties</word>
<word id="word_369">mizotājam</word>
<word id="word_370">,</word>
<word id="word_371">būsim</word>
<word id="word_372">daudz</word>
<word id="word_373">elastīgāki</word>
<word id="word_374">granulu</word>
<word id="word_375">tirgū</word>
<word id="word_376">,</word>
<word id="word_377">jo</word>
<word id="word_378">varēsim</word>
<word id="word_379">ražot</word>
<word id="word_380">vairāk</word>
<word id="word_381">augstākās</word>
<word id="word_382">klases</word>
<word id="word_383">granulas</word>
<word id="word_384">.</word>
<word id="word_385">Kādas</word>
<word id="word_386">ir</word>
<word id="word_387">pašreizējās</word>
<word id="word_388">ražošanas</word>
<word id="word_389">jaudas</word>
<word id="word_390">un</word>
<word id="word_391">kā</word>
<word id="word_392">tās</word>
<word id="word_393">mainīsies</word>
<word id="word_394">pēc</word>
<word id="word_395">iecerētajiem</word>
<word id="word_396">jauninājumiem</word>
<word id="word_397">?</word>
<word id="word_398">Iepriekš</word>
<word id="word_399">jauda</word>
<word id="word_400">bija</word>
<word id="word_401">110 000</word>
<word id="word_402">tonnu</word>
<word id="word_403">granulu</word>
<word id="word_404">gadā</word>
<word id="word_405">.</word>
<word id="word_406">Plānojam</word>
<word id="word_407">,</word>
<word id="word_408">ka</word>
<word id="word_409">nākamajā</word>
<word id="word_410">gadā</word>
<word id="word_411">jauda</word>
<word id="word_412">pieaugs</word>
<word id="word_413">vairāk</word>
<word id="word_414">nekā</word>
<word id="word_415">pusotru</word>
<word id="word_416">reizi</word>
<word id="word_417">,</word>
<word id="word_418">sasniedzot</word>
<word id="word_419">170 000</word>
<word id="word_420">tonnas</word>
<word id="word_421">granulu</word>
<word id="word_422">,</word>
<word id="word_423">kas</word>
<word id="word_424">atbilst</word>
<word id="word_425">prognozētajam</word>
<word id="word_426">pieprasījumam</word>
<word id="word_427">.</word>
<word id="word_428">Ar</word>
<word id="word_429">produkcijas</word>
<word id="word_430">noietu</word>
<word id="word_431">problēmu</word>
<word id="word_432">nebūs</word>
<word id="word_433">,</word>
<word id="word_434">jo</word>
<word id="word_435">pieprasījums</word>
<word id="word_436">ir</word>
<word id="word_437">stabils</word>
<word id="word_438">.</word>
<word id="word_439">Šāda</word>
<word id="word_440">tipa</word>
<word id="word_441">ražotnes</word>
<word id="word_442">kā</word>
<word id="word_443">Launkalnē</word>
<word id="word_444">un</word>
<word id="word_445">Inčukalnā</word>
<word id="word_446">ražo</word>
<word id="word_447">industriālās</word>
<word id="word_448">granulas</word>
<word id="word_449">un</word>
<word id="word_450">galvenokārt</word>
<word id="word_451">strādā</word>
<word id="word_452">lielajām</word>
<word id="word_453">elektrostacijām</word>
<word id="word_454">ārzemēs</word>
<word id="word_455">,</word>
<word id="word_456">kur</word>
<word id="word_457">granulas</word>
<word id="word_458">tiek</word>
<word id="word_459">samaltas</word>
<word id="word_460">un</word>
<word id="word_461">izmantotas</word>
<word id="word_462">kā</word>
<word id="word_463">pulverveida</word>
<word id="word_464">kurināmais</word>
<word id="word_465">.</word>
<word id="word_466">Kur</word>
<word id="word_467">ir</word>
<word id="word_468">granulu</word>
<word id="word_469">noieta</word>
<word id="word_470">tirgi</word>
<word id="word_471">?</word>
<word id="word_472">Galvenokārt</word>
<word id="word_473">Francija</word>
<word id="word_474">,</word>
<word id="word_475">Vācija</word>
<word id="word_476">,</word>
<word id="word_477">Dānija</word>
<word id="word_478">,</word>
<word id="word_479">Zviedrija</word>
<word id="word_480">,</word>
<word id="word_481">Somija</word>
<word id="word_482">,</word>
<word id="word_483">Norvēģija</word>
<word id="word_484">,</word>
<word id="word_485">Itālija</word>
<word id="word_486">,</word>
<word id="word_487">Anglija</word>
<word id="word_488">.</word>
<word id="word_489">Latvijas</word>
<word id="word_490">tirgū</word>
<word id="word_491">no</word>
<word id="word_492">Launkalnes</word>
<word id="word_493">ražotnes</word>
<word id="word_494">tiks</word>
<word id="word_495">virzīti</word>
<word id="word_496">tikai</word>
<word id="word_497">0,7</word>
<word id="word_498">%</word>
<word id="word_499">produkcijas</word>
<word id="word_500">.</word>
<word id="word_501">Kā</word>
<word id="word_502">plānojat</word>
<word id="word_503">iekarot</word>
<word id="word_504">tirgus</word>
<word id="word_505">daļu</word>
<word id="word_506">Latvijā</word>
<word id="word_507">pašreizējās</word>
<word id="word_508">lielās</word>
<word id="word_509">konkurences</word>
<word id="word_510">apstākļos</word>
<word id="word_511">?</word>
<word id="word_512">Liekot</word>
<word id="word_513">akcentu</word>
<word id="word_514">uz</word>
<word id="word_515">kvalitāti</word>
<word id="word_516">.</word>
<word id="word_517">Mums</word>
<word id="word_518">jau</word>
<word id="word_519">ir</word>
<word id="word_520">iestrādes</word>
<word id="word_521">vietējā</word>
<word id="word_522">tirgū</word>
<word id="word_523">,</word>
<word id="word_524">jo</word>
<word id="word_525">pērn</word>
<word id="word_526">Latvijā</word>
<word id="word_527">jau</word>
<word id="word_528">tirgojām</word>
<word id="word_529">Igaunijā</word>
<word id="word_530">fasētās</word>
<word id="word_531">granulas</word>
<word id="word_532">un</word>
<word id="word_533">ar</word>
<word id="word_534">rezultātiem</word>
<word id="word_535">esam</word>
<word id="word_536">apmierināti</word>
<word id="word_537">.</word>
<word id="word_538">Turklāt</word>
<word id="word_539">,</word>
<word id="word_540">pateicoties</word>
<word id="word_541">fasētavai</word>
<word id="word_542">Inčukalnā</word>
<word id="word_543">,</word>
<word id="word_544">ikvienam</word>
<word id="word_545">ir</word>
<word id="word_546">iespējas</word>
<word id="word_547">iegādāties</word>
<word id="word_548">jau</word>
<word id="word_549">fasētas</word>
<word id="word_550">granulas</word>
<word id="word_551">pa</word>
<word id="word_552">taisno</word>
<word id="word_553">no</word>
<word id="word_554">ražotnes</word>
<word id="word_555">.</word>
<word id="word_556">Cilvēki</word>
<word id="word_557">saprot</word>
<word id="word_558">,</word>
<word id="word_559">ka</word>
<word id="word_560">nav</word>
<word id="word_561">jēgas</word>
<word id="word_562">pirkt</word>
<word id="word_563">nekvalitatīvas</word>
<word id="word_564">granulas</word>
<word id="word_565">,</word>
<word id="word_566">kad</word>
<word id="word_567">nopirktajā</word>
<word id="word_568">maisā</word>
<word id="word_569">puse</word>
<word id="word_570">ir</word>
<word id="word_571">granulas</word>
<word id="word_572">,</word>
<word id="word_573">bet</word>
<word id="word_574">puse</word>
<word id="word_575">-</word>
<word id="word_576">skaidas</word>
<word id="word_577">.</word>
<word id="word_578">Pircēji</word>
<word id="word_579">labāk</word>
<word id="word_580">izvēlas</word>
<word id="word_581">nedaudz</word>
<word id="word_582">dārgākas</word>
<word id="word_583">,</word>
<word id="word_584">toties</word>
<word id="word_585">kvalitatīvākas</word>
<word id="word_586">granulas</word>
<word id="word_587">,</word>
<word id="word_588">jo</word>
<word id="word_589">tad</word>
<word id="word_590">būs</word>
<word id="word_591">mazāks</word>
<word id="word_592">pelnu</word>
<word id="word_593">saturs</word>
<word id="word_594">un</word>
<word id="word_595">lielāks</word>
<word id="word_596">siltums</word>
<word id="word_597">no</word>
<word id="word_598">tāda</word>
<word id="word_599">paša</word>
<word id="word_600">daudzuma</word>
<word id="word_601">granulu</word>
<word id="word_602">.</word>
<word id="word_603">Kādas</word>
<word id="word_604">ir</word>
<word id="word_605">granulu</word>
<word id="word_606">cenas</word>
<word id="word_607">patlaban</word>
<word id="word_608">?</word>
<word id="word_609">Tirgū</word>
<word id="word_610">pieejamas</word>
<word id="word_611">granulas</word>
<word id="word_612">,</word>
<word id="word_613">sākot</word>
<word id="word_614">no</word>
<word id="word_615">94</word>
<word id="word_616">latiem</word>
<word id="word_617">līdz</word>
<word id="word_618">108</word>
<word id="word_619">latiem</word>
<word id="word_620">par</word>
<word id="word_621">vienu</word>
<word id="word_622">tonnu</word>
<word id="word_623">.</word>
<word id="word_624">Cik</word>
<word id="word_625">izejvielu</word>
<word id="word_626">nepieciešams</word>
<word id="word_627">un</word>
<word id="word_628">vai</word>
<word id="word_629">to</word>
<word id="word_630">nākotnē</word>
<word id="word_631">pietiks</word>
<word id="word_632">,</word>
<word id="word_633">uzņēmumam</word>
<word id="word_634">paplašinoties</word>
<word id="word_635">?</word>
<word id="word_636">Granulu</word>
<word id="word_637">ražošanai</word>
<word id="word_638">izejmateriālu</word>
<word id="word_639">noteikti</word>
<word id="word_640">pietiks</word>
<word id="word_641">,</word>
<word id="word_642">jo</word>
<word id="word_643">ražošanā</word>
<word id="word_644">varam</word>
<word id="word_645">izmantot</word>
<word id="word_646">visu</word>
<word id="word_647">koku</word>
<word id="word_648">sugu</word>
<word id="word_649">mazāk</word>
<word id="word_650">kvalitatīvo</word>
<word id="word_651">koksni</word>
<word id="word_652">.</word>
<word id="word_653">Turklāt</word>
<word id="word_654">mežos</word>
<word id="word_655">pēc</word>
<word id="word_656">izstrādes</word>
<word id="word_657">paliek</word>
<word id="word_658">pāri</word>
<word id="word_659">ļoti</word>
<word id="word_660">daudz</word>
<word id="word_661">koksnes</word>
<word id="word_662">atkritumu</word>
<word id="word_663">zaru</word>
<word id="word_664">,</word>
<word id="word_665">kurus</word>
<word id="word_666">,</word>
<word id="word_667">pārstrādājot</word>
<word id="word_668">par</word>
<word id="word_669">zaru</word>
<word id="word_670">šķeldu</word>
<word id="word_671">,</word>
<word id="word_672">varam</word>
<word id="word_673">izmantot</word>
<word id="word_674">kurināšanā</word>
<word id="word_675">.</word>
<word id="word_676">Jāmācās</word>
<word id="word_677">visu</word>
<word id="word_678">pilnībā</word>
<word id="word_679">izmantot</word>
<word id="word_680">.</word>
<word id="word_681">Patlaban</word>
<word id="word_682">Launkalnes</word>
<word id="word_683">ražotnei</word>
<word id="word_684">nepieciešami</word>
<word id="word_685">20 000</word>
<word id="word_686">kubikmetru</word>
<word id="word_687">apaļkoku</word>
<word id="word_688">mēnesī</word>
<word id="word_689">,</word>
<word id="word_690">ko</word>
<word id="word_691">var</word>
<word id="word_692">aizstāt</word>
<word id="word_693">gan</word>
<word id="word_694">ar</word>
<word id="word_695">skaidu</word>
<word id="word_696">,</word>
<word id="word_697">gan</word>
<word id="word_698">šķeldu</word>
<word id="word_699">.</word>
<word id="word_700">Šos</word>
<word id="word_701">materiālus</word>
<word id="word_702">saskaņā</word>
<word id="word_703">ar</word>
<word id="word_704">līgumiem</word>
<word id="word_705">iepērkam</word>
<word id="word_706">no</word>
<word id="word_707">apkārtnes</word>
<word id="word_708">mežu</word>
<word id="word_709">īpašniekiem</word>
<word id="word_710">,</word>
<word id="word_711">mežu</word>
<word id="word_712">izstrādātājiem</word>
<word id="word_713">un</word>
<word id="word_714">kokmateriālu</word>
<word id="word_715">ražotājiem</word>
<word id="word_716">.</word>
<word id="word_717">Kādas</word>
<word id="word_718">ir</word>
<word id="word_719">izejvielu</word>
<word id="word_720">cenas</word>
<word id="word_721">,</word>
<word id="word_722">kā</word>
<word id="word_723">tās</word>
<word id="word_724">ir</word>
<word id="word_725">mainījušās</word>
<word id="word_726">pēdējā</word>
<word id="word_727">gada</word>
<word id="word_728">laikā</word>
<word id="word_729">?</word>
<word id="word_730">Uz</word>
<word id="word_731">mums</word>
<word id="word_732">vairāk</word>
<word id="word_733">attiecas</word>
<word id="word_734">malkas</word>
<word id="word_735">tirgus</word>
<word id="word_736">,</word>
<word id="word_737">un</word>
<word id="word_738">pēdējā</word>
<word id="word_739">gada</word>
<word id="word_740">laikā</word>
<word id="word_741">tas</word>
<word id="word_742">ir</word>
<word id="word_743">bijis</word>
<word id="word_744">sastindzis</word>
<word id="word_745">,</word>
<word id="word_746">cena</word>
<word id="word_747">ir</word>
<word id="word_748">bijusi</word>
<word id="word_749">stabila</word>
<word id="word_750">-</word>
<word id="word_751">aptuveni</word>
<word id="word_752">16,50</word>
<word id="word_753">lati</word>
<word id="word_754">par</word>
<word id="word_755">kubikmetru</word>
<word id="word_756">.</word>
<word id="word_757">Apaļkoku</word>
<word id="word_758">cenas</word>
<word id="word_759">ir</word>
<word id="word_760">mainīgas</word>
<word id="word_761">,</word>
<word id="word_762">tās</word>
<word id="word_763">neprecizēšu</word>
<word id="word_764">.</word>
<word id="word_765">Vai</word>
<word id="word_766">"</word>
<word id="word_767">Graanul</word>
<word id="word_768">Invest</word>
<word id="word_769">"</word>
<word id="word_770">sponsorētu</word>
<word id="word_771">mežu</word>
<word id="word_772">atjaunošanu</word>
<word id="word_773">,</word>
<word id="word_774">kā</word>
<word id="word_775">to</word>
<word id="word_776">dara</word>
<word id="word_777">"</word>
<word id="word_778">Latvijas</word>
<word id="word_779">Finieris</word>
<word id="word_780">"</word>
<word id="word_781">ar</word>
<word id="word_782">bērzu</word>
<word id="word_783">programmu</word>
<word id="word_784">?</word>
<word id="word_785">Tādā</word>
<word id="word_786">formā</word>
<word id="word_787">droši vien</word>
<word id="word_788">nē</word>
<word id="word_789">.</word>
<word id="word_790">Toties</word>
<word id="word_791">mātesuzņēmumam</word>
<word id="word_792">ir</word>
<word id="word_793">doma</word>
<word id="word_794">nopirkt</word>
<word id="word_795">mežistrādes</word>
<word id="word_796">uzņēmumu</word>
<word id="word_797">Latvijā</word>
<word id="word_798">,</word>
<word id="word_799">lai</word>
<word id="word_800">veidotu</word>
<word id="word_801">pilnu</word>
<word id="word_802">biznesa</word>
<word id="word_803">ciklu</word>
<word id="word_804">.</word>
<word id="word_805">Tas</word>
<word id="word_806">nozīmē</word>
<word id="word_807">,</word>
<word id="word_808">ka</word>
<word id="word_809">uzņēmums</word>
<word id="word_810">pats</word>
<word id="word_811">darīs</word>
<word id="word_812">visu</word>
<word id="word_813">,</word>
<word id="word_814">sākot</word>
<word id="word_815">ar</word>
<word id="word_816">koku</word>
<word id="word_817">audzēšanu</word>
<word id="word_818">,</word>
<word id="word_819">mežizstrādi</word>
<word id="word_820">,</word>
<word id="word_821">granulu</word>
<word id="word_822">ražošanu</word>
<word id="word_823">,</word>
<word id="word_824">produkcijas</word>
<word id="word_825">nogādāšanu</word>
<word id="word_826">pie</word>
<word id="word_827">klienta</word>
<word id="word_828">un</word>
<word id="word_829">elektrības</word>
<word id="word_830">ražošanu</word>
<word id="word_831">.</word>
<word id="word_832">Tas</word>
<word id="word_833">radītu</word>
<word id="word_834">papildu</word>
<word id="word_835">drošības</word>
<word id="word_836">sajūtu</word>
<word id="word_837">,</word>
<word id="word_838">ka</word>
<word id="word_839">kokmateriāli</word>
<word id="word_840">ražošanas</word>
<word id="word_841">vajadzībām</word>
<word id="word_842">arī</word>
<word id="word_843">nākotnē</word>
<word id="word_844">būs</word>
<word id="word_845">pietiekamā</word>
<word id="word_846">daudzumā</word>
<word id="word_847">.</word>
<word id="word_848">Kuru</word>
<word id="word_849">uzņēmumu</word>
<word id="word_850">plānojat</word>
<word id="word_851">iegādāties</word>
<word id="word_852">?</word>
<word id="word_853">Tas</word>
<word id="word_854">pagaidām</word>
<word id="word_855">nav</word>
<word id="word_856">publiskojams</word>
<word id="word_857">,</word>
<word id="word_858">tomēr</word>
<word id="word_859">iestrādes</word>
<word id="word_860">ir</word>
<word id="word_861">,</word>
<word id="word_862">un</word>
<word id="word_863">tas</word>
<word id="word_864">varētu</word>
<word id="word_865">būt</word>
<word id="word_866">jau</word>
<word id="word_867">tuvāko</word>
<word id="word_868">gadu</word>
<word id="word_869">projekts</word>
<word id="word_870">.</word>
<word id="word_871">Cik</word>
<word id="word_872">darbinieku</word>
<word id="word_873">ir</word>
<word id="word_874">Launkalnes</word>
<word id="word_875">uzņēmumā</word>
<word id="word_876">?</word>
<word id="word_877">Kāda</word>
<word id="word_878">ir</word>
<word id="word_879">vidējā</word>
<word id="word_880">darba</word>
<word id="word_881">alga</word>
<word id="word_882">?</word>
<word id="word_883">Patlaban</word>
<word id="word_884">ir</word>
<word id="word_885">36</word>
<word id="word_886">darba</word>
<word id="word_887">vietas</word>
<word id="word_888">,</word>
<word id="word_889">bet</word>
<word id="word_890">Inčukalnā</word>
<word id="word_891">-</word>
<word id="word_892">31.</word>
<word id="word_893">Pārsvarā</word>
<word id="word_894">visi</word>
<word id="word_895">ir</word>
<word id="word_896">apkārtnes</word>
<word id="word_897">iedzīvotāji</word>
<word id="word_898">.</word>
<word id="word_899">Patlaban</word>
<word id="word_900">gan</word>
<word id="word_901">vēl</word>
<word id="word_902">nevaru</word>
<word id="word_903">pateikt</word>
<word id="word_904">,</word>
<word id="word_905">kā</word>
<word id="word_906">pieaugs</word>
<word id="word_907">darbinieku</word>
<word id="word_908">skaits</word>
<word id="word_909">pēc</word>
<word id="word_910">paplašināšanās</word>
<word id="word_911">Inčukalnā</word>
<word id="word_912">,</word>
<word id="word_913">bet</word>
<word id="word_914">kopumā</word>
<word id="word_915">ar</word>
<word id="word_916">darbiniekiem</word>
<word id="word_917">esam</word>
<word id="word_918">ļoti</word>
<word id="word_919">apmierināti</word>
<word id="word_920">-</word>
<word id="word_921">kārtīgi</word>
<word id="word_922">,</word>
<word id="word_923">uzticami</word>
<word id="word_924">un</word>
<word id="word_925">cītīgi</word>
<word id="word_926">kolēģi</word>
<word id="word_927">.</word>
<word id="word_928">Daži</word>
<word id="word_929">pie</word>
<word id="word_930">mums</word>
<word id="word_931">atnāca</word>
<word id="word_932">jau</word>
<word id="word_933">ar</word>
<word id="word_934">nepieciešamajām</word>
<word id="word_935">zināšanām</word>
<word id="word_936">,</word>
<word id="word_937">savukārt</word>
<word id="word_938">specifiskus</word>
<word id="word_939">amatus</word>
<word id="word_940">,</word>
<word id="word_941">kā</word>
<word id="word_942">koģenerācijas</word>
<word id="word_943">stacijas</word>
<word id="word_944">operatorus</word>
<word id="word_945">,</word>
<word id="word_946">apmācām</word>
<word id="word_947">paši</word>
<word id="word_948">.</word>
<word id="word_949">Savukārt</word>
<word id="word_950">vidējā</word>
<word id="word_951">darba</word>
<word id="word_952">alga</word>
<word id="word_953">bruto</word>
<word id="word_954">ir</word>
<word id="word_955">apmēram</word>
<word id="word_956">1000</word>
<word id="word_957">eiro</word>
<word id="word_958">.</word>
<word id="word_959">Vai</word>
<word id="word_960">mežistrādes</word>
<word id="word_961">nozarē</word>
<word id="word_962">ir</word>
<word id="word_963">nesakārtotas</word>
<word id="word_964">lietas</word>
<word id="word_965">,</word>
<word id="word_966">kas</word>
<word id="word_967">apdraud</word>
<word id="word_968">biznesa</word>
<word id="word_969">ilgtspēju</word>
<word id="word_970">?</word>
<word id="word_971">Traucē</word>
<word id="word_972">nemitīgā</word>
<word id="word_973">likumu</word>
<word id="word_974">maiņa</word>
<word id="word_975">,</word>
<word id="word_976">tādēļ</word>
<word id="word_977">uzņēmēji</word>
<word id="word_978">nejūtas</word>
<word id="word_979">stabili</word>
<word id="word_980">.</word>
<word id="word_981">Tāpat</word>
<word id="word_982">joprojām</word>
<word id="word_983">jāsaskaras</word>
<word id="word_984">ar</word>
<word id="word_985">lielu</word>
<word id="word_986">birokrātiju</word>
<word id="word_987">.</word>
<word id="word_988">Piemēram</word>
<word id="word_989">,</word>
<word id="word_990">kad</word>
<word id="word_991">pieteicām</word>
<word id="word_992">koģenerācijas</word>
<word id="word_993">stacijas</word>
<word id="word_994">projektu</word>
<word id="word_995">,</word>
<word id="word_996">bija</word>
<word id="word_997">ļoti</word>
<word id="word_998">jāpiestrādā</word>
<word id="word_999">pierādot</word>
<word id="word_1000">,</word>
<word id="word_1001">ka</word>
<word id="word_1002">spēsim</word>
<word id="word_1003">to</word>
<word id="word_1004">uzcelt</word>
<word id="word_1005">.</word>
<word id="word_1006">Tāpat</word>
<word id="word_1007">traucē</word>
<word id="word_1008">nesakārtotais</word>
<word id="word_1009">jautājums</word>
<word id="word_1010">,</word>
<word id="word_1011">kā</word>
<word id="word_1012">samazināt</word>
<word id="word_1013">gāzes</word>
<word id="word_1014">īpatsvaru</word>
<word id="word_1015">Latvijas</word>
<word id="word_1016">energoapgādē</word>
<word id="word_1017">,</word>
<word id="word_1018">jo</word>
<word id="word_1019">gāzes</word>
<word id="word_1020">cena</word>
<word id="word_1021">ietekmē</word>
<word id="word_1022">arī</word>
<word id="word_1023">saražotās</word>
<word id="word_1024">elektroenerģijas</word>
<word id="word_1025">cenu</word>
<word id="word_1026">koģenerācijas</word>
<word id="word_1027">stacijā</word>
<word id="word_1028">.</word>
<word id="word_1029">Tagad</word>
<word id="word_1030">izskan</word>
<word id="word_1031">domstarpības</word>
<word id="word_1032">par</word>
<word id="word_1033">gāzes</word>
<word id="word_1034">glabātuvi</word>
<word id="word_1035">Inčukalnā</word>
<word id="word_1036">,</word>
<word id="word_1037">tur</word>
<word id="word_1038">var</word>
<word id="word_1039">izvērsties</word>
<word id="word_1040">skaļas</word>
<word id="word_1041">diskusijas</word>
<word id="word_1042">par</word>
<word id="word_1043">to</word>
<word id="word_1044">,</word>
<word id="word_1045">kam</word>
<word id="word_1046">glabātava</word>
<word id="word_1047">pieder</word>
<word id="word_1048">,</word>
<word id="word_1049">un</word>
<word id="word_1050">iznākumā</word>
<word id="word_1051">var</word>
<word id="word_1052">iespaidīgi</word>
<word id="word_1053">mainīties</word>
<word id="word_1054">gāzes</word>
<word id="word_1055">cenas</word>
<word id="word_1056">.</word>
<word id="word_1057">Kopumā</word>
<word id="word_1058">nozarei</word>
<word id="word_1059">ir</word>
<word id="word_1060">jāmācās</word>
<word id="word_1061">izmantot</word>
<word id="word_1062">maksimāli</word>
<word id="word_1063">visu</word>
<word id="word_1064">no</word>
<word id="word_1065">koksnes</word>
<word id="word_1066">,</word>
<word id="word_1067">izstrādāt</word>
<word id="word_1068">mežus</word>
<word id="word_1069">aiz</word>
<word id="word_1070">sevis</word>
<word id="word_1071">,</word>
<word id="word_1072">atstājot</word>
<word id="word_1073">skaistus</word>
<word id="word_1074">jaunaudžu</word>
<word id="word_1075">laukus</word>
<word id="word_1076">.</word>
<word id="word_1077">Savukārt</word>
<word id="word_1078">privātajiem</word>
<word id="word_1079">mežu</word>
<word id="word_1080">īpašniekiem</word>
<word id="word_1081">vajag</word>
<word id="word_1082">atbalstu</word>
<word id="word_1083">subsīdiju</word>
<word id="word_1084">veidā</word>
<word id="word_1085">,</word>
<word id="word_1086">lai</word>
<word id="word_1087">viņi</word>
<word id="word_1088">mācītos</word>
<word id="word_1089">apsaimniekot</word>
<word id="word_1090">mežus</word>
<word id="word_1091">un</word>
<word id="word_1092">attīstītu</word>
<word id="word_1093">ilgtspējīgu</word>
<word id="word_1094">darbību</word>
<word id="word_1095">Kā</word>
<word id="word_1096">uzņēmumā</word>
<word id="word_1097">raugās</word>
<word id="word_1098">uz</word>
<word id="word_1099">eiro</word>
<word id="word_1100">ieviešanu</word>
<word id="word_1101">?</word>
<word id="word_1102">Noteikti</word>
<word id="word_1103">pozitīvi</word>
<word id="word_1104">.</word>
<word id="word_1105">Kā</word>
<word id="word_1106">jau</word>
<word id="word_1107">Igaunijas</word>
<word id="word_1108">meitasuzņēmumam</word>
<word id="word_1109">mums</word>
<word id="word_1110">,</word>
<word id="word_1111">neveicot</word>
<word id="word_1112">naudas</word>
<word id="word_1113">konvertāciju</word>
<word id="word_1114">,</word>
<word id="word_1115">būs</word>
<word id="word_1116">iespējams</word>
<word id="word_1117">ietaupīt</word>
<word id="word_1118">.</word>
<word id="word_1119">Patlaban</word>
<word id="word_1120">konvertācijā</word>
<word id="word_1121">uz</word>
<word id="word_1122">latiem</word>
<word id="word_1123">veidojas</word>
<word id="word_1124">apmēram</word>
<word id="word_1125">10 000</word>
<word id="word_1126">latu</word>
<word id="word_1127">zaudējums</word>
<word id="word_1128">mēnesī</word>
<word id="word_1129">.</word>
<word id="word_1130">Pēc</word>
<word id="word_1131">eiro</word>
<word id="word_1132">ieviešanas</word>
<word id="word_1133">bez</word>
<word id="word_1134">tā</word>
<word id="word_1135">varēs</word>
<word id="word_1136">iztikt</word>
<word id="word_1137">un</word>
<word id="word_1138">tas</word>
<word id="word_1139">būs</word>
<word id="word_1140">liels</word>
<word id="word_1141">ietaupījums</word>
<word id="word_1142">.</word>
<word id="word_1143">Uzņēmumos</word>
<word id="word_1144">,</word>
<word id="word_1145">kur</word>
<word id="word_1146">darbības</word>
<word id="word_1147">profils</word>
<word id="word_1148">vērsts</word>
<word id="word_1149">uz</word>
<word id="word_1150">eksportu</word>
<word id="word_1151">,</word>
<word id="word_1152">eiro</word>
<word id="word_1153">ieviešana</word>
<word id="word_1154">būs</word>
<word id="word_1155">liels</word>
<word id="word_1156">pluss</word>
<word id="word_1157">.</word>
<word id="word_1158">INFORMĀCIJAI</word>
<word id="word_1159">"</word>
<word id="word_1160">Graanul</word>
<word id="word_1161">Invest</word>
<word id="word_1162">"</word>
<word id="word_1163">apgrozījums</word>
<word id="word_1164">pērn</word>
<word id="word_1165">pieaudzis</word>
<word id="word_1166">par</word>
<word id="word_1167">11,8</word>
<word id="word_1168">%</word>
<word id="word_1169">-</word>
<word id="word_1170">līdz</word>
<word id="word_1171">8,73</word>
<word id="word_1172">miljoniem</word>
<word id="word_1173">latu</word>
<word id="word_1174">,</word>
<word id="word_1175">liecina</word>
<word id="word_1176">"</word>
<word id="word_1177">Firmas</word>
<word id="word_1178">.</word>
<word id="word_1179">lv</word>
<word id="word_1180">"</word>
<word id="word_1181">informācija</word>
<word id="word_1182">.</word>
<word id="word_1183">2010.</word>
<word id="word_1184">gadā</word>
<word id="word_1185">uzņēmuma</word>
<word id="word_1186">apgrozījums</word>
<word id="word_1187">bija</word>
<word id="word_1188">7,81</word>
<word id="word_1189">miljons</word>
<word id="word_1190">latu</word>
<word id="word_1191">.</word>
<word id="word_1192">Pērn</word>
<word id="word_1193">"</word>
<word id="word_1194">Graanul</word>
<word id="word_1195">Invest</word>
<word id="word_1196">"</word>
<word id="word_1197">strādājis</word>
<word id="word_1198">ar</word>
<word id="word_1199">39 889</word>
<word id="word_1200">latu</word>
<word id="word_1201">zaudējumiem</word>
<word id="word_1202">,</word>
<word id="word_1203">2010.</word>
<word id="word_1204">gadā</word>
<word id="word_1205">tika</word>
<word id="word_1206">gūta</word>
<word id="word_1207">121 331</word>
<word id="word_1208">lata</word>
<word id="word_1209">peļņa</word>
<word id="word_1210">.</word>
</words>