<?xml version="1.0" encoding="UTF-8"?>
<!DOCTYPE words SYSTEM "words.dtd">
<words><word id="word_1">Caur</word>
<word id="word_2">Zviedriju</word>
<word id="word_3">plāno</word>
<word id="word_4">izsist</word>
<word id="word_5">ceļu</word>
<word id="word_6">uz</word>
<word id="word_7">pārējo</word>
<word id="word_8">Eiropu</word>
<word id="word_9">02</word>
<word id="word_10">Jan</word>
<word id="word_11">2013</word>
<word id="word_12">Latvijā</word>
<word id="word_13">radītais</word>
<word id="word_14">zarnu</word>
<word id="word_15">trakta</word>
<word id="word_16">darbības</word>
<word id="word_17">uzlabošanas</word>
<word id="word_18">preparāts</word>
<word id="word_19">„</word>
<word id="word_20">Synbutyr</word>
<word id="word_21">”</word>
<word id="word_22">,</word>
<word id="word_23">ko</word>
<word id="word_24">Latvijas</word>
<word id="word_25">Investīciju</word>
<word id="word_26">un</word>
<word id="word_27">attīstības</word>
<word id="word_28">aģentūra</word>
<word id="word_29">atzinusi</word>
<word id="word_30">par</word>
<word id="word_31">vienu</word>
<word id="word_32">Latvijas</word>
<word id="word_33">precēm</word>
<word id="word_34">ar</word>
<word id="word_35">eksporta</word>
<word id="word_36">potenciālu</word>
<word id="word_37">,</word>
<word id="word_38">patlaban</word>
<word id="word_39">aktīvi</word>
<word id="word_40">cenšas</word>
<word id="word_41">iekarot</word>
<word id="word_42">Zviedrijas</word>
<word id="word_43">tirgu</word>
<word id="word_44">.</word>
<word id="word_45">Preparāta</word>
<word id="word_46">ražotāja</word>
<word id="word_47">SIA</word>
<word id="word_48">„</word>
<word id="word_49">Bimil</word>
<word id="word_50">”</word>
<word id="word_51">ražošanas</word>
<word id="word_52">vadītājs</word>
<word id="word_53">Jānis</word>
<word id="word_54">Jaško</word>
<word id="word_55">intervijā</word>
<word id="word_56">biznesa</word>
<word id="word_57">portālam</word>
<word id="word_58">„</word>
<word id="word_59">Nozare</word>
<word id="word_60">.</word>
<word id="word_61">lv</word>
<word id="word_62">”</word>
<word id="word_63">stāsta</word>
<word id="word_64">,</word>
<word id="word_65">ka</word>
<word id="word_66">,</word>
<word id="word_67">iekarojot</word>
<word id="word_68">Zviedriju</word>
<word id="word_69">,</word>
<word id="word_70">varētu</word>
<word id="word_71">tikt</word>
<word id="word_72">pavērts</word>
<word id="word_73">ceļš</word>
<word id="word_74">eksportam</word>
<word id="word_75">uz</word>
<word id="word_76">citām</word>
<word id="word_77">Eiropas</word>
<word id="word_78">valstīm</word>
<word id="word_79">.</word>
<word id="word_80">„</word>
<word id="word_81">Bimil</word>
<word id="word_82">”</word>
<word id="word_83">darbību</word>
<word id="word_84">sāka</word>
<word id="word_85">kā</word>
<word id="word_86">pārtikas</word>
<word id="word_87">tehnoloģiju</word>
<word id="word_88">pētniecības</word>
<word id="word_89">uzņēmums</word>
<word id="word_90">,</word>
<word id="word_91">un</word>
<word id="word_92">vēlāk</word>
<word id="word_93">pievērsāties</word>
<word id="word_94">uztura</word>
<word id="word_95">bagātinātāja</word>
<word id="word_96">„</word>
<word id="word_97">Synbutyr</word>
<word id="word_98">”</word>
<word id="word_99">izstrādei</word>
<word id="word_100">un</word>
<word id="word_101">ražošanai</word>
<word id="word_102">.</word>
<word id="word_103">Kā</word>
<word id="word_104">no</word>
<word id="word_105">pētniecības</word>
<word id="word_106">nonācāt</word>
<word id="word_107">līdz</word>
<word id="word_108">uztura</word>
<word id="word_109">bagātinātājam</word>
<word id="word_110">?</word>
<word id="word_111">Uzņēmums</word>
<word id="word_112">dibināts</word>
<word id="word_113">2009.</word>
<word id="word_114">gadā</word>
<word id="word_115">,</word>
<word id="word_116">kad</word>
<word id="word_117">bija</word>
<word id="word_118">dziļākā</word>
<word id="word_119">krīzes</word>
<word id="word_120">bedre</word>
<word id="word_121">.</word>
<word id="word_122">Ar</word>
<word id="word_123">brāli</word>
<word id="word_124">domājām</word>
<word id="word_125">–</word>
<word id="word_126">pamest</word>
<word id="word_127">valsti</word>
<word id="word_128">vai</word>
<word id="word_129">darīt</word>
<word id="word_130">kaut</word>
<word id="word_131">ko</word>
<word id="word_132">pašiem</word>
<word id="word_133">.</word>
<word id="word_134">Tā_kā</word>
<word id="word_135">brālis</word>
<word id="word_136">vairāk</word>
<word id="word_137">darbojas</word>
<word id="word_138">uzņēmējdarbībā</word>
<word id="word_139">,</word>
<word id="word_140">bet</word>
<word id="word_141">es</word>
<word id="word_142">zinātnē</word>
<word id="word_143">,</word>
<word id="word_144">nolēmām</word>
<word id="word_145">dibināt</word>
<word id="word_146">uzņēmumu</word>
<word id="word_147">,</word>
<word id="word_148">kas</word>
<word id="word_149">nodarbojas</word>
<word id="word_150">ar</word>
<word id="word_151">pārtikas</word>
<word id="word_152">produktu</word>
<word id="word_153">pētniecību</word>
<word id="word_154">un</word>
<word id="word_155">jaunu</word>
<word id="word_156">produktu</word>
<word id="word_157">radīšanu</word>
<word id="word_158">,</word>
<word id="word_159">jo</word>
<word id="word_160">pārtika</word>
<word id="word_161">vienmēr</word>
<word id="word_162">bija</word>
<word id="word_163">un</word>
<word id="word_164">būs</word>
<word id="word_165">pieprasīta</word>
<word id="word_166">pasaulē</word>
<word id="word_167">.</word>
<word id="word_168">Sākumā</word>
<word id="word_169">vairāk</word>
<word id="word_170">uzsvaru</word>
<word id="word_171">likām</word>
<word id="word_172">uz</word>
<word id="word_173">citu</word>
<word id="word_174">uzņēmumu</word>
<word id="word_175">apkalpošanu</word>
<word id="word_176">,</word>
<word id="word_177">tomēr</word>
<word id="word_178">,</word>
<word id="word_179">pasūtījumiem</word>
<word id="word_180">samazinoties</word>
<word id="word_181">,</word>
<word id="word_182">ķērāmies</word>
<word id="word_183">klāt</word>
<word id="word_184">sava</word>
<word id="word_185">produkta</word>
<word id="word_186">izstrādei</word>
<word id="word_187">.</word>
<word id="word_188">Produkts</word>
<word id="word_189">–</word>
<word id="word_190">uztura</word>
<word id="word_191">bagātinātājs</word>
<word id="word_192">„</word>
<word id="word_193">Synbutyr</word>
<word id="word_194">”</word>
<word id="word_195">–</word>
<word id="word_196">radās</word>
<word id="word_197">organiski</word>
<word id="word_198">.</word>
<word id="word_199">Kāds</word>
<word id="word_200">draugs</word>
<word id="word_201">vaicāja</word>
<word id="word_202">,</word>
<word id="word_203">vai</word>
<word id="word_204">varam</word>
<word id="word_205">radīt</word>
<word id="word_206">preparātu</word>
<word id="word_207">,</word>
<word id="word_208">kas</word>
<word id="word_209">uzlabotu</word>
<word id="word_210">zarnu</word>
<word id="word_211">trakta</word>
<word id="word_212">darbību</word>
<word id="word_213">.</word>
<word id="word_214">Līdz</word>
<word id="word_215">ar</word>
<word id="word_216">to</word>
<word id="word_217">sāku</word>
<word id="word_218">pētīt</word>
<word id="word_219">pasaulē</word>
<word id="word_220">pieejamus</word>
<word id="word_221">līdzīgus</word>
<word id="word_222">produktus</word>
<word id="word_223">,</word>
<word id="word_224">centos</word>
<word id="word_225">skaidrot</word>
<word id="word_226">,</word>
<word id="word_227">kāpēc</word>
<word id="word_228">ir</word>
<word id="word_229">šādu</word>
<word id="word_230">produktu</word>
<word id="word_231">trūkums</word>
<word id="word_232">tirgū</word>
<word id="word_233">,</word>
<word id="word_234">kādi</word>
<word id="word_235">ir</word>
<word id="word_236">jaunākie</word>
<word id="word_237">zinātnieku</word>
<word id="word_238">pētījumi</word>
<word id="word_239">šajā</word>
<word id="word_240">jomā</word>
<word id="word_241">utt.</word>
<word id="word_242">Pamatojoties</word>
<word id="word_243">uz</word>
<word id="word_244">citu</word>
<word id="word_245">pētnieku</word>
<word id="word_246">pētījumiem</word>
<word id="word_247">,</word>
<word id="word_248">veicām</word>
<word id="word_249">eksperimentus</word>
<word id="word_250">un</word>
<word id="word_251">radījām</word>
<word id="word_252">„</word>
<word id="word_253">Synbutyr</word>
<word id="word_254">”</word>
<word id="word_255">.</word>
<word id="word_256">Atšķirībā</word>
<word id="word_257">no</word>
<word id="word_258">citiem</word>
<word id="word_259">līdzīgiem</word>
<word id="word_260">preparātiem</word>
<word id="word_261">,</word>
<word id="word_262">piemēram</word>
<word id="word_263">,</word>
<word id="word_264">„</word>
<word id="word_265">Linex</word>
<word id="word_266">”</word>
<word id="word_267">,</word>
<word id="word_268">mūsu</word>
<word id="word_269">produktā</word>
<word id="word_270">nav</word>
<word id="word_271">mikroorganismu</word>
<word id="word_272">,</word>
<word id="word_273">tā</word>
<word id="word_274">vietā</word>
<word id="word_275">aktīvās</word>
<word id="word_276">vielas</word>
<word id="word_277">veicina</word>
<word id="word_278">mūsos</word>
<word id="word_279">jau</word>
<word id="word_280">esošo</word>
<word id="word_281">labo</word>
<word id="word_282">baktēriju</word>
<word id="word_283">augšanu</word>
<word id="word_284">zarnu</word>
<word id="word_285">traktā</word>
<word id="word_286">.</word>
<word id="word_287">No</word>
<word id="word_288">vienas</word>
<word id="word_289">puses</word>
<word id="word_290">,</word>
<word id="word_291">tiek</word>
<word id="word_292">veicināta</word>
<word id="word_293">baktēriju</word>
<word id="word_294">augšana</word>
<word id="word_295">,</word>
<word id="word_296">bet</word>
<word id="word_297">,</word>
<word id="word_298">no</word>
<word id="word_299">otras</word>
<word id="word_300">puses</word>
<word id="word_301">,</word>
<word id="word_302">tiek</word>
<word id="word_303">nomierinātas</word>
<word id="word_304">zarnu</word>
<word id="word_305">sieniņas</word>
<word id="word_306">un</word>
<word id="word_307">radīta</word>
<word id="word_308">labvēlīgāka</word>
<word id="word_309">vide</word>
<word id="word_310">tieši</word>
<word id="word_311">labajām</word>
<word id="word_312">baktērijām</word>
<word id="word_313">.</word>
<word id="word_314">Tātad</word>
<word id="word_315">„</word>
<word id="word_316">Bimil</word>
<word id="word_317">”</word>
<word id="word_318">patlaban</word>
<word id="word_319">uzsvaru</word>
<word id="word_320">liek</word>
<word id="word_321">tieši</word>
<word id="word_322">uz</word>
<word id="word_323">„</word>
<word id="word_324">Synbutyr</word>
<word id="word_325">”</word>
<word id="word_326">?</word>
<word id="word_327">Jā</word>
<word id="word_328">,</word>
<word id="word_329">jo</word>
<word id="word_330">sastāvs</word>
<word id="word_331">,</word>
<word id="word_332">ko</word>
<word id="word_333">esam</word>
<word id="word_334">izstrādājuši</word>
<word id="word_335">,</word>
<word id="word_336">ir</word>
<word id="word_337">unikāls</word>
<word id="word_338">.</word>
<word id="word_339">Tas</word>
<word id="word_340">ir</word>
<word id="word_341">arī</word>
<word id="word_342">patentēts</word>
<word id="word_343">Latvijā</word>
<word id="word_344">,</word>
<word id="word_345">kā_arī</word>
<word id="word_346">domājam</word>
<word id="word_347">par</word>
<word id="word_348">starptautiskiem</word>
<word id="word_349">patentiem</word>
<word id="word_350">,</word>
<word id="word_351">bet</word>
<word id="word_352">tās</word>
<word id="word_353">ir</word>
<word id="word_354">lielas</word>
<word id="word_355">izmaksas</word>
<word id="word_356">.</word>
<word id="word_357">Patentēt</word>
<word id="word_358">produktu</word>
<word id="word_359">ir</word>
<word id="word_360">vērts</word>
<word id="word_361">tajās</word>
<word id="word_362">valstīs</word>
<word id="word_363">,</word>
<word id="word_364">kurās</word>
<word id="word_365">notiek</word>
<word id="word_366">ražošana</word>
<word id="word_367">vai</word>
<word id="word_368">pārdošana</word>
<word id="word_369">.</word>
<word id="word_370">Vienlaikus</word>
<word id="word_371">produktam</word>
<word id="word_372">,</word>
<word id="word_373">kurš</word>
<word id="word_374">ir</word>
<word id="word_375">aizsargāts</word>
<word id="word_376">ar</word>
<word id="word_377">patentu</word>
<word id="word_378">,</word>
<word id="word_379">ir</word>
<word id="word_380">daudzkārt</word>
<word id="word_381">lielāks</word>
<word id="word_382">potenciāls</word>
<word id="word_383">starptautiskajā</word>
<word id="word_384">tirgū</word>
<word id="word_385">,</word>
<word id="word_386">nekā</word>
<word id="word_387">viegli</word>
<word id="word_388">kopējamam</word>
<word id="word_389">produktam</word>
<word id="word_390">.</word>
<word id="word_391">No</word>
<word id="word_392">kā</word>
<word id="word_393">īsti</word>
<word id="word_394">sastāv</word>
<word id="word_395">uztura</word>
<word id="word_396">bagātinātājs</word>
<word id="word_397">?</word>
<word id="word_398">Ir</word>
<word id="word_399">divas</word>
<word id="word_400">aktīvās</word>
<word id="word_401">vielas</word>
<word id="word_402">,</word>
<word id="word_403">no</word>
<word id="word_404">kurām</word>
<word id="word_405">viena</word>
<word id="word_406">ir</word>
<word id="word_407">inulīns</word>
<word id="word_408">,</word>
<word id="word_409">kas</word>
<word id="word_410">ir</word>
<word id="word_411">cukuram</word>
<word id="word_412">līdzīga</word>
<word id="word_413">viela</word>
<word id="word_414">,</word>
<word id="word_415">ko</word>
<word id="word_416">iegūst</word>
<word id="word_417">no</word>
<word id="word_418">topinambūriem</word>
<word id="word_419">vai</word>
<word id="word_420">cigoriņu</word>
<word id="word_421">saknēm</word>
<word id="word_422">.</word>
<word id="word_423">Otra</word>
<word id="word_424">aktīvā</word>
<word id="word_425">viela</word>
<word id="word_426">ir</word>
<word id="word_427">butirāts</word>
<word id="word_428">,</word>
<word id="word_429">tā</word>
<word id="word_430">savukārt</word>
<word id="word_431">dabiski</word>
<word id="word_432">veidojas</word>
<word id="word_433">rūgšanas</word>
<word id="word_434">procesā</word>
<word id="word_435">,</word>
<word id="word_436">piemēram</word>
<word id="word_437">,</word>
<word id="word_438">skābos</word>
<word id="word_439">kāpostos</word>
<word id="word_440">,</word>
<word id="word_441">skābpiena</word>
<word id="word_442">produktos</word>
<word id="word_443">u.c.</word>
<word id="word_444">Ar</word>
<word id="word_445">mūsdienu</word>
<word id="word_446">steidzīgo</word>
<word id="word_447">ritmu</word>
<word id="word_448">,</word>
<word id="word_449">cilvēki</word>
<word id="word_450">grēko</word>
<word id="word_451">ar</word>
<word id="word_452">pārtiku</word>
<word id="word_453">,</word>
<word id="word_454">kas</word>
<word id="word_455">bieži</word>
<word id="word_456">ir</word>
<word id="word_457">vienveidīga</word>
<word id="word_458">un</word>
<word id="word_459">nesabalansēta</word>
<word id="word_460">,</word>
<word id="word_461">tad</word>
<word id="word_462">nu</word>
<word id="word_463">ar</word>
<word id="word_464">„</word>
<word id="word_465">Synbutyr</word>
<word id="word_466">”</word>
<word id="word_467">piegādājam</word>
<word id="word_468">organismam</word>
<word id="word_469">nepieciešamās</word>
<word id="word_470">vielas</word>
<word id="word_471">.</word>
<word id="word_472">Cik</word>
<word id="word_473">daudz</word>
<word id="word_474">investējāt</word>
<word id="word_475">produkta</word>
<word id="word_476">radīšanā</word>
<word id="word_477">un</word>
<word id="word_478">realizēšanā</word>
<word id="word_479">?</word>
<word id="word_480">Lielākās</word>
<word id="word_481">investīcijas</word>
<word id="word_482">tika</word>
<word id="word_483">veikts</word>
<word id="word_484">aprīkojumā</word>
<word id="word_485">,</word>
<word id="word_486">bet</word>
<word id="word_487">kopējās</word>
<word id="word_488">izmaksas</word>
<word id="word_489">uzņēmuma</word>
<word id="word_490">izveidē</word>
<word id="word_491">bija</word>
<word id="word_492">aptuveni</word>
<word id="word_493">70000</word>
<word id="word_494">latu</word>
<word id="word_495">.</word>
<word id="word_496">Kur</word>
<word id="word_497">notiek</word>
<word id="word_498">ražošana</word>
<word id="word_499">?</word>
<word id="word_500">Tā</word>
<word id="word_501">notiek</word>
<word id="word_502">Madonas</word>
<word id="word_503">novadā</word>
<word id="word_504">,</word>
<word id="word_505">Mētrienas</word>
<word id="word_506">pagastā</word>
<word id="word_507">,</word>
<word id="word_508">kur</word>
<word id="word_509">ir</word>
<word id="word_510">izpētes</word>
<word id="word_511">laboratorija</word>
<word id="word_512">un</word>
<word id="word_513">notiek</word>
<word id="word_514">arī</word>
<word id="word_515">ražošana</word>
<word id="word_516">.</word>
<word id="word_517">Ražošanas</word>
<word id="word_518">process</word>
<word id="word_519">ir</word>
<word id="word_520">vienkāršots</word>
<word id="word_521">un</word>
<word id="word_522">nedaudz</word>
<word id="word_523">automatizēts</word>
<word id="word_524">,</word>
<word id="word_525">līdz</word>
<word id="word_526">ar</word>
<word id="word_527">to</word>
<word id="word_528">lielākais</word>
<word id="word_529">darbs</word>
<word id="word_530">norit</word>
<word id="word_531">ar</word>
<word id="word_532">rokām</word>
<word id="word_533">.</word>
<word id="word_534">Tiesa</word>
<word id="word_535">,</word>
<word id="word_536">patlaban</word>
<word id="word_537">saražotais</word>
<word id="word_538">produkcijas</word>
<word id="word_539">apjoms</word>
<word id="word_540">ir</word>
<word id="word_541">tāds</word>
<word id="word_542">,</word>
<word id="word_543">ka</word>
<word id="word_544">mums</word>
<word id="word_545">nav</word>
<word id="word_546">nepieciešama</word>
<word id="word_547">lielāka</word>
<word id="word_548">ražotne</word>
<word id="word_549">.</word>
<word id="word_550">Tā_kā</word>
<word id="word_551">patlaban</word>
<word id="word_552">lūkojamies</word>
<word id="word_553">uz</word>
<word id="word_554">eksporta</word>
<word id="word_555">tirgiem</word>
<word id="word_556">,</word>
<word id="word_557">meklējam</word>
<word id="word_558">kontaktražotājus</word>
<word id="word_559">–</word>
<word id="word_560">lielās</word>
<word id="word_561">rūpnīcas</word>
<word id="word_562">–</word>
<word id="word_563">,</word>
<word id="word_564">kas</word>
<word id="word_565">pēc</word>
<word id="word_566">pasūtījuma</word>
<word id="word_567">varētu</word>
<word id="word_568">saražot</word>
<word id="word_569">mūsu</word>
<word id="word_570">produktus</word>
<word id="word_571">.</word>
<word id="word_572">Pasaulē</word>
<word id="word_573">ir</word>
<word id="word_574">daudz</word>
<word id="word_575">tādu</word>
<word id="word_576">ražotņu</word>
<word id="word_577">,</word>
<word id="word_578">līdz</word>
<word id="word_579">ar</word>
<word id="word_580">to</word>
<word id="word_581">mums</word>
<word id="word_582">nav</word>
<word id="word_583">nepieciešams</word>
<word id="word_584">būvēt</word>
<word id="word_585">milzīgu</word>
<word id="word_586">rūpnīcu</word>
<word id="word_587">tikai</word>
<word id="word_588">vienam</word>
<word id="word_589">produktam</word>
<word id="word_590">.</word>
<word id="word_591">Tātad</word>
<word id="word_592">savu</word>
<word id="word_593">preparātu</word>
<word id="word_594">receptūru</word>
<word id="word_595">iedodat</word>
<word id="word_596">šiem</word>
<word id="word_597">ražotājiem</word>
<word id="word_598">un</word>
<word id="word_599">viņi</word>
<word id="word_600">saražo</word>
<word id="word_601">?</word>
<word id="word_602">Jā</word>
<word id="word_603">,</word>
<word id="word_604">sarunas</word>
<word id="word_605">jau</word>
<word id="word_606">notiek</word>
<word id="word_607">.</word>
<word id="word_608">Tiesa</word>
<word id="word_609">,</word>
<word id="word_610">mūsu</word>
<word id="word_611">receptūra</word>
<word id="word_612">,</word>
<word id="word_613">izrādās</word>
<word id="word_614">,</word>
<word id="word_615">nav</word>
<word id="word_616">nemaz</word>
<word id="word_617">tik</word>
<word id="word_618">vienkārša</word>
<word id="word_619">,</word>
<word id="word_620">un</word>
<word id="word_621">pāris</word>
<word id="word_622">uzņēmumi</word>
<word id="word_623">ir</word>
<word id="word_624">atzinuši</word>
<word id="word_625">,</word>
<word id="word_626">ka</word>
<word id="word_627">nespēs</word>
<word id="word_628">tikt</word>
<word id="word_629">galā</word>
<word id="word_630">,</word>
<word id="word_631">tomēr</word>
<word id="word_632">ir</word>
<word id="word_633">citi</word>
<word id="word_634">ražotāji</word>
<word id="word_635">,</word>
<word id="word_636">ar</word>
<word id="word_637">kuriem</word>
<word id="word_638">sarunas</word>
<word id="word_639">turpinās</word>
<word id="word_640">.</word>
<word id="word_641">Tā_kā</word>
<word id="word_642">esam</word>
<word id="word_643">eksporta</word>
<word id="word_644">tirgu</word>
<word id="word_645">apgūšanas</word>
<word id="word_646">procesa</word>
<word id="word_647">sākumā</word>
<word id="word_648">,</word>
<word id="word_649">nesteidzamies</word>
<word id="word_650">un</word>
<word id="word_651">lēnām</word>
<word id="word_652">meklējam</word>
<word id="word_653">,</word>
<word id="word_654">kā</word>
<word id="word_655">attīstīties</word>
<word id="word_656">.</word>
<word id="word_657">Kur</word>
<word id="word_658">patlaban</word>
<word id="word_659">nopērkams</word>
<word id="word_660">„</word>
<word id="word_661">Synbutyr</word>
<word id="word_662">”</word>
<word id="word_663">?</word>
<word id="word_664">Latvijā</word>
<word id="word_665">uztura</word>
<word id="word_666">bagātinātājs</word>
<word id="word_667">ir</word>
<word id="word_668">nopērkams</word>
<word id="word_669">visās</word>
<word id="word_670">aptiekās</word>
<word id="word_671">.</word>
<word id="word_672">Tiesa</word>
<word id="word_673">,</word>
<word id="word_674">uztura</word>
<word id="word_675">bagātinātāja</word>
<word id="word_676">pārdošana</word>
<word id="word_677">Latvijā</word>
<word id="word_678">sniedza</word>
<word id="word_679">pilnīgi</word>
<word id="word_680">jaunu</word>
<word id="word_681">pieredzi</word>
<word id="word_682">.</word>
<word id="word_683">Sākumā</word>
<word id="word_684">šķita</word>
<word id="word_685">,</word>
<word id="word_686">ka</word>
<word id="word_687">pilnībā</word>
<word id="word_688">pietiks</word>
<word id="word_689">ar</word>
<word id="word_690">zinātnisku</word>
<word id="word_691">pamatojumu</word>
<word id="word_692">uztura</word>
<word id="word_693">bagātinātāja</word>
<word id="word_694">efektivitātei</word>
<word id="word_695">,</word>
<word id="word_696">tomēr</word>
<word id="word_697">secinājām</word>
<word id="word_698">,</word>
<word id="word_699">ka</word>
<word id="word_700">cilvēkiem</word>
<word id="word_701">ir</word>
<word id="word_702">ļoti</word>
<word id="word_703">daudz</word>
<word id="word_704">informācijas</word>
<word id="word_705">par</word>
<word id="word_706">medikamentiem</word>
<word id="word_707">un</word>
<word id="word_708">tas</word>
<word id="word_709">viņus</word>
<word id="word_710">samulsina</word>
<word id="word_711">.</word>
<word id="word_712">Tagad</word>
<word id="word_713">strādājam</word>
<word id="word_714">pie</word>
<word id="word_715">tā</word>
<word id="word_716">,</word>
<word id="word_717">lai</word>
<word id="word_718">efektīvāk</word>
<word id="word_719">informētu</word>
<word id="word_720">par</word>
<word id="word_721">savu</word>
<word id="word_722">produktu</word>
<word id="word_723">.</word>
<word id="word_724">Tāpat</word>
<word id="word_725">sapratām</word>
<word id="word_726">,</word>
<word id="word_727">ka</word>
<word id="word_728">ir</word>
<word id="word_729">jādomā</word>
<word id="word_730">par</word>
<word id="word_731">cenu</word>
<word id="word_732">,</word>
<word id="word_733">jo</word>
<word id="word_734">,</word>
<word id="word_735">neskatoties</word>
<word id="word_736">uz</word>
<word id="word_737">ziņām</word>
<word id="word_738">par</word>
<word id="word_739">Latvijas</word>
<word id="word_740">ekonomikas</word>
<word id="word_741">atveseļošanos</word>
<word id="word_742">,</word>
<word id="word_743">lielākai</word>
<word id="word_744">daļai</word>
<word id="word_745">sabiedrības</word>
<word id="word_746">maciņš</word>
<word id="word_747">nav</word>
<word id="word_748">palicis</word>
<word id="word_749">biezāks</word>
<word id="word_750">.</word>
<word id="word_751">„</word>
<word id="word_752">Synbutyr</word>
<word id="word_753">”</word>
<word id="word_754">cena</word>
<word id="word_755">,</word>
<word id="word_756">kas</word>
<word id="word_757">vidēji</word>
<word id="word_758">ir</word>
<word id="word_759">astoņi</word>
<word id="word_760">lati</word>
<word id="word_761">,</word>
<word id="word_762">daudziem</word>
<word id="word_763">nav</word>
<word id="word_764">pa</word>
<word id="word_765">kabatai</word>
<word id="word_766">.</word>
<word id="word_767">Patlaban</word>
<word id="word_768">strādājam</word>
<word id="word_769">pie</word>
<word id="word_770">potenciālajiem</word>
<word id="word_771">risinājumiem</word>
<word id="word_772">,</word>
<word id="word_773">kā</word>
<word id="word_774">nodrošināt</word>
<word id="word_775">zemāku</word>
<word id="word_776">cenu</word>
<word id="word_777">–</word>
<word id="word_778">efektivizējam</word>
<word id="word_779">ražošanu</word>
<word id="word_780">un</word>
<word id="word_781">pārstrādājam</word>
<word id="word_782">pārdošanas</word>
<word id="word_783">stratēģiju</word>
<word id="word_784">.</word>
<word id="word_785">Kā</word>
<word id="word_786">veicināt</word>
<word id="word_787">„</word>
<word id="word_788">Synbutyr</word>
<word id="word_789">”</word>
<word id="word_790">pārdošanu</word>
<word id="word_791">?</word>
<word id="word_792">Piedaloties</word>
<word id="word_793">izstādēs</word>
<word id="word_794">,</word>
<word id="word_795">pārliecinājāmies</word>
<word id="word_796">,</word>
<word id="word_797">ka</word>
<word id="word_798">ir</word>
<word id="word_799">svarīgi</word>
<word id="word_800">stāstīt</word>
<word id="word_801">par</word>
<word id="word_802">produktu</word>
<word id="word_803">,</word>
<word id="word_804">izskaidrot</word>
<word id="word_805">darbības</word>
<word id="word_806">mehānismu</word>
<word id="word_807">.</word>
<word id="word_808">Sadarbojamies</word>
<word id="word_809">arī</word>
<word id="word_810">ar</word>
<word id="word_811">ārstiem</word>
<word id="word_812">,</word>
<word id="word_813">piemēram</word>
<word id="word_814">,</word>
<word id="word_815">Rīgas</word>
<word id="word_816">Stradiņa</word>
<word id="word_817">universitātē</word>
<word id="word_818">veicām</word>
<word id="word_819">pētījumu</word>
<word id="word_820">par</word>
<word id="word_821">produktu</word>
<word id="word_822">–</word>
<word id="word_823">tika</word>
<word id="word_824">izvēlēta</word>
<word id="word_825">atsevišķa</word>
<word id="word_826">pacientu</word>
<word id="word_827">grupa</word>
<word id="word_828">,</word>
<word id="word_829">ar</word>
<word id="word_830">kuru</word>
<word id="word_831">tika</word>
<word id="word_832">pārbaudīta</word>
<word id="word_833">„</word>
<word id="word_834">Synbutyr</word>
<word id="word_835">”</word>
<word id="word_836">efektivitāte</word>
<word id="word_837">.</word>
<word id="word_838">Rezultātā</word>
<word id="word_839">atklājās</word>
<word id="word_840">,</word>
<word id="word_841">ka</word>
<word id="word_842">vairāk</word>
<word id="word_843">nekā</word>
<word id="word_844">60</word>
<word id="word_845">%</word>
<word id="word_846">pētījumā</word>
<word id="word_847">iesaistītajiem</word>
<word id="word_848">cilvēkiem</word>
<word id="word_849">produkts</word>
<word id="word_850">uzrāda</word>
<word id="word_851">pozitīvu</word>
<word id="word_852">efektu</word>
<word id="word_853">.</word>
<word id="word_854">Ņemot</word>
<word id="word_855">vērā</word>
<word id="word_856">,</word>
<word id="word_857">ka</word>
<word id="word_858">„</word>
<word id="word_859">Synbutyr</word>
<word id="word_860">”</word>
<word id="word_861">ir</word>
<word id="word_862">uztura</word>
<word id="word_863">bagātinātājs</word>
<word id="word_864">,</word>
<word id="word_865">nevis</word>
<word id="word_866">zāles</word>
<word id="word_867">,</word>
<word id="word_868">tas</word>
<word id="word_869">ir</word>
<word id="word_870">ļoti</word>
<word id="word_871">labs</word>
<word id="word_872">rādītājs</word>
<word id="word_873">.</word>
<word id="word_874">Tas</word>
<word id="word_875">mums</word>
<word id="word_876">deva</word>
<word id="word_877">papildu</word>
<word id="word_878">stimulu</word>
<word id="word_879">darboties</word>
<word id="word_880">tālāk</word>
<word id="word_881">.</word>
<word id="word_882">Kuras</word>
<word id="word_883">valstis</word>
<word id="word_884">saskatāt</word>
<word id="word_885">kā</word>
<word id="word_886">potenciālos</word>
<word id="word_887">eksporta</word>
<word id="word_888">tirgus</word>
<word id="word_889">?</word>
<word id="word_890">Patlaban</word>
<word id="word_891">raugāmies</word>
<word id="word_892">uz</word>
<word id="word_893">Zviedriju</word>
<word id="word_894">,</word>
<word id="word_895">un</word>
<word id="word_896">sarunas</word>
<word id="word_897">ar</word>
<word id="word_898">šīs</word>
<word id="word_899">valsts</word>
<word id="word_900">pārstāvjiem</word>
<word id="word_901">mums</word>
<word id="word_902">virzās</word>
<word id="word_903">jau</word>
<word id="word_904">gadu</word>
<word id="word_905">.</word>
<word id="word_906">Ja</word>
<word id="word_907">Latvijā</word>
<word id="word_908">pārdošanas</word>
<word id="word_909">process</word>
<word id="word_910">virzās</word>
<word id="word_911">raiti</word>
<word id="word_912">,</word>
<word id="word_913">tad</word>
<word id="word_914">Zviedrijā</word>
<word id="word_915">viss</word>
<word id="word_916">norit</word>
<word id="word_917">lēni</word>
<word id="word_918">.</word>
<word id="word_919">Kopumā</word>
<word id="word_920">pilotpartijas</word>
<word id="word_921">esam</word>
<word id="word_922">nosūtījuši</word>
<word id="word_923">arī</word>
<word id="word_924">uz</word>
<word id="word_925">Ameriku</word>
<word id="word_926">un</word>
<word id="word_927">Poliju</word>
<word id="word_928">.</word>
<word id="word_929">Tas</word>
<word id="word_930">darīts</word>
<word id="word_931">ar</word>
<word id="word_932">mērķi</word>
<word id="word_933">iestaigāt</word>
<word id="word_934">sākuma</word>
<word id="word_935">ceļu</word>
<word id="word_936">eksportam</word>
<word id="word_937">.</word>
<word id="word_938">Tas</word>
<word id="word_939">nozīmē</word>
<word id="word_940">,</word>
<word id="word_941">ka</word>
<word id="word_942">šajās</word>
<word id="word_943">valstīs</word>
<word id="word_944">produkts</word>
<word id="word_945">jau</word>
<word id="word_946">tiek</word>
<word id="word_947">pārdots</word>
<word id="word_948">?</word>
<word id="word_949">Pārdots</word>
<word id="word_950">vēl</word>
<word id="word_951">netiek</word>
<word id="word_952">.</word>
<word id="word_953">Bija</word>
<word id="word_954">sarunas</word>
<word id="word_955">ar</word>
<word id="word_956">Poliju</word>
<word id="word_957">,</word>
<word id="word_958">kur</word>
<word id="word_959">sadarbību</word>
<word id="word_960">nobremzēja</word>
<word id="word_961">produkta</word>
<word id="word_962">cena</word>
<word id="word_963">.</word>
<word id="word_964">Polija</word>
<word id="word_965">ir</word>
<word id="word_966">labs</word>
<word id="word_967">eksporta</word>
<word id="word_968">tirgus</word>
<word id="word_969">,</word>
<word id="word_970">jo</word>
<word id="word_971">tas</word>
<word id="word_972">ir</word>
<word id="word_973">liels</word>
<word id="word_974">,</word>
<word id="word_975">kā_arī</word>
<word id="word_976">ļoti</word>
<word id="word_977">tuvs</word>
<word id="word_978">mūsu</word>
<word id="word_979">domāšanai</word>
<word id="word_980">.</word>
<word id="word_981">Savukārt</word>
<word id="word_982">Zviedrijā</word>
<word id="word_983">ir</word>
<word id="word_984">sava</word>
<word id="word_985">specifika</word>
<word id="word_986">–</word>
<word id="word_987">viņiem</word>
<word id="word_988">patīk</word>
<word id="word_989">vietējā</word>
<word id="word_990">produkcija</word>
<word id="word_991">.</word>
<word id="word_992">Tāpēc</word>
<word id="word_993">meklējam</word>
<word id="word_994">variantus</word>
<word id="word_995">,</word>
<word id="word_996">kā</word>
<word id="word_997">pielāgoties</word>
<word id="word_998">Zviedrijas</word>
<word id="word_999">tirgum</word>
<word id="word_1000">,</word>
<word id="word_1001">jo</word>
<word id="word_1002">nav</word>
<word id="word_1003">vērts</word>
<word id="word_1004">uzspiest</word>
<word id="word_1005">savu</word>
<word id="word_1006">tikai</word>
<word id="word_1007">tāpēc</word>
<word id="word_1008">,</word>
<word id="word_1009">ka</word>
<word id="word_1010">esam</word>
<word id="word_1011">radījuši</word>
<word id="word_1012">labu</word>
<word id="word_1013">produktu</word>
<word id="word_1014">.</word>
<word id="word_1015">Kāda</word>
<word id="word_1016">ir</word>
<word id="word_1017">„</word>
<word id="word_1018">Bimil</word>
<word id="word_1019">”</word>
<word id="word_1020">eksporta</word>
<word id="word_1021">stratēģija</word>
<word id="word_1022">jaunu</word>
<word id="word_1023">tirgu</word>
<word id="word_1024">iekarošanā</word>
<word id="word_1025">?</word>
<word id="word_1026">Sākām</word>
<word id="word_1027">ar</word>
<word id="word_1028">tirgus</word>
<word id="word_1029">analīzi</word>
<word id="word_1030">,</word>
<word id="word_1031">noskaidrojot</word>
<word id="word_1032">,</word>
<word id="word_1033">kādi</word>
<word id="word_1034">preparāti</word>
<word id="word_1035">konkrētā</word>
<word id="word_1036">tirgū</word>
<word id="word_1037">jau</word>
<word id="word_1038">ir</word>
<word id="word_1039">pieejami</word>
<word id="word_1040">un</word>
<word id="word_1041">ko</word>
<word id="word_1042">varam</word>
<word id="word_1043">piedāvāt</word>
<word id="word_1044">.</word>
<word id="word_1045">Šajā</word>
<word id="word_1046">ziņā</word>
<word id="word_1047">izmantojām</word>
<word id="word_1048">Latvijas</word>
<word id="word_1049">Investīciju</word>
<word id="word_1050">un</word>
<word id="word_1051">attīstības</word>
<word id="word_1052">aģentūras</word>
<word id="word_1053">programmu</word>
<word id="word_1054">jaunu</word>
<word id="word_1055">tirgu</word>
<word id="word_1056">apgūšanai</word>
<word id="word_1057">.</word>
<word id="word_1058">Pēc</word>
<word id="word_1059">tam</word>
<word id="word_1060">izvēlējāmies</word>
<word id="word_1061">noteiktu</word>
<word id="word_1062">skaitu</word>
<word id="word_1063">ar</word>
<word id="word_1064">potenciālajiem</word>
<word id="word_1065">partneriem</word>
<word id="word_1066">,</word>
<word id="word_1067">uzrunājām</word>
<word id="word_1068">viņus</word>
<word id="word_1069">un</word>
<word id="word_1070">sūtījām</word>
<word id="word_1071">paraugus</word>
<word id="word_1072">ar</word>
<word id="word_1073">aprakstiem</word>
<word id="word_1074">.</word>
<word id="word_1075">Tad</word>
<word id="word_1076">viņi</word>
<word id="word_1077">domāja</word>
<word id="word_1078">,</word>
<word id="word_1079">vai</word>
<word id="word_1080">mūsu</word>
<word id="word_1081">produkts</word>
<word id="word_1082">ietilptu</word>
<word id="word_1083">viņu</word>
<word id="word_1084">kopējā</word>
<word id="word_1085">piedāvājuma</word>
<word id="word_1086">portfelī</word>
<word id="word_1087">.</word>
<word id="word_1088">Zviedrijā</word>
<word id="word_1089">veicam</word>
<word id="word_1090">sarunas</word>
<word id="word_1091">ar</word>
<word id="word_1092">zāļu</word>
<word id="word_1093">lieltirgotavām</word>
<word id="word_1094">,</word>
<word id="word_1095">veselības</word>
<word id="word_1096">veikaliņiem</word>
<word id="word_1097">,</word>
<word id="word_1098">kur</word>
<word id="word_1099">pārsvarā</word>
<word id="word_1100">tiek</word>
<word id="word_1101">tirgoti</word>
<word id="word_1102">tieši</word>
<word id="word_1103">uztura</word>
<word id="word_1104">bagātinātāji</word>
<word id="word_1105">,</word>
<word id="word_1106">un</word>
<word id="word_1107">interneta</word>
<word id="word_1108">veikaliem</word>
<word id="word_1109">.</word>
<word id="word_1110">Paralēli</word>
<word id="word_1111">tam</word>
<word id="word_1112">,</word>
<word id="word_1113">pētām</word>
<word id="word_1114">konkurentu</word>
<word id="word_1115">produktus</word>
<word id="word_1116">,</word>
<word id="word_1117">lai</word>
<word id="word_1118">pieskaņotu</word>
<word id="word_1119">savu</word>
<word id="word_1120">produktu</word>
<word id="word_1121">konkrētajam</word>
<word id="word_1122">tirgum</word>
<word id="word_1123">–</word>
<word id="word_1124">gan</word>
<word id="word_1125">dizaina</word>
<word id="word_1126">jomā</word>
<word id="word_1127">,</word>
<word id="word_1128">gan</word>
<word id="word_1129">vēstījumā</word>
<word id="word_1130">,</word>
<word id="word_1131">ko</word>
<word id="word_1132">vēlamies</word>
<word id="word_1133">pateikt</word>
<word id="word_1134">.</word>
<word id="word_1135">Zviedrijā</word>
<word id="word_1136">„</word>
<word id="word_1137">Synbutyr</word>
<word id="word_1138">”</word>
<word id="word_1139">cena</word>
<word id="word_1140">nav</word>
<word id="word_1141">šķērslis</word>
<word id="word_1142">,</word>
<word id="word_1143">kā</word>
<word id="word_1144">tas</word>
<word id="word_1145">ir</word>
<word id="word_1146">citviet</word>
<word id="word_1147">,</word>
<word id="word_1148">taču</word>
<word id="word_1149">šajā</word>
<word id="word_1150">valstī</word>
<word id="word_1151">vairāk</word>
<word id="word_1152">koncentrējamies</word>
<word id="word_1153">uz</word>
<word id="word_1154">produkta</word>
<word id="word_1155">pielāgošanu</word>
<word id="word_1156">šim</word>
<word id="word_1157">tirgum</word>
<word id="word_1158">.</word>
<word id="word_1159">Kā</word>
<word id="word_1160">noprotam</word>
<word id="word_1161">,</word>
<word id="word_1162">„</word>
<word id="word_1163">Synbutyr</word>
<word id="word_1164">”</word>
<word id="word_1165">nākotnē</word>
<word id="word_1166">tomēr</word>
<word id="word_1167">tiks</word>
<word id="word_1168">pozicionēts</word>
<word id="word_1169">kā</word>
<word id="word_1170">eksporta</word>
<word id="word_1171">produkts</word>
<word id="word_1172">,</word>
<word id="word_1173">saglabājot</word>
<word id="word_1174">nelielu</word>
<word id="word_1175">daļu</word>
<word id="word_1176">Latvijā</word>
<word id="word_1177">.</word>
<word id="word_1178">Eksports</word>
<word id="word_1179">nākotnē</word>
<word id="word_1180">varētu</word>
<word id="word_1181">aizņemt</word>
<word id="word_1182">lielāko</word>
<word id="word_1183">daļu</word>
<word id="word_1184">,</word>
<word id="word_1185">jo</word>
<word id="word_1186">tās</word>
<word id="word_1187">problēmas</word>
<word id="word_1188">,</word>
<word id="word_1189">uz</word>
<word id="word_1190">kā</word>
<word id="word_1191">novēršanu</word>
<word id="word_1192">ir</word>
<word id="word_1193">vērsts</word>
<word id="word_1194">mūsu</word>
<word id="word_1195">uztura</word>
<word id="word_1196">bagātinātājs</word>
<word id="word_1197">,</word>
<word id="word_1198">ir</word>
<word id="word_1199">izplatītas</word>
<word id="word_1200">visā</word>
<word id="word_1201">Eiropā</word>
<word id="word_1202">.</word>
<word id="word_1203">Ja</word>
<word id="word_1204">izdosies</word>
<word id="word_1205">veiksmīgi</word>
<word id="word_1206">iekarot</word>
<word id="word_1207">Zviedrijas</word>
<word id="word_1208">tirgu</word>
<word id="word_1209">,</word>
<word id="word_1210">tad</word>
<word id="word_1211">nevajadzētu</word>
<word id="word_1212">būt</word>
<word id="word_1213">problēmām</word>
<word id="word_1214">iekarot</word>
<word id="word_1215">pārējās</word>
<word id="word_1216">Skandināvijas</word>
<word id="word_1217">valstis</word>
<word id="word_1218">un</word>
<word id="word_1219">ieiet</word>
<word id="word_1220">arī</word>
<word id="word_1221">Rietumeiropā</word>
<word id="word_1222">.</word>
<word id="word_1223">Kad</word>
<word id="word_1224">varētu</word>
<word id="word_1225">noslēgties</word>
<word id="word_1226">sarunas</word>
<word id="word_1227">par</word>
<word id="word_1228">tirdzniecību</word>
<word id="word_1229">Zviedrijā</word>
<word id="word_1230">?</word>
<word id="word_1231">Pēc</word>
<word id="word_1232">esošā</word>
<word id="word_1233">sarunu</word>
<word id="word_1234">ātruma</word>
<word id="word_1235">,</word>
<word id="word_1236">es</word>
<word id="word_1237">teiktu</word>
<word id="word_1238">,</word>
<word id="word_1239">ka</word>
<word id="word_1240">gada</word>
<word id="word_1241">laikā</word>
<word id="word_1242">vajadzētu</word>
<word id="word_1243">finalizēties</word>
<word id="word_1244">.</word>
<word id="word_1245">Kāpēc</word>
<word id="word_1246">nolēmāt</word>
<word id="word_1247">ieiet</word>
<word id="word_1248">sarežģīti</word>
<word id="word_1249">iekarojamajā</word>
<word id="word_1250">Zviedrijā</word>
<word id="word_1251">,</word>
<word id="word_1252">nevis</word>
<word id="word_1253">,</word>
<word id="word_1254">piemēram</word>
<word id="word_1255">,</word>
<word id="word_1256">Austrumu</word>
<word id="word_1257">tirgos</word>
<word id="word_1258">?</word>
<word id="word_1259">Aprunājoties</word>
<word id="word_1260">ar</word>
<word id="word_1261">uztura</word>
<word id="word_1262">bagātinātāju</word>
<word id="word_1263">ražotājiem</word>
<word id="word_1264">un</word>
<word id="word_1265">citiem</word>
<word id="word_1266">uzņēmējiem</word>
<word id="word_1267">,</word>
<word id="word_1268">kas</word>
<word id="word_1269">darbojas</word>
<word id="word_1270">Austrumu</word>
<word id="word_1271">tirgos</word>
<word id="word_1272">,</word>
<word id="word_1273">sapratām</word>
<word id="word_1274">,</word>
<word id="word_1275">ka</word>
<word id="word_1276">mums</word>
<word id="word_1277">iekarot</word>
<word id="word_1278">šīs</word>
<word id="word_1279">valstis</word>
<word id="word_1280">būs</word>
<word id="word_1281">grūti</word>
<word id="word_1282">un</word>
<word id="word_1283">resursu</word>
<word id="word_1284">ietilpīgi</word>
<word id="word_1285">.</word>
<word id="word_1286">Protams</word>
<word id="word_1287">,</word>
<word id="word_1288">tajā</word>
<word id="word_1289">brīdī</word>
<word id="word_1290">,</word>
<word id="word_1291">kad</word>
<word id="word_1292">ir</word>
<word id="word_1293">izdevies</word>
<word id="word_1294">iekarot</word>
<word id="word_1295">,</word>
<word id="word_1296">piemēram</word>
<word id="word_1297">,</word>
<word id="word_1298">Krieviju</word>
<word id="word_1299">,</word>
<word id="word_1300">noiets</word>
<word id="word_1301">ir</word>
<word id="word_1302">liels</word>
<word id="word_1303">,</word>
<word id="word_1304">taču</word>
<word id="word_1305">zinu</word>
<word id="word_1306">,</word>
<word id="word_1307">ka</word>
<word id="word_1308">formalitāšu</word>
<word id="word_1309">kārtošana</word>
<word id="word_1310">tur</word>
<word id="word_1311">var</word>
<word id="word_1312">aizņemt</word>
<word id="word_1313">pat</word>
<word id="word_1314">divus</word>
<word id="word_1315">gadus</word>
<word id="word_1316">.</word>
<word id="word_1317">Izvēlējāmies</word>
<word id="word_1318">Eiropas</word>
<word id="word_1319">virzienu</word>
<word id="word_1320">kā</word>
<word id="word_1321">domāšanas</word>
<word id="word_1322">un</word>
<word id="word_1323">likumdošanas</word>
<word id="word_1324">ziņā</word>
<word id="word_1325">tuvāku</word>
<word id="word_1326">Latvijai</word>
<word id="word_1327">.</word>
<word id="word_1328">Uztura</word>
<word id="word_1329">bagātinātāji</word>
<word id="word_1330">,</word>
<word id="word_1331">kas</word>
<word id="word_1332">ir</word>
<word id="word_1333">ražoti</word>
<word id="word_1334">Eiropas</word>
<word id="word_1335">Savienības</word>
<word id="word_1336">(</word>
<word id="word_1337">ES</word>
<word id="word_1338">)</word>
<word id="word_1339">valstī</word>
<word id="word_1340">,</word>
<word id="word_1341">bez</word>
<word id="word_1342">problēmām</word>
<word id="word_1343">var</word>
<word id="word_1344">tikt</word>
<word id="word_1345">pārdoti</word>
<word id="word_1346">citās</word>
<word id="word_1347">ES</word>
<word id="word_1348">valstīs</word>
<word id="word_1349">.</word>
<word id="word_1350">Paturam</word>
<word id="word_1351">prātā</word>
<word id="word_1352">,</word>
<word id="word_1353">ka</word>
<word id="word_1354">Austrumu</word>
<word id="word_1355">tirgi</word>
<word id="word_1356">ir</word>
<word id="word_1357">perspektīvi</word>
<word id="word_1358">,</word>
<word id="word_1359">bet</word>
<word id="word_1360">tajos</word>
<word id="word_1361">startēsim</word>
<word id="word_1362">,</word>
<word id="word_1363">kad</word>
<word id="word_1364">būsim</word>
<word id="word_1365">guvuši</word>
<word id="word_1366">pieredzi</word>
<word id="word_1367">tepat</word>
<word id="word_1368">Eiropā</word>
<word id="word_1369">.</word>
<word id="word_1370">Cik</word>
<word id="word_1371">interesanti</word>
<word id="word_1372">šķiet</word>
<word id="word_1373">Lietuvas</word>
<word id="word_1374">un</word>
<word id="word_1375">Igaunijas</word>
<word id="word_1376">tirgi</word>
<word id="word_1377">?</word>
<word id="word_1378">Apsvērām</word>
<word id="word_1379">eksporta</word>
<word id="word_1380">iespējas</word>
<word id="word_1381">arī</word>
<word id="word_1382">uz</word>
<word id="word_1383">šīm</word>
<word id="word_1384">valstīm</word>
<word id="word_1385">,</word>
<word id="word_1386">tomēr</word>
<word id="word_1387">tajos</word>
<word id="word_1388">situācija</word>
<word id="word_1389">ir</word>
<word id="word_1390">līdzīga</word>
<word id="word_1391">kā</word>
<word id="word_1392">Latvijā</word>
<word id="word_1393">–</word>
<word id="word_1394">tie</word>
<word id="word_1395">ir</word>
<word id="word_1396">nelieli</word>
<word id="word_1397">tirgi</word>
<word id="word_1398">.</word>
<word id="word_1399">Sākot</word>
<word id="word_1400">eksportu</word>
<word id="word_1401">,</word>
<word id="word_1402">gribējām</word>
<word id="word_1403">startēt</word>
<word id="word_1404">lielākā</word>
<word id="word_1405">tirgū</word>
<word id="word_1406">.</word>
<word id="word_1407">Kad</word>
<word id="word_1408">„</word>
<word id="word_1409">Synbutyr</word>
<word id="word_1410">”</word>
<word id="word_1411">parādījās</word>
<word id="word_1412">tirgū</word>
<word id="word_1413">?</word>
<word id="word_1414">2011.</word>
<word id="word_1415">gada</word>
<word id="word_1416">vasarā</word>
<word id="word_1417">,</word>
<word id="word_1418">bet</word>
<word id="word_1419">aktīvāka</word>
<word id="word_1420">pārdošana</word>
<word id="word_1421">sākās</word>
<word id="word_1422">šā</word>
<word id="word_1423">gada</word>
<word id="word_1424">sākumā</word>
<word id="word_1425">,</word>
<word id="word_1426">kad</word>
<word id="word_1427">iekļuvām</word>
<word id="word_1428">plašākā</word>
<word id="word_1429">aptieku</word>
<word id="word_1430">klāstā</word>
<word id="word_1431">.</word>
<word id="word_1432">Kā</word>
<word id="word_1433">mainījies</word>
<word id="word_1434">pieprasījums</word>
<word id="word_1435">pēc</word>
<word id="word_1436">šī</word>
<word id="word_1437">preparāta</word>
<word id="word_1438">mēnešu</word>
<word id="word_1439">laikā</word>
<word id="word_1440">?</word>
<word id="word_1441">Pieprasījums</word>
<word id="word_1442">ir</word>
<word id="word_1443">atkarīgs</word>
<word id="word_1444">no</word>
<word id="word_1445">mārketinga</word>
<word id="word_1446">aktivitātēm</word>
<word id="word_1447">–</word>
<word id="word_1448">tiklīdz</word>
<word id="word_1449">ir</word>
<word id="word_1450">kādas</word>
<word id="word_1451">kampaņas</word>
<word id="word_1452">vai</word>
<word id="word_1453">informācija</word>
<word id="word_1454">medijos</word>
<word id="word_1455">,</word>
<word id="word_1456">tā</word>
<word id="word_1457">pieprasījums</word>
<word id="word_1458">palielinās</word>
<word id="word_1459">.</word>
<word id="word_1460">Mierīgie</word>
<word id="word_1461">mēneši</word>
<word id="word_1462">ir</word>
<word id="word_1463">vasarā</word>
<word id="word_1464">,</word>
<word id="word_1465">bet</word>
<word id="word_1466">rudenī</word>
<word id="word_1467">pieprasījums</word>
<word id="word_1468">pieauga</word>
<word id="word_1469">.</word>
<word id="word_1470">Ja</word>
<word id="word_1471">skatāmies</word>
<word id="word_1472">no</word>
<word id="word_1473">pārdošanas</word>
<word id="word_1474">sākuma</word>
<word id="word_1475">,</word>
<word id="word_1476">kopumā</word>
<word id="word_1477">pieprasījums</word>
<word id="word_1478">pēc</word>
<word id="word_1479">produkta</word>
<word id="word_1480">pakāpeniski</word>
<word id="word_1481">aug.</word>
<word id="word_1482">Sākotnēji</word>
<word id="word_1483">„</word>
<word id="word_1484">Bimil</word>
<word id="word_1485">”</word>
<word id="word_1486">domāja</word>
<word id="word_1487">palīdzēt</word>
<word id="word_1488">pārtikas</word>
<word id="word_1489">ražotājiem</word>
<word id="word_1490">jaunu</word>
<word id="word_1491">produktu</word>
<word id="word_1492">izstrādē</word>
<word id="word_1493">.</word>
<word id="word_1494">Kā</word>
<word id="word_1495">sokas</word>
<word id="word_1496">šī</word>
<word id="word_1497">virziena</word>
<word id="word_1498">attīstīšana</word>
<word id="word_1499">?</word>
<word id="word_1500">Patlaban</word>
<word id="word_1501">lielākais</word>
<word id="word_1502">akcents</word>
<word id="word_1503">tiek</word>
<word id="word_1504">likts</word>
<word id="word_1505">uz</word>
<word id="word_1506">„</word>
<word id="word_1507">Synbutyr</word>
<word id="word_1508">”</word>
<word id="word_1509">ražošanu</word>
<word id="word_1510">un</word>
<word id="word_1511">pārdošanu</word>
<word id="word_1512">,</word>
<word id="word_1513">taču</word>
<word id="word_1514">sniedzam</word>
<word id="word_1515">arī</word>
<word id="word_1516">pakalpojumus</word>
<word id="word_1517">.</word>
<word id="word_1518">Piemēram</word>
<word id="word_1519">,</word>
<word id="word_1520">tagad</word>
<word id="word_1521">izstrādājam</word>
<word id="word_1522">pasūtītājam</word>
<word id="word_1523">formulāciju</word>
<word id="word_1524">un</word>
<word id="word_1525">ražošanas</word>
<word id="word_1526">tehnoloģiju</word>
<word id="word_1527">jaunam</word>
<word id="word_1528">uztura</word>
<word id="word_1529">bagātinātājam</word>
<word id="word_1530">.</word>
<word id="word_1531">Pēc</word>
<word id="word_1532">„</word>
<word id="word_1533">Firmas</word>
<word id="word_1534">.</word>
<word id="word_1535">lv</word>
<word id="word_1536">”</word>
<word id="word_1537">informācijas</word>
<word id="word_1538">2010.</word>
<word id="word_1539">gadā</word>
<word id="word_1540">„</word>
<word id="word_1541">Bimil</word>
<word id="word_1542">”</word>
<word id="word_1543">apgrozījums</word>
<word id="word_1544">bija</word>
<word id="word_1545">36558</word>
<word id="word_1546">lati</word>
<word id="word_1547">un</word>
<word id="word_1548">peļņa</word>
<word id="word_1549">25947</word>
<word id="word_1550">lati</word>
<word id="word_1551">,</word>
<word id="word_1552">taču</word>
<word id="word_1553">2011.</word>
<word id="word_1554">gadā</word>
<word id="word_1555">uzņēmuma</word>
<word id="word_1556">apgrozījums</word>
<word id="word_1557">saruka</word>
<word id="word_1558">līdz</word>
<word id="word_1559">147</word>
<word id="word_1560">latiem</word>
<word id="word_1561">un</word>
<word id="word_1562">strādājāt</word>
<word id="word_1563">ar</word>
<word id="word_1564">zaudējumiem</word>
<word id="word_1565">18156</word>
<word id="word_1566">latu</word>
<word id="word_1567">apmērā</word>
<word id="word_1568">.</word>
<word id="word_1569">Kāpēc</word>
<word id="word_1570">tāds</word>
<word id="word_1571">krass</word>
<word id="word_1572">samazinājums</word>
<word id="word_1573">?</word>
<word id="word_1574">Kad</word>
<word id="word_1575">dibinājām</word>
<word id="word_1576">uzņēmumu</word>
<word id="word_1577">,</word>
<word id="word_1578">bija</word>
<word id="word_1579">zināmi</word>
<word id="word_1580">pirmie</word>
<word id="word_1581">pasūtījumi</word>
<word id="word_1582">,</word>
<word id="word_1583">kuriem</word>
<word id="word_1584">veicām</word>
<word id="word_1585">izpēti</word>
<word id="word_1586">,</word>
<word id="word_1587">taču</word>
<word id="word_1588">vēlāk</word>
<word id="word_1589">šie</word>
<word id="word_1590">pasūtījumi</word>
<word id="word_1591">beidzās</word>
<word id="word_1592">,</word>
<word id="word_1593">un</word>
<word id="word_1594">mēs</word>
<word id="word_1595">ieguldījām</word>
<word id="word_1596">naudu</word>
<word id="word_1597">„</word>
<word id="word_1598">Synbutyr</word>
<word id="word_1599">”</word>
<word id="word_1600">izstrādē</word>
<word id="word_1601">,</word>
<word id="word_1602">tāpēc</word>
<word id="word_1603">arī</word>
<word id="word_1604">apgrozījums</word>
<word id="word_1605">būtiski</word>
<word id="word_1606">krita</word>
<word id="word_1607">.</word>
<word id="word_1608">Prognozējams</word>
<word id="word_1609">,</word>
<word id="word_1610">ka</word>
<word id="word_1611">šogad</word>
<word id="word_1612">rādītāji</word>
<word id="word_1613">būs</word>
<word id="word_1614">labāki</word>
<word id="word_1615">.</word>
<word id="word_1616">Tomēr</word>
<word id="word_1617">nākotnē</word>
<word id="word_1618">reālākais</word>
<word id="word_1619">peļņas</word>
<word id="word_1620">avots</word>
<word id="word_1621">varētu</word>
<word id="word_1622">būt</word>
<word id="word_1623">tieši</word>
<word id="word_1624">eksporta</word>
<word id="word_1625">tirgi</word>
<word id="word_1626">.</word>
<word id="word_1627">Informācijai</word>
<word id="word_1628">:</word>
<word id="word_1629">Pēc</word>
<word id="word_1630">SIA</word>
<word id="word_1631">„</word>
<word id="word_1632">Firmas</word>
<word id="word_1633">.</word>
<word id="word_1634">lv</word>
<word id="word_1635">”</word>
<word id="word_1636">informācijas</word>
<word id="word_1637">,</word>
<word id="word_1638">SIA</word>
<word id="word_1639">„</word>
<word id="word_1640">Bimil</word>
<word id="word_1641">”</word>
<word id="word_1642">reģistrēta</word>
<word id="word_1643">2009.</word>
<word id="word_1644">gada</word>
<word id="word_1645">17.</word>
<word id="word_1646">septembrī</word>
<word id="word_1647">,</word>
<word id="word_1648">un</word>
<word id="word_1649">tās</word>
<word id="word_1650">pamatkapitāls</word>
<word id="word_1651">ir</word>
<word id="word_1652">2000</word>
<word id="word_1653">latu</word>
<word id="word_1654">.</word>
<word id="word_1655">74</word>
<word id="word_1656">%</word>
<word id="word_1657">„</word>
<word id="word_1658">Bimil</word>
<word id="word_1659">”</word>
<word id="word_1660">kapitāldaļu</word>
<word id="word_1661">pieder</word>
<word id="word_1662">Gatim</word>
<word id="word_1663">Jaško</word>
<word id="word_1664">,</word>
<word id="word_1665">bet</word>
<word id="word_1666">26</word>
<word id="word_1667">%</word>
<word id="word_1668">Belizā</word>
<word id="word_1669">reģistrētai</word>
<word id="word_1670">kompānijai</word>
<word id="word_1671">„</word>
<word id="word_1672">SAS</word>
<word id="word_1673">Development</word>
<word id="word_1674">Ltd</word>
<word id="word_1675">.</word>
<word id="word_1676">”</word>
<word id="word_1677">.</word>
</words>