<?xml version="1.0" encoding="UTF-8"?>
<!DOCTYPE words SYSTEM "words.dtd">
<words><word id="word_1">Paziņojums</word>
<word id="word_2">par</word>
<word id="word_3">sabiedrisko</word>
<word id="word_4">apspriešanu</word>
<word id="word_5">07</word>
<word id="word_6">Feb</word>
<word id="word_7">2013</word>
<word id="word_8">Paziņojums</word>
<word id="word_9">par</word>
<word id="word_10">sabiedrisko</word>
<word id="word_11">apspriešanu</word>
<word id="word_12">SIA</word>
<word id="word_13">&quot;</word>
<word id="word_14">Atkritumu</word>
<word id="word_15">apsaimniekošanas</word>
<word id="word_16">Dienvidlatgales</word>
<word id="word_17">starppašvaldību</word>
<word id="word_18">organizācija</word>
<word id="word_19">&quot;</word>
<word id="word_20">informē</word>
<word id="word_21">,</word>
<word id="word_22">ka</word>
<word id="word_23">ir</word>
<word id="word_24">sagatavojusi</word>
<word id="word_25">iesniegumu</word>
<word id="word_26">A</word>
<word id="word_27">kategorijas</word>
<word id="word_28">piesārņojošas</word>
<word id="word_29">darbības</word>
<word id="word_30">atļaujas</word>
<word id="word_31">saņemšanai</word>
<word id="word_32">(</word>
<word id="word_33">atļaujas</word>
<word id="word_34">saņemšana</word>
<word id="word_35">esošai</word>
<word id="word_36">piesārņojošai</word>
<word id="word_37">darbībai</word>
<word id="word_38">)</word>
<word id="word_39">.</word>
<word id="word_40">Iesniegums</word>
<word id="word_41">pieņemts</word>
<word id="word_42">Valsts</word>
<word id="word_43">vides</word>
<word id="word_44">dienesta</word>
<word id="word_45">Daugavpils</word>
<word id="word_46">reģionālajā</word>
<word id="word_47">vides</word>
<word id="word_48">pārvaldē</word>
<word id="word_49">2013.</word>
<word id="word_50">gada</word>
<word id="word_51">5.</word>
<word id="word_52">februārī</word>
<word id="word_53">.</word>
<word id="word_54">Piesārņojošās</word>
<word id="word_55">darbības</word>
<word id="word_56">veids</word>
<word id="word_57">:</word>
<word id="word_58">A</word>
<word id="word_59">kategorija</word>
<word id="word_60">(</word>
<word id="word_61">saskaņā</word>
<word id="word_62">ar</word>
<word id="word_63">likuma</word>
<word id="word_64">&quot;</word>
<word id="word_65">Par</word>
<word id="word_66">piesārņojumu</word>
<word id="word_67">&quot;</word>
<word id="word_68">1.</word>
<word id="word_69">pielikuma</word>
<word id="word_70">5.4</word>
<word id="word_71">.</word>
<word id="word_72">punktu</word>
<word id="word_73">:</word>
<word id="word_74">atkritumu</word>
<word id="word_75">poligoni</word>
<word id="word_76">,</word>
<word id="word_77">kuri</word>
<word id="word_78">var</word>
<word id="word_79">uzņemt</word>
<word id="word_80">vairāk</word>
<word id="word_81">nekā</word>
<word id="word_82">10</word>
<word id="word_83">tonnas</word>
<word id="word_84">atkritumu</word>
<word id="word_85">dienā</word>
<word id="word_86">vai</word>
<word id="word_87">kuru</word>
<word id="word_88">kopējā</word>
<word id="word_89">ietilpība</word>
<word id="word_90">pārsniedz</word>
<word id="word_91">25_000</word>
<word id="word_92">tonnas</word>
<word id="word_93">,</word>
<word id="word_94">izņemot</word>
<word id="word_95">inerto</word>
<word id="word_96">atkritumu</word>
<word id="word_97">poligonus</word>
<word id="word_98">)</word>
<word id="word_99">,</word>
<word id="word_100">atkritumu</word>
<word id="word_101">apglabāšana</word>
<word id="word_102">sadzīves</word>
<word id="word_103">atkritumu</word>
<word id="word_104">poligonā</word>
<word id="word_105">&quot;</word>
<word id="word_106">Cinīši</word>
<word id="word_107">&quot;</word>
<word id="word_108">Daugavpils</word>
<word id="word_109">novadā</word>
<word id="word_110">.</word>
<word id="word_111">Iekārtas</word>
<word id="word_112">operators</word>
<word id="word_113">:</word>
<word id="word_114">SIA</word>
<word id="word_115">&quot;</word>
<word id="word_116">Atkritumu</word>
<word id="word_117">apsaimniekošanas</word>
<word id="word_118">Dienvidlatgales</word>
<word id="word_119">starppašvaldību</word>
<word id="word_120">organizācija</word>
<word id="word_121">&quot;</word>
<word id="word_122">,</word>
<word id="word_123">reģ</word>
<word id="word_124">.</word>
<word id="word_125">Nr.</word>
<word id="word_126">41503029988</word>
<word id="word_127">,</word>
<word id="word_128">adrese</word>
<word id="word_129">:</word>
<word id="word_130">Ģimnāzijas</word>
<word id="word_131">iela</word>
<word id="word_132">28</word>
<word id="word_133">-</word>
<word id="word_134">2</word>
<word id="word_135">,</word>
<word id="word_136">Daugavpils</word>
<word id="word_137">,</word>
<word id="word_138">LV5403</word>
<word id="word_139">.</word>
<word id="word_140">Piesārņojošas</word>
<word id="word_141">darbības</word>
<word id="word_142">vieta</word>
<word id="word_143">:</word>
<word id="word_144">Sadzīves</word>
<word id="word_145">atkritumu</word>
<word id="word_146">apglabāšanas</word>
<word id="word_147">poligons</word>
<word id="word_148">&quot;</word>
<word id="word_149">Cinīši</word>
<word id="word_150">&quot;</word>
<word id="word_151">,</word>
<word id="word_152">&quot;</word>
<word id="word_153">Cinīši</word>
<word id="word_154">&quot;</word>
<word id="word_155">,</word>
<word id="word_156">Demenes</word>
<word id="word_157">pagasts</word>
<word id="word_158">,</word>
<word id="word_159">Daugavpils</word>
<word id="word_160">novads</word>
<word id="word_161">,</word>
<word id="word_162">LV</word>
<word id="word_163">5442.</word>
<word id="word_164">Ar</word>
<word id="word_165">sagatavoto</word>
<word id="word_166">iesniegumu</word>
<word id="word_167">var</word>
<word id="word_168">iepazīties</word>
<word id="word_169">:</word>
<word id="word_170">-</word>
<word id="word_171"> </word>
<word id="word_172"> </word>
<word id="word_173"> </word>
<word id="word_174"> </word>
<word id="word_175"> </word>
<word id="word_176"> </word>
<word id="word_177"> </word>
<word id="word_178"> </word>
<word id="word_179"> </word>
<word id="word_180">Valsts</word>
<word id="word_181">vides</word>
<word id="word_182">dienesta</word>
<word id="word_183">Daugavpils</word>
<word id="word_184">reģionālajā</word>
<word id="word_185">vides</word>
<word id="word_186">pārvaldē</word>
<word id="word_187">Raiņa</word>
<word id="word_188">ielā</word>
<word id="word_189">28</word>
<word id="word_190">,</word>
<word id="word_191">Daugavpilī</word>
<word id="word_192">,</word>
<word id="word_193">LV-5401</word>
<word id="word_194">,</word>
<word id="word_195">darba</word>
<word id="word_196">dienās</word>
<word id="word_197">:</word>
<word id="word_198">p</word>
<word id="word_199">i</word>
<word id="word_200">r</word>
<word id="word_201">m</word>
<word id="word_202">d</word>
<word id="word_203">i</word>
<word id="word_204">e</word>
<word id="word_205">n</word>
<word id="word_206">ā</word>
<word id="word_207">s</word>
<word id="word_208"> </word>
<word id="word_209">no</word>
<word id="word_210">plkst.</word>
<word id="word_211">8.30</word>
<word id="word_212">&lt;</word>
<word id="word_213">sup</word>
<word id="word_214">&gt;</word>
<word id="word_215"> </word>
<word id="word_216">&lt;</word>
<word id="word_217">/</word>
<word id="word_218">sup</word>
<word id="word_219">&gt;</word>
<word id="word_220">līdz</word>
<word id="word_221">18.00</word>
<word id="word_222">,</word>
<word id="word_223">otrdienās</word>
<word id="word_224">-</word>
<word id="word_225">c</word>
<word id="word_226">e</word>
<word id="word_227">t</word>
<word id="word_228">u</word>
<word id="word_229">r</word>
<word id="word_230">t</word>
<word id="word_231">d</word>
<word id="word_232">i</word>
<word id="word_233">e</word>
<word id="word_234">n</word>
<word id="word_235">ā</word>
<word id="word_236">s</word>
<word id="word_237"> </word>
<word id="word_238">no</word>
<word id="word_239">plkst.</word>
<word id="word_240">8.30</word>
<word id="word_241">&lt;</word>
<word id="word_242">sup</word>
<word id="word_243">&gt;</word>
<word id="word_244"> </word>
<word id="word_245">&lt;</word>
<word id="word_246">/</word>
<word id="word_247">sup</word>
<word id="word_248">&gt;</word>
<word id="word_249">līdz</word>
<word id="word_250">17.00</word>
<word id="word_251">,</word>
<word id="word_252">piektdienās</word>
<word id="word_253">no</word>
<word id="word_254">plkst.</word>
<word id="word_255">8.00</word>
<word id="word_256">līdz</word>
<word id="word_257">16.00</word>
<word id="word_258">un</word>
<word id="word_259">mājas</word>
<word id="word_260">lapā</word>
<word id="word_261">internetā</word>
<word id="word_262">:</word>
<word id="word_263">www.vvd.gov.lv</word>
<word id="word_264">.</word>
<word id="word_265">-</word>
<word id="word_266"> </word>
<word id="word_267"> </word>
<word id="word_268"> </word>
<word id="word_269"> </word>
<word id="word_270"> </word>
<word id="word_271"> </word>
<word id="word_272"> </word>
<word id="word_273"> </word>
<word id="word_274"> </word>
<word id="word_275">SIA</word>
<word id="word_276">&quot;</word>
<word id="word_277">Atkritumu</word>
<word id="word_278">apsaimniekošanas</word>
<word id="word_279">Dienvidlatgales</word>
<word id="word_280">starppašvaldību</word>
<word id="word_281">organizācija</word>
<word id="word_282">&quot;</word>
<word id="word_283">birojā</word>
<word id="word_284">Ģimnāzijas</word>
<word id="word_285">ielā</word>
<word id="word_286">28</word>
<word id="word_287">-</word>
<word id="word_288">2</word>
<word id="word_289">,</word>
<word id="word_290">Daugavpilī</word>
<word id="word_291">,</word>
<word id="word_292">LV-5403</word>
<word id="word_293">,</word>
<word id="word_294">darba</word>
<word id="word_295">dienās</word>
<word id="word_296">no</word>
<word id="word_297">plkst.</word>
<word id="word_298">8.00</word>
<word id="word_299">līdz</word>
<word id="word_300">17.00</word>
<word id="word_301">un</word>
<word id="word_302">mājas</word>
<word id="word_303">lapā</word>
<word id="word_304">internetā</word>
<word id="word_305">:</word>
<word id="word_306">www.aadso.lv</word>
<word id="word_307">.</word>
<word id="word_308">-</word>
<word id="word_309"> </word>
<word id="word_310"> </word>
<word id="word_311"> </word>
<word id="word_312"> </word>
<word id="word_313"> </word>
<word id="word_314"> </word>
<word id="word_315"> </word>
<word id="word_316"> </word>
<word id="word_317"> </word>
<word id="word_318">Daugavpils</word>
<word id="word_319">novada</word>
<word id="word_320">domē</word>
<word id="word_321">Rīgas</word>
<word id="word_322">ielā</word>
<word id="word_323">2</word>
<word id="word_324">,</word>
<word id="word_325">Daugavpilī</word>
<word id="word_326">,</word>
<word id="word_327">LV-5401</word>
<word id="word_328">,</word>
<word id="word_329">darba</word>
<word id="word_330">dienās</word>
<word id="word_331">:</word>
<word id="word_332">p</word>
<word id="word_333">i</word>
<word id="word_334">r</word>
<word id="word_335">m</word>
<word id="word_336">d</word>
<word id="word_337">i</word>
<word id="word_338">e</word>
<word id="word_339">n</word>
<word id="word_340">ā</word>
<word id="word_341">s</word>
<word id="word_342"> </word>
<word id="word_343">no</word>
<word id="word_344">plkst.</word>
<word id="word_345">8.30</word>
<word id="word_346">līdz</word>
<word id="word_347">18.00</word>
<word id="word_348">,</word>
<word id="word_349">otrdienās</word>
<word id="word_350">-</word>
<word id="word_351">c</word>
<word id="word_352">e</word>
<word id="word_353">t</word>
<word id="word_354">u</word>
<word id="word_355">r</word>
<word id="word_356">t</word>
<word id="word_357">d</word>
<word id="word_358">i</word>
<word id="word_359">e</word>
<word id="word_360">n</word>
<word id="word_361">ā</word>
<word id="word_362">s</word>
<word id="word_363"> </word>
<word id="word_364"> </word>
<word id="word_365">no</word>
<word id="word_366">8.00</word>
<word id="word_367">līdz</word>
<word id="word_368">16.30</word>
<word id="word_369">,</word>
<word id="word_370">p</word>
<word id="word_371">i</word>
<word id="word_372">e</word>
<word id="word_373">k</word>
<word id="word_374">t</word>
<word id="word_375">d</word>
<word id="word_376">i</word>
<word id="word_377">e</word>
<word id="word_378">n</word>
<word id="word_379">ā</word>
<word id="word_380">s</word>
<word id="word_381"> </word>
<word id="word_382">no</word>
<word id="word_383">plkst.</word>
<word id="word_384">8.00</word>
<word id="word_385">-</word>
<word id="word_386">15.30</word>
<word id="word_387">.</word>
<word id="word_388">Sabiedrība</word>
<word id="word_389">priekšlikumus</word>
<word id="word_390">un</word>
<word id="word_391">ieteikumus</word>
<word id="word_392">atļaujas</word>
<word id="word_393">izsniegšanai</word>
<word id="word_394">rakstveidā</word>
<word id="word_395">var</word>
<word id="word_396">iesniegt</word>
<word id="word_397">Valsts</word>
<word id="word_398">vides</word>
<word id="word_399">dienesta</word>
<word id="word_400">Daugavpils</word>
<word id="word_401">reģionālajā</word>
<word id="word_402">vides</word>
<word id="word_403">pārvaldē</word>
<word id="word_404">Raiņa</word>
<word id="word_405">ielā</word>
<word id="word_406">28</word>
<word id="word_407">,</word>
<word id="word_408">Daugavpilī</word>
<word id="word_409">,</word>
<word id="word_410">vai</word>
<word id="word_411">SIA</word>
<word id="word_412">&quot;</word>
<word id="word_413">Atkritumu</word>
<word id="word_414">apsaimniekošanas</word>
<word id="word_415">Dienvidlatgales</word>
<word id="word_416">starppašvaldību</word>
<word id="word_417">organizācija</word>
<word id="word_418">&quot;</word>
<word id="word_419">,</word>
<word id="word_420">Ģimnāzijas</word>
<word id="word_421">iela</word>
<word id="word_422">28</word>
<word id="word_423">-</word>
<word id="word_424">2</word>
<word id="word_425">,</word>
<word id="word_426">Daugavpilī</word>
<word id="word_427">,</word>
<word id="word_428">līdz</word>
<word id="word_429">2013.</word>
<word id="word_430">gada</word>
<word id="word_431">6.</word>
<word id="word_432">martam</word>
<word id="word_433">(</word>
<word id="word_434">30</word>
<word id="word_435">dienu</word>
<word id="word_436">laikā</word>
<word id="word_437">no</word>
<word id="word_438">šī</word>
<word id="word_439">paziņojuma</word>
<word id="word_440">publicēšanas</word>
<word id="word_441">)</word>
<word id="word_442">.</word>
<word id="word_443">Sabiedriskās</word>
<word id="word_444">apspriešanas</word>
<word id="word_445">sanāksme</word>
<word id="word_446">notiks</word>
<word id="word_447">2013.</word>
<word id="word_448">gada</word>
<word id="word_449">14.</word>
<word id="word_450">februārī</word>
<word id="word_451">plkst.</word>
<word id="word_452">11.00</word>
<word id="word_453">Daugavpils</word>
<word id="word_454">pašvaldības</word>
<word id="word_455">iestādes</word>
<word id="word_456">&quot;</word>
<word id="word_457">Komunālās</word>
<word id="word_458">saimniecības</word>
<word id="word_459">pārvalde</word>
<word id="word_460">&quot;</word>
<word id="word_461">konferenču</word>
<word id="word_462">zālē</word>
<word id="word_463">Saules</word>
<word id="word_464">ielā</word>
<word id="word_465">5A</word>
<word id="word_466">,</word>
<word id="word_467">Daugavpilī</word>
<word id="word_468">.</word>
<word id="word_469">Par</word>
<word id="word_470">atļaujas</word>
<word id="word_471">izsniegšanu</word>
<word id="word_472">atbildīga</word>
<word id="word_473">Valsts</word>
<word id="word_474">vides</word>
<word id="word_475">dienesta</word>
<word id="word_476">Daugavpils</word>
<word id="word_477">reģionālā</word>
<word id="word_478">vides</word>
<word id="word_479">pārvaldē</word>
<word id="word_480">Raiņa</word>
<word id="word_481">ielā</word>
<word id="word_482">28</word>
<word id="word_483">,</word>
<word id="word_484">Daugavpilī</word>
<word id="word_485">,</word>
<word id="word_486">LV-5401</word>
<word id="word_487">.</word>
</words>