<?xml version="1.0" encoding="UTF-8"?>
<!DOCTYPE markables SYSTEM "markables.dtd">
<markables xmlns="www.eml.org/NameSpaces/coref">
<markable id="markable_1" span="word_5..word_6" coref_class="empty" category="organization" mmax_level="coref"  rule="none"  type="none"/>
<markable id="markable_2" span="word_23..word_24" coref_class="empty" category="organization" mmax_level="coref"  rule="none"  type="none"/>
<markable id="markable_3" span="word_38..word_39" coref_class="empty" category="organization" mmax_level="coref"  rule="none"  type="none"/>
<markable id="markable_4" span="word_79" coref_class="empty" category="profession" mmax_level="coref"  rule="none"  type="none"/>
<markable id="markable_5" span="word_83..word_84" coref_class="empty" category="organization" mmax_level="coref"  rule="none"  type="none"/>
<markable id="markable_6" span="word_92" coref_class="empty" category="location" mmax_level="coref"  rule="none"  type="none"/>
<markable id="markable_7" span="word_94..word_95" coref_class="empty" category="location" mmax_level="coref"  rule="none"  type="none"/>
<markable id="markable_8" span="word_100..word_101" coref_class="empty" category="organization" mmax_level="coref"  rule="none"  type="none"/>
<markable id="markable_9" span="word_123..word_124" coref_class="empty" category="organization" mmax_level="coref"  rule="none"  type="none"/>
<markable id="markable_10" span="word_128..word_131" coref_class="empty" category="profession" mmax_level="coref"  rule="none"  type="none"/>
<markable id="markable_11" span="word_132..word_133" coref_class="empty" category="time" mmax_level="coref"  rule="none"  type="none"/>
<markable id="markable_12" span="word_135..word_137" coref_class="empty" category="location" mmax_level="coref"  rule="none"  type="none"/>
<markable id="markable_13" span="word_139" coref_class="empty" category="location" mmax_level="coref"  rule="none"  type="none"/>
<markable id="markable_14" span="word_149..word_153" coref_class="empty" category="organization" mmax_level="coref"  rule="none"  type="none"/>
<markable id="markable_15" span="word_155..word_157" coref_class="empty" category="location" mmax_level="coref"  rule="none"  type="none"/>
<markable id="markable_16" span="word_172..word_173" coref_class="empty" category="time" mmax_level="coref"  rule="none"  type="none"/>
<markable id="markable_17" span="word_176..word_179" coref_class="empty" category="organization" mmax_level="coref"  rule="none"  type="none"/>
<markable id="markable_18" span="word_182..word_184" coref_class="empty" category="location" mmax_level="coref"  rule="none"  type="none"/>
<markable id="markable_19" span="word_186" coref_class="empty" category="location" mmax_level="coref"  rule="none"  type="none"/>
<markable id="markable_20" span="word_193" coref_class="empty" category="location" mmax_level="coref"  rule="none"  type="none"/>
<markable id="markable_21" span="word_202..word_205" coref_class="empty" category="organization" mmax_level="coref"  rule="none"  type="none"/>
<markable id="markable_22" span="word_207..word_209" coref_class="empty" category="location" mmax_level="coref"  rule="none"  type="none"/>
<markable id="markable_23" span="word_211" coref_class="empty" category="location" mmax_level="coref"  rule="none"  type="none"/>
<markable id="markable_24" span="word_214..word_217" coref_class="empty" category="time" mmax_level="coref"  rule="none"  type="none"/>
</markables>