<?xml version="1.0" encoding="UTF-8"?>
<!DOCTYPE markables SYSTEM "markables.dtd">
<markables xmlns="www.eml.org/NameSpaces/sentence">
<markable mmax_level="sentence" id="markable_1" span="word_1..word_15" />
<markable mmax_level="sentence" id="markable_2" span="word_16..word_18" />
<markable mmax_level="sentence" id="markable_3" span="word_19..word_33" />
<markable mmax_level="sentence" id="markable_4" span="word_34..word_63" />
<markable mmax_level="sentence" id="markable_5" span="word_64..word_75" />
<markable mmax_level="sentence" id="markable_6" span="word_76..word_86" />
<markable mmax_level="sentence" id="markable_7" span="word_87..word_96" />
<markable mmax_level="sentence" id="markable_8" span="word_97..word_110" />
<markable mmax_level="sentence" id="markable_9" span="word_111..word_117" />
<markable mmax_level="sentence" id="markable_10" span="word_118..word_147" />
<markable mmax_level="sentence" id="markable_11" span="word_148..word_166" />
<markable mmax_level="sentence" id="markable_12" span="word_167..word_187" />
<markable mmax_level="sentence" id="markable_13" span="word_188..word_197" />
<markable mmax_level="sentence" id="markable_14" span="word_198..word_218" />
</markables>