<?xml version="1.0" encoding="UTF-8"?>
<!DOCTYPE words SYSTEM "words.dtd">
<words><word id="word_1">Paziņojums</word>
<word id="word_2">par</word>
<word id="word_3">SIA</word>
<word id="word_4">&quot;</word>
<word id="word_5">Ventamonjaks</word>
<word id="word_6">serviss</word>
<word id="word_7">&quot;</word>
<word id="word_8">B</word>
<word id="word_9">kategorijas</word>
<word id="word_10">piesārņojošās</word>
<word id="word_11">darbības</word>
<word id="word_12">atļaujas</word>
<word id="word_13">iesnieguma</word>
<word id="word_14">sabiedrisko</word>
<word id="word_15">apspriešanu</word>
<word id="word_16">05</word>
<word id="word_17">Feb</word>
<word id="word_18">2013</word>
<word id="word_19">Paziņojums</word>
<word id="word_20">par</word>
<word id="word_21">SIA</word>
<word id="word_22">&quot;</word>
<word id="word_23">Ventamonjaks</word>
<word id="word_24">serviss</word>
<word id="word_25">&quot;</word>
<word id="word_26">B</word>
<word id="word_27">kategorijas</word>
<word id="word_28">piesārņojošās</word>
<word id="word_29">darbības</word>
<word id="word_30">atļaujas</word>
<word id="word_31">iesnieguma</word>
<word id="word_32">sabiedrisko</word>
<word id="word_33">apspriešanu</word>
<word id="word_34">Sakarā</word>
<word id="word_35">ar</word>
<word id="word_36">SIA</word>
<word id="word_37">&quot;</word>
<word id="word_38">Ventamonjaks</word>
<word id="word_39">serviss</word>
<word id="word_40">&quot;</word>
<word id="word_41">B</word>
<word id="word_42">kategorijas</word>
<word id="word_43">atļaujas</word>
<word id="word_44">darbības</word>
<word id="word_45">termiņa</word>
<word id="word_46">izbeigšanos</word>
<word id="word_47">un</word>
<word id="word_48">plānotām</word>
<word id="word_49">būtiskām</word>
<word id="word_50">izmaiņām</word>
<word id="word_51">esošajā</word>
<word id="word_52">darbība</word>
<word id="word_53">ir</word>
<word id="word_54">sagatavots</word>
<word id="word_55">jauns</word>
<word id="word_56">iesniegums</word>
<word id="word_57">atļaujas</word>
<word id="word_58">saņemšanai</word>
<word id="word_59">B</word>
<word id="word_60">kategorijas</word>
<word id="word_61">piesārņojošai</word>
<word id="word_62">darbībai</word>
<word id="word_63">.</word>
<word id="word_64">Plānotās</word>
<word id="word_65">darbības</word>
<word id="word_66">nosaukums</word>
<word id="word_67">un</word>
<word id="word_68">veids</word>
<word id="word_69">:</word>
<word id="word_70">ķīmisko</word>
<word id="word_71">un</word>
<word id="word_72">naftu</word>
<word id="word_73">produktu</word>
<word id="word_74">pārkraušana</word>
<word id="word_75">.</word>
<word id="word_76">Iekārtu</word>
<word id="word_77">īpašnieks</word>
<word id="word_78">un</word>
<word id="word_79">operators</word>
<word id="word_80">-</word>
<word id="word_81">SIA</word>
<word id="word_82">&quot;</word>
<word id="word_83">Ventamonjaks</word>
<word id="word_84">serviss</word>
<word id="word_85">&quot;</word>
<word id="word_86">.</word>
<word id="word_87">Paredzētās</word>
<word id="word_88">piesārņojošās</word>
<word id="word_89">darbības</word>
<word id="word_90">vieta</word>
<word id="word_91">-</word>
<word id="word_92">Ventspils</word>
<word id="word_93">,</word>
<word id="word_94">Dzintaru</word>
<word id="word_95">iela</word>
<word id="word_96">66.</word>
<word id="word_97">Ar</word>
<word id="word_98">SIA</word>
<word id="word_99">&quot;</word>
<word id="word_100">Ventamonjaks</word>
<word id="word_101">serviss</word>
<word id="word_102">&quot;</word>
<word id="word_103">iesniegumu</word>
<word id="word_104">un</word>
<word id="word_105">tam</word>
<word id="word_106">pievienotajiem</word>
<word id="word_107">dokumentiem</word>
<word id="word_108">iespējams</word>
<word id="word_109">iepazīties</word>
<word id="word_110">:</word>
<word id="word_111">-</word>
<word id="word_112">Valsts</word>
<word id="word_113">vides</word>
<word id="word_114">dienesta</word>
<word id="word_115">mājaslapā</word>
<word id="word_116">internetā</word>
<word id="word_117">;</word>
<word id="word_118">-</word>
<word id="word_119">darbdienās</word>
<word id="word_120">pie</word>
<word id="word_121">SIA</word>
<word id="word_122">&quot;</word>
<word id="word_123">Ventamonjaks</word>
<word id="word_124">serviss</word>
<word id="word_125">&quot;</word>
<word id="word_126">darba</word>
<word id="word_127">un</word>
<word id="word_128">vides</word>
<word id="word_129">aizsardzības</word>
<word id="word_130">daļas</word>
<word id="word_131">vadītājas</word>
<word id="word_132">207.</word>
<word id="word_133">kabinetā</word>
<word id="word_134">,</word>
<word id="word_135">Dzintaru</word>
<word id="word_136">ielā</word>
<word id="word_137">66</word>
<word id="word_138">,</word>
<word id="word_139">Ventspilī</word>
<word id="word_140">,</word>
<word id="word_141">iepriekš</word>
<word id="word_142">saskaņojot</word>
<word id="word_143">laiku</word>
<word id="word_144">pa</word>
<word id="word_145">tālruni</word>
<word id="word_146">63660538</word>
<word id="word_147">;</word>
<word id="word_148">-</word>
<word id="word_149">Ventspils</word>
<word id="word_150">pilsētas</word>
<word id="word_151">domes</word>
<word id="word_152">23.</word>
<word id="word_153">kabinetā</word>
<word id="word_154">,</word>
<word id="word_155">Jūras</word>
<word id="word_156">ielā</word>
<word id="word_157">36</word>
<word id="word_158">,</word>
<word id="word_159">darbdienās</word>
<word id="word_160">no</word>
<word id="word_161">plkst.</word>
<word id="word_162">8.00</word>
<word id="word_163">līdz</word>
<word id="word_164">plkst.</word>
<word id="word_165">17.00</word>
<word id="word_166">.</word>
<word id="word_167">Sabiedriskās</word>
<word id="word_168">apspriešanas</word>
<word id="word_169">sanāksme</word>
<word id="word_170">notiks</word>
<word id="word_171">š.g.</word>
<word id="word_172">14.</word>
<word id="word_173">februārī</word>
<word id="word_174">plkst.</word>
<word id="word_175">17.00</word>
<word id="word_176">Ventspils</word>
<word id="word_177">reģionālās</word>
<word id="word_178">vides</word>
<word id="word_179">pārvaldes</word>
<word id="word_180">zālē</word>
<word id="word_181">,</word>
<word id="word_182">Dārzu</word>
<word id="word_183">ielā</word>
<word id="word_184">2</word>
<word id="word_185">,</word>
<word id="word_186">Ventspilī</word>
<word id="word_187">.</word>
<word id="word_188">Par</word>
<word id="word_189">atļaujas</word>
<word id="word_190">izsniegšanu</word>
<word id="word_191">atbildīga</word>
<word id="word_192">ir</word>
<word id="word_193">Ventspils</word>
<word id="word_194">reģionālā</word>
<word id="word_195">vides</word>
<word id="word_196">pārvalde</word>
<word id="word_197">.</word>
<word id="word_198">Rakstiskus</word>
<word id="word_199">priekšlikumus</word>
<word id="word_200">var</word>
<word id="word_201">iesniegt</word>
<word id="word_202">Ventspils</word>
<word id="word_203">reģionālās</word>
<word id="word_204">vides</word>
<word id="word_205">pārvaldē</word>
<word id="word_206">(</word>
<word id="word_207">Dārzu</word>
<word id="word_208">ielā</word>
<word id="word_209">2</word>
<word id="word_210">,</word>
<word id="word_211">Ventspilī</word>
<word id="word_212">)</word>
<word id="word_213">līdz</word>
<word id="word_214">2013.</word>
<word id="word_215">gada</word>
<word id="word_216">10.</word>
<word id="word_217">martam</word>
<word id="word_218">.</word>
</words>