<?xml version="1.0" encoding="UTF-8"?>
<!DOCTYPE markables SYSTEM "markables.dtd">
<markables xmlns="www.eml.org/NameSpaces/coref">
<markable id="markable_1" span="word_36..word_37" coref_class="empty" category="organization" mmax_level="coref"  rule="none"  type="none"/>
<markable id="markable_2" span="word_48..word_50" coref_class="empty" category="location" mmax_level="coref"  rule="none"  type="none"/>
<markable id="markable_3" span="word_52" coref_class="empty" category="location" mmax_level="coref"  rule="none"  type="none"/>
<markable id="markable_4" span="word_56..word_59" coref_class="empty" category="time" mmax_level="coref"  rule="none"  type="none"/>
<markable id="markable_5" span="word_74..word_77" coref_class="empty" category="time" mmax_level="coref"  rule="none"  type="none"/>
<markable id="markable_6" span="word_154..word_157" coref_class="empty" category="time" mmax_level="coref"  rule="none"  type="none"/>
<markable id="markable_7" span="word_163" coref_class="empty" category="location" mmax_level="coref"  rule="none"  type="none"/>
<markable id="markable_8" span="word_172" coref_class="empty" category="organization" mmax_level="coref"  rule="none"  type="none"/>
<markable id="markable_9" span="word_176" coref_class="empty" category="organization" mmax_level="coref"  rule="none"  type="none"/>
<markable id="markable_10" span="word_212..word_213" coref_class="empty" category="organization" mmax_level="coref"  rule="none"  type="none"/>
<markable id="markable_11" span="word_215..word_217" coref_class="empty" category="location" mmax_level="coref"  rule="none"  type="none"/>
<markable id="markable_12" span="word_219" coref_class="empty" category="location" mmax_level="coref"  rule="none"  type="none"/>
<markable id="markable_13" span="word_240..word_241" coref_class="empty" category="person" mmax_level="coref"  rule="none"  type="none"/>
<markable id="markable_14" span="word_258..word_259" coref_class="empty" category="organization" mmax_level="coref"  rule="none"  type="none"/>
<markable id="markable_15" span="word_261..word_263" coref_class="empty" category="location" mmax_level="coref"  rule="none"  type="none"/>
<markable id="markable_16" span="word_265" coref_class="empty" category="location" mmax_level="coref"  rule="none"  type="none"/>
<markable id="markable_17" span="word_279..word_282" coref_class="empty" category="product" mmax_level="coref"  rule="none"  type="none"/>
<markable id="markable_18" span="word_284..word_288" coref_class="empty" category="location" mmax_level="coref"  rule="none"  type="none"/>
</markables>