<?xml version="1.0" encoding="UTF-8"?>
<!DOCTYPE markables SYSTEM "markables.dtd">
<markables xmlns="www.eml.org/NameSpaces/sentence">
<markable mmax_level="sentence" id="markable_1" span="word_1..word_4" />
<markable mmax_level="sentence" id="markable_2" span="word_5..word_7" />
<markable mmax_level="sentence" id="markable_3" span="word_8..word_11" />
<markable mmax_level="sentence" id="markable_4" span="word_12..word_39" />
<markable mmax_level="sentence" id="markable_5" span="word_40..word_53" />
<markable mmax_level="sentence" id="markable_6" span="word_54..word_71" />
<markable mmax_level="sentence" id="markable_7" span="word_72..word_110" />
<markable mmax_level="sentence" id="markable_8" span="word_111..word_124" />
<markable mmax_level="sentence" id="markable_9" span="word_125..word_139" />
<markable mmax_level="sentence" id="markable_10" span="word_140..word_163" />
<markable mmax_level="sentence" id="markable_11" span="word_164..word_169" />
<markable mmax_level="sentence" id="markable_12" span="word_170..word_264" />
<markable mmax_level="sentence" id="markable_13" span="word_265..word_307" />
<markable mmax_level="sentence" id="markable_14" span="word_308..word_387" />
<markable mmax_level="sentence" id="markable_15" span="word_388..word_442" />
<markable mmax_level="sentence" id="markable_16" span="word_443..word_468" />
<markable mmax_level="sentence" id="markable_17" span="word_469..word_487" />
</markables>