<?xml version="1.0" encoding="UTF-8"?>
<!DOCTYPE words SYSTEM "words.dtd">
<words><word id="word_1">Paziņojums</word>
<word id="word_2">par</word>
<word id="word_3">AS</word>
<word id="word_4">&quot;</word>
<word id="word_5">RĪGAS</word>
<word id="word_6">SILTUMS</word>
<word id="word_7">&quot;</word>
<word id="word_8">siltumenerģijas</word>
<word id="word_9">tarifu</word>
<word id="word_10">projekta</word>
<word id="word_11">iesniegšanu</word>
<word id="word_12">Sabiedrisko</word>
<word id="word_13">pakalpojumu</word>
<word id="word_14">regulēšanas</word>
<word id="word_15">komisijai</word>
<word id="word_16">05</word>
<word id="word_17">Feb</word>
<word id="word_18">2013</word>
<word id="word_19">Paziņojums</word>
<word id="word_20">par</word>
<word id="word_21">AS</word>
<word id="word_22">&quot;</word>
<word id="word_23">RĪGAS</word>
<word id="word_24">SILTUMS</word>
<word id="word_25">&quot;</word>
<word id="word_26">siltumenerģijas</word>
<word id="word_27">tarifu</word>
<word id="word_28">projekta</word>
<word id="word_29">iesniegšanu</word>
<word id="word_30">Sabiedrisko</word>
<word id="word_31">pakalpojumu</word>
<word id="word_32">regulēšanas</word>
<word id="word_33">komisijai</word>
<word id="word_34">AS</word>
<word id="word_35">&quot;</word>
<word id="word_36">RĪGAS</word>
<word id="word_37">SILTUMS</word>
<word id="word_38">&quot;</word>
<word id="word_39">(</word>
<word id="word_40">vienotais</word>
<word id="word_41">reģistrācijas</word>
<word id="word_42">Nr.</word>
<word id="word_43">40003286750</word>
<word id="word_44">,</word>
<word id="word_45">juridiskā</word>
<word id="word_46">adrese</word>
<word id="word_47">:</word>
<word id="word_48">Cēsu</word>
<word id="word_49">ielā</word>
<word id="word_50">3a</word>
<word id="word_51">,</word>
<word id="word_52">Rīga</word>
<word id="word_53">,</word>
<word id="word_54">LV-1012</word>
<word id="word_55">)</word>
<word id="word_56">2013.</word>
<word id="word_57">gada</word>
<word id="word_58">31.</word>
<word id="word_59">janvārī</word>
<word id="word_60">Sabiedrisko</word>
<word id="word_61">pakalpojumu</word>
<word id="word_62">regulēšanas</word>
<word id="word_63">komisijai</word>
<word id="word_64">iesniedza</word>
<word id="word_65">siltumenerģijas</word>
<word id="word_66">tarifu</word>
<word id="word_67">projektu</word>
<word id="word_68">,</word>
<word id="word_69">kas</word>
<word id="word_70">ir</word>
<word id="word_71">aprēķināti</word>
<word id="word_72">saskaņā</word>
<word id="word_73">ar</word>
<word id="word_74">2010.</word>
<word id="word_75">gada</word>
<word id="word_76">14.</word>
<word id="word_77">aprīlī</word>
<word id="word_78">Sabiedrisko</word>
<word id="word_79">pakalpojumu</word>
<word id="word_80">regulēšanas</word>
<word id="word_81">komisijā</word>
<word id="word_82">apstiprināto</word>
<word id="word_83">Siltumenerģijas</word>
<word id="word_84">apgādes</word>
<word id="word_85">pakalpojumu</word>
<word id="word_86">tarifu</word>
<word id="word_87">aprēķināšanas</word>
<word id="word_88">metodiku</word>
<word id="word_89">.</word>
<word id="word_90">&lt;</word>
<word id="word_91">img</word>
<word id="word_92">s</word>
<word id="word_93">r</word>
<word id="word_94">c</word>
<word id="word_95">=</word>
<word id="word_96">&quot;</word>
<word id="word_97">https</word>
<word id="word_98">:</word>
<word id="word_99">//</word>
<word id="word_100">www.vestnesis.lv/wwwraksti/2013/025/OP/OFICIALIE_PAZINOJUMI/BILDES/ADD6D019-D677-45E5-8166-716E6C25E13C.PNG</word>
<word id="word_101">&quot;</word>
<word id="word_102">a</word>
<word id="word_103">l</word>
<word id="word_104">t</word>
<word id="word_105">=</word>
<word id="word_106">&quot;</word>
<word id="word_107">&quot;</word>
<word id="word_108">w</word>
<word id="word_109">i</word>
<word id="word_110">d</word>
<word id="word_111">t</word>
<word id="word_112">h</word>
<word id="word_113">=</word>
<word id="word_114">&quot;</word>
<word id="word_115">373</word>
<word id="word_116">&quot;</word>
<word id="word_117">h</word>
<word id="word_118">e</word>
<word id="word_119">i</word>
<word id="word_120">g</word>
<word id="word_121">h</word>
<word id="word_122">t</word>
<word id="word_123">=</word>
<word id="word_124">&quot;</word>
<word id="word_125">560</word>
<word id="word_126">&quot;</word>
<word id="word_127">/</word>
<word id="word_128">&gt;</word>
<word id="word_129">Piedāvātie</word>
<word id="word_130">siltumenerģijas</word>
<word id="word_131">tarifi</word>
<word id="word_132">(</word>
<word id="word_133">bez</word>
<word id="word_134">pievienotās</word>
<word id="word_135">vērtības</word>
<word id="word_136">nodokļa</word>
<word id="word_137">)</word>
<word id="word_138">atkarībā</word>
<word id="word_139">no</word>
<word id="word_140">dabasgāzes</word>
<word id="word_141">diferencētajiem</word>
<word id="word_142">tirdzniecības</word>
<word id="word_143">gala</word>
<word id="word_144">tarifiem</word>
<word id="word_145">pie</word>
<word id="word_146">dažādām</word>
<word id="word_147">dabasgāzes</word>
<word id="word_148">tirdzniecības</word>
<word id="word_149">cenām</word>
<word id="word_150">varētu</word>
<word id="word_151">stāties</word>
<word id="word_152">spēkā</word>
<word id="word_153">no</word>
<word id="word_154">2013.</word>
<word id="word_155">gada</word>
<word id="word_156">1.</word>
<word id="word_157">jūnija</word>
<word id="word_158">.</word>
<word id="word_159">Tarifu</word>
<word id="word_160">izmaiņas</word>
<word id="word_161">saistītas</word>
<word id="word_162">ar</word>
<word id="word_163">Rīgas</word>
<word id="word_164">siltumapgādes</word>
<word id="word_165">sistēmas</word>
<word id="word_166">modernizāciju</word>
<word id="word_167">,</word>
<word id="word_168">izbūvējot</word>
<word id="word_169">biokurināmā</word>
<word id="word_170">siltumcentrāles</word>
<word id="word_171">&quot;</word>
<word id="word_172">Ziepniekkalns</word>
<word id="word_173">&quot;</word>
<word id="word_174">un</word>
<word id="word_175">&quot;</word>
<word id="word_176">Zasulauks</word>
<word id="word_177">&quot;</word>
<word id="word_178">,</word>
<word id="word_179">kas</word>
<word id="word_180">,</word>
<word id="word_181">uzsākot</word>
<word id="word_182">savu</word>
<word id="word_183">darbību</word>
<word id="word_184">,</word>
<word id="word_185">samazinās</word>
<word id="word_186">siltumenerģijas</word>
<word id="word_187">ražošanas</word>
<word id="word_188">izmaksas</word>
<word id="word_189">.</word>
<word id="word_190">Iepazīties</word>
<word id="word_191">ar</word>
<word id="word_192">siltumenerģijas</word>
<word id="word_193">tarifu</word>
<word id="word_194">projektā</word>
<word id="word_195">ietverto</word>
<word id="word_196">vispārpieejamo</word>
<word id="word_197">informāciju</word>
<word id="word_198">,</word>
<word id="word_199">kā_arī</word>
<word id="word_200">sniegt</word>
<word id="word_201">savus</word>
<word id="word_202">priekšlikumus</word>
<word id="word_203">un</word>
<word id="word_204">ieteikumus</word>
<word id="word_205">par</word>
<word id="word_206">tarifu</word>
<word id="word_207">projektu</word>
<word id="word_208">lietotāji</word>
<word id="word_209">var</word>
<word id="word_210">AS</word>
<word id="word_211">&quot;</word>
<word id="word_212">RĪGAS</word>
<word id="word_213">SILTUMS</word>
<word id="word_214">&quot;</word>
<word id="word_215">Cēsu</word>
<word id="word_216">ielā</word>
<word id="word_217">3a</word>
<word id="word_218">,</word>
<word id="word_219">Rīgā</word>
<word id="word_220">no</word>
<word id="word_221">pirmdienas</word>
<word id="word_222">līdz</word>
<word id="word_223">ceturtdienai</word>
<word id="word_224">no</word>
<word id="word_225">plkst.</word>
<word id="word_226">7.30</word>
<word id="word_227">līdz</word>
<word id="word_228">16.00</word>
<word id="word_229">,</word>
<word id="word_230">piektdienās</word>
<word id="word_231">no</word>
<word id="word_232">plkst.</word>
<word id="word_233">7.30</word>
<word id="word_234">līdz</word>
<word id="word_235">15.00</word>
<word id="word_236">,</word>
<word id="word_237">iepriekš</word>
<word id="word_238">sazinoties</word>
<word id="word_239">ar</word>
<word id="word_240">Biruti</word>
<word id="word_241">Krūzi</word>
<word id="word_242">,</word>
<word id="word_243">tālr.</word>
<word id="word_244">67017359.</word>
<word id="word_245">Priekšlikumus</word>
<word id="word_246">un</word>
<word id="word_247">iesniegumus</word>
<word id="word_248">par</word>
<word id="word_249">tarifu</word>
<word id="word_250">projektu</word>
<word id="word_251">rakstveidā</word>
<word id="word_252">vai</word>
<word id="word_253">elektroniski</word>
<word id="word_254">var</word>
<word id="word_255">iesniegt</word>
<word id="word_256">AS</word>
<word id="word_257">&quot;</word>
<word id="word_258">RĪGAS</word>
<word id="word_259">SILTUMS</word>
<word id="word_260">&quot;</word>
<word id="word_261">Cēsu</word>
<word id="word_262">ielā</word>
<word id="word_263">3a</word>
<word id="word_264">,</word>
<word id="word_265">Rīgā</word>
<word id="word_266">(</word>
<word id="word_267">e-pasts</word>
<word id="word_268">:</word>
<word id="word_269">siltums@rs.lv</word>
<word id="word_270">,</word>
<word id="word_271">tālr.</word>
<word id="word_272">67017359</word>
<word id="word_273">,</word>
<word id="word_274">fakss</word>
<word id="word_275">67017363</word>
<word id="word_276">)</word>
<word id="word_277">,</word>
<word id="word_278">kā_arī</word>
<word id="word_279">Sabiedrisko</word>
<word id="word_280">pakalpojumu</word>
<word id="word_281">regulēšanas</word>
<word id="word_282">komisijai</word>
<word id="word_283">(</word>
<word id="word_284">Rīgā</word>
<word id="word_285">,</word>
<word id="word_286">Brīvības</word>
<word id="word_287">ielā</word>
<word id="word_288">55</word>
<word id="word_289">,</word>
<word id="word_290">fakss</word>
<word id="word_291">67097200</word>
<word id="word_292">,</word>
<word id="word_293">e-pasts</word>
<word id="word_294">:</word>
<word id="word_295">sprk@sprk.gov.lv</word>
<word id="word_296">)</word>
<word id="word_297">,</word>
<word id="word_298">20</word>
<word id="word_299">dienu</word>
<word id="word_300">laikā</word>
<word id="word_301">pēc</word>
<word id="word_302">šī</word>
<word id="word_303">paziņojuma</word>
<word id="word_304">publicēšanas</word>
<word id="word_305">normatīvajos</word>
<word id="word_306">aktos</word>
<word id="word_307">noteiktajā</word>
<word id="word_308">kārtībā</word>
<word id="word_309">.</word>
</words>