<?xml version="1.0" encoding="UTF-8"?>
<!DOCTYPE words SYSTEM "words.dtd">
<words><word id="word_1">Paziņojums</word>
<word id="word_2">par</word>
<word id="word_3">promocijas</word>
<word id="word_4">darba</word>
<word id="word_5">aizstāvēšanu</word>
<word id="word_6">07</word>
<word id="word_7">Feb</word>
<word id="word_8">2013</word>
<word id="word_9">Paziņojums</word>
<word id="word_10">par</word>
<word id="word_11">promocijas</word>
<word id="word_12">darba</word>
<word id="word_13">aizstāvēšanu</word>
<word id="word_14">2013.</word>
<word id="word_15">gada</word>
<word id="word_16">22.</word>
<word id="word_17">februārī</word>
<word id="word_18">plkst.</word>
<word id="word_19">15.00</word>
<word id="word_20">notiks</word>
<word id="word_21">LU</word>
<word id="word_22">Juridiskās</word>
<word id="word_23">zinātnes</word>
<word id="word_24">nozares</word>
<word id="word_25">valststiesību</word>
<word id="word_26">,</word>
<word id="word_27">starptautisko</word>
<word id="word_28">tiesību</word>
<word id="word_29">,</word>
<word id="word_30">tiesību</word>
<word id="word_31">teorijas</word>
<word id="word_32">un</word>
<word id="word_33">vēstures</word>
<word id="word_34">un</word>
<word id="word_35">policijas</word>
<word id="word_36">tiesību</word>
<word id="word_37">apakšnozares</word>
<word id="word_38">promocijas</word>
<word id="word_39">padomes</word>
<word id="word_40">atklātā</word>
<word id="word_41">sēde</word>
<word id="word_42">(</word>
<word id="word_43">Rīgā</word>
<word id="word_44">,</word>
<word id="word_45">Raiņa</word>
<word id="word_46">bulvārī</word>
<word id="word_47">19</word>
<word id="word_48">,</word>
<word id="word_49">8.</word>
<word id="word_50">auditorijā</word>
<word id="word_51">)</word>
<word id="word_52">,</word>
<word id="word_53">kurā</word>
<word id="word_54">promocijas</word>
<word id="word_55">darbu</word>
<word id="word_56">tiesību</word>
<word id="word_57">doktora</word>
<word id="word_58">zinātniskā</word>
<word id="word_59">grāda</word>
<word id="word_60">iegūšanai</word>
<word id="word_61">aizstāvēs</word>
<word id="word_62">INESE</word>
<word id="word_63">ŅIKUĻCEVA</word>
<word id="word_64">.</word>
<word id="word_65">Tēma</word>
<word id="word_66">:</word>
<word id="word_67">&quot;</word>
<word id="word_68">Tautas</word>
<word id="word_69">nobalsošana</word>
<word id="word_70">un</word>
<word id="word_71">vēlētāju</word>
<word id="word_72">likumdošanas</word>
<word id="word_73">iniciatīva</word>
<word id="word_74">&quot;</word>
<word id="word_75">.</word>
<word id="word_76">Recenzenti</word>
<word id="word_77">:</word>
<word id="word_78">1.</word>
<word id="word_79">Prof.</word>
<word id="word_80">Dr.</word>
<word id="word_81">iur</word>
<word id="word_82">.</word>
<word id="word_83">S.</word>
<word id="word_84">Osipova</word>
<word id="word_85">2.</word>
<word id="word_86">Prof.</word>
<word id="word_87">Dr.</word>
<word id="word_88">iur</word>
<word id="word_89">.</word>
<word id="word_90">I.</word>
<word id="word_91">Čepāne</word>
<word id="word_92">3.</word>
<word id="word_93">Prof.</word>
<word id="word_94">Dr.</word>
<word id="word_95">iur</word>
<word id="word_96">.</word>
<word id="word_97">G.</word>
<word id="word_98">Ulrich</word>
<word id="word_99">(</word>
<word id="word_100">Rīgas</word>
<word id="word_101">Juridiskā</word>
<word id="word_102">augstskola</word>
<word id="word_103">)</word>
<word id="word_104">.</word>
<word id="word_105">Ar</word>
<word id="word_106">promocijas</word>
<word id="word_107">darbu</word>
<word id="word_108">var</word>
<word id="word_109">iepazīties</word>
<word id="word_110">LU</word>
<word id="word_111">daudznozaru</word>
<word id="word_112">bibliotēkā</word>
<word id="word_113">(</word>
<word id="word_114">datorika</word>
<word id="word_115">,</word>
<word id="word_116">juridiskās</word>
<word id="word_117">zinātnes</word>
<word id="word_118">,</word>
<word id="word_119">teoloģija</word>
<word id="word_120">)</word>
<word id="word_121">Raiņa</word>
<word id="word_122">bulvārī</word>
<word id="word_123">19.</word>
</words>