<?xml version="1.0" encoding="UTF-8"?>
<!DOCTYPE markables SYSTEM "markables.dtd">
<markables xmlns="www.eml.org/NameSpaces/coref">
<markable id="markable_19" span="word_16..word_18" coref_class="empty"  category="organization"  mmax_level="coref"  rule="none"  type="none" />
<markable id="markable_25" span="word_43..word_44" coref_class="empty"  category="person"  mmax_level="coref"  rule="none"  type="none" />
<markable id="markable_16" span="word_6..word_8" coref_class="empty"  category="time"  mmax_level="coref"  rule="none"  type="none" />
<markable id="markable_24" span="word_34..word_35" coref_class="empty"  category="person"  mmax_level="coref"  rule="none"  type="none" />
<markable id="markable_23" span="word_30..word_31" coref_class="empty"  category="person"  mmax_level="coref"  rule="none"  type="none" />
<markable id="markable_36" span="word_227" coref_class="empty"  category="location"  mmax_level="coref"  rule="none"  type="none" />
<markable id="markable_22" span="word_27..word_28" coref_class="empty"  category="person"  mmax_level="coref"  rule="none"  type="none" />
<markable id="markable_35" span="word_223..word_226" coref_class="empty"  category="organization"  mmax_level="coref"  rule="none"  type="none" />
<markable id="markable_29" span="word_74..word_77" coref_class="empty"  category="time"  mmax_level="coref"  rule="none"  type="none" />
<markable id="markable_28" span="word_64" coref_class="empty"  category="person"  mmax_level="coref"  rule="none"  type="none" />
<markable id="markable_27" span="word_62" coref_class="empty"  category="location"  mmax_level="coref"  rule="none"  type="none" />
<markable id="markable_26" span="word_46..word_47" coref_class="empty"  category="person"  mmax_level="coref"  rule="none"  type="none" />
<markable id="markable_21" span="word_19..word_20" coref_class="empty"  category="time"  mmax_level="coref"  rule="none"  type="none" />
<markable id="markable_30" span="word_95..word_98" coref_class="empty"  category="time"  mmax_level="coref"  rule="none"  type="none" />
<markable id="markable_40" span="word_255..word_256" coref_class="empty"  category="person"  mmax_level="coref"  rule="none"  type="none" />
<markable id="markable_32" span="word_200..word_202" coref_class="empty"  category="organization"  mmax_level="coref"  rule="none"  type="none" />
</markables>