<?xml version="1.0" encoding="UTF-8"?>
<!DOCTYPE words SYSTEM "words.dtd">
<words><word id="word_1">Priekšlikums</word>
<word id="word_2">par</word>
<word id="word_3">telpu</word>
<word id="word_4">labprātīgu</word>
<word id="word_5">atbrīvošanu</word>
<word id="word_6">07</word>
<word id="word_7">Feb</word>
<word id="word_8">2013</word>
<word id="word_9">Priekšlikums</word>
<word id="word_10">par</word>
<word id="word_11">telpu</word>
<word id="word_12">labprātīgu</word>
<word id="word_13">atbrīvošanu</word>
<word id="word_14">Pamatojoties</word>
<word id="word_15">uz</word>
<word id="word_16">Jēkabpils</word>
<word id="word_17">rajona</word>
<word id="word_18">tiesas</word>
<word id="word_19">07.06.2012</word>
<word id="word_20">.</word>
<word id="word_21">izdoto</word>
<word id="word_22">izpildu</word>
<word id="word_23">rakstu</word>
<word id="word_24">Nr.</word>
<word id="word_25">C16037212</word>
<word id="word_26">par</word>
<word id="word_27">Oļega</word>
<word id="word_28">Lukjanova</word>
<word id="word_29">,</word>
<word id="word_30">Dinas</word>
<word id="word_31">Lukjanovas</word>
<word id="word_32">un</word>
<word id="word_33">nepilngadīgā</word>
<word id="word_34">Daniela</word>
<word id="word_35">Lukjanova</word>
<word id="word_36">izlikšanu</word>
<word id="word_37">no</word>
<word id="word_38">telpām</word>
<word id="word_39">,</word>
<word id="word_40">piedāvāju</word>
<word id="word_41">jums</word>
<word id="word_42">,</word>
<word id="word_43">OĻEG</word>
<word id="word_44">LUKJANOV</word>
<word id="word_45">un</word>
<word id="word_46">DINA</word>
<word id="word_47">LUKJANOVA</word>
<word id="word_48">,</word>
<word id="word_49">saskaņā</word>
<word id="word_50">ar</word>
<word id="word_51">Civilprocesa</word>
<word id="word_52">likuma</word>
<word id="word_53">555.</word>
<word id="word_54">p.</word>
<word id="word_55">izpildīt</word>
<word id="word_56">tiesas</word>
<word id="word_57">spriedumu</word>
<word id="word_58">labprātīgi</word>
<word id="word_59">un</word>
<word id="word_60">atbrīvot</word>
<word id="word_61">telpas</word>
<word id="word_62">Jēkabpilī</word>
<word id="word_63">,</word>
<word id="word_64">Nameja</word>
<word id="word_65">ielā</word>
<word id="word_66">24</word>
<word id="word_67">-</word>
<word id="word_68">27</word>
<word id="word_69">,</word>
<word id="word_70">ne</word>
<word id="word_71">vēlāk</word>
<word id="word_72">kā</word>
<word id="word_73">līdz</word>
<word id="word_74">2013.</word>
<word id="word_75">gada</word>
<word id="word_76">21.</word>
<word id="word_77">februārim</word>
<word id="word_78">.</word>
<word id="word_79">Ja</word>
<word id="word_80">minētajā</word>
<word id="word_81">termiņā</word>
<word id="word_82">jūs</word>
<word id="word_83">neizpildīsiet</word>
<word id="word_84">tiesas</word>
<word id="word_85">spriedumu</word>
<word id="word_86">,</word>
<word id="word_87">tas</word>
<word id="word_88">tiks</word>
<word id="word_89">izpildīts</word>
<word id="word_90">piespiedu</word>
<word id="word_91">kārtā</word>
<word id="word_92">un</word>
<word id="word_93">izlikšana</word>
<word id="word_94">notiks</word>
<word id="word_95">2013.</word>
<word id="word_96">gada</word>
<word id="word_97">25.</word>
<word id="word_98">februārī</word>
<word id="word_99">plkst.</word>
<word id="word_100">11.00</word>
<word id="word_101">.</word>
<word id="word_102">Saskaņā</word>
<word id="word_103">ar</word>
<word id="word_104">Civilprocesa</word>
<word id="word_105">likuma</word>
<word id="word_106">568.</word>
<word id="word_107">p.</word>
<word id="word_108">1.</word>
<word id="word_109">d</word>
<word id="word_110">.</word>
<word id="word_111">sprieduma</word>
<word id="word_112">izpilde</word>
<word id="word_113">notiek</word>
<word id="word_114">uz</word>
<word id="word_115">parādnieka</word>
<word id="word_116">rēķina</word>
<word id="word_117">.</word>
<word id="word_118">Minētajā</word>
<word id="word_119">laikā</word>
<word id="word_120">jums</word>
<word id="word_121">ir</word>
<word id="word_122">jābūt</word>
<word id="word_123">minētajās</word>
<word id="word_124">telpās</word>
<word id="word_125">,</word>
<word id="word_126">pretējā</word>
<word id="word_127">gadījumā</word>
<word id="word_128">tiesas</word>
<word id="word_129">spriedums</word>
<word id="word_130">tiks</word>
<word id="word_131">izpildīts</word>
<word id="word_132">,</word>
<word id="word_133">piespiedu</word>
<word id="word_134">kārtā</word>
<word id="word_135">atverot</word>
<word id="word_136">durvis</word>
<word id="word_137">.</word>
<word id="word_138">Telpā</word>
<word id="word_139">esošās</word>
<word id="word_140">mantas</word>
<word id="word_141">tiks</word>
<word id="word_142">aprakstītas</word>
<word id="word_143">un</word>
<word id="word_144">novērtētas</word>
<word id="word_145">atbilstoši</word>
<word id="word_146">Civilprocesa</word>
<word id="word_147">likuma</word>
<word id="word_148">577.</word>
<word id="word_149">p.</word>
<word id="word_150">un</word>
<word id="word_151">578.</word>
<word id="word_152">p.</word>
<word id="word_153">,</word>
<word id="word_154">nodotas</word>
<word id="word_155">glabāšanā</word>
<word id="word_156">un</word>
<word id="word_157">aizvestas</word>
<word id="word_158">.</word>
<word id="word_159">Jums</word>
<word id="word_160">ir</word>
<word id="word_161">tiesības</word>
<word id="word_162">mēneša</word>
<word id="word_163">laikā</word>
<word id="word_164">saņemt</word>
<word id="word_165">glabāšanā</word>
<word id="word_166">nodoto</word>
<word id="word_167">mantu</word>
<word id="word_168">,</word>
<word id="word_169">samaksājot</word>
<word id="word_170">sprieduma</word>
<word id="word_171">izpildes</word>
<word id="word_172">izdevumus</word>
<word id="word_173">.</word>
<word id="word_174">Ja</word>
<word id="word_175">jūs</word>
<word id="word_176">atsakāties</word>
<word id="word_177">maksāt</word>
<word id="word_178">sprieduma</word>
<word id="word_179">izpildes</word>
<word id="word_180">izdevumus</word>
<word id="word_181">,</word>
<word id="word_182">tad</word>
<word id="word_183">,</word>
<word id="word_184">lai</word>
<word id="word_185">tos</word>
<word id="word_186">segtu</word>
<word id="word_187">,</word>
<word id="word_188">tiesu</word>
<word id="word_189">izpildītājs</word>
<word id="word_190">aiztur</word>
<word id="word_191">un</word>
<word id="word_192">pārdod</word>
<word id="word_193">jums</word>
<word id="word_194">piederošo</word>
<word id="word_195">mantu</word>
<word id="word_196">.</word>
<word id="word_197">Piedzinējam</word>
<word id="word_198">-</word>
<word id="word_199">privatizējamajai</word>
<word id="word_200">JK</word>
<word id="word_201">Namu</word>
<word id="word_202">pārvalde</word>
<word id="word_203">SIA</word>
<word id="word_204">-</word>
<word id="word_205">lūdzu</word>
<word id="word_206">nodrošināt</word>
<word id="word_207">atbrīvojamo</word>
<word id="word_208">telpu</word>
<word id="word_209">pieņemšanu</word>
<word id="word_210">(</word>
<word id="word_211">nepieciešamības</word>
<word id="word_212">gadījumā</word>
<word id="word_213">izliekamo</word>
<word id="word_214">mantu</word>
<word id="word_215">pieņemšanu</word>
<word id="word_216">glabāšanā</word>
<word id="word_217">)</word>
<word id="word_218">tiesas</word>
<word id="word_219">sprieduma</word>
<word id="word_220">izpildes</word>
<word id="word_221">dienā</word>
<word id="word_222">.</word>
<word id="word_223">VP</word>
<word id="word_224">Zemgales</word>
<word id="word_225">reģiona</word>
<word id="word_226">pārvaldes</word>
<word id="word_227">Jēkabpils</word>
<word id="word_228">iecirknis</word>
<word id="word_229">lūdz</word>
<word id="word_230">nodrošināt</word>
<word id="word_231">sabiedrisko</word>
<word id="word_232">kārtību</word>
<word id="word_233">tiesas</word>
<word id="word_234">sprieduma</word>
<word id="word_235">izpildes</word>
<word id="word_236">laikā</word>
<word id="word_237">.</word>
<word id="word_238">Zvērināta</word>
<word id="word_239">tiesu</word>
<word id="word_240">i</word>
<word id="word_241">z</word>
<word id="word_242">p</word>
<word id="word_243">i</word>
<word id="word_244">l</word>
<word id="word_245">d</word>
<word id="word_246">ī</word>
<word id="word_247">t</word>
<word id="word_248">ā</word>
<word id="word_249">j</word>
<word id="word_250">a</word>
<word id="word_251"> </word>
<word id="word_252">&lt;</word>
<word id="word_253">em</word>
<word id="word_254">&gt;</word>
<word id="word_255">J.</word>
<word id="word_256">Kaļiņina</word>
<word id="word_257">&lt;</word>
<word id="word_258">/</word>
<word id="word_259">em</word>
<word id="word_260">&gt;</word>
</words>