<?xml version="1.0" encoding="UTF-8"?>
<!DOCTYPE markables SYSTEM "markables.dtd">
<markables xmlns="www.eml.org/NameSpaces/sentence">
<markable mmax_level="sentence" id="markable_1" span="word_1..word_15" />
<markable mmax_level="sentence" id="markable_2" span="word_16..word_18" />
<markable mmax_level="sentence" id="markable_3" span="word_19..word_33" />
<markable mmax_level="sentence" id="markable_4" span="word_34..word_89" />
<markable mmax_level="sentence" id="markable_5" span="word_90..word_128" />
<markable mmax_level="sentence" id="markable_6" span="word_129..word_158" />
<markable mmax_level="sentence" id="markable_7" span="word_159..word_189" />
<markable mmax_level="sentence" id="markable_8" span="word_190..word_244" />
<markable mmax_level="sentence" id="markable_9" span="word_245..word_309" />
</markables>