<?xml version="1.0" encoding="UTF-8"?>
<!DOCTYPE markables SYSTEM "markables.dtd">
<markables xmlns="www.eml.org/NameSpaces/coref">
<markable id="markable_34" span="word_121" coref_class="empty"  category="organization"  mmax_level="coref"  rule="none"  type="none" />
<markable id="markable_45" span="word_206" coref_class="empty"  category="organization"  mmax_level="coref"  rule="none"  type="none" />
<markable id="markable_33" span="word_108..word_109" coref_class="empty"  category="time"  mmax_level="coref"  rule="none"  type="none" />
<markable id="markable_36" span="word_135" coref_class="empty"  category="location"  mmax_level="coref"  rule="none"  type="none" />
<markable id="markable_18" span="word_1..word_4" coref_class="empty"  category="organization"  mmax_level="coref"  rule="none"  type="none" />
<markable id="markable_47" span="word_232..word_235" coref_class="empty"  category="organization"  mmax_level="coref"  rule="none"  type="none" />
<markable id="markable_35" span="word_124..word_125" coref_class="empty"  category="organization"  mmax_level="coref"  rule="none"  type="none" />
<markable id="markable_48" span="word_240..word_241" coref_class="empty"  category="location"  mmax_level="coref"  rule="none"  type="none" />
<markable id="markable_66" span="word_336..word_337" coref_class="empty"  category="person"  mmax_level="coref"  rule="none"  type="none" />
<markable id="markable_49" span="word_270" coref_class="empty"  category="location"  mmax_level="coref"  rule="none"  type="none" />
<markable id="markable_67" span="word_345" coref_class="empty"  category="profession"  mmax_level="coref"  rule="none"  type="none" />
<markable id="markable_68" span="word_149..word_153" coref_class="empty"  category="other"  mmax_level="coref"  rule="none"  type="none" />
<markable id="markable_39" span="word_155..word_157" coref_class="empty"  category="location"  mmax_level="coref"  rule="none"  type="none" />
<markable id="markable_62" span="word_327" coref_class="empty"  category="location"  mmax_level="coref"  rule="none"  type="none" />
<markable id="markable_63" span="word_328..word_329" coref_class="empty"  category="profession"  mmax_level="coref"  rule="none"  type="none" />
<markable id="markable_64" span="word_330..word_331" coref_class="empty"  category="person"  mmax_level="coref"  rule="none"  type="none" />
<markable id="markable_65" span="word_333..word_335" coref_class="empty"  category="profession"  mmax_level="coref"  rule="none"  type="none" />
<markable id="markable_30" span="word_71..word_73" coref_class="empty"  category="profession"  mmax_level="coref"  rule="none"  type="none" />
<markable id="markable_40" span="word_176..word_180" coref_class="empty"  category="product"  mmax_level="coref"  rule="none"  type="none" />
<markable id="markable_41" span="word_183..word_184" coref_class="empty"  category="time"  mmax_level="coref"  rule="none"  type="none" />
<markable id="markable_42" span="word_186" coref_class="empty"  category="organization"  mmax_level="coref"  rule="none"  type="none" />
<markable id="markable_32" span="word_99..word_100" coref_class="empty"  category="organization"  mmax_level="coref"  rule="none"  type="none" />
<markable id="markable_60" span="word_324..word_325" coref_class="empty"  category="person"  mmax_level="coref"  rule="none"  type="none" />
<markable id="markable_43" span="word_190" coref_class="empty"  category="location"  mmax_level="coref"  rule="none"  type="none" />
<markable id="markable_31" span="word_74..word_75" coref_class="empty"  category="person"  mmax_level="coref"  rule="none"  type="none" />
<markable id="markable_19" span="word_11..word_13" coref_class="empty"  category="time"  mmax_level="coref"  rule="none"  type="none" />
<markable id="markable_57" span="word_316" coref_class="empty"  category="profession"  mmax_level="coref"  rule="none"  type="none" />
<markable id="markable_25" span="word_26" coref_class="empty"  category="organization"  mmax_level="coref"  rule="none"  type="none" />
<markable id="markable_58" span="word_323" coref_class="empty"  category="profession"  mmax_level="coref"  rule="none"  type="none" />
<markable id="markable_24" span="word_21..word_24" coref_class="empty"  category="organization"  mmax_level="coref"  rule="none"  type="none" />
<markable id="markable_55" span="word_300" coref_class="empty"  category="profession"  mmax_level="coref"  rule="none"  type="none" />
<markable id="markable_56" span="word_302..word_303" coref_class="empty"  category="person"  mmax_level="coref"  rule="none"  type="none" />
<markable id="markable_22" span="word_19" coref_class="empty"  category="media"  mmax_level="coref"  rule="none"  type="none" />
<markable id="markable_29" span="word_69" coref_class="empty"  category="media"  mmax_level="coref"  rule="none"  type="none" />
<markable id="markable_27" span="word_63" coref_class="empty"  category="organization"  mmax_level="coref"  rule="none"  type="none" />
<markable id="markable_26" span="word_33..word_34" coref_class="empty"  category="time"  mmax_level="coref"  rule="none"  type="none" />
<markable id="markable_53" span="word_291" coref_class="empty"  category="profession"  mmax_level="coref"  rule="none"  type="none" />
<markable id="markable_21" span="word_16..word_17" coref_class="empty"  category="time"  mmax_level="coref"  rule="none"  type="none" />
<markable id="markable_54" span="word_294..word_295" coref_class="empty"  category="person"  mmax_level="coref"  rule="none"  type="none" />
<markable id="markable_20" span="word_14" coref_class="empty"  category="location"  mmax_level="coref"  rule="none"  type="none" />
<markable id="markable_51" span="word_284..word_287" coref_class="empty"  category="organization"  mmax_level="coref"  rule="none"  type="none" />
</markables>