<?xml version="1.0" encoding="UTF-8"?>
<!DOCTYPE words SYSTEM "words.dtd">
<words><word id="word_1">Līdzās</word>
<word id="word_2">Turcijas-Sīrijas</word>
<word id="word_3">robežai</word>
<word id="word_4">sprāgstot</word>
<word id="word_5">auto</word>
<word id="word_6">,</word>
<word id="word_7">nogalināti</word>
<word id="word_8">septiņi</word>
<word id="word_9">cilvēki</word>
<word id="word_10">11</word>
<word id="word_11">Feb</word>
<word id="word_12">2013</word>
<word id="word_13">Ankara</word>
<word id="word_14">,</word>
<word id="word_15">11.</word>
<word id="word_16">febr.</word>
<word id="word_17">,</word>
<word id="word_18">LETA</word>
<word id="word_19">-</word>
<word id="word_20">-</word>
<word id="word_21">AFP</word>
<word id="word_22">.</word>
<word id="word_23">Pirmdien</word>
<word id="word_24">Turcijā</word>
<word id="word_25">līdzās</word>
<word id="word_26">robežai</word>
<word id="word_27">ar</word>
<word id="word_28">Sīriju</word>
<word id="word_29">automašīnas</word>
<word id="word_30">eksplozijā</word>
<word id="word_31">nogalināti</word>
<word id="word_32">septiņi</word>
<word id="word_33">cilvēki</word>
<word id="word_34">,</word>
<word id="word_35">bet</word>
<word id="word_36">30</word>
<word id="word_37">ievainoti</word>
<word id="word_38">,</word>
<word id="word_39">pavēstīja</word>
<word id="word_40">vietējās</word>
<word id="word_41">pašvaldības</word>
<word id="word_42">mērs</word>
<word id="word_43">Hisejins</word>
<word id="word_44">Šanverdi</word>
<word id="word_45">.</word>
<word id="word_46">Sprādziena</word>
<word id="word_47">centrā</word>
<word id="word_48">bijis</word>
<word id="word_49">Sīrijā</word>
<word id="word_50">reģistrēts</word>
<word id="word_51">auto</word>
<word id="word_52">,</word>
<word id="word_53">telekanālam</word>
<word id="word_54">NTV</word>
<word id="word_55">apliecināja</word>
<word id="word_56">mērs</word>
<word id="word_57">.</word>
<word id="word_58">Negadījuma</word>
<word id="word_59">vietā</word>
<word id="word_60">līdzās</word>
<word id="word_61">Džilvegezi</word>
<word id="word_62">robežpunktam</word>
<word id="word_63">,</word>
<word id="word_64">Hatajas</word>
<word id="word_65">provincē</word>
<word id="word_66">,</word>
<word id="word_67">bija</word>
<word id="word_68">redzami</word>
<word id="word_69">vairāki</word>
<word id="word_70">desmiti</word>
<word id="word_71">&quot;</word>
<word id="word_72">ātrās</word>
<word id="word_73">palīdzības</word>
<word id="word_74">&quot;</word>
<word id="word_75">auto</word>
<word id="word_76">.</word>
<word id="word_77">Ugunsgrēkā</word>
<word id="word_78">,</word>
<word id="word_79">kas</word>
<word id="word_80">izraisījies</word>
<word id="word_81">sprādziena</word>
<word id="word_82">dēļ</word>
<word id="word_83">,</word>
<word id="word_84">cietušas</word>
<word id="word_85">15</word>
<word id="word_86">automašīnas</word>
<word id="word_87">,</word>
<word id="word_88">pavēstīja</word>
<word id="word_89">Turcijas</word>
<word id="word_90">Ārlietu</word>
<word id="word_91">ministrijas</word>
<word id="word_92">amatpersona</word>
<word id="word_93">.</word>
<word id="word_94">Sprādziens</word>
<word id="word_95">noticis</word>
<word id="word_96">40</word>
<word id="word_97">metru</word>
<word id="word_98">attālumā</word>
<word id="word_99">no</word>
<word id="word_100">Džilvegezi</word>
<word id="word_101">robežpunkta</word>
<word id="word_102">,</word>
<word id="word_103">ziņo</word>
<word id="word_104">NTV</word>
<word id="word_105">,</word>
<word id="word_106">piebilstot</word>
<word id="word_107">,</word>
<word id="word_108">ka</word>
<word id="word_109">sprādzienu</word>
<word id="word_110">,</word>
<word id="word_111">iespējams</word>
<word id="word_112">,</word>
<word id="word_113">izraisījis</word>
<word id="word_114">no</word>
<word id="word_115">Sīrijas</word>
<word id="word_116">teritorijas</word>
<word id="word_117">izšauts</word>
<word id="word_118">mīnmetēja</word>
<word id="word_119">šāviņš</word>
<word id="word_120">.</word>
<word id="word_121">Sasprāgušais</word>
<word id="word_122">auto</word>
<word id="word_123">bija</word>
<word id="word_124">novietots</word>
<word id="word_125">stāvvietā</word>
<word id="word_126">,</word>
<word id="word_127">kur</word>
<word id="word_128">atradās</word>
<word id="word_129">daudzas</word>
<word id="word_130">smagās</word>
<word id="word_131">automašīnas</word>
<word id="word_132">ar</word>
<word id="word_133">Sīrijai</word>
<word id="word_134">paredzētām</word>
<word id="word_135">humānās</word>
<word id="word_136">palīdzības</word>
<word id="word_137">kravām</word>
<word id="word_138">,</word>
<word id="word_139">paskaidroja</word>
<word id="word_140">ministrijā</word>
<word id="word_141">.</word>
<word id="word_142">Sīrijas</word>
<word id="word_143">konflikts</word>
<word id="word_144">ilgst</word>
<word id="word_145">jau</word>
<word id="word_146">kopš</word>
<word id="word_147">2011.</word>
<word id="word_148">gada</word>
<word id="word_149">marta</word>
<word id="word_150">,</word>
<word id="word_151">un</word>
<word id="word_152">saskaņā</word>
<word id="word_153">ar</word>
<word id="word_154">ANO</word>
<word id="word_155">datiem</word>
<word id="word_156">tajā</word>
<word id="word_157">dzīvību</word>
<word id="word_158">ir</word>
<word id="word_159">zaudējuši</word>
<word id="word_160">jau</word>
<word id="word_161">vairāk</word>
<word id="word_162">nekā</word>
<word id="word_163">60_000</word>
<word id="word_164">cilvēku</word>
<word id="word_165">.</word>
<word id="word_166">Sīriju</word>
<word id="word_167">pametuši</word>
<word id="word_168">vairāk</word>
<word id="word_169">nekā</word>
<word id="word_170">700_000</word>
<word id="word_171">bēgļu</word>
<word id="word_172">.</word>
<word id="word_173">Turcijā</word>
<word id="word_174">mitinās</word>
<word id="word_175">150_000</word>
<word id="word_176">Sīrijas</word>
<word id="word_177">bēgļu</word>
<word id="word_178">,</word>
<word id="word_179">Ankara</word>
<word id="word_180">atklāti</word>
<word id="word_181">atbalsta</word>
<word id="word_182">lielāko</word>
<word id="word_183">nemiernieku</word>
<word id="word_184">bruņoto</word>
<word id="word_185">grupējumu</word>
<word id="word_186">-</word>
<word id="word_187">Brīvās</word>
<word id="word_188">Sīrijas</word>
<word id="word_189">armiju</word>
<word id="word_190">-</word>
<word id="word_191">un</word>
<word id="word_192">ir</word>
<word id="word_193">aicinājusi</word>
<word id="word_194">panākt</word>
<word id="word_195">Sīrijas</word>
<word id="word_196">prezidenta</word>
<word id="word_197">Bašara</word>
<word id="word_198">al</word>
<word id="word_199">Asada</word>
<word id="word_200">varas</word>
<word id="word_201">krišanu</word>
<word id="word_202">.</word>
<word id="word_203">Kopš</word>
<word id="word_204">Ankara</word>
<word id="word_205">sarāvusi</word>
<word id="word_206">sakarus</word>
<word id="word_207">ar</word>
<word id="word_208">Damasku</word>
<word id="word_209">,</word>
<word id="word_210">Asada</word>
<word id="word_211">režīms</word>
<word id="word_212">izrādījis</word>
<word id="word_213">būtisku</word>
<word id="word_214">piekāpšanos</word>
<word id="word_215">vairākos</word>
<word id="word_216">jautājumos</word>
<word id="word_217">Turcijas</word>
<word id="word_218">kurdu</word>
<word id="word_219">bruņoto</word>
<word id="word_220">separātistu</word>
<word id="word_221">kustības</word>
<word id="word_222">-</word>
<word id="word_223">Kurdistānas</word>
<word id="word_224">Strādnieku</word>
<word id="word_225">partijas</word>
<word id="word_226">(</word>
<word id="word_227">PKK</word>
<word id="word_228">)</word>
<word id="word_229">-</word>
<word id="word_230">sabiedrotajiem</word>
<word id="word_231">Sīrijā</word>
<word id="word_232">.</word>
<word id="word_233">Iepriekš</word>
<word id="word_234">,</word>
<word id="word_235">kad</word>
<word id="word_236">Turcijas</word>
<word id="word_237">teritorijā</word>
<word id="word_238">trāpījuši</word>
<word id="word_239">no</word>
<word id="word_240">Sīrijas</word>
<word id="word_241">izšauti</word>
<word id="word_242">artilērijas</word>
<word id="word_243">vai</word>
<word id="word_244">mīnmetēja</word>
<word id="word_245">šāviņi</word>
<word id="word_246">,</word>
<word id="word_247">Turcija</word>
<word id="word_248">parasti</word>
<word id="word_249">atbildējusi</word>
<word id="word_250">ar</word>
<word id="word_251">pretuguni</word>
<word id="word_252">.</word>
</words>