<?xml version="1.0" encoding="UTF-8"?>
<!DOCTYPE markables SYSTEM "markables.dtd">
<markables xmlns="www.eml.org/NameSpaces/coref">
<markable id="markable_1" span="word_3" coref_class="empty" category="person" mmax_level="coref"  rule="none"  type="none"/>
<markable id="markable_2" span="word_18" coref_class="empty" category="person" mmax_level="coref"  rule="none"  type="none"/>
<markable id="markable_3" span="word_20" coref_class="empty" category="location" mmax_level="coref"  rule="none"  type="none"/>
<markable id="markable_4" span="word_28" coref_class="empty" category="location" mmax_level="coref"  rule="none"  type="none"/>
<markable id="markable_5" span="word_32..word_33" coref_class="empty" category="person" mmax_level="coref"  rule="none"  type="none"/>
<markable id="markable_6" span="word_38" coref_class="empty" category="location" mmax_level="coref"  rule="none"  type="none"/>
<markable id="markable_7" span="word_61" coref_class="empty" category="profession" mmax_level="coref"  rule="none"  type="none"/>
<markable id="markable_8" span="word_70..word_71" coref_class="empty" category="person" mmax_level="coref"  rule="none"  type="none"/>
<markable id="markable_9" span="word_84" coref_class="empty" category="profession" mmax_level="coref"  rule="none"  type="none"/>
<markable id="markable_10" span="word_93" coref_class="empty" category="location" mmax_level="coref"  rule="none"  type="none"/>
<markable id="markable_11" span="word_102" coref_class="empty" category="location" mmax_level="coref"  rule="none"  type="none"/>
<markable id="markable_12" span="word_103" coref_class="empty" category="profession" mmax_level="coref"  rule="none"  type="none"/>
<markable id="markable_13" span="word_105..word_106" coref_class="empty" category="person" mmax_level="coref"  rule="none"  type="none"/>
<markable id="markable_14" span="word_108..word_109" coref_class="empty" category="person" mmax_level="coref"  rule="none"  type="none"/>
<markable id="markable_15" span="word_122" coref_class="empty" category="person" mmax_level="coref"  rule="none"  type="none"/>
<markable id="markable_16" span="word_128" coref_class="empty" category="location" mmax_level="coref"  rule="none"  type="none"/>
<markable id="markable_17" span="word_142" coref_class="empty" category="profession" mmax_level="coref"  rule="none"  type="none"/>
<markable id="markable_18" span="word_146" coref_class="empty" category="location" mmax_level="coref"  rule="none"  type="none"/>
</markables>