<?xml version="1.0" encoding="UTF-8"?>
<!DOCTYPE markables SYSTEM "markables.dtd">
<markables xmlns="www.eml.org/NameSpaces/sentence">
<markable mmax_level="sentence" id="markable_1" span="word_1..word_9" />
<markable mmax_level="sentence" id="markable_2" span="word_10..word_12" />
<markable mmax_level="sentence" id="markable_3" span="word_13..word_22" />
<markable mmax_level="sentence" id="markable_4" span="word_23..word_45" />
<markable mmax_level="sentence" id="markable_5" span="word_46..word_57" />
<markable mmax_level="sentence" id="markable_6" span="word_58..word_76" />
<markable mmax_level="sentence" id="markable_7" span="word_77..word_93" />
<markable mmax_level="sentence" id="markable_8" span="word_94..word_120" />
<markable mmax_level="sentence" id="markable_9" span="word_121..word_141" />
<markable mmax_level="sentence" id="markable_10" span="word_142..word_165" />
<markable mmax_level="sentence" id="markable_11" span="word_166..word_172" />
<markable mmax_level="sentence" id="markable_12" span="word_173..word_202" />
<markable mmax_level="sentence" id="markable_13" span="word_203..word_232" />
<markable mmax_level="sentence" id="markable_14" span="word_233..word_252" />
</markables>