<?xml version="1.0" encoding="UTF-8"?>
<!DOCTYPE words SYSTEM "words.dtd">
<words><word id="word_1">Straujuma</word>
<word id="word_2">pieļauj</word>
<word id="word_3">iespēju</word>
<word id="word_4">25</word>
<word id="word_5">%</word>
<word id="word_6">no</word>
<word id="word_7">ES</word>
<word id="word_8">piešķirtajiem</word>
<word id="word_9">papildu</word>
<word id="word_10">47</word>
<word id="word_11">miljoniem</word>
<word id="word_12">novirzīt</word>
<word id="word_13">tiešmaksājumiem</word>
<word id="word_14">11</word>
<word id="word_15">Feb</word>
<word id="word_16">2013</word>
<word id="word_17">(</word>
<word id="word_18">Precizēta</word>
<word id="word_19">plkst.</word>
<word id="word_20">17.42</word>
<word id="word_21">.</word>
<word id="word_22">)</word>
<word id="word_23">Rīga</word>
<word id="word_24">,</word>
<word id="word_25">11.</word>
<word id="word_26">febr.</word>
<word id="word_27">,</word>
<word id="word_28">NOZARE</word>
<word id="word_29">.</word>
<word id="word_30">LV</word>
<word id="word_31">.</word>
<word id="word_32">Tiešmaksājumi</word>
<word id="word_33">nākamajā</word>
<word id="word_34">finanšu</word>
<word id="word_35">plānošanas</word>
<word id="word_36">periodā</word>
<word id="word_37">pieaugs</word>
<word id="word_38">par</word>
<word id="word_39">135</word>
<word id="word_40">%</word>
<word id="word_41">,</word>
<word id="word_42">savukārt</word>
<word id="word_43">kopējais</word>
<word id="word_44">finansējums</word>
<word id="word_45">lauksaimniecībai</word>
<word id="word_46">un</word>
<word id="word_47">lauku</word>
<word id="word_48">attīstībai</word>
<word id="word_49">pieaugs</word>
<word id="word_50">par</word>
<word id="word_51">50</word>
<word id="word_52">%</word>
<word id="word_53">,</word>
<word id="word_54">teikts</word>
<word id="word_55">zemkopības</word>
<word id="word_56">ministres</word>
<word id="word_57">Laimdotas</word>
<word id="word_58">Straujumas</word>
<word id="word_59">sagatavotajā</word>
<word id="word_60">skaidrojumā</word>
<word id="word_61">lauksaimniekiem</word>
<word id="word_62">.</word>
<word id="word_63">Tāpat</word>
<word id="word_64">ministre</word>
<word id="word_65">atzina</word>
<word id="word_66">,</word>
<word id="word_67">ka</word>
<word id="word_68">Latvija</word>
<word id="word_69">varēs</word>
<word id="word_70">lemt</word>
<word id="word_71">un</word>
<word id="word_72">izmantot</word>
<word id="word_73">paredzēto</word>
<word id="word_74">iespēju</word>
<word id="word_75">līdz</word>
<word id="word_76">25</word>
<word id="word_77">%</word>
<word id="word_78">no</word>
<word id="word_79">lauku</word>
<word id="word_80">attīstībai</word>
<word id="word_81">paredzētajiem</word>
<word id="word_82">līdzekļiem</word>
<word id="word_83">-</word>
<word id="word_84">47</word>
<word id="word_85">miljoniem</word>
<word id="word_86">latu</word>
<word id="word_87">-</word>
<word id="word_88">,</word>
<word id="word_89">kas</word>
<word id="word_90">Briselē</word>
<word id="word_91">tika</word>
<word id="word_92">piešķirti</word>
<word id="word_93">Lauku</word>
<word id="word_94">attīstības</word>
<word id="word_95">programmas</word>
<word id="word_96">atbalstam</word>
<word id="word_97">,</word>
<word id="word_98">novirzīt</word>
<word id="word_99">tiešajiem</word>
<word id="word_100">maksājumiem</word>
<word id="word_101">.</word>
<word id="word_102">Tas</word>
<word id="word_103">nozīmē</word>
<word id="word_104">,</word>
<word id="word_105">ka</word>
<word id="word_106">tiešo</word>
<word id="word_107">maksājumu</word>
<word id="word_108">apjoms</word>
<word id="word_109">pieaugs</word>
<word id="word_110">vēl</word>
<word id="word_111">straujāk</word>
<word id="word_112">.</word>
<word id="word_113">Kā</word>
<word id="word_114">ziņots</word>
<word id="word_115">,</word>
<word id="word_116">ministre</word>
<word id="word_117">šodien</word>
<word id="word_118">sasaukusi</word>
<word id="word_119">lauksaimnieku</word>
<word id="word_120">nevalstisko</word>
<word id="word_121">organizāciju</word>
<word id="word_122">ārkārtas</word>
<word id="word_123">sanāksmi</word>
<word id="word_124">,</word>
<word id="word_125">kurā</word>
<word id="word_126">patlaban</word>
<word id="word_127">tiek</word>
<word id="word_128">skaidrota</word>
<word id="word_129">jaunā</word>
<word id="word_130">situācija</word>
<word id="word_131">saistībā</word>
<word id="word_132">ar</word>
<word id="word_133">tiešmaksājumiem</word>
<word id="word_134">pēc</word>
<word id="word_135">Eiropas</word>
<word id="word_136">Savienības</word>
<word id="word_137">(</word>
<word id="word_138">ES</word>
<word id="word_139">)</word>
<word id="word_140">budžeta</word>
<word id="word_141">pieņemšanas</word>
<word id="word_142">.</word>
<word id="word_143">Saskaņā</word>
<word id="word_144">ar</word>
<word id="word_145">8.</word>
<word id="word_146">februārī</word>
<word id="word_147">Briselē</word>
<word id="word_148">ES</word>
<word id="word_149">dalībvalstu</word>
<word id="word_150">valdību</word>
<word id="word_151">vadītāju</word>
<word id="word_152">Eiropadomes</word>
<word id="word_153">sēdē</word>
<word id="word_154">pieņemto</word>
<word id="word_155">daudzgadu</word>
<word id="word_156">budžetu</word>
<word id="word_157">Latvijas</word>
<word id="word_158">tiešmaksājumos</word>
<word id="word_159">saņemamais</word>
<word id="word_160">finansējums</word>
<word id="word_161">nākamajā</word>
<word id="word_162">plānošanas</word>
<word id="word_163">periodā</word>
<word id="word_164">no</word>
<word id="word_165">2014.</word>
<word id="word_166">līdz</word>
<word id="word_167">2020.</word>
<word id="word_168">gadam</word>
<word id="word_169">palielināsies</word>
<word id="word_170">no</word>
<word id="word_171">731</word>
<word id="word_172">miljona</word>
<word id="word_173">eiro</word>
<word id="word_174">(</word>
<word id="word_175">513</word>
<word id="word_176">miljoniem</word>
<word id="word_177">latu</word>
<word id="word_178">)</word>
<word id="word_179">līdz</word>
<word id="word_180">1,717</word>
<word id="word_181">miljardiem</word>
<word id="word_182">eiro</word>
<word id="word_183">(</word>
<word id="word_184">1,206</word>
<word id="word_185">miljardiem</word>
<word id="word_186">latu</word>
<word id="word_187">)</word>
<word id="word_188">,</word>
<word id="word_189">kas</word>
<word id="word_190">ir</word>
<word id="word_191">135</word>
<word id="word_192">%</word>
<word id="word_193">pieaugums</word>
<word id="word_194">salīdzinājumā</word>
<word id="word_195">ar</word>
<word id="word_196">pašreizējo</word>
<word id="word_197">plānošanas</word>
<word id="word_198">periodu</word>
<word id="word_199">no</word>
<word id="word_200">2007.</word>
<word id="word_201">līdz</word>
<word id="word_202">2013.</word>
<word id="word_203">gadam</word>
<word id="word_204">.</word>
<word id="word_205">Savukārt</word>
<word id="word_206">lauksaimniecībā</word>
<word id="word_207">un</word>
<word id="word_208">lauku</word>
<word id="word_209">attīstībā</word>
<word id="word_210">kopumā</word>
<word id="word_211">nākamajā</word>
<word id="word_212">plānošanas</word>
<word id="word_213">periodā</word>
<word id="word_214">finansējums</word>
<word id="word_215">pieaugs</word>
<word id="word_216">par</word>
<word id="word_217">50</word>
<word id="word_218">%</word>
<word id="word_219">.</word>
<word id="word_220">&quot;</word>
<word id="word_221">Lai_gan</word>
<word id="word_222">rezultāts</word>
<word id="word_223">nebija</word>
<word id="word_224">tieši</word>
<word id="word_225">tāds</word>
<word id="word_226">,</word>
<word id="word_227">kādu</word>
<word id="word_228">izvirzījām</word>
<word id="word_229">,</word>
<word id="word_230">kopumā</word>
<word id="word_231">situācijā</word>
<word id="word_232">,</word>
<word id="word_233">kad</word>
<word id="word_234">ES</word>
<word id="word_235">budžets</word>
<word id="word_236">lauksaimniecībai</word>
<word id="word_237">un</word>
<word id="word_238">lauku</word>
<word id="word_239">attīstībai</word>
<word id="word_240">tika</word>
<word id="word_241">samazināts</word>
<word id="word_242">par</word>
<word id="word_243">17</word>
<word id="word_244">%</word>
<word id="word_245">,</word>
<word id="word_246">Latvija</word>
<word id="word_247">ir</word>
<word id="word_248">panākusi</word>
<word id="word_249">50</word>
<word id="word_250">%</word>
<word id="word_251">pieaugumu</word>
<word id="word_252">.</word>
<word id="word_253">Turklāt</word>
<word id="word_254">mums</word>
<word id="word_255">ir</word>
<word id="word_256">straujākais</word>
<word id="word_257">tiešmaksājumu</word>
<word id="word_258">pieaugums</word>
<word id="word_259">,</word>
<word id="word_260">un</word>
<word id="word_261">jau</word>
<word id="word_262">2019.</word>
<word id="word_263">gadā</word>
<word id="word_264">sasniegsim</word>
<word id="word_265">ne_vien</word>
<word id="word_266">pārējo</word>
<word id="word_267">Baltijas</word>
<word id="word_268">valstu</word>
<word id="word_269">,</word>
<word id="word_270">bet_arī</word>
<word id="word_271">nākamās</word>
<word id="word_272">valsts</word>
<word id="word_273">-</word>
<word id="word_274">Rumānijas</word>
<word id="word_275">-</word>
<word id="word_276">līmeni</word>
<word id="word_277">,</word>
<word id="word_278">&quot;</word>
<word id="word_279">norādīja</word>
<word id="word_280">Straujuma</word>
<word id="word_281">.</word>
<word id="word_282">Tāpat</word>
<word id="word_283">viņa</word>
<word id="word_284">sacīja</word>
<word id="word_285">-</word>
<word id="word_286">lai_gan</word>
<word id="word_287">tiešmaksājumu</word>
<word id="word_288">līmenis</word>
<word id="word_289">pieaugs</word>
<word id="word_290">pakāpeniski</word>
<word id="word_291">,</word>
<word id="word_292">arī</word>
<word id="word_293">situācijā</word>
<word id="word_294">,</word>
<word id="word_295">ja</word>
<word id="word_296">ES</word>
<word id="word_297">daudzgadu</word>
<word id="word_298">budžets</word>
<word id="word_299">netiktu</word>
<word id="word_300">pieņemts</word>
<word id="word_301">,</word>
<word id="word_302">nekas</word>
<word id="word_303">nemainītos</word>
<word id="word_304">un</word>
<word id="word_305">lauksaimnieki</word>
<word id="word_306">nākamajos</word>
<word id="word_307">gados</word>
<word id="word_308">turpinātu</word>
<word id="word_309">saņemt</word>
<word id="word_310">tiešos</word>
<word id="word_311">maksājumus</word>
<word id="word_312">2013.</word>
<word id="word_313">gada</word>
<word id="word_314">līmenī</word>
<word id="word_315">,</word>
<word id="word_316">kas</word>
<word id="word_317">ir</word>
<word id="word_318">95</word>
<word id="word_319">eiro</word>
<word id="word_320">(</word>
<word id="word_321">66</word>
<word id="word_322">lati</word>
<word id="word_323">)</word>
<word id="word_324">par</word>
<word id="word_325">hektāru</word>
<word id="word_326">.</word>
<word id="word_327">Kā</word>
<word id="word_328">ziņots</word>
<word id="word_329">,</word>
<word id="word_330">nākamajā</word>
<word id="word_331">plānošanas</word>
<word id="word_332">periodā</word>
<word id="word_333">Latvija</word>
<word id="word_334">lauku</word>
<word id="word_335">attīstībai</word>
<word id="word_336">saņems</word>
<word id="word_337">papildu</word>
<word id="word_338">47</word>
<word id="word_339">miljonus</word>
<word id="word_340">latu</word>
<word id="word_341">,</word>
<word id="word_342">paredz</word>
<word id="word_343">piektdien</word>
<word id="word_344">ES</word>
<word id="word_345">līderu</word>
<word id="word_346">panāktā</word>
<word id="word_347">vienošanās</word>
<word id="word_348">.</word>
<word id="word_349">Latvijas</word>
<word id="word_350">prioritātes</word>
<word id="word_351">-</word>
<word id="word_352">kohēzijā</word>
<word id="word_353">un</word>
<word id="word_354">tiešmaksājumos</word>
<word id="word_355">lauksaimniekiem</word>
<word id="word_356">-</word>
<word id="word_357">pozīcijas</word>
<word id="word_358">paliek</word>
<word id="word_359">tādas</word>
<word id="word_360">pašas</word>
<word id="word_361">kā</word>
<word id="word_362">iepriekšējā</word>
<word id="word_363">piedāvājumā</word>
<word id="word_364">,</word>
<word id="word_365">proti</word>
<word id="word_366">,</word>
<word id="word_367">kohēzijas</word>
<word id="word_368">maksājumu</word>
<word id="word_369">griesti</word>
<word id="word_370">Latvijai</word>
<word id="word_371">noteikti</word>
<word id="word_372">2,59</word>
<word id="word_373">%</word>
<word id="word_374">apmērā</word>
<word id="word_375">no</word>
<word id="word_376">iekšzemes</word>
<word id="word_377">kopprodukta</word>
<word id="word_378">(</word>
<word id="word_379">IKP</word>
<word id="word_380">)</word>
<word id="word_381">jeb</word>
<word id="word_382">4,2</word>
<word id="word_383">miljardi</word>
<word id="word_384">eiro</word>
<word id="word_385">(</word>
<word id="word_386">2,95</word>
<word id="word_387">miljardi</word>
<word id="word_388">latu</word>
<word id="word_389">)</word>
<word id="word_390">,</word>
<word id="word_391">bet</word>
<word id="word_392">Latvijas</word>
<word id="word_393">lauksaimniekiem</word>
<word id="word_394">līdz</word>
<word id="word_395">2020.</word>
<word id="word_396">gadam</word>
<word id="word_397">paredzēts</word>
<word id="word_398">sasniegt</word>
<word id="word_399">196</word>
<word id="word_400">eiro</word>
<word id="word_401">(</word>
<word id="word_402">138</word>
<word id="word_403">latu</word>
<word id="word_404">)</word>
<word id="word_405">platību</word>
<word id="word_406">maksājumus</word>
<word id="word_407">par</word>
<word id="word_408">hektāru</word>
<word id="word_409">jeb</word>
<word id="word_410">aptuveni</word>
<word id="word_411">80</word>
<word id="word_412">%</word>
<word id="word_413">no</word>
<word id="word_414">ES</word>
<word id="word_415">vidējā</word>
<word id="word_416">līmeņa</word>
<word id="word_417">.</word>
</words>