<?xml version="1.0" encoding="UTF-8"?>
<!DOCTYPE markables SYSTEM "markables.dtd">
<markables xmlns="www.eml.org/NameSpaces/coref">
<markable id="markable_1" span="word_14" coref_class="empty" category="location" mmax_level="coref"  rule="none"  type="none"/>
<markable id="markable_2" span="word_16..word_17" coref_class="empty" category="time" mmax_level="coref"  rule="none"  type="none"/>
<markable id="markable_3" span="word_26" coref_class="empty" category="organization" mmax_level="coref"  rule="none"  type="none"/>
<markable id="markable_4" span="word_33..word_34" coref_class="empty" category="time" mmax_level="coref"  rule="none"  type="none"/>
<markable id="markable_5" span="word_69" coref_class="empty" category="organization" mmax_level="coref"  rule="none"  type="none"/>
<markable id="markable_6" span="word_72..word_73" coref_class="empty" category="profession" mmax_level="coref"  rule="none"  type="none"/>
<markable id="markable_7" span="word_74..word_75" coref_class="empty" category="person" mmax_level="coref"  rule="none"  type="none"/>
<markable id="markable_8" span="word_99..word_100" coref_class="empty" category="organization" mmax_level="coref"  rule="none"  type="none"/>
<markable id="markable_9" span="word_108..word_109" coref_class="empty" category="time" mmax_level="coref"  rule="none"  type="none"/>
<markable id="markable_10" span="word_124..word_125" coref_class="empty" category="organization" mmax_level="coref"  rule="none"  type="none"/>
<markable id="markable_11" span="word_135" coref_class="empty" category="location" mmax_level="coref"  rule="none"  type="none"/>
<markable id="markable_12" span="word_155..word_156" coref_class="empty" category="organization" mmax_level="coref"  rule="none"  type="none"/>
<markable id="markable_13" span="word_176..word_177" coref_class="empty" category="location" mmax_level="coref"  rule="none"  type="none"/>
<markable id="markable_14" span="word_183..word_184" coref_class="empty" category="time" mmax_level="coref"  rule="none"  type="none"/>
<markable id="markable_15" span="word_190" coref_class="empty" category="location" mmax_level="coref"  rule="none"  type="none"/>
<markable id="markable_16" span="word_206..word_207" coref_class="empty" category="organization" mmax_level="coref"  rule="none"  type="none"/>
<markable id="markable_17" span="word_232" coref_class="empty" category="location" mmax_level="coref"  rule="none"  type="none"/>
<markable id="markable_18" span="word_240" coref_class="empty" category="location" mmax_level="coref"  rule="none"  type="none"/>
<markable id="markable_19" span="word_270" coref_class="empty" category="location" mmax_level="coref"  rule="none"  type="none"/>
<markable id="markable_20" span="word_291" coref_class="empty" category="profession" mmax_level="coref"  rule="none"  type="none"/>
<markable id="markable_21" span="word_294..word_295" coref_class="empty" category="person" mmax_level="coref"  rule="none"  type="none"/>
<markable id="markable_22" span="word_300" coref_class="empty" category="profession" mmax_level="coref"  rule="none"  type="none"/>
<markable id="markable_23" span="word_302..word_303" coref_class="empty" category="person" mmax_level="coref"  rule="none"  type="none"/>
<markable id="markable_24" span="word_316..word_317" coref_class="empty" category="profession" mmax_level="coref"  rule="none"  type="none"/>
<markable id="markable_25" span="word_323" coref_class="empty" category="profession" mmax_level="coref"  rule="none"  type="none"/>
<markable id="markable_26" span="word_324..word_325" coref_class="empty" category="person" mmax_level="coref"  rule="none"  type="none"/>
<markable id="markable_27" span="word_327..word_329" coref_class="empty" category="profession" mmax_level="coref"  rule="none"  type="none"/>
<markable id="markable_28" span="word_330..word_331" coref_class="empty" category="person" mmax_level="coref"  rule="none"  type="none"/>
<markable id="markable_29" span="word_334..word_335" coref_class="empty" category="profession" mmax_level="coref"  rule="none"  type="none"/>
<markable id="markable_30" span="word_336..word_337" coref_class="empty" category="person" mmax_level="coref"  rule="none"  type="none"/>
<markable id="markable_31" span="word_345" coref_class="empty" category="profession" mmax_level="coref"  rule="none"  type="none"/>
</markables>