<?xml version="1.0" encoding="UTF-8"?>
<!DOCTYPE words SYSTEM "words.dtd">
<words><word id="word_1">IZM</word>
<word id="word_2">saņēmusi</word>
<word id="word_3">augstākās</word>
<word id="word_4">izglītības</word>
<word id="word_5">studiju</word>
<word id="word_6">programmu</word>
<word id="word_7">izvērtējuma</word>
<word id="word_8">audita</word>
<word id="word_9">rezultātus</word>
<word id="word_10">11</word>
<word id="word_11">Feb</word>
<word id="word_12">2013</word>
<word id="word_13">Rīga</word>
<word id="word_14">,</word>
<word id="word_15">11.</word>
<word id="word_16">febr.</word>
<word id="word_17">,</word>
<word id="word_18">LETA</word>
<word id="word_19">.</word>
<word id="word_20">Auditorkompānija</word>
<word id="word_21">&quot;</word>
<word id="word_22">Deloitte</word>
<word id="word_23">&quot;</word>
<word id="word_24">Izglītības</word>
<word id="word_25">un</word>
<word id="word_26">zinātnes</word>
<word id="word_27">ministrijai</word>
<word id="word_28">(</word>
<word id="word_29">IZM</word>
<word id="word_30">)</word>
<word id="word_31">iesniegusi</word>
<word id="word_32">augstākās</word>
<word id="word_33">izglītības</word>
<word id="word_34">studiju</word>
<word id="word_35">programmu</word>
<word id="word_36">izvērtēšanas</word>
<word id="word_37">projekta</word>
<word id="word_38">audita</word>
<word id="word_39">rezultātus</word>
<word id="word_40">.</word>
<word id="word_41">Audita</word>
<word id="word_42">secinājumi</word>
<word id="word_43">pagaidām</word>
<word id="word_44">gan</word>
<word id="word_45">netiek</word>
<word id="word_46">atklāti</word>
<word id="word_47">.</word>
<word id="word_48">Kā</word>
<word id="word_49">aģentūru</word>
<word id="word_50">LETA</word>
<word id="word_51">informēja</word>
<word id="word_52">izglītības</word>
<word id="word_53">un</word>
<word id="word_54">zinātnes</word>
<word id="word_55">ministra</word>
<word id="word_56">Roberta</word>
<word id="word_57">Ķīļa</word>
<word id="word_58">padomnieks</word>
<word id="word_59">Reinis</word>
<word id="word_60">Tukišs</word>
<word id="word_61">,</word>
<word id="word_62">ministrijas</word>
<word id="word_63">nolīgtā</word>
<word id="word_64">auditorkompānija</word>
<word id="word_65">&quot;</word>
<word id="word_66">Deloitte</word>
<word id="word_67">&quot;</word>
<word id="word_68">veica</word>
<word id="word_69">Augstākās</word>
<word id="word_70">izglītības</word>
<word id="word_71">padomes</word>
<word id="word_72">(</word>
<word id="word_73">AIP</word>
<word id="word_74">)</word>
<word id="word_75">īstenotā</word>
<word id="word_76">Eiropas</word>
<word id="word_77">Sociālā</word>
<word id="word_78">fonda</word>
<word id="word_79">projekta</word>
<word id="word_80">&quot;</word>
<word id="word_81">Augstākās</word>
<word id="word_82">izglītības</word>
<word id="word_83">studiju</word>
<word id="word_84">programmu</word>
<word id="word_85">izvērtēšana</word>
<word id="word_86">un</word>
<word id="word_87">priekšlikumi</word>
<word id="word_88">kvalitātes</word>
<word id="word_89">paaugstināšanai</word>
<word id="word_90">&quot;</word>
<word id="word_91">norises</word>
<word id="word_92">likumības</word>
<word id="word_93">un</word>
<word id="word_94">kvalitātes</word>
<word id="word_95">auditu</word>
<word id="word_96">.</word>
<word id="word_97">Šodien</word>
<word id="word_98">ministrija</word>
<word id="word_99">saņēmusi</word>
<word id="word_100">tā</word>
<word id="word_101">rezultātus</word>
<word id="word_102">,</word>
<word id="word_103">tomēr</word>
<word id="word_104">vēl</word>
<word id="word_105">būs</word>
<word id="word_106">nepieciešams</word>
<word id="word_107">laiks</word>
<word id="word_108">,</word>
<word id="word_109">lai</word>
<word id="word_110">iepazītos</word>
<word id="word_111">un</word>
<word id="word_112">izvērtētu</word>
<word id="word_113">sniegto</word>
<word id="word_114">atzinumu</word>
<word id="word_115">ar</word>
<word id="word_116">konstatētajiem</word>
<word id="word_117">faktiem</word>
<word id="word_118">un</word>
<word id="word_119">ieteikumiem</word>
<word id="word_120">.</word>
<word id="word_121">Pēc</word>
<word id="word_122">Tukiša</word>
<word id="word_123">teiktā</word>
<word id="word_124">,</word>
<word id="word_125">rezultāti</word>
<word id="word_126">ir</word>
<word id="word_127">apjomīgi</word>
<word id="word_128">-</word>
<word id="word_129">vairāki</word>
<word id="word_130">desmiti</word>
<word id="word_131">lappušu</word>
<word id="word_132">.</word>
<word id="word_133">Pirmos</word>
<word id="word_134">komentārus</word>
<word id="word_135">par</word>
<word id="word_136">tā</word>
<word id="word_137">saturu</word>
<word id="word_138">ministrija</word>
<word id="word_139">varētu</word>
<word id="word_140">sniegt</word>
<word id="word_141">nākamās</word>
<word id="word_142">nedēļās</word>
<word id="word_143">sākumā</word>
<word id="word_144">.</word>
<word id="word_145">LETA</word>
<word id="word_146">jau</word>
<word id="word_147">ziņoja</word>
<word id="word_148">,</word>
<word id="word_149">sākotnēji</word>
<word id="word_150">bija</word>
<word id="word_151">plānots</word>
<word id="word_152">,</word>
<word id="word_153">ka</word>
<word id="word_154">&quot;</word>
<word id="word_155">Deloitte</word>
<word id="word_156">&quot;</word>
<word id="word_157">par</word>
<word id="word_158">19_890</word>
<word id="word_159">latiem</word>
<word id="word_160">auditu</word>
<word id="word_161">paveiks</word>
<word id="word_162">līdz</word>
<word id="word_163">15.</word>
<word id="word_164">janvārim</word>
<word id="word_165">,</word>
<word id="word_166">taču</word>
<word id="word_167">radās</word>
<word id="word_168">aizkavēšanās</word>
<word id="word_169">ar</word>
<word id="word_170">auditam</word>
<word id="word_171">nepieciešamo</word>
<word id="word_172">dokumentu</word>
<word id="word_173">iegūšanu</word>
<word id="word_174">no</word>
<word id="word_175">Augstākās</word>
<word id="word_176">izglītības</word>
<word id="word_177">padomes</word>
<word id="word_178">(</word>
<word id="word_179">AIP</word>
<word id="word_180">)</word>
<word id="word_181">.</word>
<word id="word_182">Dokumentus</word>
<word id="word_183">auditori</word>
<word id="word_184">ieguva</word>
<word id="word_185">tikai</word>
<word id="word_186">11.</word>
<word id="word_187">janvārī</word>
<word id="word_188">,</word>
<word id="word_189">līdz</word>
<word id="word_190">ar</word>
<word id="word_191">to</word>
<word id="word_192">tapa</word>
<word id="word_193">skaidrs</word>
<word id="word_194">,</word>
<word id="word_195">ka</word>
<word id="word_196">iepriekš</word>
<word id="word_197">noteiktajā</word>
<word id="word_198">termiņā</word>
<word id="word_199">auditu</word>
<word id="word_200">neizdosies</word>
<word id="word_201">paveikt</word>
<word id="word_202">,</word>
<word id="word_203">un</word>
<word id="word_204">audits</word>
<word id="word_205">bija</word>
<word id="word_206">jāpabeidz</word>
<word id="word_207">līdz</word>
<word id="word_208">šodienai</word>
<word id="word_209">.</word>
<word id="word_210">Auditi</word>
<word id="word_211">tika</word>
<word id="word_212">veikti</word>
<word id="word_213">,</word>
<word id="word_214">lai</word>
<word id="word_215">secinātu</word>
<word id="word_216">par</word>
<word id="word_217">rezultāta</word>
<word id="word_218">kvalitāti</word>
<word id="word_219">un</word>
<word id="word_220">pārliecinātos</word>
<word id="word_221">par</word>
<word id="word_222">iekšējo</word>
<word id="word_223">un</word>
<word id="word_224">ārējo</word>
<word id="word_225">normatīvo</word>
<word id="word_226">aktu</word>
<word id="word_227">ievērošanu</word>
<word id="word_228">AIP</word>
<word id="word_229">darbā</word>
<word id="word_230">.</word>
<word id="word_231">Likumības</word>
<word id="word_232">auditā</word>
<word id="word_233">,</word>
<word id="word_234">kas</word>
<word id="word_235">ir</word>
<word id="word_236">juridiskie</word>
<word id="word_237">pakalpojumi</word>
<word id="word_238">,</word>
<word id="word_239">tika</word>
<word id="word_240">izvērtēts</word>
<word id="word_241">tas</word>
<word id="word_242">,</word>
<word id="word_243">vai</word>
<word id="word_244">darba</word>
<word id="word_245">procesā</word>
<word id="word_246">AIP</word>
<word id="word_247">rīcība</word>
<word id="word_248">ir</word>
<word id="word_249">vai</word>
<word id="word_250">nav</word>
<word id="word_251">bijusi</word>
<word id="word_252">prettiesiska</word>
<word id="word_253">un</word>
<word id="word_254">pretrunā</word>
<word id="word_255">ar</word>
<word id="word_256">darba</word>
<word id="word_257">uzdevumu</word>
<word id="word_258">atbilstoši</word>
<word id="word_259">projekta</word>
<word id="word_260">iesniegumam</word>
<word id="word_261">un</word>
<word id="word_262">izpildes</word>
<word id="word_263">līgumam</word>
<word id="word_264">.</word>
<word id="word_265">Auditā</word>
<word id="word_266">bija</word>
<word id="word_267">plānots</word>
<word id="word_268">skaidrot</word>
<word id="word_269">tādas</word>
<word id="word_270">lietas</word>
<word id="word_271">kā</word>
<word id="word_272">avotdatu</word>
<word id="word_273">autentiskumu</word>
<word id="word_274">,</word>
<word id="word_275">gala</word>
<word id="word_276">ziņojuma</word>
<word id="word_277">vērtējumu</word>
<word id="word_278">atbilstību</word>
<word id="word_279">ekspertu</word>
<word id="word_280">vērtējumam</word>
<word id="word_281">darba</word>
<word id="word_282">procesā</word>
<word id="word_283">,</word>
<word id="word_284">piešķirto</word>
<word id="word_285">vērtējumu</word>
<word id="word_286">punktu</word>
<word id="word_287">atbilstību</word>
<word id="word_288">ekspertu</word>
<word id="word_289">vērtējumam</word>
<word id="word_290">.</word>
<word id="word_291">Savukārt</word>
<word id="word_292">projekta</word>
<word id="word_293">kvalitātes</word>
<word id="word_294">auditā</word>
<word id="word_295">,</word>
<word id="word_296">kas</word>
<word id="word_297">ir</word>
<word id="word_298">novērtēšanas</word>
<word id="word_299">konsultāciju</word>
<word id="word_300">pakalpojumi</word>
<word id="word_301">,</word>
<word id="word_302">izvērtēts</word>
<word id="word_303">,</word>
<word id="word_304">vai</word>
<word id="word_305">veiktais</word>
<word id="word_306">darbs</word>
<word id="word_307">ir</word>
<word id="word_308">bijis</word>
<word id="word_309">adekvāts</word>
<word id="word_310">un</word>
<word id="word_311">kvalitatīvs</word>
<word id="word_312">,</word>
<word id="word_313">kas</word>
<word id="word_314">ļauj</word>
<word id="word_315">izdarīt</word>
<word id="word_316">projekta</word>
<word id="word_317">rezultātā</word>
<word id="word_318">norādītos</word>
<word id="word_319">secinājumus</word>
<word id="word_320">,</word>
<word id="word_321">vai</word>
<word id="word_322">pretēji</word>
<word id="word_323">-</word>
<word id="word_324">liek</word>
<word id="word_325">apšaubīt</word>
<word id="word_326">rezultātus</word>
<word id="word_327">.</word>
<word id="word_328">Šajā</word>
<word id="word_329">auditā</word>
<word id="word_330">analizēja</word>
<word id="word_331">vairākus</word>
<word id="word_332">aspektus</word>
<word id="word_333">,</word>
<word id="word_334">piemēram</word>
<word id="word_335">,</word>
<word id="word_336">pētījuma</word>
<word id="word_337">ekspertu</word>
<word id="word_338">kvalifikācijas</word>
<word id="word_339">atbilstību</word>
<word id="word_340">,</word>
<word id="word_341">lai</word>
<word id="word_342">sniegtu</word>
<word id="word_343">pamatotu</word>
<word id="word_344">un</word>
<word id="word_345">objektīvu</word>
<word id="word_346">izvērtējumu</word>
<word id="word_347">,</word>
<word id="word_348">laika</word>
<word id="word_349">resursu</word>
<word id="word_350">pietiekamību</word>
<word id="word_351">,</word>
<word id="word_352">projekta</word>
<word id="word_353">uzraudzības</word>
<word id="word_354">mehānismu</word>
<word id="word_355">.</word>
<word id="word_356">Savukārt</word>
<word id="word_357">jebkādu</word>
<word id="word_358">brīdinošu</word>
<word id="word_359">signālu</word>
<word id="word_360">saņemšana</word>
<word id="word_361">informācijas</word>
<word id="word_362">meklēšanas</word>
<word id="word_363">gaitā</word>
<word id="word_364">varēja</word>
<word id="word_365">noteikt</word>
<word id="word_366">papildu</word>
<word id="word_367">pārbaudes</word>
<word id="word_368">darbības</word>
<word id="word_369">.</word>
<word id="word_370">Darba</word>
<word id="word_371">aprakstā</word>
<word id="word_372">norādīts</word>
<word id="word_373">,</word>
<word id="word_374">ka</word>
<word id="word_375">bija</word>
<word id="word_376">jāveic</word>
<word id="word_377">faktu</word>
<word id="word_378">noskaidrošana</word>
<word id="word_379">un</word>
<word id="word_380">apkopošana</word>
<word id="word_381">-</word>
<word id="word_382">detalizēts</word>
<word id="word_383">dokumentu</word>
<word id="word_384">un</word>
<word id="word_385">komunikācijas</word>
<word id="word_386">izvērtējums</word>
<word id="word_387">un</word>
<word id="word_388">darbinieku</word>
<word id="word_389">intervēšana</word>
<word id="word_390">,</word>
<word id="word_391">kā_arī</word>
<word id="word_392">galveno</word>
<word id="word_393">notikumu</word>
<word id="word_394">hronoloģijas</word>
<word id="word_395">sagatavošana</word>
<word id="word_396">.</word>
<word id="word_397">Faktu</word>
<word id="word_398">analīze</word>
<word id="word_399">AIP</word>
<word id="word_400">darbības</word>
<word id="word_401">izvērtēšanai</word>
<word id="word_402">projekta</word>
<word id="word_403">īstenošanā</word>
<word id="word_404">jāveic</word>
<word id="word_405">attiecībā</word>
<word id="word_406">uz</word>
<word id="word_407">iesaistītām</word>
<word id="word_408">personām</word>
<word id="word_409">un</word>
<word id="word_410">saistītajiem</word>
<word id="word_411">dokumentiem</word>
<word id="word_412">.</word>
<word id="word_413">Tāpat</word>
<word id="word_414">bija</word>
<word id="word_415">jāveic</word>
<word id="word_416">IZM</word>
<word id="word_417">resora</word>
<word id="word_418">rīcībā</word>
<word id="word_419">esošās</word>
<word id="word_420">informācijas</word>
<word id="word_421">apkopošana</word>
<word id="word_422">par</word>
<word id="word_423">iesaistīto</word>
<word id="word_424">personu</word>
<word id="word_425">iespējamām</word>
<word id="word_426">prettiesiskām</word>
<word id="word_427">darbībām</word>
<word id="word_428">,</word>
<word id="word_429">kā_arī</word>
<word id="word_430">publiski</word>
<word id="word_431">pieejamās</word>
<word id="word_432">vai</word>
<word id="word_433">no</word>
<word id="word_434">izpildītāja</word>
<word id="word_435">avotiem</word>
<word id="word_436">iegūstamās</word>
<word id="word_437">informācijas</word>
<word id="word_438">meklēšana</word>
<word id="word_439">.</word>
<word id="word_440">Kā</word>
<word id="word_441">ziņots</word>
<word id="word_442">,</word>
<word id="word_443">Ķīlis</word>
<word id="word_444">ir</word>
<word id="word_445">paziņojis</word>
<word id="word_446">,</word>
<word id="word_447">ka</word>
<word id="word_448">AIP</word>
<word id="word_449">varētu</word>
<word id="word_450">būt</word>
<word id="word_451">pašrocīgi</word>
<word id="word_452">labojusi</word>
<word id="word_453">un</word>
<word id="word_454">tādējādi</word>
<word id="word_455">viltojusi</word>
<word id="word_456">ārzemju</word>
<word id="word_457">ekspertu</word>
<word id="word_458">veikto</word>
<word id="word_459">augstskolu</word>
<word id="word_460">studiju</word>
<word id="word_461">programmu</word>
<word id="word_462">novērtējumu</word>
<word id="word_463">.</word>
<word id="word_464">Savukārt</word>
<word id="word_465">AIP</word>
<word id="word_466">vadītājs</word>
<word id="word_467">Jānis</word>
<word id="word_468">Vētra</word>
<word id="word_469">noliedz</word>
<word id="word_470">,</word>
<word id="word_471">ka</word>
<word id="word_472">AIP</word>
<word id="word_473">būtu</word>
<word id="word_474">viltojusi</word>
<word id="word_475">ekspertu</word>
<word id="word_476">vērtējuma</word>
<word id="word_477">datus</word>
<word id="word_478">par</word>
<word id="word_479">Latvijas</word>
<word id="word_480">augstskolu</word>
<word id="word_481">studiju</word>
<word id="word_482">programmu</word>
<word id="word_483">kvalitāti</word>
<word id="word_484">,</word>
<word id="word_485">un</word>
<word id="word_486">izskanējušo</word>
<word id="word_487">informāciju</word>
<word id="word_488">uzskata</word>
<word id="word_489">par</word>
<word id="word_490">nepatiesu</word>
<word id="word_491">.</word>
<word id="word_492">Ķīlis</word>
<word id="word_493">arī</word>
<word id="word_494">ir</word>
<word id="word_495">izteicies</word>
<word id="word_496">,</word>
<word id="word_497">ka</word>
<word id="word_498">pastāv</word>
<word id="word_499">nopietna</word>
<word id="word_500">varbūtība</word>
<word id="word_501">,</word>
<word id="word_502">ka</word>
<word id="word_503">saistībā</word>
<word id="word_504">ar</word>
<word id="word_505">iespējamo</word>
<word id="word_506">datu</word>
<word id="word_507">viltošanu</word>
<word id="word_508">būs</word>
<word id="word_509">jāatdod</word>
<word id="word_510">AIP</word>
<word id="word_511">īstenotajā</word>
<word id="word_512">Eiropas</word>
<word id="word_513">Sociālā</word>
<word id="word_514">fonda</word>
<word id="word_515">projektā</word>
<word id="word_516">&quot;</word>
<word id="word_517">Augstākās</word>
<word id="word_518">izglītības</word>
<word id="word_519">studiju</word>
<word id="word_520">programmu</word>
<word id="word_521">izvērtēšana</word>
<word id="word_522">un</word>
<word id="word_523">priekšlikumi</word>
<word id="word_524">kvalitātes</word>
<word id="word_525">paaugstināšanai</word>
<word id="word_526">&quot;</word>
<word id="word_527">ieguldītie</word>
<word id="word_528">līdzekļi</word>
<word id="word_529">-</word>
<word id="word_530">aptuveni</word>
<word id="word_531">viens</word>
<word id="word_532">miljons</word>
<word id="word_533">latu</word>
<word id="word_534">.</word>
</words>