<?xml version="1.0" encoding="UTF-8"?>
<!DOCTYPE words SYSTEM "words.dtd">
<words><word id="word_1">Gorkšs</word>
<word id="word_2">varētu</word>
<word id="word_3">tikt</word>
<word id="word_4">izīrēts</word>
<word id="word_5">Anglijas</word>
<word id="word_6">otrās</word>
<word id="word_7">spēcīgākās</word>
<word id="word_8">līgas</word>
<word id="word_9">komandai</word>
<word id="word_10">Vulverhemptonas</word>
<word id="word_11">&quot;</word>
<word id="word_12">Wanderers</word>
<word id="word_13">&quot;</word>
<word id="word_14">11</word>
<word id="word_15">Feb</word>
<word id="word_16">2013</word>
<word id="word_17">Londona</word>
<word id="word_18">,</word>
<word id="word_19">11.</word>
<word id="word_20">febr.</word>
<word id="word_21">,</word>
<word id="word_22">LETA</word>
<word id="word_23">.</word>
<word id="word_24">Latvijas</word>
<word id="word_25">izlases</word>
<word id="word_26">un</word>
<word id="word_27">Anglijas</word>
<word id="word_28">premjerlīgas</word>
<word id="word_29">kluba</word>
<word id="word_30">&quot;</word>
<word id="word_31">Reading</word>
<word id="word_32">&quot;</word>
<word id="word_33">centra</word>
<word id="word_34">aizsargs</word>
<word id="word_35">Kaspars</word>
<word id="word_36">Gorkšs</word>
<word id="word_37">jau</word>
<word id="word_38">drīzumā</word>
<word id="word_39">varētu</word>
<word id="word_40">tikt</word>
<word id="word_41">izīrēts</word>
<word id="word_42">valsts</word>
<word id="word_43">otrās</word>
<word id="word_44">spēcīgākās</word>
<word id="word_45">līgas</word>
<word id="word_46">-</word>
<word id="word_47">&quot;</word>
<word id="word_48">Championship</word>
<word id="word_49">&quot;</word>
<word id="word_50">-</word>
<word id="word_51">vienībai</word>
<word id="word_52">Vulverhemptonas</word>
<word id="word_53">&quot;</word>
<word id="word_54">Wanderers</word>
<word id="word_55">&quot;</word>
<word id="word_56">.</word>
<word id="word_57">Kā</word>
<word id="word_58">vēsta</word>
<word id="word_59">Anglijas</word>
<word id="word_60">mediji</word>
<word id="word_61">,</word>
<word id="word_62">abas</word>
<word id="word_63">puses</word>
<word id="word_64">apstiprinājušas</word>
<word id="word_65">sarunu</word>
<word id="word_66">norisi</word>
<word id="word_67">,</word>
<word id="word_68">un</word>
<word id="word_69">darījums</word>
<word id="word_70">varētu</word>
<word id="word_71">tikt</word>
<word id="word_72">veikts</word>
<word id="word_73">jau</word>
<word id="word_74">nākamo</word>
<word id="word_75">divu</word>
<word id="word_76">dienu</word>
<word id="word_77">laikā</word>
<word id="word_78">.</word>
<word id="word_79">&quot;</word>
<word id="word_80">Reading</word>
<word id="word_81">&quot;</word>
<word id="word_82">komanda</word>
<word id="word_83">pašlaik</word>
<word id="word_84">atrodas</word>
<word id="word_85">Apvienotajos</word>
<word id="word_86">Arābu</word>
<word id="word_87">Emirātos</word>
<word id="word_88">(</word>
<word id="word_89">AAE</word>
<word id="word_90">)</word>
<word id="word_91">,</word>
<word id="word_92">kur</word>
<word id="word_93">aizvada</word>
<word id="word_94">pāris</word>
<word id="word_95">dienu</word>
<word id="word_96">treniņnometni</word>
<word id="word_97">,</word>
<word id="word_98">taču</word>
<word id="word_99">latvietis</word>
<word id="word_100">vienībai</word>
<word id="word_101">līdzi</word>
<word id="word_102">nav</word>
<word id="word_103">devies</word>
<word id="word_104">.</word>
<word id="word_105">Gorkšs</word>
<word id="word_106">Vulverhemptonas</word>
<word id="word_107">komandā</word>
<word id="word_108">varētu</word>
<word id="word_109">nomainīt</word>
<word id="word_110">Skotijas</word>
<word id="word_111">izlases</word>
<word id="word_112">spēlētāju</word>
<word id="word_113">Kristofu</word>
<word id="word_114">Berrā</word>
<word id="word_115">,</word>
<word id="word_116">kura</word>
<word id="word_117">līgums</word>
<word id="word_118">ar</word>
<word id="word_119">&quot;</word>
<word id="word_120">Wanderers</word>
<word id="word_121">&quot;</word>
<word id="word_122">beigsies</word>
<word id="word_123">jau</word>
<word id="word_124">vasarā</word>
<word id="word_125">.</word>
<word id="word_126">Pašlaik</word>
<word id="word_127">31</word>
<word id="word_128">gadu</word>
<word id="word_129">vecais</word>
<word id="word_130">latviešu</word>
<word id="word_131">aizsargs</word>
<word id="word_132">pēdējā</word>
<word id="word_133">laikā</word>
<word id="word_134">zaudējis</word>
<word id="word_135">vietu</word>
<word id="word_136">Redingas</word>
<word id="word_137">kluba</word>
<word id="word_138">sastāvā</word>
<word id="word_139">un</word>
<word id="word_140">šogad</word>
<word id="word_141">nav</word>
<word id="word_142">ticis</word>
<word id="word_143">pieteikts</word>
<word id="word_144">nevienai</word>
<word id="word_145">spēlei</word>
<word id="word_146">.</word>
<word id="word_147">Līdz</word>
<word id="word_148">spēlētāju</word>
<word id="word_149">pārejas</word>
<word id="word_150">laika</word>
<word id="word_151">beigām</word>
<word id="word_152">31.</word>
<word id="word_153">janvārī</word>
<word id="word_154">&quot;</word>
<word id="word_155">Reading</word>
<word id="word_156">&quot;</word>
<word id="word_157">vienība</word>
<word id="word_158">papildināja</word>
<word id="word_159">savu</word>
<word id="word_160">sastāvu</word>
<word id="word_161">ar</word>
<word id="word_162">četriem</word>
<word id="word_163">spēlētājiem</word>
<word id="word_164">,</word>
<word id="word_165">taču</word>
<word id="word_166">Gorkšs</word>
<word id="word_167">komandu</word>
<word id="word_168">nepameta</word>
<word id="word_169">.</word>
<word id="word_170">Anglijas</word>
<word id="word_171">premjerlīgas</word>
<word id="word_172">kopvērtējumā</word>
<word id="word_173">&quot;</word>
<word id="word_174">Reading</word>
<word id="word_175">&quot;</word>
<word id="word_176">ar</word>
<word id="word_177">26</word>
<word id="word_178">spēlēs</word>
<word id="word_179">izcīnītiem</word>
<word id="word_180">23</word>
<word id="word_181">punktiem</word>
<word id="word_182">atrodas</word>
<word id="word_183">18.</word>
<word id="word_184">vietā</word>
<word id="word_185">20</word>
<word id="word_186">vienību</word>
<word id="word_187">konkurencē</word>
<word id="word_188">.</word>
<word id="word_189">Tikmēr</word>
<word id="word_190">&quot;</word>
<word id="word_191">Wanderers</word>
<word id="word_192">&quot;</word>
<word id="word_193">komanda</word>
<word id="word_194">Anglijas</word>
<word id="word_195">otrajā</word>
<word id="word_196">spēcīgākajā</word>
<word id="word_197">līgā</word>
<word id="word_198">šosezon</word>
<word id="word_199">aizvadījusi</word>
<word id="word_200">31</word>
<word id="word_201">cīņu</word>
<word id="word_202">,</word>
<word id="word_203">kurā</word>
<word id="word_204">ieguvusi</word>
<word id="word_205">34</word>
<word id="word_206">punktus</word>
<word id="word_207">.</word>
<word id="word_208">Pašlaik</word>
<word id="word_209">tas</word>
<word id="word_210">vienībai</word>
<word id="word_211">atvēl</word>
<word id="word_212">vien</word>
<word id="word_213">21.</word>
<word id="word_214">vietu</word>
<word id="word_215">24</word>
<word id="word_216">komandu</word>
<word id="word_217">konkurencē</word>
<word id="word_218">.</word>
<word id="word_219">Divkārtējais</word>
<word id="word_220">Latvijas</word>
<word id="word_221">gada</word>
<word id="word_222">labākais</word>
<word id="word_223">futbolists</word>
<word id="word_224">Gorkšs</word>
<word id="word_225">savu</word>
<word id="word_226">karjeru</word>
<word id="word_227">Anglijā</word>
<word id="word_228">sāka</word>
<word id="word_229">&quot;</word>
<word id="word_230">Blackpool</word>
<word id="word_231">&quot;</word>
<word id="word_232">komandā</word>
<word id="word_233">,</word>
<word id="word_234">kurā</word>
<word id="word_235">nospēlēja</word>
<word id="word_236">no</word>
<word id="word_237">2006.</word>
<word id="word_238">līdz</word>
<word id="word_239">2008.</word>
<word id="word_240">gadam</word>
<word id="word_241">.</word>
<word id="word_242">Pēc</word>
<word id="word_243">tam</word>
<word id="word_244">viņš</word>
<word id="word_245">līdz</word>
<word id="word_246">2011.</word>
<word id="word_247">gadam</word>
<word id="word_248">spēlēja</word>
<word id="word_249">QPR</word>
<word id="word_250">vienībā</word>
<word id="word_251">,</word>
<word id="word_252">bet</word>
<word id="word_253">nu</word>
<word id="word_254">otro</word>
<word id="word_255">sezonu</word>
<word id="word_256">aizvada</word>
<word id="word_257">&quot;</word>
<word id="word_258">Reading</word>
<word id="word_259">&quot;</word>
<word id="word_260">rindās</word>
<word id="word_261">,</word>
<word id="word_262">ar</word>
<word id="word_263">ko</word>
<word id="word_264">viņam</word>
<word id="word_265">ir</word>
<word id="word_266">trīs</word>
<word id="word_267">gadu</word>
<word id="word_268">līgums</word>
<word id="word_269">.</word>
<word id="word_270">Šosezon</word>
<word id="word_271">Gorkšs</word>
<word id="word_272">kļuva</word>
<word id="word_273">par</word>
<word id="word_274">otro</word>
<word id="word_275">Latvijas</word>
<word id="word_276">futbolistu</word>
<word id="word_277">vēsturē</word>
<word id="word_278">,</word>
<word id="word_279">kurš</word>
<word id="word_280">guvis</word>
<word id="word_281">vārtus</word>
<word id="word_282">premjerlīgas</word>
<word id="word_283">spēlē</word>
<word id="word_284">.</word>
</words>