<?xml version="1.0" encoding="UTF-8"?>
<!DOCTYPE words SYSTEM "words.dtd">
<words><word id="word_1">Pļuščenko</word>
<word id="word_2">vērsies</word>
<word id="word_3">policijā</word>
<word id="word_4">ar</word>
<word id="word_5">iesniegumu</word>
<word id="word_6">pret</word>
<word id="word_7">televīzijas</word>
<word id="word_8">komentētāju</word>
<word id="word_9">11</word>
<word id="word_10">Feb</word>
<word id="word_11">2013</word>
<word id="word_12">Maskava</word>
<word id="word_13">,</word>
<word id="word_14">11.</word>
<word id="word_15">febr.</word>
<word id="word_16">,</word>
<word id="word_17">LETA</word>
<word id="word_18">.</word>
<word id="word_19">Leģendārais</word>
<word id="word_20">krievu</word>
<word id="word_21">daiļslidotājs</word>
<word id="word_22">Jevgēņijs</word>
<word id="word_23">Pļuščenko</word>
<word id="word_24">pirmdien</word>
<word id="word_25">vērsies</word>
<word id="word_26">policijā</word>
<word id="word_27">ar</word>
<word id="word_28">iesniegumu</word>
<word id="word_29">pret</word>
<word id="word_30">televīzijas</word>
<word id="word_31">kanāla</word>
<word id="word_32">&quot;</word>
<word id="word_33">Eurosport</word>
<word id="word_34">2</word>
<word id="word_35">&quot;</word>
<word id="word_36">komentētāju</word>
<word id="word_37">Andreju</word>
<word id="word_38">Žurankovu</word>
<word id="word_39">par</word>
<word id="word_40">viņa</word>
<word id="word_41">apmelošanu</word>
<word id="word_42">un</word>
<word id="word_43">neslavas</word>
<word id="word_44">celšanu</word>
<word id="word_45">,</word>
<word id="word_46">paziņojusi</word>
<word id="word_47">sportista</word>
<word id="word_48">advokāte</word>
<word id="word_49">Tatjana</word>
<word id="word_50">Akimceva</word>
<word id="word_51">.</word>
<word id="word_52">&quot;</word>
<word id="word_53">Pļuščenko</word>
<word id="word_54">vērsies</word>
<word id="word_55">policijā</word>
<word id="word_56">ar</word>
<word id="word_57">iesniegumu</word>
<word id="word_58">pret</word>
<word id="word_59">Žurankovu</word>
<word id="word_60">par</word>
<word id="word_61">apmelošanu</word>
<word id="word_62">un</word>
<word id="word_63">nepatiesu</word>
<word id="word_64">informācijas</word>
<word id="word_65">izplatīšanu</word>
<word id="word_66">,</word>
<word id="word_67">&quot;</word>
<word id="word_68">pastāstīja</word>
<word id="word_69">Akimceva</word>
<word id="word_70">.</word>
<word id="word_71">&quot;</word>
<word id="word_72">Sportists</word>
<word id="word_73">sniedza</word>
<word id="word_74">paskaidrojumus</word>
<word id="word_75">un</word>
<word id="word_76">demonstrēja</word>
<word id="word_77">pierādījumus</word>
<word id="word_78">,</word>
<word id="word_79">kuri</word>
<word id="word_80">apliecināja</word>
<word id="word_81">,</word>
<word id="word_82">ka</word>
<word id="word_83">komentētāja</word>
<word id="word_84">paustā</word>
<word id="word_85">informācija</word>
<word id="word_86">ir</word>
<word id="word_87">meli</word>
<word id="word_88">.</word>
<word id="word_89">&quot;</word>
<word id="word_90">Kā</word>
<word id="word_91">zināms</word>
<word id="word_92">,</word>
<word id="word_93">Pļuščenko</word>
<word id="word_94">nesen</word>
<word id="word_95">veikta</word>
<word id="word_96">muguras</word>
<word id="word_97">operācija</word>
<word id="word_98">,</word>
<word id="word_99">kuras</word>
<word id="word_100">laikā</word>
<word id="word_101">viņam</word>
<word id="word_102">tika</word>
<word id="word_103">nomainīts</word>
<word id="word_104">iepriekš</word>
<word id="word_105">traumētais</word>
<word id="word_106">muguras</word>
<word id="word_107">disks</word>
<word id="word_108">.</word>
<word id="word_109">Šī</word>
<word id="word_110">iemesla</word>
<word id="word_111">dēļ</word>
<word id="word_112">Krievijas</word>
<word id="word_113">pārstāvis</word>
<word id="word_114">nevarēs</word>
<word id="word_115">piedalīties</word>
<word id="word_116">arī</word>
<word id="word_117">martā</word>
<word id="word_118">gaidāmajās</word>
<word id="word_119">pasaules</word>
<word id="word_120">meistarsacīkstēs</word>
<word id="word_121">.</word>
<word id="word_122">Tomēr</word>
<word id="word_123">Žurankovs</word>
<word id="word_124">televīzijas</word>
<word id="word_125">tiešraidē</word>
<word id="word_126">paudis</word>
<word id="word_127">viedokli</word>
<word id="word_128">,</word>
<word id="word_129">ka</word>
<word id="word_130">sportistam</word>
<word id="word_131">operācija</word>
<word id="word_132">netika</word>
<word id="word_133">veikta</word>
<word id="word_134">un</word>
<word id="word_135">tas</word>
<word id="word_136">bijis</word>
<word id="word_137">vien</word>
<word id="word_138">iepriekš</word>
<word id="word_139">rūpīgi</word>
<word id="word_140">plānots</word>
<word id="word_141">gājiens</word>
<word id="word_142">,</word>
<word id="word_143">lai</word>
<word id="word_144">veicinātu</word>
<word id="word_145">savu</word>
<word id="word_146">popularitāti</word>
<word id="word_147">medijos</word>
<word id="word_148">.</word>
<word id="word_149">No</word>
<word id="word_150">23.</word>
<word id="word_151">līdz</word>
<word id="word_152">27.</word>
<word id="word_153">janvārim</word>
<word id="word_154">notikušajā</word>
<word id="word_155">Eiropas</word>
<word id="word_156">čempionātā</word>
<word id="word_157">Horvātijas</word>
<word id="word_158">galvaspilsētā</word>
<word id="word_159">Zagrebā</word>
<word id="word_160">Pļuščenko</word>
<word id="word_161">traumas</word>
<word id="word_162">dēļ</word>
<word id="word_163">izstājās</word>
<word id="word_164">jau</word>
<word id="word_165">pēc</word>
<word id="word_166">īsās</word>
<word id="word_167">programmas</word>
<word id="word_168">.</word>
<word id="word_169">31.</word>
<word id="word_170">janvārī</word>
<word id="word_171">daiļslidotājam</word>
<word id="word_172">Izraēlā</word>
<word id="word_173">tika</word>
<word id="word_174">veikta</word>
<word id="word_175">mugurkaula</word>
<word id="word_176">operācija</word>
<word id="word_177">.</word>
<word id="word_178">Pļuščenko</word>
<word id="word_179">ir</word>
<word id="word_180">2006.</word>
<word id="word_181">gada</word>
<word id="word_182">Turīnas</word>
<word id="word_183">olimpisko</word>
<word id="word_184">spēļu</word>
<word id="word_185">čempions</word>
<word id="word_186">,</word>
<word id="word_187">kā_arī</word>
<word id="word_188">2002.</word>
<word id="word_189">gada</word>
<word id="word_190">un</word>
<word id="word_191">2010.</word>
<word id="word_192">gada</word>
<word id="word_193">Olimpiādes</word>
<word id="word_194">vicečempions</word>
<word id="word_195">.</word>
<word id="word_196">Pēc</word>
<word id="word_197">Turīnas</word>
<word id="word_198">Olimpiādes</word>
<word id="word_199">viņš</word>
<word id="word_200">nolēma</word>
<word id="word_201">beigt</word>
<word id="word_202">profesionālo</word>
<word id="word_203">karjeru</word>
<word id="word_204">,</word>
<word id="word_205">bet</word>
<word id="word_206">vēlāk</word>
<word id="word_207">atgriezās</word>
<word id="word_208">,</word>
<word id="word_209">lai</word>
<word id="word_210">gatavotos</word>
<word id="word_211">startam</word>
<word id="word_212">Vankūverā</word>
<word id="word_213">.</word>
<word id="word_214">Tagad</word>
<word id="word_215">Pļuščenko</word>
<word id="word_216">plāno</word>
<word id="word_217">beigt</word>
<word id="word_218">startēt</word>
<word id="word_219">pēc</word>
<word id="word_220">2014.</word>
<word id="word_221">gada</word>
<word id="word_222">Soču</word>
<word id="word_223">olimpiskajām</word>
<word id="word_224">spēlēm</word>
<word id="word_225">.</word>
<word id="word_226">Pagājušajā</word>
<word id="word_227">gadā</word>
<word id="word_228">Pļuščenko</word>
<word id="word_229">septīto</word>
<word id="word_230">reizi</word>
<word id="word_231">triumfēja</word>
<word id="word_232">Eiropas</word>
<word id="word_233">čempionātā</word>
<word id="word_234">,</word>
<word id="word_235">bet</word>
<word id="word_236">vēlāk</word>
<word id="word_237">traumas</word>
<word id="word_238">dēļ</word>
<word id="word_239">nepiedalījās</word>
<word id="word_240">pasaules</word>
<word id="word_241">meistarsacīkstēs</word>
<word id="word_242">.</word>
<word id="word_243">Decembra</word>
<word id="word_244">beigās</word>
<word id="word_245">Pļuščenko</word>
<word id="word_246">jau</word>
<word id="word_247">desmito</word>
<word id="word_248">reizi</word>
<word id="word_249">karjerā</word>
<word id="word_250">kļuva</word>
<word id="word_251">par</word>
<word id="word_252">Krievijas</word>
<word id="word_253">čempionu</word>
<word id="word_254">.</word>
</words>