<?xml version="1.0" encoding="UTF-8"?>
<!DOCTYPE markables SYSTEM "markables.dtd">
<markables xmlns="www.eml.org/NameSpaces/coref">
<markable id="markable_1" span="word_4..word_5" coref_class="empty" category="sum" mmax_level="coref"  rule="none"  type="none"/>
<markable id="markable_2" span="word_7" coref_class="empty" category="location" mmax_level="coref"  rule="none"  type="none"/>
<markable id="markable_3" span="word_23" coref_class="empty" category="location" mmax_level="coref"  rule="none"  type="none"/>
<markable id="markable_4" span="word_25..word_26" coref_class="empty" category="time" mmax_level="coref"  rule="none"  type="none"/>
<markable id="markable_5" span="word_39..word_40" coref_class="empty" category="sum" mmax_level="coref"  rule="none"  type="none"/>
<markable id="markable_6" span="word_43" coref_class="empty" category="profession" mmax_level="coref"  rule="none"  type="none"/>
<markable id="markable_7" span="word_51..word_52" coref_class="empty" category="sum" mmax_level="coref"  rule="none"  type="none"/>
<markable id="markable_8" span="word_56" coref_class="empty" category="profession" mmax_level="coref"  rule="none"  type="none"/>
<markable id="markable_9" span="word_57..word_58" coref_class="empty" category="person" mmax_level="coref"  rule="none"  type="none"/>
<markable id="markable_10" span="word_64" coref_class="empty" category="profession" mmax_level="coref"  rule="none"  type="none"/>
<markable id="markable_11" span="word_68" coref_class="empty" category="location" mmax_level="coref"  rule="none"  type="none"/>
<markable id="markable_12" span="word_76..word_77" coref_class="empty" category="sum" mmax_level="coref"  rule="none"  type="none"/>
<markable id="markable_13" span="word_90" coref_class="empty" category="location" mmax_level="coref"  rule="none"  type="none"/>
<markable id="markable_14" span="word_116" coref_class="empty" category="profession" mmax_level="coref"  rule="none"  type="none"/>
<markable id="markable_15" span="word_135..word_136" coref_class="empty" category="location" mmax_level="coref"  rule="none"  type="none"/>
<markable id="markable_16" span="word_145..word_146" coref_class="empty" category="time" mmax_level="coref"  rule="none"  type="none"/>
<markable id="markable_17" span="word_147..word_148" coref_class="empty" category="location" mmax_level="coref"  rule="none"  type="none"/>
<markable id="markable_18" span="word_151" coref_class="empty" category="profession" mmax_level="coref"  rule="none"  type="none"/>
<markable id="markable_19" span="word_152" coref_class="empty" category="location" mmax_level="coref"  rule="none"  type="none"/>
<markable id="markable_20" span="word_157" coref_class="empty" category="location" mmax_level="coref"  rule="none"  type="none"/>
<markable id="markable_21" span="word_165" coref_class="empty" category="time" mmax_level="coref"  rule="none"  type="none"/>
<markable id="markable_22" span="word_167..word_168" coref_class="empty" category="time" mmax_level="coref"  rule="none"  type="none"/>
<markable id="markable_23" span="word_171..word_173" coref_class="empty" category="sum" mmax_level="coref"  rule="none"  type="none"/>
<markable id="markable_24" span="word_180..word_182" coref_class="empty" category="sum" mmax_level="coref"  rule="none"  type="none"/>
<markable id="markable_25" span="word_191..word_192" coref_class="empty" category="sum" mmax_level="coref"  rule="none"  type="none"/>
<markable id="markable_26" span="word_200" coref_class="empty" category="time" mmax_level="coref"  rule="none"  type="none"/>
<markable id="markable_27" span="word_202..word_203" coref_class="empty" category="time" mmax_level="coref"  rule="none"  type="none"/>
<markable id="markable_28" span="word_217..word_218" coref_class="empty" category="sum" mmax_level="coref"  rule="none"  type="none"/>
<markable id="markable_29" span="word_234" coref_class="empty" category="location" mmax_level="coref"  rule="none"  type="none"/>
<markable id="markable_30" span="word_243..word_244" coref_class="empty" category="sum" mmax_level="coref"  rule="none"  type="none"/>
<markable id="markable_31" span="word_246" coref_class="empty" category="location" mmax_level="coref"  rule="none"  type="none"/>
<markable id="markable_32" span="word_249..word_250" coref_class="empty" category="sum" mmax_level="coref"  rule="none"  type="none"/>
<markable id="markable_33" span="word_262..word_263" coref_class="empty" category="time" mmax_level="coref"  rule="none"  type="none"/>
<markable id="markable_34" span="word_267..word_268" coref_class="empty" category="location" mmax_level="coref"  rule="none"  type="none"/>
<markable id="markable_35" span="word_274" coref_class="empty" category="location" mmax_level="coref"  rule="none"  type="none"/>
<markable id="markable_36" span="word_280" coref_class="empty" category="person" mmax_level="coref"  rule="none"  type="none"/>
<markable id="markable_37" span="word_296" coref_class="empty" category="location" mmax_level="coref"  rule="none"  type="none"/>
<markable id="markable_38" span="word_312..word_313" coref_class="empty" category="time" mmax_level="coref"  rule="none"  type="none"/>
<markable id="markable_39" span="word_318..word_319" coref_class="empty" category="sum" mmax_level="coref"  rule="none"  type="none"/>
<markable id="markable_40" span="word_321..word_322" coref_class="empty" category="sum" mmax_level="coref"  rule="none"  type="none"/>
<markable id="markable_41" span="word_333" coref_class="empty" category="location" mmax_level="coref"  rule="none"  type="none"/>
<markable id="markable_42" span="word_338..word_340" coref_class="empty" category="sum" mmax_level="coref"  rule="none"  type="none"/>
<markable id="markable_43" span="word_344" coref_class="empty" category="location" mmax_level="coref"  rule="none"  type="none"/>
<markable id="markable_44" span="word_349" coref_class="empty" category="location" mmax_level="coref"  rule="none"  type="none"/>
<markable id="markable_45" span="word_370" coref_class="empty" category="location" mmax_level="coref"  rule="none"  type="none"/>
<markable id="markable_46" span="word_372..word_373" coref_class="empty" category="sum" mmax_level="coref"  rule="none"  type="none"/>
<markable id="markable_47" span="word_382..word_384" coref_class="empty" category="sum" mmax_level="coref"  rule="none"  type="none"/>
<markable id="markable_48" span="word_386..word_388" coref_class="empty" category="sum" mmax_level="coref"  rule="none"  type="none"/>
<markable id="markable_49" span="word_392" coref_class="empty" category="location" mmax_level="coref"  rule="none"  type="none"/>
<markable id="markable_50" span="word_395..word_396" coref_class="empty" category="time" mmax_level="coref"  rule="none"  type="none"/>
<markable id="markable_51" span="word_399..word_400" coref_class="empty" category="sum" mmax_level="coref"  rule="none"  type="none"/>
<markable id="markable_52" span="word_402..word_403" coref_class="empty" category="sum" mmax_level="coref"  rule="none"  type="none"/>
<markable id="markable_53" span="word_411..word_412" coref_class="empty" category="sum" mmax_level="coref"  rule="none"  type="none"/>
<markable id="markable_54" span="word_414" coref_class="empty" category="location" mmax_level="coref"  rule="none"  type="none"/>
</markables>