<?xml version="1.0" encoding="UTF-8"?>
<!DOCTYPE words SYSTEM "words.dtd">
<words><word id="word_1">Pašvaldība</word>
<word id="word_2">pagaidām</word>
<word id="word_3">nav</word>
<word id="word_4">lēmusi</word>
<word id="word_5">par</word>
<word id="word_6">&quot;</word>
<word id="word_7">Batergo</word>
<word id="word_8">&quot;</word>
<word id="word_9">un</word>
<word id="word_10">&quot;</word>
<word id="word_11">Daugavpils</word>
<word id="word_12">siltumtīklu</word>
<word id="word_13">&quot;</word>
<word id="word_14">noslēgtā</word>
<word id="word_15">līguma</word>
<word id="word_16">darbības</word>
<word id="word_17">apturēšanu</word>
<word id="word_18">11</word>
<word id="word_19">Feb</word>
<word id="word_20">2013</word>
<word id="word_21">Daugavpils</word>
<word id="word_22">,</word>
<word id="word_23">11.</word>
<word id="word_24">febr.</word>
<word id="word_25">,</word>
<word id="word_26">LETA</word>
<word id="word_27">.</word>
<word id="word_28">Pašvaldība</word>
<word id="word_29">pagaidām</word>
<word id="word_30">nav</word>
<word id="word_31">lēmusi</word>
<word id="word_32">par</word>
<word id="word_33">SIA</word>
<word id="word_34">&quot;</word>
<word id="word_35">Batergo</word>
<word id="word_36">&quot;</word>
<word id="word_37">un</word>
<word id="word_38">pašvaldības</word>
<word id="word_39">AS</word>
<word id="word_40">&quot;</word>
<word id="word_41">Daugavpils</word>
<word id="word_42">siltumtīkli</word>
<word id="word_43">&quot;</word>
<word id="word_44">noslēgtā</word>
<word id="word_45">līguma</word>
<word id="word_46">darbības</word>
<word id="word_47">apturēšanu</word>
<word id="word_48">,</word>
<word id="word_49">-</word>
<word id="word_50">šodien</word>
<word id="word_51">preses</word>
<word id="word_52">konferenc</word>
<word id="word_53">žurnālistiem</word>
<word id="word_54">paziņoja</word>
<word id="word_55">Daugavpils</word>
<word id="word_56">pilsētas</word>
<word id="word_57">domes</word>
<word id="word_58">priekšsēdētāja</word>
<word id="word_59">Žanna</word>
<word id="word_60">Kulakova</word>
<word id="word_61">(</word>
<word id="word_62">RP</word>
<word id="word_63">)</word>
<word id="word_64">.</word>
<word id="word_65">Pašvaldības</word>
<word id="word_66">rīcībā</word>
<word id="word_67">pagaidām</word>
<word id="word_68">nav</word>
<word id="word_69">slēdziena</word>
<word id="word_70">,</word>
<word id="word_71">ka</word>
<word id="word_72">minētais</word>
<word id="word_73">līgums</word>
<word id="word_74">būtu</word>
<word id="word_75">neizdevīgs</word>
<word id="word_76">pašvaldības</word>
<word id="word_77">uzņēmumam</word>
<word id="word_78">.</word>
<word id="word_79">Savukārt</word>
<word id="word_80">Korupcijas</word>
<word id="word_81">novēršanas</word>
<word id="word_82">un</word>
<word id="word_83">apkarošanas</word>
<word id="word_84">biroja</word>
<word id="word_85">(</word>
<word id="word_86">KNAB</word>
<word id="word_87">)</word>
<word id="word_88">darbinieki</word>
<word id="word_89">pārbaudes</word>
<word id="word_90">laikā</word>
<word id="word_91">secinājuši</word>
<word id="word_92">,</word>
<word id="word_93">ka</word>
<word id="word_94">pats</word>
<word id="word_95">līgums</word>
<word id="word_96">esot</word>
<word id="word_97">juridiski</word>
<word id="word_98">korekts</word>
<word id="word_99">,</word>
<word id="word_100">paskaidroja</word>
<word id="word_101">Kulakova</word>
<word id="word_102">.</word>
<word id="word_103">Lai</word>
<word id="word_104">gūtu</word>
<word id="word_105">skaidrību</word>
<word id="word_106">par</word>
<word id="word_107">&quot;</word>
<word id="word_108">Batergo</word>
<word id="word_109">&quot;</word>
<word id="word_110">un</word>
<word id="word_111">&quot;</word>
<word id="word_112">Daugavpils</word>
<word id="word_113">siltumtīklu</word>
<word id="word_114">&quot;</word>
<word id="word_115">noslēgto</word>
<word id="word_116">līgumu</word>
<word id="word_117">,</word>
<word id="word_118">Daugavpils</word>
<word id="word_119">pašvaldība</word>
<word id="word_120">plāno</word>
<word id="word_121">lūgt</word>
<word id="word_122">neatkarīgos</word>
<word id="word_123">ekspertus</word>
<word id="word_124">izvērtēt</word>
<word id="word_125">šo</word>
<word id="word_126">vienošanos</word>
<word id="word_127">.</word>
<word id="word_128">Šim</word>
<word id="word_129">nolūkam</word>
<word id="word_130">pašvaldība</word>
<word id="word_131">vērsīsies</word>
<word id="word_132">Latvijas</word>
<word id="word_133">Siltumuzņēmumu</word>
<word id="word_134">asociācijā</word>
<word id="word_135">ar</word>
<word id="word_136">lūgumu</word>
<word id="word_137">ieteikt</word>
<word id="word_138">speciālistus</word>
<word id="word_139">,</word>
<word id="word_140">kas</word>
<word id="word_141">varētu</word>
<word id="word_142">veikt</word>
<word id="word_143">šo</word>
<word id="word_144">ekspertīzi</word>
<word id="word_145">.</word>
<word id="word_146">Kā</word>
<word id="word_147">prognozēja</word>
<word id="word_148">Daugavpils</word>
<word id="word_149">domes</word>
<word id="word_150">izpilddirektora</word>
<word id="word_151">vietnieks</word>
<word id="word_152">Valērijs</word>
<word id="word_153">Kononovs</word>
<word id="word_154">,</word>
<word id="word_155">šādas</word>
<word id="word_156">ekspertīzes</word>
<word id="word_157">sagatavošana</word>
<word id="word_158">varētu</word>
<word id="word_159">ilgt</word>
<word id="word_160">vismaz</word>
<word id="word_161">vienu</word>
<word id="word_162">vai</word>
<word id="word_163">divus</word>
<word id="word_164">mēnešus</word>
<word id="word_165">.</word>
<word id="word_166">11.</word>
<word id="word_167">Saeimas</word>
<word id="word_168">deputāts</word>
<word id="word_169">un</word>
<word id="word_170">bijušais</word>
<word id="word_171">Daugavpils</word>
<word id="word_172">mērs</word>
<word id="word_173">Jānis</word>
<word id="word_174">Lāčplēsis</word>
<word id="word_175">(</word>
<word id="word_176">Latgales</word>
<word id="word_177">partija</word>
<word id="word_178">)</word>
<word id="word_179">aģentūrai</word>
<word id="word_180">LETA</word>
<word id="word_181">iepriekš</word>
<word id="word_182">izteicās</word>
<word id="word_183">,</word>
<word id="word_184">ka</word>
<word id="word_185">starp</word>
<word id="word_186">&quot;</word>
<word id="word_187">Batergo</word>
<word id="word_188">&quot;</word>
<word id="word_189">un</word>
<word id="word_190">&quot;</word>
<word id="word_191">Daugavpils</word>
<word id="word_192">siltumtīkliem</word>
<word id="word_193">&quot;</word>
<word id="word_194">noslēgtais</word>
<word id="word_195">līgums</word>
<word id="word_196">nav</word>
<word id="word_197">izdevīgs</word>
<word id="word_198">nedz</word>
<word id="word_199">Daugavpils</word>
<word id="word_200">siltumapgādes</word>
<word id="word_201">uzņēmumam</word>
<word id="word_202">,</word>
<word id="word_203">nedz</word>
<word id="word_204">pilsētas</word>
<word id="word_205">iedzīvotājiem</word>
<word id="word_206">.</word>
<word id="word_207">Noslēgtā</word>
<word id="word_208">vienošanās</word>
<word id="word_209">paredz</word>
<word id="word_210">,</word>
<word id="word_211">ka</word>
<word id="word_212">&quot;</word>
<word id="word_213">Daugavpils</word>
<word id="word_214">siltumtīkliem</word>
<word id="word_215">&quot;</word>
<word id="word_216">būs</word>
<word id="word_217">jāiepērk</word>
<word id="word_218">siltumenerģija</word>
<word id="word_219">no</word>
<word id="word_220">&quot;</word>
<word id="word_221">Batergo</word>
<word id="word_222">&quot;</word>
<word id="word_223">par</word>
<word id="word_224">cenu</word>
<word id="word_225">,</word>
<word id="word_226">kas</word>
<word id="word_227">ir</word>
<word id="word_228">par</word>
<word id="word_229">6</word>
<word id="word_230">%</word>
<word id="word_231">mazāka</word>
<word id="word_232">nekā</word>
<word id="word_233">tās</word>
<word id="word_234">ražošanas</word>
<word id="word_235">tarifs</word>
<word id="word_236">siltumapgādes</word>
<word id="word_237">uzņēmumā</word>
<word id="word_238">.</word>
<word id="word_239">Tas</word>
<word id="word_240">nozīmē</word>
<word id="word_241">,</word>
<word id="word_242">ka</word>
<word id="word_243">ražošanas</word>
<word id="word_244">apjomi</word>
<word id="word_245">&quot;</word>
<word id="word_246">Daugavpils</word>
<word id="word_247">siltumtīklos</word>
<word id="word_248">&quot;</word>
<word id="word_249">samazināsies</word>
<word id="word_250">,</word>
<word id="word_251">līdz</word>
<word id="word_252">ar</word>
<word id="word_253">to</word>
<word id="word_254">pieaugs</word>
<word id="word_255">siltumenerģijas</word>
<word id="word_256">izmaksas</word>
<word id="word_257">,</word>
<word id="word_258">un</word>
<word id="word_259">šis</word>
<word id="word_260">pieaugums</word>
<word id="word_261">būs</word>
<word id="word_262">krietni</word>
<word id="word_263">vien</word>
<word id="word_264">lielāks</word>
<word id="word_265">par</word>
<word id="word_266">jau</word>
<word id="word_267">minētajiem</word>
<word id="word_268">6</word>
<word id="word_269">%</word>
<word id="word_270">.</word>
<word id="word_271">Ja</word>
<word id="word_272">minētajā</word>
<word id="word_273">līgumā</word>
<word id="word_274">figurētu</word>
<word id="word_275">nevis</word>
<word id="word_276">6</word>
<word id="word_277">%</word>
<word id="word_278">,</word>
<word id="word_279">bet</word>
<word id="word_280">,</word>
<word id="word_281">piemēram</word>
<word id="word_282">,</word>
<word id="word_283">26</word>
<word id="word_284">%</word>
<word id="word_285">,</word>
<word id="word_286">tad</word>
<word id="word_287">tas</word>
<word id="word_288">Daugavpils</word>
<word id="word_289">siltumapgādes</word>
<word id="word_290">uzņēmumam</word>
<word id="word_291">tiešām</word>
<word id="word_292">būtu</word>
<word id="word_293">bijis</word>
<word id="word_294">izdevīgs</word>
<word id="word_295">līgums</word>
<word id="word_296">,</word>
<word id="word_297">skaidroja</word>
<word id="word_298">Lāčplēsis</word>
<word id="word_299">.</word>
<word id="word_300">Kā</word>
<word id="word_301">ziņots</word>
<word id="word_302">,</word>
<word id="word_303">pēc</word>
<word id="word_304">KNAB</word>
<word id="word_305">februāra</word>
<word id="word_306">sākumā</word>
<word id="word_307">Latgalē</word>
<word id="word_308">veiktajām</word>
<word id="word_309">kratīšanām</word>
<word id="word_310">aizdomās</word>
<word id="word_311">par</word>
<word id="word_312">kukuļošanu</word>
<word id="word_313">apcietinātas</word>
<word id="word_314">trīs</word>
<word id="word_315">personas</word>
<word id="word_316">-</word>
<word id="word_317">Daugavpils</word>
<word id="word_318">domes</word>
<word id="word_319">priekšsēdētāja</word>
<word id="word_320">vietnieks</word>
<word id="word_321">Vjačeslavs</word>
<word id="word_322">Širjakovs</word>
<word id="word_323">,</word>
<word id="word_324">kā_arī</word>
<word id="word_325">uzņēmēji</word>
<word id="word_326">Jānis</word>
<word id="word_327">Sprinovskis</word>
<word id="word_328">un</word>
<word id="word_329">Gints</word>
<word id="word_330">Sorokins</word>
<word id="word_331">.</word>
<word id="word_332">Apcietinājums</word>
<word id="word_333">minētajām</word>
<word id="word_334">personām</word>
<word id="word_335">piemērots</word>
<word id="word_336">kā</word>
<word id="word_337">drošības</word>
<word id="word_338">līdzeklis</word>
<word id="word_339">.</word>
<word id="word_340">Kukuļa</word>
<word id="word_341">summa</word>
<word id="word_342">,</word>
<word id="word_343">kas</word>
<word id="word_344">figurē</word>
<word id="word_345">Daugavpils</word>
<word id="word_346">pašvaldības</word>
<word id="word_347">amatpersonu</word>
<word id="word_348">krimināllietā</word>
<word id="word_349">,</word>
<word id="word_350">ir</word>
<word id="word_351">120_000</word>
<word id="word_352">eiro</word>
<word id="word_353">(</word>
<word id="word_354">84_000</word>
<word id="word_355">latu</word>
<word id="word_356">)</word>
<word id="word_357">,</word>
<word id="word_358">iepriekš</word>
<word id="word_359">pastāstīja</word>
<word id="word_360">Korupcijas</word>
<word id="word_361">novēršanas</word>
<word id="word_362">un</word>
<word id="word_363">apkarošanas</word>
<word id="word_364">biroja</word>
<word id="word_365">(</word>
<word id="word_366">KNAB</word>
<word id="word_367">)</word>
<word id="word_368">priekšnieks</word>
<word id="word_369">Jaroslavs</word>
<word id="word_370">Streļčenoks</word>
<word id="word_371">.</word>
<word id="word_372">Izmeklētāju</word>
<word id="word_373">iegūtā</word>
<word id="word_374">informācija</word>
<word id="word_375">liecina</word>
<word id="word_376">,</word>
<word id="word_377">ka</word>
<word id="word_378">kukulis</word>
<word id="word_379">ne</word>
<word id="word_380">mazāk</word>
<word id="word_381">kā</word>
<word id="word_382">120_000</word>
<word id="word_383">eiro</word>
<word id="word_384">apmērā</word>
<word id="word_385">nodots</word>
<word id="word_386">par</word>
<word id="word_387">pašvaldības</word>
<word id="word_388">amatpersonu</word>
<word id="word_389">pieņemtajiem</word>
<word id="word_390">labvēlīgajiem</word>
<word id="word_391">lēmumiem</word>
<word id="word_392">kāda</word>
<word id="word_393">komersanta</word>
<word id="word_394">interesēs</word>
<word id="word_395">.</word>
<word id="word_396">Pēc</word>
<word id="word_397">kukuļa</word>
<word id="word_398">nodošanas</word>
<word id="word_399">kukuļošanā</word>
<word id="word_400">iesaistītās</word>
<word id="word_401">personas</word>
<word id="word_402">1.</word>
<word id="word_403">februārī</word>
<word id="word_404">aizturētas</word>
<word id="word_405">.</word>
<word id="word_406">KNAB</word>
<word id="word_407">priekšnieks</word>
<word id="word_408">atklāja</word>
<word id="word_409">,</word>
<word id="word_410">ka</word>
<word id="word_411">divas</word>
<word id="word_412">Daugavpils</word>
<word id="word_413">pašvaldības</word>
<word id="word_414">amatpersonas</word>
<word id="word_415">šajā</word>
<word id="word_416">kriminālprocesā</word>
<word id="word_417">atzītas</word>
<word id="word_418">par</word>
<word id="word_419">aizdomās</word>
<word id="word_420">turētajām</word>
<word id="word_421">kukuļņemšanā</word>
<word id="word_422">un</word>
<word id="word_423">dienesta</word>
<word id="word_424">stāvokļa</word>
<word id="word_425">ļaunprātīgā</word>
<word id="word_426">izmantošanā</word>
<word id="word_427">,</word>
<word id="word_428">divi</word>
<word id="word_429">uzņēmēji</word>
<word id="word_430">atzīti</word>
<word id="word_431">par</word>
<word id="word_432">aizdomās</word>
<word id="word_433">turētajiem</word>
<word id="word_434">kukuļdošanā</word>
<word id="word_435">un</word>
<word id="word_436">dienesta</word>
<word id="word_437">stāvokļa</word>
<word id="word_438">ļaunprātīgas</word>
<word id="word_439">izmantošanas</word>
<word id="word_440">atbalstīšanā</word>
<word id="word_441">,</word>
<word id="word_442">bet</word>
<word id="word_443">vēl</word>
<word id="word_444">divi</word>
<word id="word_445">uzņēmēji</word>
<word id="word_446">tiek</word>
<word id="word_447">turēti</word>
<word id="word_448">aizdomās</word>
<word id="word_449">par</word>
<word id="word_450">starpniecību</word>
<word id="word_451">kukuļošanā</word>
<word id="word_452">un</word>
<word id="word_453">dienesta</word>
<word id="word_454">stāvokļa</word>
<word id="word_455">ļaunprātīgas</word>
<word id="word_456">izmantošanas</word>
<word id="word_457">atbalstīšanu</word>
<word id="word_458">.</word>
<word id="word_459">3.</word>
<word id="word_460">februārī</word>
<word id="word_461">ar</word>
<word id="word_462">tiesas</word>
<word id="word_463">lēmumu</word>
<word id="word_464">apcietinājums</word>
<word id="word_465">kā</word>
<word id="word_466">drošības</word>
<word id="word_467">līdzeklis</word>
<word id="word_468">piemērots</word>
<word id="word_469">diviem</word>
<word id="word_470">uzņēmējiem</word>
<word id="word_471">un</word>
<word id="word_472">vienai</word>
<word id="word_473">Daugavpils</word>
<word id="word_474">pašvaldības</word>
<word id="word_475">amatpersonai</word>
<word id="word_476">.</word>
<word id="word_477">Vēl</word>
<word id="word_478">trim</word>
<word id="word_479">personām</word>
<word id="word_480">piemēroti</word>
<word id="word_481">ar</word>
<word id="word_482">brīvības</word>
<word id="word_483">atņemšanu</word>
<word id="word_484">nesaistīti</word>
<word id="word_485">drošības</word>
<word id="word_486">līdzekļi</word>
<word id="word_487">,</word>
<word id="word_488">tai</word>
<word id="word_489">skaitā</word>
<word id="word_490">otrai</word>
<word id="word_491">Daugavpils</word>
<word id="word_492">pašvaldības</word>
<word id="word_493">amatpersonai</word>
<word id="word_494">-</word>
<word id="word_495">arī</word>
<word id="word_496">aizliegums</word>
<word id="word_497">pildīt</word>
<word id="word_498">savus</word>
<word id="word_499">pienākumus</word>
<word id="word_500">.</word>
<word id="word_501">Streļčenoks</word>
<word id="word_502">pastāstīja</word>
<word id="word_503">,</word>
<word id="word_504">ka</word>
<word id="word_505">KNAB</word>
<word id="word_506">sāktais</word>
<word id="word_507">kriminālprocess</word>
<word id="word_508">ir</word>
<word id="word_509">par</word>
<word id="word_510">iespējamu</word>
<word id="word_511">Daugavpils</word>
<word id="word_512">pašvaldības</word>
<word id="word_513">amatpersonu</word>
<word id="word_514">kukuļošanu</word>
<word id="word_515">saistībā</word>
<word id="word_516">ar</word>
<word id="word_517">&quot;</word>
<word id="word_518">Daugavpils</word>
<word id="word_519">siltumtīklu</word>
<word id="word_520">&quot;</word>
<word id="word_521">īstenotajiem</word>
<word id="word_522">projektiem</word>
<word id="word_523">.</word>
<word id="word_524">Izmeklēšanas</word>
<word id="word_525">laikā</word>
<word id="word_526">KNAB</word>
<word id="word_527">darbinieki</word>
<word id="word_528">veikuši</word>
<word id="word_529">26</word>
<word id="word_530">kratīšanas</word>
<word id="word_531">vairākās</word>
<word id="word_532">vietās</word>
<word id="word_533">,</word>
<word id="word_534">tajā</word>
<word id="word_535">skaitā</word>
<word id="word_536">Daugavpils</word>
<word id="word_537">pašvaldības</word>
<word id="word_538">amatpersonu</word>
<word id="word_539">darbavietās</word>
<word id="word_540">.</word>
</words>