<?xml version="1.0" encoding="UTF-8"?>
<!DOCTYPE markables SYSTEM "markables.dtd">
<markables xmlns="www.eml.org/NameSpaces/sentence">
<markable mmax_level="sentence" id="markable_1" span="word_1..word_9" />
<markable mmax_level="sentence" id="markable_2" span="word_10..word_12" />
<markable mmax_level="sentence" id="markable_3" span="word_13..word_19" />
<markable mmax_level="sentence" id="markable_4" span="word_20..word_40" />
<markable mmax_level="sentence" id="markable_5" span="word_41..word_47" />
<markable mmax_level="sentence" id="markable_6" span="word_48..word_96" />
<markable mmax_level="sentence" id="markable_7" span="word_97..word_120" />
<markable mmax_level="sentence" id="markable_8" span="word_121..word_132" />
<markable mmax_level="sentence" id="markable_9" span="word_133..word_144" />
<markable mmax_level="sentence" id="markable_10" span="word_145..word_181" />
<markable mmax_level="sentence" id="markable_11" span="word_182..word_209" />
<markable mmax_level="sentence" id="markable_12" span="word_210..word_230" />
<markable mmax_level="sentence" id="markable_13" span="word_231..word_264" />
<markable mmax_level="sentence" id="markable_14" span="word_265..word_290" />
<markable mmax_level="sentence" id="markable_15" span="word_291..word_327" />
<markable mmax_level="sentence" id="markable_16" span="word_328..word_355" />
<markable mmax_level="sentence" id="markable_17" span="word_356..word_369" />
<markable mmax_level="sentence" id="markable_18" span="word_370..word_396" />
<markable mmax_level="sentence" id="markable_19" span="word_397..word_412" />
<markable mmax_level="sentence" id="markable_20" span="word_413..word_439" />
<markable mmax_level="sentence" id="markable_21" span="word_440..word_463" />
<markable mmax_level="sentence" id="markable_22" span="word_464..word_491" />
<markable mmax_level="sentence" id="markable_23" span="word_492..word_534" />
</markables>