<?xml version="1.0" encoding="UTF-8"?>
<!DOCTYPE markables SYSTEM "markables.dtd">
<markables xmlns="www.eml.org/NameSpaces/coref">
<markable id="markable_1" span="word_1" coref_class="empty" category="location" mmax_level="coref"  rule="none"  type="none"/>
<markable id="markable_2" span="word_10" coref_class="empty" category="location" mmax_level="coref"  rule="none"  type="none"/>
<markable id="markable_3" span="word_12..word_13" coref_class="empty" category="time" mmax_level="coref"  rule="none"  type="none"/>
<markable id="markable_4" span="word_17" coref_class="empty" category="location" mmax_level="coref"  rule="none"  type="none"/>
<markable id="markable_5" span="word_28" coref_class="empty" category="organization" mmax_level="coref"  rule="none"  type="none"/>
<markable id="markable_6" span="word_30..word_34" coref_class="empty" category="organization" mmax_level="coref"  rule="none"  type="none"/>
<markable id="markable_7" span="word_35" coref_class="empty" category="profession" mmax_level="coref"  rule="none"  type="none"/>
<markable id="markable_8" span="word_36..word_37" coref_class="empty" category="person" mmax_level="coref"  rule="none"  type="none"/>
<markable id="markable_9" span="word_92..word_93" coref_class="empty" category="time" mmax_level="coref"  rule="none"  type="none"/>
</markables>