<?xml version="1.0" encoding="UTF-8"?>
<!DOCTYPE markables SYSTEM "markables.dtd">
<markables xmlns="www.eml.org/NameSpaces/coref">
<markable id="markable_34" span="word_122" coref_class="empty"  category="person"  mmax_level="coref"  rule="none"  type="none" />
<markable id="markable_16" span="word_26" coref_class="empty"  category="media"  mmax_level="coref"  rule="none"  type="none" />
<markable id="markable_15" span="word_23..word_24" coref_class="empty"  category="time"  mmax_level="coref"  rule="none"  type="none" />
<markable id="markable_33" span="word_121" coref_class="empty"  category="time"  mmax_level="coref"  rule="none"  type="none" />
<markable id="markable_36" span="word_142" coref_class="empty"  category="person"  mmax_level="coref"  rule="none"  type="none" />
<markable id="markable_18" span="word_30..word_31" coref_class="empty"  category="profession"  mmax_level="coref"  rule="none"  type="none" />
<markable id="markable_35" span="word_128" coref_class="empty"  category="location"  mmax_level="coref"  rule="none"  type="none" />
<markable id="markable_17" span="word_28" coref_class="empty"  category="location"  mmax_level="coref"  rule="none"  type="none" />
<markable id="markable_38" span="word_146" coref_class="empty"  category="location"  mmax_level="coref"  rule="none"  type="none" />
<markable id="markable_12" span="word_15..word_17" coref_class="empty"  category="time"  mmax_level="coref"  rule="none"  type="none" />
<markable id="markable_37" span="word_141" coref_class="empty"  category="time"  mmax_level="coref"  rule="none"  type="none" />
<markable id="markable_11" span="word_1..word_2" coref_class="empty"  category="profession"  mmax_level="coref"  rule="none"  type="none" />
<markable id="markable_14" span="word_20" coref_class="empty"  category="location"  mmax_level="coref"  rule="none"  type="none" />
<markable id="markable_39" span="word_147..word_148" coref_class="empty"  category="profession"  mmax_level="coref"  rule="none"  type="none" />
<markable id="markable_13" span="word_18" coref_class="empty"  category="location"  mmax_level="coref"  rule="none"  type="none" />
<markable id="markable_10" span="word_3" coref_class="empty"  category="person"  mmax_level="coref"  rule="none"  type="none" />
<markable id="markable_30" span="word_108..word_109" coref_class="empty"  category="person"  mmax_level="coref"  rule="none"  type="none" />
<markable id="markable_32" span="word_119" coref_class="empty"  category="time"  mmax_level="coref"  rule="none"  type="none" />
<markable id="markable_31" span="word_103" coref_class="empty"  category="profession"  mmax_level="coref"  rule="none"  type="none" />
<markable id="markable_19" span="word_32..word_33" coref_class="empty"  category="person"  mmax_level="coref"  rule="none"  type="none" />
<markable id="markable_25" span="word_86..word_88" coref_class="empty"  category="time"  mmax_level="coref"  rule="none"  type="none" />
<markable id="markable_24" span="word_84" coref_class="empty"  category="person"  mmax_level="coref"  rule="none"  type="none" />
<markable id="markable_23" span="word_70..word_71" coref_class="empty"  category="person"  mmax_level="coref"  rule="none"  type="none" />
<markable id="markable_22" span="word_61" coref_class="empty"  category="person"  mmax_level="coref"  rule="none"  type="none" />
<markable id="markable_29" span="word_105..word_106" coref_class="empty"  category="person"  mmax_level="coref"  rule="none"  type="none" />
<markable id="markable_28" span="word_104" coref_class="empty"  category="time"  mmax_level="coref"  rule="none"  type="none" />
<markable id="markable_27" span="word_102" coref_class="empty"  category="location"  mmax_level="coref"  rule="none"  type="none" />
<markable id="markable_26" span="word_93" coref_class="empty"  category="location"  mmax_level="coref"  rule="none"  type="none" />
<markable id="markable_21" span="word_38" coref_class="empty"  category="location"  mmax_level="coref"  rule="none"  type="none" />
<markable id="markable_20" span="word_34" coref_class="empty"  category="time"  mmax_level="coref"  rule="none"  type="none" />
</markables>