<?xml version="1.0" encoding="UTF-8"?>
<!DOCTYPE words SYSTEM "words.dtd">
<words><word id="word_1">Pasaules</word>
<word id="word_2">politiskie</word>
<word id="word_3">un</word>
<word id="word_4">reliģiskie</word>
<word id="word_5">līderi</word>
<word id="word_6">izsaka</word>
<word id="word_7">cieņu</word>
<word id="word_8">pāvestam</word>
<word id="word_9">11</word>
<word id="word_10">Feb</word>
<word id="word_11">2013</word>
<word id="word_12">Berlīne</word>
<word id="word_13">,</word>
<word id="word_14">11.</word>
<word id="word_15">febr.</word>
<word id="word_16">,</word>
<word id="word_17">LETA</word>
<word id="word_18">-</word>
<word id="word_19">-</word>
<word id="word_20">AFP</word>
<word id="word_21">.</word>
<word id="word_22">Pasaules</word>
<word id="word_23">politiskos</word>
<word id="word_24">un</word>
<word id="word_25">reliģiskos</word>
<word id="word_26">līderus</word>
<word id="word_27">pāvesta</word>
<word id="word_28">Benedikta</word>
<word id="word_29">XVI</word>
<word id="word_30">paziņojums</word>
<word id="word_31">par</word>
<word id="word_32">atkāpšanos</word>
<word id="word_33">no</word>
<word id="word_34">augstā</word>
<word id="word_35">amata</word>
<word id="word_36">pirmdien</word>
<word id="word_37">pārsteidzis</word>
<word id="word_38">nesagatavotus</word>
<word id="word_39">,</word>
<word id="word_40">taču</word>
<word id="word_41">vienlaikus</word>
<word id="word_42">viņi</word>
<word id="word_43">pauduši</word>
<word id="word_44">cieņu</word>
<word id="word_45">Romas</word>
<word id="word_46">katoļu</word>
<word id="word_47">baznīcas</word>
<word id="word_48">vadītājam</word>
<word id="word_49">.</word>
<word id="word_50">Francijas</word>
<word id="word_51">prezidents</word>
<word id="word_52">Fransuā</word>
<word id="word_53">Olands</word>
<word id="word_54">pāvesta</word>
<word id="word_55">lēmumu</word>
<word id="word_56">atkāpties</word>
<word id="word_57">no</word>
<word id="word_58">amata</word>
<word id="word_59">atzina</word>
<word id="word_60">par</word>
<word id="word_61">&quot;</word>
<word id="word_62">augstākā</word>
<word id="word_63">mērā</word>
<word id="word_64">cienījamu</word>
<word id="word_65">&quot;</word>
<word id="word_66">,</word>
<word id="word_67">norādot</word>
<word id="word_68">,</word>
<word id="word_69">ka</word>
<word id="word_70">Francija</word>
<word id="word_71">&quot;</word>
<word id="word_72">atzinīgi</word>
<word id="word_73">vērtē</word>
<word id="word_74">pāvestu</word>
<word id="word_75">,</word>
<word id="word_76">kas</word>
<word id="word_77">pieņēmis</word>
<word id="word_78">šādu</word>
<word id="word_79">lēmumu</word>
<word id="word_80">&quot;</word>
<word id="word_81">.</word>
<word id="word_82">Vācijas</word>
<word id="word_83">kanclere</word>
<word id="word_84">Angela</word>
<word id="word_85">Merkele</word>
<word id="word_86">savukārt</word>
<word id="word_87">uzsvēra</word>
<word id="word_88">,</word>
<word id="word_89">ka</word>
<word id="word_90">ļoti</word>
<word id="word_91">ciena</word>
<word id="word_92">Vācijā</word>
<word id="word_93">dzimušā</word>
<word id="word_94">pāvesta</word>
<word id="word_95">sarežģīto</word>
<word id="word_96">lēmumu</word>
<word id="word_97">.</word>
<word id="word_98">&quot;</word>
<word id="word_99">Viņš</word>
<word id="word_100">ir</word>
<word id="word_101">un</word>
<word id="word_102">paliks</word>
<word id="word_103">viens</word>
<word id="word_104">no</word>
<word id="word_105">mūsu</word>
<word id="word_106">laika</word>
<word id="word_107">nozīmīgākajiem</word>
<word id="word_108">reliģiskajiem</word>
<word id="word_109">domātājiem</word>
<word id="word_110">,</word>
<word id="word_111">&quot;</word>
<word id="word_112">piebilda</word>
<word id="word_113">Merkele</word>
<word id="word_114">.</word>
<word id="word_115">Benedikta</word>
<word id="word_116">priekšgājēja</word>
<word id="word_117">Jāņa</word>
<word id="word_118">Pāvila</word>
<word id="word_119">II</word>
<word id="word_120">draugs</word>
<word id="word_121">tēvs</word>
<word id="word_122">Ādams</word>
<word id="word_123">Boņeckis</word>
<word id="word_124">pauda</word>
<word id="word_125">uzskatu</word>
<word id="word_126">,</word>
<word id="word_127">ka</word>
<word id="word_128">pašreizējais</word>
<word id="word_129">pāvests</word>
<word id="word_130">labi</word>
<word id="word_131">atceras</word>
<word id="word_132">Jāņa</word>
<word id="word_133">Pāvila</word>
<word id="word_134">pēdējos</word>
<word id="word_135">mēnešus</word>
<word id="word_136">.</word>
<word id="word_137">&quot;</word>
<word id="word_138">Es</word>
<word id="word_139">domāju</word>
<word id="word_140">,</word>
<word id="word_141">ka</word>
<word id="word_142">viņš</word>
<word id="word_143">nevēlas</word>
<word id="word_144">,</word>
<word id="word_145">lai</word>
<word id="word_146">atkārtotos</word>
<word id="word_147">pēdējie</word>
<word id="word_148">dramatiskie</word>
<word id="word_149">mēneši</word>
<word id="word_150">,</word>
<word id="word_151">kad</word>
<word id="word_152">viņš</word>
<word id="word_153">(</word>
<word id="word_154">Jānis</word>
<word id="word_155">Pāvils</word>
<word id="word_156">II</word>
<word id="word_157">)</word>
<word id="word_158">joprojām</word>
<word id="word_159">bija</word>
<word id="word_160">pāvests</word>
<word id="word_161">,</word>
<word id="word_162">taču</word>
<word id="word_163">praktiski</word>
<word id="word_164">nespēja</word>
<word id="word_165">pildīt</word>
<word id="word_166">savus</word>
<word id="word_167">pienākumus</word>
<word id="word_168">,</word>
<word id="word_169">&quot;</word>
<word id="word_170">norādīja</word>
<word id="word_171">Boņeckis</word>
<word id="word_172">.</word>
<word id="word_173">Savukārt</word>
<word id="word_174">Polijas</word>
<word id="word_175">katoļu</word>
<word id="word_176">baznīcas</word>
<word id="word_177">bīskaps</word>
<word id="word_178">Vojcehs</word>
<word id="word_179">Polaks</word>
<word id="word_180">neslēpa</word>
<word id="word_181">,</word>
<word id="word_182">ka</word>
<word id="word_183">pāvesta</word>
<word id="word_184">paziņojums</word>
<word id="word_185">&quot;</word>
<word id="word_186">mums</word>
<word id="word_187">visiem</word>
<word id="word_188">bija</word>
<word id="word_189">liels</word>
<word id="word_190">pārsteigums</word>
<word id="word_191">&quot;</word>
<word id="word_192">.</word>
<word id="word_193">&quot;</word>
<word id="word_194">Taču</word>
<word id="word_195">pāvests</word>
<word id="word_196">Benedikts</word>
<word id="word_197">XVI</word>
<word id="word_198">jau</word>
<word id="word_199">iepriekš</word>
<word id="word_200">bija</word>
<word id="word_201">paudis</word>
<word id="word_202">viedokli</word>
<word id="word_203">jautājumā</word>
<word id="word_204">par</word>
<word id="word_205">to</word>
<word id="word_206">,</word>
<word id="word_207">vai</word>
<word id="word_208">viņam</word>
<word id="word_209">cienījamajā</word>
<word id="word_210">vecumā</word>
<word id="word_211">ir</word>
<word id="word_212">spēks</word>
<word id="word_213">pienācīgi</word>
<word id="word_214">veikt</word>
<word id="word_215">Svētā</word>
<word id="word_216">Pētera</word>
<word id="word_217">pēcteča</word>
<word id="word_218">pienākumus</word>
<word id="word_219">,</word>
<word id="word_220">&quot;</word>
<word id="word_221">piebilda</word>
<word id="word_222">garīdznieks</word>
<word id="word_223">.</word>
<word id="word_224">Lielbritānijas</word>
<word id="word_225">premjerministrs</word>
<word id="word_226">Deivids</word>
<word id="word_227">Kemerons</word>
<word id="word_228">savukārt</word>
<word id="word_229">paziņoja</word>
<word id="word_230">,</word>
<word id="word_231">ka</word>
<word id="word_232">Benedikts</word>
<word id="word_233">XVI</word>
<word id="word_234">bijis</word>
<word id="word_235">&quot;</word>
<word id="word_236">garīgais</word>
<word id="word_237">līderis</word>
<word id="word_238">miljoniem</word>
<word id="word_239">cilvēku</word>
<word id="word_240">&quot;</word>
<word id="word_241">.</word>
<word id="word_242">&quot;</word>
<word id="word_243">Viņš</word>
<word id="word_244">nenogurstoši</word>
<word id="word_245">strādāja</word>
<word id="word_246">,</word>
<word id="word_247">lai</word>
<word id="word_248">stiprinātu</word>
<word id="word_249">Lielbritānijas</word>
<word id="word_250">attiecīgas</word>
<word id="word_251">ar</word>
<word id="word_252">Svēto</word>
<word id="word_253">Krēslu</word>
<word id="word_254">,</word>
<word id="word_255">&quot;</word>
<word id="word_256">teikts</word>
<word id="word_257">Kemerona</word>
<word id="word_258">paziņojumā</word>
<word id="word_259">.</word>
<word id="word_260">Tikmēr</word>
<word id="word_261">Izraēlas</word>
<word id="word_262">galvenais</word>
<word id="word_263">rabīns</word>
<word id="word_264">Jona</word>
<word id="word_265">Mecgers</word>
<word id="word_266">izteica</word>
<word id="word_267">atzinību</word>
<word id="word_268">pāvestam</word>
<word id="word_269">par</word>
<word id="word_270">attiecību</word>
<word id="word_271">uzlabošanu</word>
<word id="word_272">jūdaisma</word>
<word id="word_273">un</word>
<word id="word_274">kristietbas</word>
<word id="word_275">starpā</word>
<word id="word_276">,</word>
<word id="word_277">palīdzot</word>
<word id="word_278">mazināt</word>
<word id="word_279">antisemītismu</word>
<word id="word_280">.</word>
<word id="word_281">Krievijas</word>
<word id="word_282">Pareizticīgās</word>
<word id="word_283">baznīcas</word>
<word id="word_284">pārstāvis</word>
<word id="word_285">savukārt</word>
<word id="word_286">norādīja</word>
<word id="word_287">,</word>
<word id="word_288">ka</word>
<word id="word_289">pēc</word>
<word id="word_290">pāvesta</word>
<word id="word_291">aiziešanas</word>
<word id="word_292">no</word>
<word id="word_293">amata</word>
<word id="word_294">Vatikāna</word>
<word id="word_295">nostājā</word>
<word id="word_296">attiecībā</word>
<word id="word_297">uz</word>
<word id="word_298">pareizticīgajām</word>
<word id="word_299">baznīcām</word>
<word id="word_300">radikālas</word>
<word id="word_301">izmaiņas</word>
<word id="word_302">nav</word>
<word id="word_303">gaidāmas</word>
<word id="word_304">.</word>
<word id="word_305">Kopš</word>
<word id="word_306">stāšanās</word>
<word id="word_307">amatā</word>
<word id="word_308">2005.</word>
<word id="word_309">gadā</word>
<word id="word_310">pāvests</word>
<word id="word_311">devies</word>
<word id="word_312">24</word>
<word id="word_313">oficiālajās</word>
<word id="word_314">ārvalstu</word>
<word id="word_315">vizītēs</word>
<word id="word_316">,</word>
<word id="word_317">apmeklējot</word>
<word id="word_318">pat</word>
<word id="word_319">tik</word>
<word id="word_320">attālas</word>
<word id="word_321">valstis</word>
<word id="word_322">kā</word>
<word id="word_323">Meksiku</word>
<word id="word_324">,</word>
<word id="word_325">Austrāliju</word>
<word id="word_326">un</word>
<word id="word_327">Brazīliju</word>
<word id="word_328">.</word>
<word id="word_329">LETA</word>
<word id="word_330">jau</word>
<word id="word_331">ziņoja</word>
<word id="word_332">,</word>
<word id="word_333">ka</word>
<word id="word_334">Benedikts</word>
<word id="word_335">XVI</word>
<word id="word_336">pirmdien</word>
<word id="word_337">paziņoja</word>
<word id="word_338">,</word>
<word id="word_339">ka</word>
<word id="word_340">28.</word>
<word id="word_341">februārī</word>
<word id="word_342">pametīs</word>
<word id="word_343">pāvesta</word>
<word id="word_344">amatu</word>
<word id="word_345">,</word>
<word id="word_346">jo</word>
<word id="word_347">lielā</word>
<word id="word_348">vecuma</word>
<word id="word_349">dēļ</word>
<word id="word_350">nespēj</word>
<word id="word_351">pienācīgi</word>
<word id="word_352">veikt</word>
<word id="word_353">amata</word>
<word id="word_354">pienākumus</word>
<word id="word_355">.</word>
<word id="word_356">Benedikts</word>
<word id="word_357">Vatikānā</word>
<word id="word_358">kardinālu</word>
<word id="word_359">sapulcē</word>
<word id="word_360">sacīja</word>
<word id="word_361">:</word>
<word id="word_362">&quot;</word>
<word id="word_363">Esmu</word>
<word id="word_364">nācis</word>
<word id="word_365">pie</word>
<word id="word_366">pārliecības</word>
<word id="word_367">,</word>
<word id="word_368">ka</word>
<word id="word_369">mani</word>
<word id="word_370">spēki</word>
<word id="word_371">,</word>
<word id="word_372">man</word>
<word id="word_373">kļūstot</word>
<word id="word_374">arvien</word>
<word id="word_375">vecākam</word>
<word id="word_376">,</word>
<word id="word_377">vairs</word>
<word id="word_378">nav</word>
<word id="word_379">piemēroti</word>
<word id="word_380">,</word>
<word id="word_381">lai</word>
<word id="word_382">pienācīgi</word>
<word id="word_383">veiktu</word>
<word id="word_384">Pētera</word>
<word id="word_385">amata</word>
<word id="word_386">kalpošanu</word>
<word id="word_387">.</word>
<word id="word_388">&quot;</word>
<word id="word_389">&quot;</word>
<word id="word_390">Lai</word>
<word id="word_391">vadītu</word>
<word id="word_392">svētā</word>
<word id="word_393">Pētera</word>
<word id="word_394">kuģi</word>
<word id="word_395">un</word>
<word id="word_396">sludinātu</word>
<word id="word_397">evaņģēliju</word>
<word id="word_398">,</word>
<word id="word_399">ir</word>
<word id="word_400">vajadzīgs</word>
<word id="word_401">kā</word>
<word id="word_402">prāta</word>
<word id="word_403">,</word>
<word id="word_404">tā</word>
<word id="word_405">miesas</word>
<word id="word_406">spēks</word>
<word id="word_407">,</word>
<word id="word_408">kas</word>
<word id="word_409">pēdējos</word>
<word id="word_410">mēnešos</word>
<word id="word_411">manī</word>
<word id="word_412">ir</word>
<word id="word_413">vājinājies</word>
<word id="word_414">tādā</word>
<word id="word_415">mērā</word>
<word id="word_416">,</word>
<word id="word_417">ka</word>
<word id="word_418">man</word>
<word id="word_419">ir</word>
<word id="word_420">nācies</word>
<word id="word_421">atzīt</word>
<word id="word_422">savu</word>
<word id="word_423">nespēju</word>
<word id="word_424">pienācīgi</word>
<word id="word_425">pildīt</word>
<word id="word_426">man</word>
<word id="word_427">uzticēto</word>
<word id="word_428">kalpošanu</word>
<word id="word_429">.</word>
<word id="word_430">&quot;</word>
<word id="word_431">&quot;</word>
<word id="word_432">Šī</word>
<word id="word_433">iemesla</word>
<word id="word_434">dēļ</word>
<word id="word_435">un</word>
<word id="word_436">pilnībā</word>
<word id="word_437">apzinoties</word>
<word id="word_438">šādas</word>
<word id="word_439">rīcības</word>
<word id="word_440">nopietnību</word>
<word id="word_441">,</word>
<word id="word_442">pēc</word>
<word id="word_443">savas</word>
<word id="word_444">brīvas</word>
<word id="word_445">gribas</word>
<word id="word_446">pasludinu</word>
<word id="word_447">,</word>
<word id="word_448">ka</word>
<word id="word_449">atsakos</word>
<word id="word_450">no</word>
<word id="word_451">Romas</word>
<word id="word_452">bīskapa</word>
<word id="word_453">,</word>
<word id="word_454">Svētā</word>
<word id="word_455">Pētera</word>
<word id="word_456">pēcteča</word>
<word id="word_457">amata</word>
<word id="word_458">,</word>
<word id="word_459">kuru</word>
<word id="word_460">man</word>
<word id="word_461">2005.</word>
<word id="word_462">gada</word>
<word id="word_463">19.</word>
<word id="word_464">aprīlī</word>
<word id="word_465">uzticēja</word>
<word id="word_466">kardināli</word>
<word id="word_467">,</word>
<word id="word_468">un</word>
<word id="word_469">tas</word>
<word id="word_470">no</word>
<word id="word_471">2013.</word>
<word id="word_472">gada</word>
<word id="word_473">28.</word>
<word id="word_474">februāra</word>
<word id="word_475">plkst.</word>
<word id="word_476">20</word>
<word id="word_477">būs</word>
<word id="word_478">brīvs</word>
<word id="word_479">,</word>
<word id="word_480">un</word>
<word id="word_481">atbildīgajiem</word>
<word id="word_482">būs</word>
<word id="word_483">jāsauc</word>
<word id="word_484">konklāvs</word>
<word id="word_485">,</word>
<word id="word_486">lai</word>
<word id="word_487">ievēlētu</word>
<word id="word_488">jaunu</word>
<word id="word_489">augstāko</word>
<word id="word_490">pontifu</word>
<word id="word_491">,</word>
<word id="word_492">&quot;</word>
<word id="word_493">sacīja</word>
<word id="word_494">85</word>
<word id="word_495">gadus</word>
<word id="word_496">vecais</word>
<word id="word_497">pāvests</word>
<word id="word_498">,</word>
<word id="word_499">kardinālus</word>
<word id="word_500">uzrunājot</word>
<word id="word_501">latīņu</word>
<word id="word_502">valodā</word>
<word id="word_503">.</word>
<word id="word_504">Pāvesta</word>
<word id="word_505">preses</word>
<word id="word_506">pārstāvis</word>
<word id="word_507">Federiko</word>
<word id="word_508">Lobardi</word>
<word id="word_509">žurnālistiem</word>
<word id="word_510">apliecināja</word>
<word id="word_511">,</word>
<word id="word_512">ka</word>
<word id="word_513">&quot;</word>
<word id="word_514">Lieldienās</word>
<word id="word_515">mums</word>
<word id="word_516">būs</word>
<word id="word_517">jauns</word>
<word id="word_518">pāvests</word>
<word id="word_519">&quot;</word>
<word id="word_520">.</word>
<word id="word_521">Viņš</word>
<word id="word_522">arī</word>
<word id="word_523">sacīja</word>
<word id="word_524">,</word>
<word id="word_525">ka</word>
<word id="word_526">konklāvs</word>
<word id="word_527">sapulcēsies</word>
<word id="word_528">15</word>
<word id="word_529">-</word>
<word id="word_530">20</word>
<word id="word_531">dienu</word>
<word id="word_532">laikā</word>
<word id="word_533">pēc</word>
<word id="word_534">Benedikta</word>
<word id="word_535">XVI</word>
<word id="word_536">atkāpšanās</word>
<word id="word_537">.</word>
<word id="word_538">XIII</word>
<word id="word_539">gadsimta</word>
<word id="word_540">pāvests</word>
<word id="word_541">Celestīns</word>
<word id="word_542">V</word>
<word id="word_543">līdz</word>
<word id="word_544">šim</word>
<word id="word_545">bija</word>
<word id="word_546">vienīgais</word>
<word id="word_547">katoļu</word>
<word id="word_548">baznīcas</word>
<word id="word_549">galva</word>
<word id="word_550">,</word>
<word id="word_551">kurš</word>
<word id="word_552">no</word>
<word id="word_553">augstā</word>
<word id="word_554">amata</word>
<word id="word_555">atteicies</word>
<word id="word_556">,</word>
<word id="word_557">norādot</word>
<word id="word_558">,</word>
<word id="word_559">ka</word>
<word id="word_560">nespēj</word>
<word id="word_561">pildīt</word>
<word id="word_562">savus</word>
<word id="word_563">pienākumus</word>
<word id="word_564">.</word>
<word id="word_565">Viņš</word>
<word id="word_566">bija</word>
<word id="word_567">eremīts</word>
<word id="word_568">un</word>
<word id="word_569">pāvesta</word>
<word id="word_570">amatā</word>
<word id="word_571">pavadīja</word>
<word id="word_572">vien</word>
<word id="word_573">dažus</word>
<word id="word_574">mēnešus</word>
<word id="word_575">.</word>
<word id="word_576">Celestīns</word>
<word id="word_577">toreiz</word>
<word id="word_578">skaidroja</word>
<word id="word_579">,</word>
<word id="word_580">ka</word>
<word id="word_581">tiecas</word>
<word id="word_582">pēc</word>
<word id="word_583">vienkāršākas</word>
<word id="word_584">dzīves</word>
<word id="word_585">un</word>
<word id="word_586">nav</word>
<word id="word_587">piemērots</word>
<word id="word_588">augstajam</word>
<word id="word_589">amatam</word>
<word id="word_590">.</word>
<word id="word_591">Ievēlēšanas</word>
<word id="word_592">brīdī</word>
<word id="word_593">Benedikts</word>
<word id="word_594">bija</word>
<word id="word_595">78</word>
<word id="word_596">gadus</word>
<word id="word_597">vecs</word>
<word id="word_598">,</word>
<word id="word_599">tādējādi</word>
<word id="word_600">kļūstot</word>
<word id="word_601">par</word>
<word id="word_602">vienu</word>
<word id="word_603">no</word>
<word id="word_604">ievēlēšanas</word>
<word id="word_605">brīdī</word>
<word id="word_606">vecākajiem</word>
<word id="word_607">pāvestiem</word>
<word id="word_608">vēsturē</word>
<word id="word_609">.</word>
</words>