<?xml version="1.0" encoding="UTF-8"?>
<!DOCTYPE words SYSTEM "words.dtd">
<words><word id="word_1">Latvijas</word>
<word id="word_2">Politiski</word>
<word id="word_3">represēto</word>
<word id="word_4">apvienība</word>
<word id="word_5">lūgs</word>
<word id="word_6">valdībai</word>
<word id="word_7">piešķirt</word>
<word id="word_8">sociālās</word>
<word id="word_9">rehabilitācijas</word>
<word id="word_10">pakalpojumus</word>
<word id="word_11">11</word>
<word id="word_12">Feb</word>
<word id="word_13">2013</word>
<word id="word_14">Rīga</word>
<word id="word_15">,</word>
<word id="word_16">11.</word>
<word id="word_17">febr.</word>
<word id="word_18">,</word>
<word id="word_19">LETA</word>
<word id="word_20">.</word>
<word id="word_21">Latvijas</word>
<word id="word_22">Politiski</word>
<word id="word_23">represēto</word>
<word id="word_24">apvienība</word>
<word id="word_25">(</word>
<word id="word_26">LPRA</word>
<word id="word_27">)</word>
<word id="word_28">lūgs</word>
<word id="word_29">valdībai</word>
<word id="word_30">ar</word>
<word id="word_31">šā</word>
<word id="word_32">gada</word>
<word id="word_33">1.</word>
<word id="word_34">jūliju</word>
<word id="word_35">atkarībā</word>
<word id="word_36">no</word>
<word id="word_37">finansiālajām</word>
<word id="word_38">iespējām</word>
<word id="word_39">politiski</word>
<word id="word_40">represētajām</word>
<word id="word_41">personām</word>
<word id="word_42">,</word>
<word id="word_43">kuras</word>
<word id="word_44">sasniegušas</word>
<word id="word_45">65</word>
<word id="word_46">,</word>
<word id="word_47">70</word>
<word id="word_48">vai</word>
<word id="word_49">75</word>
<word id="word_50">gadu</word>
<word id="word_51">vecumu</word>
<word id="word_52">,</word>
<word id="word_53">piešķirt</word>
<word id="word_54">sociālās</word>
<word id="word_55">rehabilitācijas</word>
<word id="word_56">pakalpojumus</word>
<word id="word_57">reizi</word>
<word id="word_58">divos</word>
<word id="word_59">gados</word>
<word id="word_60">,</word>
<word id="word_61">-</word>
<word id="word_62">par</word>
<word id="word_63">LPRA</word>
<word id="word_64">24.</word>
<word id="word_65">konferencē</word>
<word id="word_66">pieņemto</word>
<word id="word_67">rezolūciju</word>
<word id="word_68">aģentūru</word>
<word id="word_69">LETA</word>
<word id="word_70">informēja</word>
<word id="word_71">biedrības</word>
<word id="word_72">valdes</word>
<word id="word_73">sekretāre</word>
<word id="word_74">Dagnija</word>
<word id="word_75">Liepiņa</word>
<word id="word_76">.</word>
<word id="word_77">Savukārt</word>
<word id="word_78">saistībā</word>
<word id="word_79">ar</word>
<word id="word_80">straujo</word>
<word id="word_81">maksas</word>
<word id="word_82">kāpumu</word>
<word id="word_83">par</word>
<word id="word_84">siltumenerģiju</word>
<word id="word_85">,</word>
<word id="word_86">lai</word>
<word id="word_87">novērstu</word>
<word id="word_88">sadzīves</word>
<word id="word_89">apstākļu</word>
<word id="word_90">pasliktināšanos</word>
<word id="word_91">politiski</word>
<word id="word_92">represētajiem</word>
<word id="word_93">,</word>
<word id="word_94">pieņemts</word>
<word id="word_95">lēmums</word>
<word id="word_96">lūgt</word>
<word id="word_97">valdību</word>
<word id="word_98">un</word>
<word id="word_99">Finanšu</word>
<word id="word_100">ministriju</word>
<word id="word_101">izskatīt</word>
<word id="word_102">iespēju</word>
<word id="word_103">atsākt</word>
<word id="word_104">pensiju</word>
<word id="word_105">indeksāciju</word>
<word id="word_106">jau</word>
<word id="word_107">no</word>
<word id="word_108">2013.</word>
<word id="word_109">gada</word>
<word id="word_110">otrās</word>
<word id="word_111">puses</word>
<word id="word_112">,</word>
<word id="word_113">politiski</word>
<word id="word_114">represētajām</word>
<word id="word_115">personām</word>
<word id="word_116">nepiemērojot</word>
<word id="word_117">pensijas</word>
<word id="word_118">apjoma</word>
<word id="word_119">griestus</word>
<word id="word_120">.</word>
<word id="word_121">LPRA</word>
<word id="word_122">lūgs</word>
<word id="word_123">arī</word>
<word id="word_124">Ekonomikas</word>
<word id="word_125">ministriju</word>
<word id="word_126">izskaidrot</word>
<word id="word_127">politiski</word>
<word id="word_128">represētajiem</word>
<word id="word_129">straujo</word>
<word id="word_130">maksas</word>
<word id="word_131">kāpumu</word>
<word id="word_132">par</word>
<word id="word_133">patērēto</word>
<word id="word_134">siltumenerģiju</word>
<word id="word_135">Latvijas</word>
<word id="word_136">pilsētās</word>
<word id="word_137">un</word>
<word id="word_138">apdzīvotajās</word>
<word id="word_139">vietās</word>
<word id="word_140">.</word>
<word id="word_141">Tāpat</word>
<word id="word_142">apvienība</word>
<word id="word_143">vienojusies</word>
<word id="word_144">nosūtīt</word>
<word id="word_145">valdībai</word>
<word id="word_146">atgādinājuma</word>
<word id="word_147">vēstuli</word>
<word id="word_148">par</word>
<word id="word_149">padomju</word>
<word id="word_150">okupācijas</word>
<word id="word_151">upuru</word>
<word id="word_152">piemiņas</word>
<word id="word_153">Memoriāla</word>
<word id="word_154">kompleksa</word>
<word id="word_155">Latviešu</word>
<word id="word_156">strēlnieku</word>
<word id="word_157">laukumā</word>
<word id="word_158">būvniecības</word>
<word id="word_159">gaitu</word>
<word id="word_160">.</word>
<word id="word_161">Viņi</word>
<word id="word_162">norāda</word>
<word id="word_163">,</word>
<word id="word_164">ka</word>
<word id="word_165">būvdarbu</word>
<word id="word_166">sākšanas</word>
<word id="word_167">termiņš</word>
<word id="word_168">tiek</word>
<word id="word_169">atlikts</word>
<word id="word_170">uz</word>
<word id="word_171">nenoteiktu</word>
<word id="word_172">laiku</word>
<word id="word_173">,</word>
<word id="word_174">kas</word>
<word id="word_175">apdraud</word>
<word id="word_176">Padomju</word>
<word id="word_177">okupācijas</word>
<word id="word_178">upuru</word>
<word id="word_179">piemiņas</word>
<word id="word_180">Memoriāla</word>
<word id="word_181">izveidi</word>
<word id="word_182">līdz</word>
<word id="word_183">2014.</word>
<word id="word_184">gadam</word>
<word id="word_185">.</word>
<word id="word_186">LPRA</word>
<word id="word_187">pieņēmusi</word>
<word id="word_188">lēmumu</word>
<word id="word_189">atbalstīt</word>
<word id="word_190">Likteņdārza</word>
<word id="word_191">administrācijas</word>
<word id="word_192">centienus</word>
<word id="word_193">ozolu</word>
<word id="word_194">piemiņas</word>
<word id="word_195">alejas</word>
<word id="word_196">izveidē</word>
<word id="word_197">atbilstoši</word>
<word id="word_198">apstiprinātā</word>
<word id="word_199">attīstības</word>
<word id="word_200">projekta</word>
<word id="word_201">metiem</word>
<word id="word_202">.</word>
<word id="word_203">Paredzēts</word>
<word id="word_204">,</word>
<word id="word_205">ka</word>
<word id="word_206">LPRA</word>
<word id="word_207">nodaļas</word>
<word id="word_208">aktīvi</word>
<word id="word_209">iesaistīs</word>
<word id="word_210">savas</word>
<word id="word_211">pašvaldības</word>
<word id="word_212">ziedojumu</word>
<word id="word_213">vākšanā</word>
<word id="word_214">.</word>
<word id="word_215">Saistībā</word>
<word id="word_216">ar</word>
<word id="word_217">pašvaldību</word>
<word id="word_218">vēlēšanām</word>
<word id="word_219">rezolūcija</word>
<word id="word_220">paredz</word>
<word id="word_221">konsultēties</word>
<word id="word_222">ar</word>
<word id="word_223">politiskajām</word>
<word id="word_224">partijām</word>
<word id="word_225">un</word>
<word id="word_226">apkopot</word>
<word id="word_227">informāciju</word>
<word id="word_228">par</word>
<word id="word_229">to</word>
<word id="word_230">mērķiem</word>
<word id="word_231">katras</word>
<word id="word_232">Latvijas</word>
<word id="word_233">Politiski</word>
<word id="word_234">represēto</word>
<word id="word_235">apvienības</word>
<word id="word_236">nodaļu</word>
<word id="word_237">teritorijās</word>
<word id="word_238">,</word>
<word id="word_239">kā_arī</word>
<word id="word_240">Rīgas</word>
<word id="word_241">pilsētā</word>
<word id="word_242">,</word>
<word id="word_243">lai</word>
<word id="word_244">lemtu</word>
<word id="word_245">par</word>
<word id="word_246">iespēju</word>
<word id="word_247">sniegt</word>
<word id="word_248">atbalstu</word>
<word id="word_249">pašvaldību</word>
<word id="word_250">vēlēšanās</word>
<word id="word_251">.</word>
<word id="word_252">Biedrība</word>
<word id="word_253">uzskata</word>
<word id="word_254">,</word>
<word id="word_255">ka</word>
<word id="word_256">politisko</word>
<word id="word_257">partiju</word>
<word id="word_258">izveidotais</word>
<word id="word_259">nacionālais</word>
<word id="word_260">pretnostatījums</word>
<word id="word_261">ir</word>
<word id="word_262">apdraudošs</word>
<word id="word_263">nacionālas</word>
<word id="word_264">valsts</word>
<word id="word_265">tālākai</word>
<word id="word_266">pastāvēšanai</word>
<word id="word_267">,</word>
<word id="word_268">tādēļ</word>
<word id="word_269">aicinās</word>
<word id="word_270">Latvijas</word>
<word id="word_271">pilsoņus</word>
<word id="word_272">pašvaldību</word>
<word id="word_273">vēlēšanās</word>
<word id="word_274">balsot</word>
<word id="word_275">par</word>
<word id="word_276">partijām</word>
<word id="word_277">,</word>
<word id="word_278">kuras</word>
<word id="word_279">atbalsta</word>
<word id="word_280">nacionālas</word>
<word id="word_281">valsts</word>
<word id="word_282">ideju</word>
<word id="word_283">.</word>
<word id="word_284">Latvijas</word>
<word id="word_285">Politiski</word>
<word id="word_286">represēto</word>
<word id="word_287">apvienības</word>
<word id="word_288">24.</word>
<word id="word_289">konferencē</word>
<word id="word_290">par</word>
<word id="word_291">priekšsēdētāju</word>
<word id="word_292">atkārtoti</word>
<word id="word_293">ievēlēts</word>
<word id="word_294">Gunārs</word>
<word id="word_295">Resnais</word>
<word id="word_296">,</word>
<word id="word_297">bet</word>
<word id="word_298">par</word>
<word id="word_299">viņa</word>
<word id="word_300">vietnieku</word>
<word id="word_301">-</word>
<word id="word_302">Andris</word>
<word id="word_303">Cērmanis</word>
<word id="word_304">.</word>
<word id="word_305">Uz</word>
<word id="word_306">konferenci</word>
<word id="word_307">ieradās</word>
<word id="word_308">288</word>
<word id="word_309">delegāti</word>
<word id="word_310">.</word>
<word id="word_311">Jau</word>
<word id="word_312">ziņots</word>
<word id="word_313">,</word>
<word id="word_314">ka</word>
<word id="word_315">uz</word>
<word id="word_316">priekšsēdētāja</word>
<word id="word_317">amatu</word>
<word id="word_318">bija</word>
<word id="word_319">trīs</word>
<word id="word_320">kandidāti</word>
<word id="word_321">-</word>
<word id="word_322">pašreizējais</word>
<word id="word_323">priekšsēdētājs</word>
<word id="word_324">Gunārs</word>
<word id="word_325">Resnais</word>
<word id="word_326">,</word>
<word id="word_327">Ogres</word>
<word id="word_328">nodaļas</word>
<word id="word_329">vadītājs</word>
<word id="word_330">Ivars</word>
<word id="word_331">Kaļķis</word>
<word id="word_332">un</word>
<word id="word_333">apvienības</word>
<word id="word_334">valdes</word>
<word id="word_335">loceklis</word>
<word id="word_336">Jānis</word>
<word id="word_337">Lauva</word>
<word id="word_338">,</word>
<word id="word_339">kurus</word>
<word id="word_340">izvirzījušas</word>
<word id="word_341">biedru</word>
<word id="word_342">nodaļas</word>
<word id="word_343">.</word>
<word id="word_344">Jaunais</word>
<word id="word_345">priekšsēdētāju</word>
<word id="word_346">ievēlē</word>
<word id="word_347">ar</word>
<word id="word_348">balsu</word>
<word id="word_349">vairākumu</word>
<word id="word_350">atklātā</word>
<word id="word_351">balsojumā</word>
<word id="word_352">.</word>
</words>