<?xml version="1.0" encoding="UTF-8"?>
<!DOCTYPE words SYSTEM "words.dtd">
<words><word id="word_1">Kalnu</word>
<word id="word_2">slēpotājs</word>
<word id="word_3">Zvejnieks</word>
<word id="word_4">otro</word>
<word id="word_5">dienu</word>
<word id="word_6">pēc</word>
<word id="word_7">kārtas</word>
<word id="word_8">sasniedz</word>
<word id="word_9">karjeras</word>
<word id="word_10">otro</word>
<word id="word_11">labāko</word>
<word id="word_12">rezultātu</word>
<word id="word_13">FIS</word>
<word id="word_14">punktos</word>
<word id="word_15">11</word>
<word id="word_16">Feb</word>
<word id="word_17">2013</word>
<word id="word_18">Vildhausa</word>
<word id="word_19">(</word>
<word id="word_20">Šveice</word>
<word id="word_21">)</word>
<word id="word_22">,</word>
<word id="word_23">11.</word>
<word id="word_24">febr.</word>
<word id="word_25">,</word>
<word id="word_26">LETA</word>
<word id="word_27">.</word>
<word id="word_28">Latvijas</word>
<word id="word_29">labākais</word>
<word id="word_30">kalnu</word>
<word id="word_31">slēpotājs</word>
<word id="word_32">Kristaps</word>
<word id="word_33">Zvejnieks</word>
<word id="word_34">pirmdien</word>
<word id="word_35">izcīnīja</word>
<word id="word_36">trešo</word>
<word id="word_37">vietu</word>
<word id="word_38">Šveicē</word>
<word id="word_39">notikušajās</word>
<word id="word_40">FIS</word>
<word id="word_41">kategorijas</word>
<word id="word_42">sacensībās</word>
<word id="word_43">slalomā</word>
<word id="word_44">,</word>
<word id="word_45">otro</word>
<word id="word_46">dienu</word>
<word id="word_47">pēc</word>
<word id="word_48">kārtas</word>
<word id="word_49">sasniedzot</word>
<word id="word_50">karjeras</word>
<word id="word_51">otro</word>
<word id="word_52">labāko</word>
<word id="word_53">rezultātu</word>
<word id="word_54">FIS</word>
<word id="word_55">punktu</word>
<word id="word_56">ziņā</word>
<word id="word_57">.</word>
<word id="word_58">Divu</word>
<word id="word_59">braucienu</word>
<word id="word_60">summā</word>
<word id="word_61">Zvejnieks</word>
<word id="word_62">par</word>
<word id="word_63">0,39</word>
<word id="word_64">sekundēm</word>
<word id="word_65">atpalika</word>
<word id="word_66">no</word>
<word id="word_67">uzvaru</word>
<word id="word_68">izcīnījušā</word>
<word id="word_69">austrieša</word>
<word id="word_70">Kristiana</word>
<word id="word_71">Hiršbīla</word>
<word id="word_72">,</word>
<word id="word_73">kas</word>
<word id="word_74">deva</word>
<word id="word_75">15,61</word>
<word id="word_76">FIS</word>
<word id="word_77">kategorijas</word>
<word id="word_78">punktu</word>
<word id="word_79">.</word>
<word id="word_80">Savas</word>
<word id="word_81">karjeras</word>
<word id="word_82">labāko</word>
<word id="word_83">rezultātu</word>
<word id="word_84">Zvejnieks</word>
<word id="word_85">sasniedza</word>
<word id="word_86">pagājušā</word>
<word id="word_87">gada</word>
<word id="word_88">martā</word>
<word id="word_89">,</word>
<word id="word_90">kad</word>
<word id="word_91">slaloma</word>
<word id="word_92">sacensībās</word>
<word id="word_93">Norvēģijā</word>
<word id="word_94">tika</word>
<word id="word_95">pie</word>
<word id="word_96">14,55</word>
<word id="word_97">FIS</word>
<word id="word_98">punktiem</word>
<word id="word_99">.</word>
<word id="word_100">Vēl</word>
<word id="word_101">no</word>
<word id="word_102">Latvijas</word>
<word id="word_103">sportistiem</word>
<word id="word_104">pirmdien</word>
<word id="word_105">Toms</word>
<word id="word_106">Sarkanis</word>
<word id="word_107">un</word>
<word id="word_108">Kaspars</word>
<word id="word_109">Daugulis</word>
<word id="word_110">nespēja</word>
<word id="word_111">sekmīgi</word>
<word id="word_112">beigt</word>
<word id="word_113">pirmo</word>
<word id="word_114">braucienu</word>
<word id="word_115">.</word>
<word id="word_116">Kā</word>
<word id="word_117">ziņots</word>
<word id="word_118">,</word>
<word id="word_119">sestdien</word>
<word id="word_120">un</word>
<word id="word_121">svētdien</word>
<word id="word_122">Zvejnieks</word>
<word id="word_123">piedalījās</word>
<word id="word_124">divās</word>
<word id="word_125">FIS</word>
<word id="word_126">kategorijas</word>
<word id="word_127">sacensībās</word>
<word id="word_128">Vācijā</word>
<word id="word_129">,</word>
<word id="word_130">tiekot</word>
<word id="word_131">pie</word>
<word id="word_132">attiecīgi</word>
<word id="word_133">22,21</word>
<word id="word_134">un</word>
<word id="word_135">16,49</word>
<word id="word_136">FIS</word>
<word id="word_137">kategorijas</word>
<word id="word_138">punktiem</word>
<word id="word_139">.</word>
<word id="word_140">Jau</word>
<word id="word_141">šonedēļ</word>
<word id="word_142">Zvejnieku</word>
<word id="word_143">un</word>
<word id="word_144">citus</word>
<word id="word_145">labākos</word>
<word id="word_146">Latvijas</word>
<word id="word_147">kalnu</word>
<word id="word_148">slēpotājus</word>
<word id="word_149">gaida</word>
<word id="word_150">arī</word>
<word id="word_151">starts</word>
<word id="word_152">pasaules</word>
<word id="word_153">čempionātā</word>
<word id="word_154">.</word>
</words>