<?xml version="1.0" encoding="UTF-8"?>
<!DOCTYPE words SYSTEM "words.dtd">
<words><word id="word_1">Grieķijas</word>
<word id="word_2">budžetā</word>
<word id="word_3">janvārī</word>
<word id="word_4">reģistrēts</word>
<word id="word_5">pārpalikums</word>
<word id="word_6">11</word>
<word id="word_7">Feb</word>
<word id="word_8">2013</word>
<word id="word_9">Atēnas</word>
<word id="word_10">,</word>
<word id="word_11">11.</word>
<word id="word_12">febr.</word>
<word id="word_13">,</word>
<word id="word_14">LETA</word>
<word id="word_15">-</word>
<word id="word_16">-</word>
<word id="word_17">RTTNEWS</word>
<word id="word_18">.</word>
<word id="word_19">Grieķijas</word>
<word id="word_20">budžetā</word>
<word id="word_21">šā</word>
<word id="word_22">gada</word>
<word id="word_23">janvārī</word>
<word id="word_24">reģistrēts</word>
<word id="word_25">159</word>
<word id="word_26">miljonu</word>
<word id="word_27">eiro</word>
<word id="word_28">(</word>
<word id="word_29">111,7</word>
<word id="word_30">miljonu</word>
<word id="word_31">latu</word>
<word id="word_32">)</word>
<word id="word_33">pārpalikums</word>
<word id="word_34">,</word>
<word id="word_35">salīdzinot</word>
<word id="word_36">ar</word>
<word id="word_37">490</word>
<word id="word_38">miljonu</word>
<word id="word_39">eiro</word>
<word id="word_40">(</word>
<word id="word_41">344,3</word>
<word id="word_42">miljonu</word>
<word id="word_43">latu</word>
<word id="word_44">)</word>
<word id="word_45">deficītu</word>
<word id="word_46">attiecīgajā</word>
<word id="word_47">laika</word>
<word id="word_48">periodā</word>
<word id="word_49">pērn</word>
<word id="word_50">,</word>
<word id="word_51">pirmdien</word>
<word id="word_52">paziņoja</word>
<word id="word_53">valsts</word>
<word id="word_54">Finanšu</word>
<word id="word_55">ministrija</word>
<word id="word_56">.</word>
<word id="word_57">Ministrija</word>
<word id="word_58">norāda</word>
<word id="word_59">,</word>
<word id="word_60">ka</word>
<word id="word_61">valdības</word>
<word id="word_62">vērienīgie</word>
<word id="word_63">izdevumu</word>
<word id="word_64">samazinājumi</word>
<word id="word_65">spējuši</word>
<word id="word_66">kompensēt</word>
<word id="word_67">valsts</word>
<word id="word_68">ienākumu</word>
<word id="word_69">kritumu</word>
<word id="word_70">.</word>
<word id="word_71">Grieķijas</word>
<word id="word_72">valsts</word>
<word id="word_73">ienākumi</word>
<word id="word_74">pagājušajā</word>
<word id="word_75">mēnesī</word>
<word id="word_76">sarukuši</word>
<word id="word_77">par</word>
<word id="word_78">11</word>
<word id="word_79">%</word>
<word id="word_80">-</word>
<word id="word_81">līdz</word>
<word id="word_82">4,4</word>
<word id="word_83">miljardiem</word>
<word id="word_84">eiro</word>
<word id="word_85">(</word>
<word id="word_86">3,09</word>
<word id="word_87">miljardiem</word>
<word id="word_88">latu</word>
<word id="word_89">)</word>
<word id="word_90">.</word>
<word id="word_91">Grieķija</word>
<word id="word_92">pērn</word>
<word id="word_93">no</word>
<word id="word_94">Eiropas</word>
<word id="word_95">partneriem</word>
<word id="word_96">spēja</word>
<word id="word_97">iegūt</word>
<word id="word_98">labvēlīgus</word>
<word id="word_99">starptautiskā</word>
<word id="word_100">aizdevuma</word>
<word id="word_101">nosacījumus</word>
<word id="word_102">pēc</word>
<word id="word_103">tam</word>
<word id="word_104">,</word>
<word id="word_105">kad</word>
<word id="word_106">valdība</word>
<word id="word_107">demonstrēja</word>
<word id="word_108">stingru</word>
<word id="word_109">apņemšanos</word>
<word id="word_110">ievērot</word>
<word id="word_111">palīdzības</word>
<word id="word_112">programmā</word>
<word id="word_113">noteiktās</word>
<word id="word_114">prasības</word>
<word id="word_115">.</word>
</words>