<?xml version="1.0" encoding="UTF-8"?>
<!DOCTYPE words SYSTEM "words.dtd">
<words><word id="word_1">Rīgā</word>
<word id="word_2">policija</word>
<word id="word_3">sabiedriskajā</word>
<word id="word_4">transportā</word>
<word id="word_5">pieķer</word>
<word id="word_6">kabatzagli</word>
<word id="word_7">11</word>
<word id="word_8">Feb</word>
<word id="word_9">2013</word>
<word id="word_10">Rīga</word>
<word id="word_11">,</word>
<word id="word_12">11.</word>
<word id="word_13">febr.</word>
<word id="word_14">,</word>
<word id="word_15">LETA</word>
<word id="word_16">.</word>
<word id="word_17">Rīgā</word>
<word id="word_18">pagājušajā</word>
<word id="word_19">piektdienā</word>
<word id="word_20">policija</word>
<word id="word_21">sabiedriskajā</word>
<word id="word_22">transportā</word>
<word id="word_23">aizturējusi</word>
<word id="word_24">kādu</word>
<word id="word_25">kabatzagli</word>
<word id="word_26">,</word>
<word id="word_27">aģentūru</word>
<word id="word_28">LETA</word>
<word id="word_29">informēja</word>
<word id="word_30">Valsts</word>
<word id="word_31">policijas</word>
<word id="word_32">Rīgas</word>
<word id="word_33">reģiona</word>
<word id="word_34">pārvaldes</word>
<word id="word_35">pārstāvis</word>
<word id="word_36">Toms</word>
<word id="word_37">Sadovskis</word>
<word id="word_38">.</word>
<word id="word_39">Policisti</word>
<word id="word_40">transportā</word>
<word id="word_41">ievēroja</word>
<word id="word_42">aizdomīgu</word>
<word id="word_43">vīrieti</word>
<word id="word_44">,</word>
<word id="word_45">kurš</word>
<word id="word_46">pievērsa</word>
<word id="word_47">pastiprinātu</word>
<word id="word_48">uzmanību</word>
<word id="word_49">pasažieru</word>
<word id="word_50">somiņām</word>
<word id="word_51">.</word>
<word id="word_52">Mirkli</word>
<word id="word_53">vēlāk</word>
<word id="word_54">policijas</word>
<word id="word_55">darbinieki</word>
<word id="word_56">pamanīja</word>
<word id="word_57">,</word>
<word id="word_58">ka</word>
<word id="word_59">vīrietis</word>
<word id="word_60">ieliek</word>
<word id="word_61">roku</word>
<word id="word_62">kādas</word>
<word id="word_63">sievietes</word>
<word id="word_64">somiņā</word>
<word id="word_65">un</word>
<word id="word_66">pēc</word>
<word id="word_67">tam</word>
<word id="word_68">no</word>
<word id="word_69">transporta</word>
<word id="word_70">izkāpa</word>
<word id="word_71">kopā</word>
<word id="word_72">ar</word>
<word id="word_73">cietušo</word>
<word id="word_74">,</word>
<word id="word_75">kura</word>
<word id="word_76">nemaz</word>
<word id="word_77">nebija</word>
<word id="word_78">zādzību</word>
<word id="word_79">pamanījusi</word>
<word id="word_80">.</word>
<word id="word_81">Šajā</word>
<word id="word_82">brīdī</word>
<word id="word_83">likumsargi</word>
<word id="word_84">garnadzi</word>
<word id="word_85">aizturēja</word>
<word id="word_86">.</word>
<word id="word_87">Noskaidrots</word>
<word id="word_88">,</word>
<word id="word_89">ka</word>
<word id="word_90">vīrietis</word>
<word id="word_91">dzimis</word>
<word id="word_92">1976.</word>
<word id="word_93">gadā</word>
<word id="word_94">un</word>
<word id="word_95">agrāk</word>
<word id="word_96">tiesāts</word>
<word id="word_97">par</word>
<word id="word_98">dažādu</word>
<word id="word_99">mantisku</word>
<word id="word_100">raksturu</word>
<word id="word_101">noziegumu</word>
<word id="word_102">izdarīšanu</word>
<word id="word_103">.</word>
</words>