<?xml version="1.0" encoding="UTF-8"?>
<!DOCTYPE markables SYSTEM "markables.dtd">
<markables xmlns="www.eml.org/NameSpaces/sentence">
<markable mmax_level="sentence" id="markable_1" span="word_1..word_8" />
<markable mmax_level="sentence" id="markable_2" span="word_9..word_11" />
<markable mmax_level="sentence" id="markable_3" span="word_12..word_18" />
<markable mmax_level="sentence" id="markable_4" span="word_19..word_51" />
<markable mmax_level="sentence" id="markable_5" span="word_52..word_70" />
<markable mmax_level="sentence" id="markable_6" span="word_71..word_88" />
<markable mmax_level="sentence" id="markable_7" span="word_89" />
<markable mmax_level="sentence" id="markable_8" span="word_90..word_108" />
<markable mmax_level="sentence" id="markable_9" span="word_109..word_121" />
<markable mmax_level="sentence" id="markable_10" span="word_122..word_148" />
<markable mmax_level="sentence" id="markable_11" span="word_149..word_168" />
<markable mmax_level="sentence" id="markable_12" span="word_169..word_177" />
<markable mmax_level="sentence" id="markable_13" span="word_178..word_195" />
<markable mmax_level="sentence" id="markable_14" span="word_196..word_213" />
<markable mmax_level="sentence" id="markable_15" span="word_214..word_225" />
<markable mmax_level="sentence" id="markable_16" span="word_226..word_242" />
<markable mmax_level="sentence" id="markable_17" span="word_243..word_254" />
</markables>