<?xml version="1.0" encoding="UTF-8"?>
<!DOCTYPE markables SYSTEM "markables.dtd">
<markables xmlns="www.eml.org/NameSpaces/sentence">
<markable mmax_level="sentence" id="markable_1" span="word_1..word_4" />
<markable mmax_level="sentence" id="markable_2" span="word_5..word_7" />
<markable mmax_level="sentence" id="markable_3" span="word_8..word_12" />
<markable mmax_level="sentence" id="markable_4" span="word_13..word_24" />
<markable mmax_level="sentence" id="markable_5" span="word_25..word_56" />
<markable mmax_level="sentence" id="markable_6" span="word_57..word_68" />
<markable mmax_level="sentence" id="markable_7" span="word_69..word_114" />
<markable mmax_level="sentence" id="markable_8" span="word_115..word_149" />
<markable mmax_level="sentence" id="markable_9" span="word_150..word_154" />
<markable mmax_level="sentence" id="markable_10" span="word_155..word_175" />
<markable mmax_level="sentence" id="markable_11" span="word_176..word_202" />
<markable mmax_level="sentence" id="markable_12" span="word_203..word_239" />
<markable mmax_level="sentence" id="markable_13" span="word_240..word_312" />
<markable mmax_level="sentence" id="markable_14" span="word_313..word_323" />
<markable mmax_level="sentence" id="markable_15" span="word_324..word_337" />
<markable mmax_level="sentence" id="markable_16" span="word_338..word_353" />
<markable mmax_level="sentence" id="markable_17" span="word_354..word_356" />
<markable mmax_level="sentence" id="markable_18" span="word_357..word_358" />
<markable mmax_level="sentence" id="markable_19" span="word_359..word_360" />
<markable mmax_level="sentence" id="markable_20" span="word_361..word_364" />
<markable mmax_level="sentence" id="markable_21" span="word_365..word_366" />
<markable mmax_level="sentence" id="markable_22" span="word_367" />
<markable mmax_level="sentence" id="markable_23" span="word_368" />
</markables>