<?xml version="1.0" encoding="UTF-8"?>
<!DOCTYPE words SYSTEM "words.dtd">
<words><word id="word_1">Liepājas</word>
<word id="word_2">Universitāte</word>
<word id="word_3">apspriedīs</word>
<word id="word_4">sadarbības</word>
<word id="word_5">iespējas</word>
<word id="word_6">ar</word>
<word id="word_7">Liepājas</word>
<word id="word_8">uzņēmējiem</word>
<word id="word_9">informācijas</word>
<word id="word_10">tehnoloģiju</word>
<word id="word_11">jomā</word>
<word id="word_12">11</word>
<word id="word_13">Feb</word>
<word id="word_14">2013</word>
<word id="word_15">2013.</word>
<word id="word_16">gada</word>
<word id="word_17">11.</word>
<word id="word_18">februāris</word>
<word id="word_19">.</word>
<word id="word_20">Informāciju</word>
<word id="word_21">sagatavoja</word>
<word id="word_22">Kristīne</word>
<word id="word_23">Milberga</word>
<word id="word_24">,</word>
<word id="word_25">Liepājas</word>
<word id="word_26">Universitātes</word>
<word id="word_27">sabiedrisko</word>
<word id="word_28">attiecību</word>
<word id="word_29">speciāliste</word>
<word id="word_30">.</word>
<word id="word_31">13.</word>
<word id="word_32">februārī</word>
<word id="word_33">plkst.</word>
<word id="word_34">16:00</word>
<word id="word_35">Liepājas</word>
<word id="word_36">Universitātē</word>
<word id="word_37">(</word>
<word id="word_38">LiepU</word>
<word id="word_39">)</word>
<word id="word_40">,</word>
<word id="word_41">Kr.</word>
<word id="word_42">Valdemāra</word>
<word id="word_43">ielā</word>
<word id="word_44">4</word>
<word id="word_45">,</word>
<word id="word_46">23.</word>
<word id="word_47">telpā</word>
<word id="word_48">,</word>
<word id="word_49">LiepU</word>
<word id="word_50">Dabas</word>
<word id="word_51">un</word>
<word id="word_52">sociālo</word>
<word id="word_53">zinātņu</word>
<word id="word_54">fakultāte</word>
<word id="word_55">organizē</word>
<word id="word_56">semināru</word>
<word id="word_57">par</word>
<word id="word_58">sadarbības</word>
<word id="word_59">iespējām</word>
<word id="word_60">starp</word>
<word id="word_61">Liepājas</word>
<word id="word_62">Universitāti</word>
<word id="word_63">un</word>
<word id="word_64">Liepājas</word>
<word id="word_65">uzņēmējiem</word>
<word id="word_66">informācijas</word>
<word id="word_67">un</word>
<word id="word_68">komunikāciju</word>
<word id="word_69">tehnoloģiju</word>
<word id="word_70">jomā</word>
<word id="word_71">.</word>
<word id="word_72">Seminārā</word>
<word id="word_73">tiks</word>
<word id="word_74">runāts</word>
<word id="word_75">par</word>
<word id="word_76">LiepU</word>
<word id="word_77">un</word>
<word id="word_78">vietējo</word>
<word id="word_79">uzņēmumu</word>
<word id="word_80">sadarbības</word>
<word id="word_81">iespējām</word>
<word id="word_82">,</word>
<word id="word_83">savstarpēju</word>
<word id="word_84">atbalstu</word>
<word id="word_85">lietišķo</word>
<word id="word_86">pētījumu</word>
<word id="word_87">un</word>
<word id="word_88">pakalpojumu</word>
<word id="word_89">īstenošanā</word>
<word id="word_90">,</word>
<word id="word_91">studentu</word>
<word id="word_92">prakšu</word>
<word id="word_93">organizēšanā</word>
<word id="word_94">,</word>
<word id="word_95">multidisciplināru</word>
<word id="word_96">studiju</word>
<word id="word_97">projektu</word>
<word id="word_98">realizācijā</word>
<word id="word_99">,</word>
<word id="word_100">uzņēmēju</word>
<word id="word_101">stipendijām</word>
<word id="word_102">un</word>
<word id="word_103">cita</word>
<word id="word_104">veida</word>
<word id="word_105">atbalstu</word>
<word id="word_106">aktīvākajiem</word>
<word id="word_107">studentiem</word>
<word id="word_108">un</word>
<word id="word_109">citiem</word>
<word id="word_110">aktuāliem</word>
<word id="word_111">jautājumiem</word>
<word id="word_112">.</word>
<word id="word_113">Seminārā</word>
<word id="word_114">piedalīsies</word>
<word id="word_115">pārstāvji</word>
<word id="word_116">no</word>
<word id="word_117">Liepājas</word>
<word id="word_118">Universitātes</word>
<word id="word_119">,</word>
<word id="word_120">AS</word>
<word id="word_121">&quot;</word>
<word id="word_122">Exigen</word>
<word id="word_123">Services</word>
<word id="word_124">Latvia</word>
<word id="word_125">&quot;</word>
<word id="word_126">,</word>
<word id="word_127">SIA</word>
<word id="word_128">&quot;</word>
<word id="word_129">Tieto</word>
<word id="word_130">Latvia</word>
<word id="word_131">&quot;</word>
<word id="word_132">,</word>
<word id="word_133">SIA</word>
<word id="word_134">&quot;</word>
<word id="word_135">IT</word>
<word id="word_136">Līderis</word>
<word id="word_137">&quot;</word>
<word id="word_138">,</word>
<word id="word_139">SIA</word>
<word id="word_140">&quot;</word>
<word id="word_141">Brain</word>
<word id="word_142">Solutions</word>
<word id="word_143">&quot;</word>
<word id="word_144">,</word>
<word id="word_145">AS</word>
<word id="word_146">&quot;</word>
<word id="word_147">Liepājas</word>
<word id="word_148">Metalurgs</word>
<word id="word_149">&quot;</word>
<word id="word_150">,</word>
<word id="word_151">Kurzemes</word>
<word id="word_152">Biznesa</word>
<word id="word_153">inkubatora</word>
<word id="word_154">,</word>
<word id="word_155">Latvijas</word>
<word id="word_156">Tirdzniecības</word>
<word id="word_157">un</word>
<word id="word_158">rūpniecības</word>
<word id="word_159">kameras</word>
<word id="word_160">Liepājas</word>
<word id="word_161">nodaļas</word>
<word id="word_162">,</word>
<word id="word_163">Liepājas</word>
<word id="word_164">Domes</word>
<word id="word_165">,</word>
<word id="word_166">LiepU</word>
<word id="word_167">Zinātnes</word>
<word id="word_168">un</word>
<word id="word_169">inovāciju</word>
<word id="word_170">parka</word>
<word id="word_171">.</word>
<word id="word_172">Papildu</word>
<word id="word_173">informācija</word>
<word id="word_174">:</word>
<word id="word_175">LiepU</word>
<word id="word_176">sabiedrisko</word>
<word id="word_177">attiecību</word>
<word id="word_178">speciāliste</word>
<word id="word_179">Kristīne</word>
<word id="word_180">Milberga</word>
<word id="word_181">Tālr.</word>
<word id="word_182">634_23510</word>
<word id="word_183">;</word>
<word id="word_184">22028204</word>
<word id="word_185">e-pasts</word>
<word id="word_186">:</word>
<word id="word_187">pr@liepu.lv</word>
</words>