<?xml version="1.0" encoding="UTF-8"?>
<!DOCTYPE words SYSTEM "words.dtd">
<words><word id="word_1">Karjeras</word>
<word id="word_2">nedēļa</word>
<word id="word_3">Vidzemes</word>
<word id="word_4">Augstskolā</word>
<word id="word_5">11</word>
<word id="word_6">Feb</word>
<word id="word_7">2013</word>
<word id="word_8">2013.</word>
<word id="word_9">gada</word>
<word id="word_10">11.</word>
<word id="word_11">februāris</word>
<word id="word_12">.</word>
<word id="word_13">Informāciju</word>
<word id="word_14">sagatavoja</word>
<word id="word_15">Ieva</word>
<word id="word_16">Stīpniece</word>
<word id="word_17">,</word>
<word id="word_18">Vidzemes</word>
<word id="word_19">Augstskolas</word>
<word id="word_20">Studentu</word>
<word id="word_21">servisa</word>
<word id="word_22">vecākā</word>
<word id="word_23">speciāliste</word>
<word id="word_24">.</word>
<word id="word_25">No</word>
<word id="word_26">12.</word>
<word id="word_27">februāra</word>
<word id="word_28">līdz</word>
<word id="word_29">15.</word>
<word id="word_30">februārim</word>
<word id="word_31">Vidzemes</word>
<word id="word_32">Augstskolā</word>
<word id="word_33">(</word>
<word id="word_34">ViA</word>
<word id="word_35">)</word>
<word id="word_36">norisinās</word>
<word id="word_37">Karjeras</word>
<word id="word_38">nedēļa</word>
<word id="word_39">,</word>
<word id="word_40">kuras</word>
<word id="word_41">laikā</word>
<word id="word_42">plānotas</word>
<word id="word_43">dažādas</word>
<word id="word_44">lekcijas</word>
<word id="word_45">ar</word>
<word id="word_46">nozares</word>
<word id="word_47">profesionāļu</word>
<word id="word_48">līdzdalību</word>
<word id="word_49">,</word>
<word id="word_50">no</word>
<word id="word_51">kuriem</word>
<word id="word_52">daudzi</word>
<word id="word_53">ir</word>
<word id="word_54">ViA</word>
<word id="word_55">absolventi</word>
<word id="word_56">.</word>
<word id="word_57">Visas</word>
<word id="word_58">lekcijas</word>
<word id="word_59">ir</word>
<word id="word_60">atvērtas</word>
<word id="word_61">,</word>
<word id="word_62">un</word>
<word id="word_63">ikviens</word>
<word id="word_64">ir</word>
<word id="word_65">aicināts</word>
<word id="word_66">tajās</word>
<word id="word_67">piedalīties</word>
<word id="word_68">.</word>
<word id="word_69">12.</word>
<word id="word_70">februāra</word>
<word id="word_71">pēcpusdienā</word>
<word id="word_72">tiek</word>
<word id="word_73">rīkota</word>
<word id="word_74">apvienotā</word>
<word id="word_75">mobilitātes</word>
<word id="word_76">programmas</word>
<word id="word_77">&quot;</word>
<word id="word_78">Erasmus</word>
<word id="word_79">&quot;</word>
<word id="word_80">un</word>
<word id="word_81">Karjeras</word>
<word id="word_82">diena</word>
<word id="word_83">,</word>
<word id="word_84">kad</word>
<word id="word_85">tiks</word>
<word id="word_86">stāstīts</word>
<word id="word_87">,</word>
<word id="word_88">kas</word>
<word id="word_89">ir</word>
<word id="word_90">&quot;</word>
<word id="word_91">Erasmus</word>
<word id="word_92">&quot;</word>
<word id="word_93">,</word>
<word id="word_94">kāpēc</word>
<word id="word_95">šī</word>
<word id="word_96">programma</word>
<word id="word_97">tiek</word>
<word id="word_98">īstenota</word>
<word id="word_99">,</word>
<word id="word_100">kādas</word>
<word id="word_101">iespējas</word>
<word id="word_102">tā</word>
<word id="word_103">paver</word>
<word id="word_104">un</word>
<word id="word_105">kāpēc</word>
<word id="word_106">&quot;</word>
<word id="word_107">Erasmus</word>
<word id="word_108">&quot;</word>
<word id="word_109">pieredze</word>
<word id="word_110">būtu</word>
<word id="word_111">jāiegūst</word>
<word id="word_112">ikvienam</word>
<word id="word_113">studentam</word>
<word id="word_114">.</word>
<word id="word_115">Piesakoties</word>
<word id="word_116">studijām</word>
<word id="word_117">,</word>
<word id="word_118">praksei</word>
<word id="word_119">vai</word>
<word id="word_120">,</word>
<word id="word_121">meklējot</word>
<word id="word_122">darbu</word>
<word id="word_123">,</word>
<word id="word_124">neiztikt</word>
<word id="word_125">bez</word>
<word id="word_126">korekti</word>
<word id="word_127">izveidota</word>
<word id="word_128">CV</word>
<word id="word_129">,</word>
<word id="word_130">tāpēc</word>
<word id="word_131">interesenti</word>
<word id="word_132">tiek</word>
<word id="word_133">aicināti</word>
<word id="word_134">apmeklēt</word>
<word id="word_135">&quot;</word>
<word id="word_136">CV</word>
<word id="word_137">Market</word>
<word id="word_138">Latvia</word>
<word id="word_139">&quot;</word>
<word id="word_140">lekciju</word>
<word id="word_141">par</word>
<word id="word_142">CV</word>
<word id="word_143">veidošanu</word>
<word id="word_144">un</word>
<word id="word_145">jauniešu</word>
<word id="word_146">darba</word>
<word id="word_147">iespējām</word>
<word id="word_148">Latvijā</word>
<word id="word_149">.</word>
<word id="word_150">Lekcijai</word>
<word id="word_151">tiks</word>
<word id="word_152">nodrošināta</word>
<word id="word_153">tiešraide</word>
<word id="word_154">www.va.lv/tiesraide</word>
<word id="word_155">Trešdienas</word>
<word id="word_156">,</word>
<word id="word_157">13.</word>
<word id="word_158">februāra</word>
<word id="word_159">,</word>
<word id="word_160">rītā</word>
<word id="word_161">Tūrisma</word>
<word id="word_162">viesmīlības</word>
<word id="word_163">un</word>
<word id="word_164">vadības</word>
<word id="word_165">fakultātē</word>
<word id="word_166">viesosies</word>
<word id="word_167">uzņēmuma</word>
<word id="word_168">&quot;</word>
<word id="word_169">Pareizā</word>
<word id="word_170">ķīmija</word>
<word id="word_171">&quot;</word>
<word id="word_172">pārstāve</word>
<word id="word_173">Elīna</word>
<word id="word_174">Šleinere</word>
<word id="word_175">.</word>
<word id="word_176">Uzņēmums</word>
<word id="word_177">rīko</word>
<word id="word_178">korporatīvus</word>
<word id="word_179">un</word>
<word id="word_180">privātus</word>
<word id="word_181">pasākumus</word>
<word id="word_182">,</word>
<word id="word_183">producē</word>
<word id="word_184">festivālus</word>
<word id="word_185">&quot;</word>
<word id="word_186">LABADABA</word>
<word id="word_187">&quot;</word>
<word id="word_188">,</word>
<word id="word_189">&quot;</word>
<word id="word_190">JARMARKA</word>
<word id="word_191">&quot;</word>
<word id="word_192">u.c.</word>
<word id="word_193">E.</word>
<word id="word_194">Šleinere</word>
<word id="word_195">vieslekcijas</word>
<word id="word_196">tēma</word>
<word id="word_197">&quot;</word>
<word id="word_198">Darbs</word>
<word id="word_199">ar</word>
<word id="word_200">sponsoriem</word>
<word id="word_201">&quot;</word>
<word id="word_202">.</word>
<word id="word_203">Ceturtdienas</word>
<word id="word_204">pēcpusdienā</word>
<word id="word_205">Biznesa</word>
<word id="word_206">vadības</word>
<word id="word_207">un</word>
<word id="word_208">ekonomikas</word>
<word id="word_209">fakultātē</word>
<word id="word_210">tiek</word>
<word id="word_211">rīkota</word>
<word id="word_212">tikšanās</word>
<word id="word_213">ar</word>
<word id="word_214">audita</word>
<word id="word_215">&quot;</word>
<word id="word_216">lielā</word>
<word id="word_217">četrinieka</word>
<word id="word_218">&quot;</word>
<word id="word_219">uzņēmumu</word>
<word id="word_220">&quot;</word>
<word id="word_221">Deloitte</word>
<word id="word_222">&quot;</word>
<word id="word_223">,</word>
<word id="word_224">kura</word>
<word id="word_225">pārstāvis</word>
<word id="word_226">ir</word>
<word id="word_227">arī</word>
<word id="word_228">ViA</word>
<word id="word_229">bakalaura</word>
<word id="word_230">studiju</word>
<word id="word_231">programmas</word>
<word id="word_232">&quot;</word>
<word id="word_233">Biznesa</word>
<word id="word_234">vadība</word>
<word id="word_235">&quot;</word>
<word id="word_236">absolvents</word>
<word id="word_237">Jānis</word>
<word id="word_238">Vītols</word>
<word id="word_239">.</word>
<word id="word_240">Savukārt</word>
<word id="word_241">Sociālo</word>
<word id="word_242">zinātņu</word>
<word id="word_243">fakultātē</word>
<word id="word_244">tiek</word>
<word id="word_245">rīkota</word>
<word id="word_246">tikšanās</word>
<word id="word_247">ar</word>
<word id="word_248">ViA</word>
<word id="word_249">maģistra</word>
<word id="word_250">studiju</word>
<word id="word_251">programmas</word>
<word id="word_252">&quot;</word>
<word id="word_253">Pārvaldība</word>
<word id="word_254">un</word>
<word id="word_255">komunikācija</word>
<word id="word_256">&quot;</word>
<word id="word_257">absolventi</word>
<word id="word_258">,</word>
<word id="word_259">stratēģiskās</word>
<word id="word_260">komunikācijas</word>
<word id="word_261">vadības</word>
<word id="word_262">konsultanti</word>
<word id="word_263">,</word>
<word id="word_264">ViA</word>
<word id="word_265">vieslektori</word>
<word id="word_266">Ievu</word>
<word id="word_267">Kukuli</word>
<word id="word_268">un</word>
<word id="word_269">bakalaura</word>
<word id="word_270">studiju</word>
<word id="word_271">programmas</word>
<word id="word_272">&quot;</word>
<word id="word_273">Komunikācija</word>
<word id="word_274">un</word>
<word id="word_275">sabiedriskās</word>
<word id="word_276">attiecības</word>
<word id="word_277">&quot;</word>
<word id="word_278">absolventiem</word>
<word id="word_279">:</word>
<word id="word_280">&quot;</word>
<word id="word_281">Vides</word>
<word id="word_282">risinājumu</word>
<word id="word_283">institūta</word>
<word id="word_284">&quot;</word>
<word id="word_285">direktori</word>
<word id="word_286">,</word>
<word id="word_287">ViA</word>
<word id="word_288">vieslektori</word>
<word id="word_289">Inesi</word>
<word id="word_290">Suiju-Markovu</word>
<word id="word_291">,</word>
<word id="word_292">Valmieras</word>
<word id="word_293">pilsētas</word>
<word id="word_294">pašvaldības</word>
<word id="word_295">Sabiedrisko</word>
<word id="word_296">attiecību</word>
<word id="word_297">un</word>
<word id="word_298">tūrisma</word>
<word id="word_299">nodaļas</word>
<word id="word_300">vadītājas</word>
<word id="word_301">vietnieci</word>
<word id="word_302">Līgu</word>
<word id="word_303">Tarbunu</word>
<word id="word_304">un</word>
<word id="word_305">&quot;</word>
<word id="word_306">80</word>
<word id="word_307">art</word>
<word id="word_308">&quot;</word>
<word id="word_309">direktoru</word>
<word id="word_310">Tomu</word>
<word id="word_311">Bergu</word>
<word id="word_312">.</word>
<word id="word_313">Paralēli</word>
<word id="word_314">norisināsies</word>
<word id="word_315">video</word>
<word id="word_316">vieslekcija</word>
<word id="word_317">ar</word>
<word id="word_318">Latvijas</word>
<word id="word_319">korespondenti</word>
<word id="word_320">Briselē</word>
<word id="word_321">Inu</word>
<word id="word_322">Strazdiņu</word>
<word id="word_323">.</word>
<word id="word_324">Tajā</word>
<word id="word_325">piedalīties</word>
<word id="word_326">aicināti</word>
<word id="word_327">visi</word>
<word id="word_328">,</word>
<word id="word_329">kam</word>
<word id="word_330">interesē</word>
<word id="word_331">procesi</word>
<word id="word_332">Briseles</word>
<word id="word_333">gaiteņos</word>
<word id="word_334">un</word>
<word id="word_335">to</word>
<word id="word_336">atspoguļošana</word>
<word id="word_337">.</word>
<word id="word_338">Pilna</word>
<word id="word_339">pasākuma</word>
<word id="word_340">programma</word>
<word id="word_341">pieejama</word>
<word id="word_342">Vidzemes</word>
<word id="word_343">Augstskolas</word>
<word id="word_344">mājas</word>
<word id="word_345">lapas</word>
<word id="word_346">sadaļā</word>
<word id="word_347">Studentiem</word>
<word id="word_348">,</word>
<word id="word_349">ViA</word>
<word id="word_350">Karjeras</word>
<word id="word_351">nedēļa</word>
<word id="word_352">-</word>
<word id="word_353">www.va.lv/lv/lapa/vidzemes-augstskolas-karjeras-nedela</word>
<word id="word_354">Papildu</word>
<word id="word_355">informācija</word>
<word id="word_356">:</word>
<word id="word_357">Ieva</word>
<word id="word_358">Stīpniece</word>
<word id="word_359">Vidzemes</word>
<word id="word_360">Augstskolas</word>
<word id="word_361">Studentu</word>
<word id="word_362">servisa</word>
<word id="word_363">vecākā</word>
<word id="word_364">speciāliste</word>
<word id="word_365">t</word>
<word id="word_366">.</word>
<word id="word_367">20218414</word>
<word id="word_368">ieva.stipniece@va.lv</word>
</words>