<?xml version="1.0" encoding="UTF-8"?>
<!DOCTYPE words SYSTEM "words.dtd">
<words><word id="word_1">Somijas</word>
<word id="word_2">ārlietu</word>
<word id="word_3">ministrs</word>
<word id="word_4">atzinīgi</word>
<word id="word_5">novērtē</word>
<word id="word_6">Latvijas</word>
<word id="word_7">virzību</word>
<word id="word_8">uz</word>
<word id="word_9">eirozonu</word>
<word id="word_10">11</word>
<word id="word_11">Feb</word>
<word id="word_12">2013</word>
<word id="word_13">2013.</word>
<word id="word_14">gada</word>
<word id="word_15">11.</word>
<word id="word_16">februāris</word>
<word id="word_17">.</word>
<word id="word_18">Informāciju</word>
<word id="word_19">sagatavoja</word>
<word id="word_20">Ārlietu</word>
<word id="word_21">ministrijas</word>
<word id="word_22">Preses</word>
<word id="word_23">un</word>
<word id="word_24">informācijas</word>
<word id="word_25">nodaļa</word>
<word id="word_26">.</word>
<word id="word_27">11.</word>
<word id="word_28">februārī</word>
<word id="word_29">ārlietu</word>
<word id="word_30">ministrs</word>
<word id="word_31">Edgars</word>
<word id="word_32">Rinkēvičs</word>
<word id="word_33">,</word>
<word id="word_34">tiekoties</word>
<word id="word_35">ar</word>
<word id="word_36">savu</word>
<word id="word_37">somu</word>
<word id="word_38">kolēģi</word>
<word id="word_39">Erki</word>
<word id="word_40">Tuomioju</word>
<word id="word_41">(</word>
<word id="word_42">Erkki</word>
<word id="word_43">Tuomioja</word>
<word id="word_44">)</word>
<word id="word_45">,</word>
<word id="word_46">kas</word>
<word id="word_47">bija</word>
<word id="word_48">ieradies</word>
<word id="word_49">vizītē</word>
<word id="word_50">Rīgā</word>
<word id="word_51">,</word>
<word id="word_52">apmainījās</word>
<word id="word_53">viedokļiem</word>
<word id="word_54">par</word>
<word id="word_55">sadarbības</word>
<word id="word_56">stiprināšanu</word>
<word id="word_57">Baltijas</word>
<word id="word_58">jūras</word>
<word id="word_59">reģionā</word>
<word id="word_60">dažādos</word>
<word id="word_61">formātos</word>
<word id="word_62">.</word>
<word id="word_63">Ministri</word>
<word id="word_64">aktualizēja</word>
<word id="word_65">iespējas</word>
<word id="word_66">sadarboties</word>
<word id="word_67">diplomātu</word>
<word id="word_68">izvietošanai</word>
<word id="word_69">valstu</word>
<word id="word_70">pārstāvniecībās</word>
<word id="word_71">trešajās</word>
<word id="word_72">valstīs</word>
<word id="word_73">.</word>
<word id="word_74">Somijas</word>
<word id="word_75">ārlietu</word>
<word id="word_76">ministrs</word>
<word id="word_77">atzinīgi</word>
<word id="word_78">novērtēja</word>
<word id="word_79">Latvijas</word>
<word id="word_80">virzību</word>
<word id="word_81">uz</word>
<word id="word_82">eirozonu</word>
<word id="word_83">,</word>
<word id="word_84">uzsverot</word>
<word id="word_85">,</word>
<word id="word_86">ka</word>
<word id="word_87">priecāsies</word>
<word id="word_88">par</word>
<word id="word_89">Latvijas</word>
<word id="word_90">pievienošanos</word>
<word id="word_91">&quot;</word>
<word id="word_92">klubiņam</word>
<word id="word_93">&quot;</word>
<word id="word_94">.</word>
<word id="word_95">Tāpat</word>
<word id="word_96">amatpersonas</word>
<word id="word_97">pārrunāja</word>
<word id="word_98">aktualitātes</word>
<word id="word_99">Austrumu</word>
<word id="word_100">partnerības</word>
<word id="word_101">valstīs</word>
<word id="word_102">un</word>
<word id="word_103">Krievijā</word>
<word id="word_104">,</word>
<word id="word_105">kā_arī</word>
<word id="word_106">apsprieda</word>
<word id="word_107">projekta</word>
<word id="word_108">Rail</word>
<word id="word_109">Baltica</word>
<word id="word_110">turpmāko</word>
<word id="word_111">attīstību</word>
<word id="word_112">.</word>
<word id="word_113">Erki</word>
<word id="word_114">Tuomioja</word>
<word id="word_115">vizītes</word>
<word id="word_116">ietvaros</word>
<word id="word_117">nolasīja</word>
<word id="word_118">lekciju</word>
<word id="word_119">Stradiņa</word>
<word id="word_120">universitātē</word>
<word id="word_121">,</word>
<word id="word_122">kā_arī</word>
<word id="word_123">atbildēja</word>
<word id="word_124">uz</word>
<word id="word_125">interesentu</word>
<word id="word_126">jautājumiem</word>
<word id="word_127">par</word>
<word id="word_128">Latvijas</word>
<word id="word_129">un</word>
<word id="word_130">Somijas</word>
<word id="word_131">sadarbību</word>
<word id="word_132">.</word>
<word id="word_133">Tālāk</word>
<word id="word_134">Somijas</word>
<word id="word_135">ārlietu</word>
<word id="word_136">ministrs</word>
<word id="word_137">devās</word>
<word id="word_138">vizītē</word>
<word id="word_139">uz</word>
<word id="word_140">Igauniju</word>
<word id="word_141">.</word>
<word id="word_142">Papildu</word>
<word id="word_143">informācija</word>
<word id="word_144">:</word>
<word id="word_145">Preses</word>
<word id="word_146">un</word>
<word id="word_147">informācijas</word>
<word id="word_148">nodaļa</word>
<word id="word_149">(</word>
<word id="word_150">371</word>
<word id="word_151">)</word>
<word id="word_152">67016_272</word>
<word id="word_153">Fakss</word>
<word id="word_154">:</word>
<word id="word_155">(</word>
<word id="word_156">371</word>
<word id="word_157">)</word>
<word id="word_158">67222_335</word>
<word id="word_159">Krišjāņa</word>
<word id="word_160">Valdemāra</word>
<word id="word_161">iela</word>
<word id="word_162">3</word>
<word id="word_163">,</word>
<word id="word_164">Rīga</word>
<word id="word_165">E-pasts</word>
<word id="word_166">:</word>
<word id="word_167">media@mfa.gov.lv</word>
<word id="word_168">Mājaslapa</word>
<word id="word_169">:</word>
<word id="word_170">www.am.gov.lv</word>
<word id="word_171">Fotogrāfijas</word>
<word id="word_172">:</word>
<word id="word_173">flickr</word>
<word id="word_174">.</word>
<word id="word_175">com</word>
<word id="word_176">Twitter</word>
<word id="word_177">:</word>
<word id="word_178">http://twitter.com/arlietas</word>
<word id="word_179">Facebook</word>
<word id="word_180">:</word>
<word id="word_181">http://www.facebook.com/pages/Ministry-of-Foreign-Affairs-of-the-Republic-of-Latvia/261199903908113</word>
<word id="word_182">Draugiem</word>
<word id="word_183">:</word>
<word id="word_184">http://www.draugiem.lv/httpwww.mfa.gov.lv/</word>
<word id="word_185">Youtube</word>
<word id="word_186">:</word>
<word id="word_187">http://www.youtube.com/user/LatvianMFA</word>
</words>