<?xml version="1.0" encoding="UTF-8"?>
<!DOCTYPE markables SYSTEM "markables.dtd">
<markables xmlns="www.eml.org/NameSpaces/coref">
<markable id="markable_1" span="word_3..word_4" coref_class="empty" category="organization" mmax_level="coref"  rule="none"  type="none"/>
<markable id="markable_2" span="word_8..word_11" coref_class="empty" category="time" mmax_level="coref"  rule="none"  type="none"/>
<markable id="markable_3" span="word_15..word_16" coref_class="empty" category="person" mmax_level="coref"  rule="none"  type="none"/>
<markable id="markable_4" span="word_18..word_21" coref_class="empty" category="organization" mmax_level="coref"  rule="none"  type="none"/>
<markable id="markable_5" span="word_23" coref_class="empty" category="profession" mmax_level="coref"  rule="none"  type="none"/>
<markable id="markable_6" span="word_26..word_27" coref_class="empty" category="time" mmax_level="coref"  rule="none"  type="none"/>
<markable id="markable_7" span="word_29..word_30" coref_class="empty" category="time" mmax_level="coref"  rule="none"  type="none"/>
<markable id="markable_8" span="word_31..word_32" coref_class="empty" category="organization" mmax_level="coref"  rule="none"  type="none"/>
<markable id="markable_9" span="word_37..word_38" coref_class="empty" category="organization" mmax_level="coref"  rule="none"  type="none"/>
<markable id="markable_10" span="word_69..word_70" coref_class="empty" category="time" mmax_level="coref"  rule="none"  type="none"/>
<markable id="markable_11" span="word_78" coref_class="empty" category="organization" mmax_level="coref"  rule="none"  type="none"/>
<markable id="markable_12" span="word_81" coref_class="empty" category="location" mmax_level="coref"  rule="none"  type="none"/>
<markable id="markable_13" span="word_91" coref_class="empty" category="organization" mmax_level="coref"  rule="none"  type="none"/>
<markable id="markable_14" span="word_107" coref_class="empty" category="organization" mmax_level="coref"  rule="none"  type="none"/>
<markable id="markable_15" span="word_137..word_138" coref_class="empty" category="organization" mmax_level="coref"  rule="none"  type="none"/>
<markable id="markable_16" span="word_148" coref_class="empty" category="location" mmax_level="coref"  rule="none"  type="none"/>
<markable id="markable_17" span="word_157..word_158" coref_class="empty" category="time" mmax_level="coref"  rule="none"  type="none"/>
<markable id="markable_18" span="word_169..word_170" coref_class="empty" category="organization" mmax_level="coref"  rule="none"  type="none"/>
<markable id="markable_19" span="word_172" coref_class="empty" category="profession" mmax_level="coref"  rule="none"  type="none"/>
<markable id="markable_20" span="word_173..word_174" coref_class="empty" category="person" mmax_level="coref"  rule="none"  type="none"/>
<markable id="markable_21" span="word_186" coref_class="empty" category="organization" mmax_level="coref"  rule="none"  type="none"/>
<markable id="markable_22" span="word_193..word_194" coref_class="empty" category="person" mmax_level="coref"  rule="none"  type="none"/>
<markable id="markable_23" span="word_221" coref_class="empty" category="organization" mmax_level="coref"  rule="none"  type="none"/>
<markable id="markable_24" span="word_225" coref_class="empty" category="profession" mmax_level="coref"  rule="none"  type="none"/>
<markable id="markable_25" span="word_233..word_234" coref_class="empty" category="organization" mmax_level="coref"  rule="none"  type="none"/>
<markable id="markable_26" span="word_237..word_238" coref_class="empty" category="person" mmax_level="coref"  rule="none"  type="none"/>
<markable id="markable_27" span="word_253" coref_class="empty" category="organization" mmax_level="coref"  rule="none"  type="none"/>
<markable id="markable_28" span="word_262" coref_class="empty" category="profession" mmax_level="coref"  rule="none"  type="none"/>
<markable id="markable_29" span="word_266..word_267" coref_class="empty" category="person" mmax_level="coref"  rule="none"  type="none"/>
<markable id="markable_30" span="word_281..word_283" coref_class="empty" category="organization" mmax_level="coref"  rule="none"  type="none"/>
<markable id="markable_31" span="word_285" coref_class="empty" category="profession" mmax_level="coref"  rule="none"  type="none"/>
<markable id="markable_32" span="word_289..word_290" coref_class="empty" category="person" mmax_level="coref"  rule="none"  type="none"/>
<markable id="markable_33" span="word_292" coref_class="empty" category="location" mmax_level="coref"  rule="none"  type="none"/>
<markable id="markable_34" span="word_299..word_300" coref_class="empty" category="profession" mmax_level="coref"  rule="none"  type="none"/>
<markable id="markable_35" span="word_302..word_303" coref_class="empty" category="person" mmax_level="coref"  rule="none"  type="none"/>
<markable id="markable_36" span="word_309" coref_class="empty" category="profession" mmax_level="coref"  rule="none"  type="none"/>
<markable id="markable_37" span="word_310..word_311" coref_class="empty" category="person" mmax_level="coref"  rule="none"  type="none"/>
<markable id="markable_38" span="word_318" coref_class="empty" category="location" mmax_level="coref"  rule="none"  type="none"/>
<markable id="markable_39" span="word_319" coref_class="empty" category="profession" mmax_level="coref"  rule="none"  type="none"/>
<markable id="markable_40" span="word_320..word_322" coref_class="empty" category="person" mmax_level="coref"  rule="none"  type="none"/>
<markable id="markable_41" span="word_332" coref_class="empty" category="location" mmax_level="coref"  rule="none"  type="none"/>
<markable id="markable_42" span="word_342..word_343" coref_class="empty" category="organization" mmax_level="coref"  rule="none"  type="none"/>
<markable id="markable_43" span="word_357..word_358" coref_class="empty" category="person" mmax_level="coref"  rule="none"  type="none"/>
<markable id="markable_44" span="word_359..word_360" coref_class="empty" category="organization" mmax_level="coref"  rule="none"  type="none"/>
<markable id="markable_45" span="word_364" coref_class="empty" category="profession" mmax_level="coref"  rule="none"  type="none"/>
</markables>