<?xml version="1.0" encoding="UTF-8"?>
<!DOCTYPE words SYSTEM "words.dtd">
<words><word id="word_1">Latvijas</word>
<word id="word_2">Olimpiskā</word>
<word id="word_3">komiteja</word>
<word id="word_4">saņem</word>
<word id="word_5">ielūgumu</word>
<word id="word_6">uz</word>
<word id="word_7">XXII</word>
<word id="word_8">Ziemas</word>
<word id="word_9">olimpiskajām</word>
<word id="word_10">spēlēm</word>
<word id="word_11">Sočos</word>
<word id="word_12">11</word>
<word id="word_13">Feb</word>
<word id="word_14">2013</word>
<word id="word_15">2013.</word>
<word id="word_16">gada</word>
<word id="word_17">11.</word>
<word id="word_18">februāris</word>
<word id="word_19">.</word>
<word id="word_20">Informāciju</word>
<word id="word_21">sagatavoja</word>
<word id="word_22">Dace</word>
<word id="word_23">Gulbe</word>
<word id="word_24">,</word>
<word id="word_25">Latvijas</word>
<word id="word_26">Olimpiskās</word>
<word id="word_27">komitejas</word>
<word id="word_28">komunikācijas</word>
<word id="word_29">vadītāja</word>
<word id="word_30">.</word>
<word id="word_31">Pirmdien</word>
<word id="word_32">,</word>
<word id="word_33">11.</word>
<word id="word_34">februārī</word>
<word id="word_35">,</word>
<word id="word_36">Latvijas</word>
<word id="word_37">Olimpiskā</word>
<word id="word_38">Komiteja</word>
<word id="word_39">(</word>
<word id="word_40">LOK</word>
<word id="word_41">)</word>
<word id="word_42">saņēma</word>
<word id="word_43">Starptautiskās</word>
<word id="word_44">Olimpiskās</word>
<word id="word_45">Komitejas</word>
<word id="word_46">(</word>
<word id="word_47">SOK</word>
<word id="word_48">)</word>
<word id="word_49">ielūgumu</word>
<word id="word_50">uz</word>
<word id="word_51">XXII</word>
<word id="word_52">Ziemas</word>
<word id="word_53">Olimpiādes</word>
<word id="word_54">spēlēm</word>
<word id="word_55">Sočos</word>
<word id="word_56">,</word>
<word id="word_57">kuras</word>
<word id="word_58">notiks</word>
<word id="word_59">2014.</word>
<word id="word_60">gadā</word>
<word id="word_61">no</word>
<word id="word_62">7.</word>
<word id="word_63">februāra</word>
<word id="word_64">līdz</word>
<word id="word_65">23.</word>
<word id="word_66">februārim</word>
<word id="word_67">.</word>
<word id="word_68">Tā</word>
<word id="word_69">ir</word>
<word id="word_70">tradīcija</word>
<word id="word_71">,</word>
<word id="word_72">ka</word>
<word id="word_73">tieši</word>
<word id="word_74">gadu</word>
<word id="word_75">pirms</word>
<word id="word_76">Olimpiskajām</word>
<word id="word_77">spēlēm</word>
<word id="word_78">katra</word>
<word id="word_79">nacionālā</word>
<word id="word_80">Olimpiskā</word>
<word id="word_81">komiteja</word>
<word id="word_82">saņem</word>
<word id="word_83">šādu</word>
<word id="word_84">SOK</word>
<word id="word_85">prezidenta</word>
<word id="word_86">Žaka</word>
<word id="word_87">Roges</word>
<word id="word_88">parakstītu</word>
<word id="word_89">ielūgumu</word>
<word id="word_90">,</word>
<word id="word_91">kas</word>
<word id="word_92">ir</word>
<word id="word_93">nosūtīts</word>
<word id="word_94">visām</word>
<word id="word_95">SOK</word>
<word id="word_96">atzītajām</word>
<word id="word_97">nacionālajām</word>
<word id="word_98">Olimpiskajām</word>
<word id="word_99">komitejām</word>
<word id="word_100">.</word>
<word id="word_101">&quot;</word>
<word id="word_102">Ir</word>
<word id="word_103">īpaši</word>
<word id="word_104">pacilājoši</word>
<word id="word_105">saņemt</word>
<word id="word_106">šo</word>
<word id="word_107">ielūgumu</word>
<word id="word_108">pēc</word>
<word id="word_109">tik</word>
<word id="word_110">iedvesmojoša</word>
<word id="word_111">un</word>
<word id="word_112">nozīmīga</word>
<word id="word_113">notikuma</word>
<word id="word_114">kā</word>
<word id="word_115">hokeja</word>
<word id="word_116">Olimpiskās</word>
<word id="word_117">kvalifikācijas</word>
<word id="word_118">posma</word>
<word id="word_119">,</word>
<word id="word_120">kad</word>
<word id="word_121">Latvijas</word>
<word id="word_122">hokeja</word>
<word id="word_123">komanda</word>
<word id="word_124">izcīnīja</word>
<word id="word_125">ceļazīmi</word>
<word id="word_126">uz</word>
<word id="word_127">Soču</word>
<word id="word_128">Olimpiskajām</word>
<word id="word_129">spēlēm</word>
<word id="word_130">&quot;</word>
<word id="word_131">,</word>
<word id="word_132">secina</word>
<word id="word_133">LOK</word>
<word id="word_134">prezidents</word>
<word id="word_135">Aldons</word>
<word id="word_136">Vrubļevskis</word>
<word id="word_137">.</word>
<word id="word_138">&quot;</word>
<word id="word_139">Jāatzīmē</word>
<word id="word_140">,</word>
<word id="word_141">ka</word>
<word id="word_142">ziemas</word>
<word id="word_143">sporta</word>
<word id="word_144">veidu</word>
<word id="word_145">sportistu</word>
<word id="word_146">līdzšinējie</word>
<word id="word_147">starti</word>
<word id="word_148">liek</word>
<word id="word_149">cerēt</word>
<word id="word_150">,</word>
<word id="word_151">ka</word>
<word id="word_152">uz</word>
<word id="word_153">Sočiem</word>
<word id="word_154">vedīsim</word>
<word id="word_155">vienu</word>
<word id="word_156">no</word>
<word id="word_157">visu</word>
<word id="word_158">laiku</word>
<word id="word_159">vislabākajām</word>
<word id="word_160">un</word>
<word id="word_161">spēcīgākajām</word>
<word id="word_162">Latvijas</word>
<word id="word_163">delegācijām</word>
<word id="word_164">&quot;</word>
<word id="word_165">.</word>
<word id="word_166">Savukārt</word>
<word id="word_167">LOK</word>
<word id="word_168">ģenerālsekretārs</word>
<word id="word_169">un</word>
<word id="word_170">Latvijas</word>
<word id="word_171">Olimpiskās</word>
<word id="word_172">komandas</word>
<word id="word_173">delegācijas</word>
<word id="word_174">vadītājs</word>
<word id="word_175">Žoržs</word>
<word id="word_176">Tikmers</word>
<word id="word_177">informēja</word>
<word id="word_178">,</word>
<word id="word_179">ka</word>
<word id="word_180">tikai</word>
<word id="word_181">nākošajā</word>
<word id="word_182">gadā</word>
<word id="word_183">pēc</word>
<word id="word_184">19.</word>
<word id="word_185">janvāra</word>
<word id="word_186">,</word>
<word id="word_187">kad</word>
<word id="word_188">būs</word>
<word id="word_189">beigusies</word>
<word id="word_190">Olimpiskā</word>
<word id="word_191">kvalifikācija</word>
<word id="word_192">visos</word>
<word id="word_193">ziemas</word>
<word id="word_194">sporta</word>
<word id="word_195">veidos</word>
<word id="word_196">,</word>
<word id="word_197">būs</word>
<word id="word_198">zināms</word>
<word id="word_199">,</word>
<word id="word_200">kas</word>
<word id="word_201">un</word>
<word id="word_202">kādos</word>
<word id="word_203">sporta</word>
<word id="word_204">veidos</word>
<word id="word_205">startēs</word>
<word id="word_206">no</word>
<word id="word_207">Latvijas</word>
<word id="word_208">Sočos</word>
<word id="word_209">.</word>
<word id="word_210">Provizoriski</word>
<word id="word_211">aprēķini</word>
<word id="word_212">un</word>
<word id="word_213">līdzšinējie</word>
<word id="word_214">sportistu</word>
<word id="word_215">starti</word>
<word id="word_216">liek</word>
<word id="word_217">cerēt</word>
<word id="word_218">,</word>
<word id="word_219">ka</word>
<word id="word_220">Latvija</word>
<word id="word_221">tiks</word>
<word id="word_222">pārstāvēta</word>
<word id="word_223">vismaz</word>
<word id="word_224">8</word>
<word id="word_225">ziemas</word>
<word id="word_226">sporta</word>
<word id="word_227">veidos</word>
<word id="word_228">(</word>
<word id="word_229">biatlons</word>
<word id="word_230">,</word>
<word id="word_231">bobslejs</word>
<word id="word_232">,</word>
<word id="word_233">kamaniņu</word>
<word id="word_234">sports</word>
<word id="word_235">,</word>
<word id="word_236">distanču</word>
<word id="word_237">slēpošana</word>
<word id="word_238">,</word>
<word id="word_239">kalnu</word>
<word id="word_240">slēpošana</word>
<word id="word_241">,</word>
<word id="word_242">hokejs</word>
<word id="word_243">,</word>
<word id="word_244">skeletons</word>
<word id="word_245">,</word>
<word id="word_246">ātrslidošana</word>
<word id="word_247">)</word>
<word id="word_248">.</word>
<word id="word_249">Latvijas</word>
<word id="word_250">komanda</word>
<word id="word_251">varētu</word>
<word id="word_252">būt</word>
<word id="word_253">vismaz</word>
<word id="word_254">60</word>
<word id="word_255">sportistu</word>
<word id="word_256">liela</word>
<word id="word_257">.</word>
<word id="word_258">&quot;</word>
<word id="word_259">Cerams</word>
<word id="word_260">,</word>
<word id="word_261">ka</word>
<word id="word_262">Latvijas</word>
<word id="word_263">delegāciju</word>
<word id="word_264">vēl</word>
<word id="word_265">papildinās</word>
<word id="word_266">sportisti</word>
<word id="word_267">,</word>
<word id="word_268">kas</word>
<word id="word_269">pārstāv</word>
<word id="word_270">šorttreku</word>
<word id="word_271">,</word>
<word id="word_272">snovbordu</word>
<word id="word_273">,</word>
<word id="word_274">daiļslidošanu</word>
<word id="word_275">un</word>
<word id="word_276">kerlingu</word>
<word id="word_277">,</word>
<word id="word_278">un</word>
<word id="word_279">kuriem</word>
<word id="word_280">cīņa</word>
<word id="word_281">par</word>
<word id="word_282">kvalificēšanos</word>
<word id="word_283">Olimpiādei</word>
<word id="word_284">vēl</word>
<word id="word_285">ir</word>
<word id="word_286">priekšā</word>
<word id="word_287">,</word>
<word id="word_288">&quot;</word>
<word id="word_289">atzīmēja</word>
<word id="word_290">Ž.</word>
<word id="word_291">Tikmers</word>
<word id="word_292">.</word>
<word id="word_293">LOK</word>
<word id="word_294">lēmumu</word>
<word id="word_295">par</word>
<word id="word_296">dalību</word>
<word id="word_297">Soču</word>
<word id="word_298">Olimpiādē</word>
<word id="word_299">pieņems</word>
<word id="word_300">savā</word>
<word id="word_301">izpildkomitejas</word>
<word id="word_302">sēdē</word>
<word id="word_303">,</word>
<word id="word_304">kas</word>
<word id="word_305">notiks</word>
<word id="word_306">2013.</word>
<word id="word_307">gada</word>
<word id="word_308">5.</word>
<word id="word_309">martā</word>
<word id="word_310">.</word>
<word id="word_311">XXII</word>
<word id="word_312">ziemas</word>
<word id="word_313">Olimpiskajās</word>
<word id="word_314">spēlēs</word>
<word id="word_315">Sočos</word>
<word id="word_316">piedalīsies</word>
<word id="word_317">vismaz</word>
<word id="word_318">3000</word>
<word id="word_319">sportisti</word>
<word id="word_320">,</word>
<word id="word_321">startējot</word>
<word id="word_322">15</word>
<word id="word_323">sporta</word>
<word id="word_324">disciplīnas</word>
<word id="word_325">un</word>
<word id="word_326">sadalot</word>
<word id="word_327">98</word>
<word id="word_328">medaļu</word>
<word id="word_329">komplektus</word>
<word id="word_330">.</word>
<word id="word_331">Turklāt</word>
<word id="word_332">Soču</word>
<word id="word_333">Olimpiādē</word>
<word id="word_334">nāks</word>
<word id="word_335">klāt</word>
<word id="word_336">vēl</word>
<word id="word_337">12</word>
<word id="word_338">jauni</word>
<word id="word_339">sacensību</word>
<word id="word_340">veidi</word>
<word id="word_341">.</word>
<word id="word_342">Divos</word>
<word id="word_343">no</word>
<word id="word_344">tiem</word>
<word id="word_345">-</word>
<word id="word_346">kamaniņu</word>
<word id="word_347">sportā</word>
<word id="word_348">komandu</word>
<word id="word_349">stafetē</word>
<word id="word_350">un</word>
<word id="word_351">biatlonā</word>
<word id="word_352">jauktajā</word>
<word id="word_353">stafetē</word>
<word id="word_354">gatavojas</word>
<word id="word_355">startēt</word>
<word id="word_356">arī</word>
<word id="word_357">Latvijas</word>
<word id="word_358">sportisti</word>
<word id="word_359">.</word>
<word id="word_360">Papildu</word>
<word id="word_361">informācija</word>
<word id="word_362">:</word>
<word id="word_363">LOK</word>
<word id="word_364">komunikācijas</word>
<word id="word_365">vadītāja</word>
<word id="word_366">Dace</word>
<word id="word_367">Gulbe</word>
<word id="word_368">,</word>
<word id="word_369">29470430</word>
</words>