<?xml version="1.0" encoding="UTF-8"?>
<!DOCTYPE markables SYSTEM "markables.dtd">
<markables xmlns="www.eml.org/NameSpaces/sentence">
<markable mmax_level="sentence" id="markable_1" span="word_1..word_10" />
<markable mmax_level="sentence" id="markable_2" span="word_11..word_13" />
<markable mmax_level="sentence" id="markable_3" span="word_14..word_18" />
<markable mmax_level="sentence" id="markable_4" span="word_19..word_31" />
<markable mmax_level="sentence" id="markable_5" span="word_32..word_69" />
<markable mmax_level="sentence" id="markable_6" span="word_70..word_80" />
<markable mmax_level="sentence" id="markable_7" span="word_81..word_136" />
<markable mmax_level="sentence" id="markable_8" span="word_137..word_200" />
<markable mmax_level="sentence" id="markable_9" span="word_201..word_228" />
<markable mmax_level="sentence" id="markable_10" span="word_229..word_231" />
<markable mmax_level="sentence" id="markable_11" span="word_232..word_233" />
<markable mmax_level="sentence" id="markable_12" span="word_234..word_239" />
<markable mmax_level="sentence" id="markable_13" span="word_240..word_242" />
</markables>