<?xml version="1.0" encoding="UTF-8"?>
<!DOCTYPE words SYSTEM "words.dtd">
<words><word id="word_1">Aicina</word>
<word id="word_2">piedalīties</word>
<word id="word_3">Informācijas</word>
<word id="word_4">sistēmu</word>
<word id="word_5">menedžmenta</word>
<word id="word_6">augstskolas</word>
<word id="word_7">olimpiādē</word>
<word id="word_8">-</word>
<word id="word_9">konkursā</word>
<word id="word_10">&quot;</word>
<word id="word_11">ISMA</word>
<word id="word_12">-</word>
<word id="word_13">intelekts</word>
<word id="word_14">&quot;</word>
<word id="word_15">11</word>
<word id="word_16">Feb</word>
<word id="word_17">2013</word>
<word id="word_18">2013.</word>
<word id="word_19">gada</word>
<word id="word_20">11.</word>
<word id="word_21">februāris</word>
<word id="word_22">.</word>
<word id="word_23">Informāciju</word>
<word id="word_24">sagatavoja</word>
<word id="word_25">Marija</word>
<word id="word_26">Bojarinova</word>
<word id="word_27">,</word>
<word id="word_28">Informācijas</word>
<word id="word_29">sistēmu</word>
<word id="word_30">un</word>
<word id="word_31">menedžmenta</word>
<word id="word_32">augstskolas</word>
<word id="word_33">pārstāve</word>
<word id="word_34">.</word>
<word id="word_35">Uzmanību</word>
<word id="word_36">10.</word>
<word id="word_37">,</word>
<word id="word_38">11.</word>
<word id="word_39">un</word>
<word id="word_40">12.</word>
<word id="word_41">klašu</word>
<word id="word_42">studējošie</word>
<word id="word_43">!!!</word>
<word id="word_44">Aicinām</word>
<word id="word_45">Jūs</word>
<word id="word_46">2013.</word>
<word id="word_47">gada</word>
<word id="word_48">23.</word>
<word id="word_49">februārī</word>
<word id="word_50">piedalīties</word>
<word id="word_51">Informācijas</word>
<word id="word_52">Sistēmu</word>
<word id="word_53">Menedžmenta</word>
<word id="word_54">Augstskolas</word>
<word id="word_55">(</word>
<word id="word_56">ISMA</word>
<word id="word_57">,</word>
<word id="word_58">Rīga</word>
<word id="word_59">)</word>
<word id="word_60">Olimpiādē</word>
<word id="word_61">-</word>
<word id="word_62">konkursā</word>
<word id="word_63">&quot;</word>
<word id="word_64">ISMA</word>
<word id="word_65">-</word>
<word id="word_66">Intelekts</word>
<word id="word_67">&quot;</word>
<word id="word_68">šādos</word>
<word id="word_69">kursos</word>
<word id="word_70">matemātika</word>
<word id="word_71">,</word>
<word id="word_72">fizika</word>
<word id="word_73">,</word>
<word id="word_74">tiesības</word>
<word id="word_75">,</word>
<word id="word_76">ekonomika</word>
<word id="word_77">,</word>
<word id="word_78">informācijas</word>
<word id="word_79">tehnoloģijas</word>
<word id="word_80">,</word>
<word id="word_81">latviešu</word>
<word id="word_82">valoda</word>
<word id="word_83">,</word>
<word id="word_84">angļu</word>
<word id="word_85">valoda</word>
<word id="word_86">,</word>
<word id="word_87">dizains</word>
<word id="word_88">.</word>
<word id="word_89">Olimpiādes</word>
<word id="word_90">mērķis</word>
<word id="word_91">-</word>
<word id="word_92">atrast</word>
<word id="word_93">,</word>
<word id="word_94">atklāt</word>
<word id="word_95">un</word>
<word id="word_96">atbalstīt</word>
<word id="word_97">talantīgus</word>
<word id="word_98">bērnus</word>
<word id="word_99">,</word>
<word id="word_100">attīstīt</word>
<word id="word_101">viņu</word>
<word id="word_102">zināšanas</word>
<word id="word_103">un</word>
<word id="word_104">radošas</word>
<word id="word_105">prasmes</word>
<word id="word_106">,</word>
<word id="word_107">paaugstināt</word>
<word id="word_108">skolnieku</word>
<word id="word_109">sociāli</word>
<word id="word_110">-</word>
<word id="word_111">tiesisko</word>
<word id="word_112">un</word>
<word id="word_113">finansiāli</word>
<word id="word_114">-</word>
<word id="word_115">ekonomisko</word>
<word id="word_116">izpratību</word>
<word id="word_117">,</word>
<word id="word_118">apstākļu</word>
<word id="word_119">radīšana</word>
<word id="word_120">intelektuālajai</word>
<word id="word_121">attīstībai</word>
<word id="word_122">.</word>
<word id="word_123">Olimpiāde</word>
<word id="word_124">&quot;</word>
<word id="word_125">ISMA</word>
<word id="word_126">-</word>
<word id="word_127">intelekts</word>
<word id="word_128">&quot;</word>
<word id="word_129">notiks</word>
<word id="word_130">klātienē</word>
<word id="word_131">ISMA</word>
<word id="word_132">,</word>
<word id="word_133">2013.</word>
<word id="word_134">gada</word>
<word id="word_135">23.</word>
<word id="word_136">februārī</word>
<word id="word_137">,</word>
<word id="word_138">no</word>
<word id="word_139">10:00</word>
<word id="word_140">līdz</word>
<word id="word_141">12:00</word>
<word id="word_142">,</word>
<word id="word_143">Rīgā</word>
<word id="word_144">,</word>
<word id="word_145">Lomonosova</word>
<word id="word_146">ielā</word>
<word id="word_147">1</word>
<word id="word_148">,</word>
<word id="word_149">korpuss</word>
<word id="word_150">7</word>
<word id="word_151">,</word>
<word id="word_152">aud</word>
<word id="word_153">.</word>
<word id="word_154">314.</word>
<word id="word_155">Olimpiādes</word>
<word id="word_156">priekšrocības</word>
<word id="word_157">:</word>
<word id="word_158">Uzvarētāji</word>
<word id="word_159">iegūst</word>
<word id="word_160">tiesības</word>
<word id="word_161">studijās</word>
<word id="word_162">ISMA</word>
<word id="word_163">par</word>
<word id="word_164">līdzekļiem</word>
<word id="word_165">no</word>
<word id="word_166">ISMA</word>
<word id="word_167">budžeta</word>
<word id="word_168">.</word>
<word id="word_169">Laureāti</word>
<word id="word_170">un</word>
<word id="word_171">aktīvie</word>
<word id="word_172">dalībnieki</word>
<word id="word_173">-</word>
<word id="word_174">tiesības</word>
<word id="word_175">studijām</word>
<word id="word_176">augstskolā</word>
<word id="word_177">pēc</word>
<word id="word_178">speciālām</word>
<word id="word_179">cenām</word>
<word id="word_180">.</word>
<word id="word_181">Konkursa</word>
<word id="word_182">dalībnieki</word>
<word id="word_183">iegūst</word>
<word id="word_184">priekšroku</word>
<word id="word_185">dalībai</word>
<word id="word_186">starptautiskās</word>
<word id="word_187">studentu</word>
<word id="word_188">apmaiņas</word>
<word id="word_189">programmās</word>
<word id="word_190">.</word>
<word id="word_191">10.</word>
<word id="word_192">un</word>
<word id="word_193">11.</word>
<word id="word_194">klašu</word>
<word id="word_195">skolniekiem</word>
<word id="word_196">-</word>
<word id="word_197">iegūtas</word>
<word id="word_198">Olimpiādē</word>
<word id="word_199">&quot;</word>
<word id="word_200">ISMA</word>
<word id="word_201">-</word>
<word id="word_202">intelekts</word>
<word id="word_203">&quot;</word>
<word id="word_204">balles</word>
<word id="word_205">tiks</word>
<word id="word_206">ieskaitīti</word>
<word id="word_207">piedalīšanai</word>
<word id="word_208">nākamo</word>
<word id="word_209">gadu</word>
<word id="word_210">ISMA</word>
<word id="word_211">Olimpiādēs</word>
<word id="word_212">.</word>
<word id="word_213">Ar</word>
<word id="word_214">jautājumiem</word>
<word id="word_215">vēršaties</word>
<word id="word_216">ISMA</word>
<word id="word_217">sagatavošanas</word>
<word id="word_218">nodaļā</word>
<word id="word_219">Dr.</word>
<word id="word_220">oec</word>
<word id="word_221">.</word>
<word id="word_222">,</word>
<word id="word_223">doc</word>
<word id="word_224">.</word>
<word id="word_225">Rjaščenko</word>
<word id="word_226">Viktorija</word>
<word id="word_227">Sagatavošanas</word>
<word id="word_228">nodaļas</word>
<word id="word_229">vadītāja</word>
<word id="word_230">+</word>
<word id="word_231">371_26008383</word>
<word id="word_232">e-pasts</word>
<word id="word_233">:</word>
<word id="word_234">viktoriia.rjashchenko@isma.lv</word>
<word id="word_235">http://isma.lv</word>
</words>