<?xml version="1.0" encoding="UTF-8"?>
<!DOCTYPE markables SYSTEM "markables.dtd">
<markables xmlns="www.eml.org/NameSpaces/coref">
<markable id="markable_1" span="word_2..word_3" coref_class="empty" category="person" mmax_level="coref"  rule="none"  type="none"/>
<markable id="markable_2" span="word_6" coref_class="empty" category="location" mmax_level="coref"  rule="none"  type="none"/>
<markable id="markable_3" span="word_13..word_16" coref_class="empty" category="time" mmax_level="coref"  rule="none"  type="none"/>
<markable id="markable_4" span="word_20..word_21" coref_class="empty" category="person" mmax_level="coref"  rule="none"  type="none"/>
<markable id="markable_5" span="word_23" coref_class="empty" category="location" mmax_level="coref"  rule="none"  type="none"/>
<markable id="markable_6" span="word_24..word_25" coref_class="empty" category="organization" mmax_level="coref"  rule="none"  type="none"/>
<markable id="markable_7" span="word_29..word_30" coref_class="empty" category="person" mmax_level="coref"  rule="none"  type="none"/>
<markable id="markable_8" span="word_32..word_34" coref_class="empty" category="organization" mmax_level="coref"  rule="none"  type="none"/>
<markable id="markable_9" span="word_36" coref_class="empty" category="organization" mmax_level="coref"  rule="none"  type="none"/>
<markable id="markable_10" span="word_39" coref_class="empty" category="location" mmax_level="coref"  rule="none"  type="none"/>
<markable id="markable_11" span="word_41" coref_class="empty" category="location" mmax_level="coref"  rule="none"  type="none"/>
<markable id="markable_12" span="word_45" coref_class="empty" category="location" mmax_level="coref"  rule="none"  type="none"/>
<markable id="markable_13" span="word_53..word_56" coref_class="empty" category="person" mmax_level="coref"  rule="none"  type="none"/>
<markable id="markable_14" span="word_73..word_74" coref_class="empty" category="person" mmax_level="coref"  rule="none"  type="none"/>
<markable id="markable_15" span="word_83" coref_class="empty" category="organization" mmax_level="coref"  rule="none"  type="none"/>
<markable id="markable_16" span="word_92..word_93" coref_class="empty" category="profession" mmax_level="coref"  rule="none"  type="none"/>
<markable id="markable_17" span="word_94..word_96" coref_class="empty" category="person" mmax_level="coref"  rule="none"  type="none"/>
<markable id="markable_18" span="word_101..word_102" coref_class="empty" category="person" mmax_level="coref"  rule="none"  type="none"/>
<markable id="markable_19" span="word_110" coref_class="empty" category="location" mmax_level="coref"  rule="none"  type="none"/>
<markable id="markable_20" span="word_112" coref_class="empty" category="location" mmax_level="coref"  rule="none"  type="none"/>
<markable id="markable_21" span="word_113" coref_class="empty" category="profession" mmax_level="coref"  rule="none"  type="none"/>
<markable id="markable_22" span="word_115" coref_class="empty" category="profession" mmax_level="coref"  rule="none"  type="none"/>
<markable id="markable_23" span="word_126" coref_class="empty" category="location" mmax_level="coref"  rule="none"  type="none"/>
<markable id="markable_24" span="word_130..word_131" coref_class="empty" category="person" mmax_level="coref"  rule="none"  type="none"/>
<markable id="markable_25" span="word_142" coref_class="empty" category="location" mmax_level="coref"  rule="none"  type="none"/>
<markable id="markable_26" span="word_171" coref_class="empty" category="organization" mmax_level="coref"  rule="none"  type="none"/>
<markable id="markable_27" span="word_194" coref_class="empty" category="location" mmax_level="coref"  rule="none"  type="none"/>
<markable id="markable_28" span="word_254" coref_class="empty" category="location" mmax_level="coref"  rule="none"  type="none"/>
<markable id="markable_29" span="word_256..word_257" coref_class="empty" category="location" mmax_level="coref"  rule="none"  type="none"/>
<markable id="markable_30" span="word_267..word_268" coref_class="empty" category="person" mmax_level="coref"  rule="none"  type="none"/>
<markable id="markable_31" span="word_271..word_272" coref_class="empty" category="time" mmax_level="coref"  rule="none"  type="none"/>
<markable id="markable_32" span="word_282..word_283" coref_class="empty" category="organization" mmax_level="coref"  rule="none"  type="none"/>
<markable id="markable_33" span="word_288..word_289" coref_class="empty" category="time" mmax_level="coref"  rule="none"  type="none"/>
<markable id="markable_34" span="word_291" coref_class="empty" category="location" mmax_level="coref"  rule="none"  type="none"/>
<markable id="markable_35" span="word_293..word_294" coref_class="empty" category="person" mmax_level="coref"  rule="none"  type="none"/>
<markable id="markable_36" span="word_299" coref_class="empty" category="location" mmax_level="coref"  rule="none"  type="none"/>
<markable id="markable_37" span="word_326" coref_class="empty" category="location" mmax_level="coref"  rule="none"  type="none"/>
<markable id="markable_38" span="word_335" coref_class="empty" category="location" mmax_level="coref"  rule="none"  type="none"/>
<markable id="markable_39" span="word_340..word_341" coref_class="empty" category="person" mmax_level="coref"  rule="none"  type="none"/>
<markable id="markable_40" span="word_352" coref_class="empty" category="location" mmax_level="coref"  rule="none"  type="none"/>
<markable id="markable_41" span="word_355" coref_class="empty" category="location" mmax_level="coref"  rule="none"  type="none"/>
<markable id="markable_42" span="word_358..word_359" coref_class="empty" category="person" mmax_level="coref"  rule="none"  type="none"/>
<markable id="markable_43" span="word_390..word_391" coref_class="empty" category="person" mmax_level="coref"  rule="none"  type="none"/>
<markable id="markable_44" span="word_394..word_395" coref_class="empty" category="person" mmax_level="coref"  rule="none"  type="none"/>
<markable id="markable_45" span="word_398" coref_class="empty" category="profession" mmax_level="coref"  rule="none"  type="none"/>
<markable id="markable_46" span="word_405" coref_class="empty" category="location" mmax_level="coref"  rule="none"  type="none"/>
<markable id="markable_47" span="word_409" coref_class="empty" category="organization" mmax_level="coref"  rule="none"  type="none"/>
<markable id="markable_48" span="word_411..word_415" coref_class="empty" category="product" mmax_level="coref"  rule="none"  type="none"/>
<markable id="markable_49" span="word_417..word_418" coref_class="empty" category="person" mmax_level="coref"  rule="none"  type="none"/>
<markable id="markable_50" span="word_425..word_426" coref_class="empty" category="person" mmax_level="coref"  rule="none"  type="none"/>
<markable id="markable_51" span="word_438..word_439" coref_class="empty" category="organization" mmax_level="coref"  rule="none"  type="none"/>
<markable id="markable_52" span="word_442..word_443" coref_class="empty" category="person" mmax_level="coref"  rule="none"  type="none"/>
<markable id="markable_53" span="word_446..word_448" coref_class="empty" category="profession" mmax_level="coref"  rule="none"  type="none"/>
<markable id="markable_54" span="word_453" coref_class="empty" category="location" mmax_level="coref"  rule="none"  type="none"/>
<markable id="markable_55" span="word_465" coref_class="empty" category="location" mmax_level="coref"  rule="none"  type="none"/>
<markable id="markable_56" span="word_469" coref_class="empty" category="person" mmax_level="coref"  rule="none"  type="none"/>
<markable id="markable_57" span="word_471" coref_class="empty" category="location" mmax_level="coref"  rule="none"  type="none"/>
<markable id="markable_58" span="word_476" coref_class="empty" category="location" mmax_level="coref"  rule="none"  type="none"/>
<markable id="markable_59" span="word_507" coref_class="empty" category="location" mmax_level="coref"  rule="none"  type="none"/>
<markable id="markable_60" span="word_569" coref_class="empty" category="location" mmax_level="coref"  rule="none"  type="none"/>
<markable id="markable_61" span="word_574..word_575" coref_class="empty" category="time" mmax_level="coref"  rule="none"  type="none"/>
<markable id="markable_62" span="word_578..word_579" coref_class="empty" category="time" mmax_level="coref"  rule="none"  type="none"/>
<markable id="markable_63" span="word_586..word_587" coref_class="empty" category="time" mmax_level="coref"  rule="none"  type="none"/>
<markable id="markable_64" span="word_591..word_592" coref_class="empty" category="time" mmax_level="coref"  rule="none"  type="none"/>
<markable id="markable_65" span="word_596..word_597" coref_class="empty" category="location" mmax_level="coref"  rule="none"  type="none"/>
<markable id="markable_66" span="word_602..word_603" coref_class="empty" category="person" mmax_level="coref"  rule="none"  type="none"/>
</markables>