<?xml version="1.0" encoding="UTF-8"?>
<!DOCTYPE markables SYSTEM "markables.dtd">
<markables xmlns="www.eml.org/NameSpaces/sentence">
<markable mmax_level="sentence" id="markable_1" span="word_1..word_14" />
<markable mmax_level="sentence" id="markable_2" span="word_15..word_17" />
<markable mmax_level="sentence" id="markable_3" span="word_18..word_22" />
<markable mmax_level="sentence" id="markable_4" span="word_23..word_34" />
<markable mmax_level="sentence" id="markable_5" span="word_35..word_43" />
<markable mmax_level="sentence" id="markable_6" span="word_44..word_88" />
<markable mmax_level="sentence" id="markable_7" span="word_89..word_122" />
<markable mmax_level="sentence" id="markable_8" span="word_123..word_153" />
<markable mmax_level="sentence" id="markable_9" span="word_154" />
<markable mmax_level="sentence" id="markable_10" span="word_155..word_157" />
<markable mmax_level="sentence" id="markable_11" span="word_158..word_168" />
<markable mmax_level="sentence" id="markable_12" span="word_169..word_180" />
<markable mmax_level="sentence" id="markable_13" span="word_181..word_190" />
<markable mmax_level="sentence" id="markable_14" span="word_191..word_212" />
<markable mmax_level="sentence" id="markable_15" span="word_213..word_218" />
<markable mmax_level="sentence" id="markable_16" span="word_219..word_221" />
<markable mmax_level="sentence" id="markable_17" span="word_222..word_224" />
<markable mmax_level="sentence" id="markable_18" span="word_225..word_226" />
<markable mmax_level="sentence" id="markable_19" span="word_227..word_229" />
<markable mmax_level="sentence" id="markable_20" span="word_230..word_231" />
<markable mmax_level="sentence" id="markable_21" span="word_232..word_234" />
<markable mmax_level="sentence" id="markable_22" span="word_235" />
</markables>