<?xml version="1.0" encoding="UTF-8"?>
<!DOCTYPE markables SYSTEM "markables.dtd">
<markables xmlns="www.eml.org/NameSpaces/coref">
<markable id="markable_1" span="word_1..word_2" coref_class="empty" category="organization" mmax_level="coref"  rule="none"  type="none"/>
<markable id="markable_2" span="word_7" coref_class="empty" category="location" mmax_level="coref"  rule="none"  type="none"/>
<markable id="markable_3" span="word_15..word_18" coref_class="empty" category="time" mmax_level="coref"  rule="none"  type="none"/>
<markable id="markable_4" span="word_22..word_23" coref_class="empty" category="person" mmax_level="coref"  rule="none"  type="none"/>
<markable id="markable_5" span="word_25..word_26" coref_class="empty" category="organization" mmax_level="coref"  rule="none"  type="none"/>
<markable id="markable_6" span="word_29" coref_class="empty" category="profession" mmax_level="coref"  rule="none"  type="none"/>
<markable id="markable_7" span="word_31..word_32" coref_class="empty" category="time" mmax_level="coref"  rule="none"  type="none"/>
<markable id="markable_8" span="word_35..word_36" coref_class="empty" category="organization" mmax_level="coref"  rule="none"  type="none"/>
<markable id="markable_9" span="word_42..word_44" coref_class="empty" category="location" mmax_level="coref"  rule="none"  type="none"/>
<markable id="markable_10" span="word_46..word_47" coref_class="empty" category="time" mmax_level="coref"  rule="none"  type="none"/>
<markable id="markable_11" span="word_61" coref_class="empty" category="location" mmax_level="coref"  rule="none"  type="none"/>
<markable id="markable_12" span="word_62" coref_class="empty" category="organization" mmax_level="coref"  rule="none"  type="none"/>
<markable id="markable_13" span="word_64" coref_class="empty" category="location" mmax_level="coref"  rule="none"  type="none"/>
<markable id="markable_14" span="word_115" coref_class="empty" category="profession" mmax_level="coref"  rule="none"  type="none"/>
<markable id="markable_15" span="word_117..word_118" coref_class="empty" category="organization" mmax_level="coref"  rule="none"  type="none"/>
<markable id="markable_16" span="word_122..word_124" coref_class="empty" category="organization" mmax_level="coref"  rule="none"  type="none"/>
<markable id="markable_17" span="word_129..word_130" coref_class="empty" category="organization" mmax_level="coref"  rule="none"  type="none"/>
<markable id="markable_18" span="word_136" coref_class="empty" category="organization" mmax_level="coref"  rule="none"  type="none"/>
<markable id="markable_19" span="word_141..word_142" coref_class="empty" category="organization" mmax_level="coref"  rule="none"  type="none"/>
<markable id="markable_20" span="word_147..word_148" coref_class="empty" category="organization" mmax_level="coref"  rule="none"  type="none"/>
<markable id="markable_21" span="word_151..word_153" coref_class="empty" category="organization" mmax_level="coref"  rule="none"  type="none"/>
<markable id="markable_22" span="word_155" coref_class="empty" category="location" mmax_level="coref"  rule="none"  type="none"/>
<markable id="markable_23" span="word_160..word_161" coref_class="empty" category="organization" mmax_level="coref"  rule="none"  type="none"/>
<markable id="markable_24" span="word_163..word_164" coref_class="empty" category="organization" mmax_level="coref"  rule="none"  type="none"/>
<markable id="markable_25" span="word_178" coref_class="empty" category="profession" mmax_level="coref"  rule="none"  type="none"/>
<markable id="markable_26" span="word_179..word_180" coref_class="empty" category="person" mmax_level="coref"  rule="none"  type="none"/>
</markables>