<?xml version="1.0" encoding="UTF-8"?>
<!DOCTYPE words SYSTEM "words.dtd">
<words><word id="word_1">Dr.</word>
<word id="word_2">Juris</word>
<word id="word_3">Ulmanis</word>
<word id="word_4">ievēlēts</word>
<word id="word_5">par</word>
<word id="word_6">Eiropas</word>
<word id="word_7">Skautu</word>
<word id="word_8">fonda</word>
<word id="word_9">līdzpriekšsēdētāju</word>
<word id="word_10">11</word>
<word id="word_11">Feb</word>
<word id="word_12">2013</word>
<word id="word_13">2013.</word>
<word id="word_14">gada</word>
<word id="word_15">11.</word>
<word id="word_16">februāris</word>
<word id="word_17">.</word>
<word id="word_18">Informāciju</word>
<word id="word_19">sagatavoja</word>
<word id="word_20">Juris</word>
<word id="word_21">Ulmanis</word>
<word id="word_22">,</word>
<word id="word_23">Eiropas</word>
<word id="word_24">Skautu</word>
<word id="word_25">fonda</word>
<word id="word_26">līdzpriekšsēdētājs</word>
<word id="word_27">.</word>
<word id="word_28">Dr.</word>
<word id="word_29">Juris</word>
<word id="word_30">Ulmanis</word>
<word id="word_31">ikgadējā</word>
<word id="word_32">Eiropas</word>
<word id="word_33">Skautu</word>
<word id="word_34">fonda</word>
<word id="word_35">(</word>
<word id="word_36">ESF</word>
<word id="word_37">)</word>
<word id="word_38">sanāksmē</word>
<word id="word_39">Ženēvā</word>
<word id="word_40">,</word>
<word id="word_41">Šveicē</word>
<word id="word_42">,</word>
<word id="word_43">ievēlēts</word>
<word id="word_44">par</word>
<word id="word_45">ESF</word>
<word id="word_46">līdzpriekšsēdētāju</word>
<word id="word_47">.</word>
<word id="word_48">Pēdējo</word>
<word id="word_49">astoņu</word>
<word id="word_50">gadu</word>
<word id="word_51">laikā</word>
<word id="word_52">Dr.</word>
<word id="word_53">J.</word>
<word id="word_54">Ulmanis</word>
<word id="word_55">ESF</word>
<word id="word_56">Valdē</word>
<word id="word_57">veicis</word>
<word id="word_58">dažādus</word>
<word id="word_59">pienākumus</word>
<word id="word_60">,</word>
<word id="word_61">taču</word>
<word id="word_62">nākamos</word>
<word id="word_63">četrus</word>
<word id="word_64">gadus</word>
<word id="word_65">viņš</word>
<word id="word_66">pildīs</word>
<word id="word_67">līdzpriekšsēdētāja</word>
<word id="word_68">pienākumus</word>
<word id="word_69">.</word>
<word id="word_70">Līdz</word>
<word id="word_71">ar</word>
<word id="word_72">Dr.</word>
<word id="word_73">J.</word>
<word id="word_74">Ulmaņa</word>
<word id="word_75">stāšanos</word>
<word id="word_76">amatā</word>
<word id="word_77">,</word>
<word id="word_78">paredzamas</word>
<word id="word_79">būtiskas</word>
<word id="word_80">izmaiņas</word>
<word id="word_81">,</word>
<word id="word_82">nosakot</word>
<word id="word_83">ESF</word>
<word id="word_84">tālākās</word>
<word id="word_85">darbības</word>
<word id="word_86">prioritātes</word>
<word id="word_87">,</word>
<word id="word_88">uz</word>
<word id="word_89">ko</word>
<word id="word_90">arī</word>
<word id="word_91">norādīja</word>
<word id="word_92">ESF</word>
<word id="word_93">priekšsēdētājs</word>
<word id="word_94">Jorgens</word>
<word id="word_95">G.</word>
<word id="word_96">Rasmussens</word>
<word id="word_97">:</word>
<word id="word_98">&quot;</word>
<word id="word_99">Ievēlot</word>
<word id="word_100">Dr.</word>
<word id="word_101">J.</word>
<word id="word_102">Ulmani</word>
<word id="word_103">mēs</word>
<word id="word_104">esam</word>
<word id="word_105">veikuši</word>
<word id="word_106">svarīgu</word>
<word id="word_107">soli</word>
<word id="word_108">,</word>
<word id="word_109">iekļaujot</word>
<word id="word_110">Centrāleiropas</word>
<word id="word_111">un</word>
<word id="word_112">Austrumeiropas</word>
<word id="word_113">pārstāvi</word>
<word id="word_114">mūsu</word>
<word id="word_115">kopējā</word>
<word id="word_116">darbā</word>
<word id="word_117">,</word>
<word id="word_118">lai</word>
<word id="word_119">nodrošinātu</word>
<word id="word_120">skautu</word>
<word id="word_121">kustības</word>
<word id="word_122">attīstību</word>
<word id="word_123">un</word>
<word id="word_124">izaugsmi</word>
<word id="word_125">visā</word>
<word id="word_126">Eiropā</word>
<word id="word_127">.</word>
<word id="word_128">&quot;</word>
<word id="word_129">Dr.</word>
<word id="word_130">J.</word>
<word id="word_131">Ulmanis</word>
<word id="word_132">pēc</word>
<word id="word_133">ievēlēšanas</word>
<word id="word_134">amatā</word>
<word id="word_135">teica</word>
<word id="word_136">:</word>
<word id="word_137">&quot;</word>
<word id="word_138">Esmu</word>
<word id="word_139">ļoti</word>
<word id="word_140">pagodināts</word>
<word id="word_141">par</word>
<word id="word_142">Eiropas</word>
<word id="word_143">Skautu</word>
<word id="word_144">fonda</word>
<word id="word_145">uzticību</word>
<word id="word_146">,</word>
<word id="word_147">ievēlot</word>
<word id="word_148">mani</word>
<word id="word_149">šajā</word>
<word id="word_150">amatā</word>
<word id="word_151">un</word>
<word id="word_152">izjūtu</word>
<word id="word_153">milzīgu</word>
<word id="word_154">atbildību</word>
<word id="word_155">,</word>
<word id="word_156">uzņemoties</word>
<word id="word_157">šo</word>
<word id="word_158">pienākumu</word>
<word id="word_159">.</word>
<word id="word_160">Lai</word>
<word id="word_161">sekmīgi</word>
<word id="word_162">pildītu</word>
<word id="word_163">man</word>
<word id="word_164">uzticētos</word>
<word id="word_165">uzdevumus</word>
<word id="word_166">,</word>
<word id="word_167">arī</word>
<word id="word_168">turpmāk</word>
<word id="word_169">ceru</word>
<word id="word_170">uz</word>
<word id="word_171">Fonda</word>
<word id="word_172">un</word>
<word id="word_173">Valdes</word>
<word id="word_174">atbalstu</word>
<word id="word_175">,</word>
<word id="word_176">kā_arī</word>
<word id="word_177">donoru</word>
<word id="word_178">,</word>
<word id="word_179">finanšu</word>
<word id="word_180">atbalstītāju</word>
<word id="word_181">,</word>
<word id="word_182">brīvprātīgo</word>
<word id="word_183">un</word>
<word id="word_184">profesionāļu</word>
<word id="word_185">līdzdalību</word>
<word id="word_186">un</word>
<word id="word_187">ieinteresētību</word>
<word id="word_188">darbā</word>
<word id="word_189">,</word>
<word id="word_190">kuru</word>
<word id="word_191">veicam</word>
<word id="word_192">visos</word>
<word id="word_193">mūsu</word>
<word id="word_194">Eiropas</word>
<word id="word_195">organizāciju</word>
<word id="word_196">līmeņos</word>
<word id="word_197">.</word>
<word id="word_198">Manā</word>
<word id="word_199">personiskajā</word>
<word id="word_200">dzīvē</word>
<word id="word_201">piederība</word>
<word id="word_202">skautiem</word>
<word id="word_203">ir</word>
<word id="word_204">bijusi</word>
<word id="word_205">izšķiroši</word>
<word id="word_206">nozīmīga</word>
<word id="word_207">,</word>
<word id="word_208">tāpēc</word>
<word id="word_209">apņemos</word>
<word id="word_210">smagi</word>
<word id="word_211">strādāt</word>
<word id="word_212">,</word>
<word id="word_213">lai</word>
<word id="word_214">iespējami</word>
<word id="word_215">daudz</word>
<word id="word_216">ieguldītu</word>
<word id="word_217">kustības</word>
<word id="word_218">stiprināšanā</word>
<word id="word_219">.</word>
<word id="word_220">Šajā</word>
<word id="word_221">augstajā</word>
<word id="word_222">amatā</word>
<word id="word_223">stingri</word>
<word id="word_224">sekošu</word>
<word id="word_225">skautu</word>
<word id="word_226">kustības</word>
<word id="word_227">vērtībām</word>
<word id="word_228">.</word>
<word id="word_229">Mana</word>
<word id="word_230">apņemšanās</word>
<word id="word_231">balstās</word>
<word id="word_232">skautu</word>
<word id="word_233">vērtībās</word>
<word id="word_234">un</word>
<word id="word_235">mana</word>
<word id="word_236">pārliecība</word>
<word id="word_237">ir</word>
<word id="word_238">,</word>
<word id="word_239">ka</word>
<word id="word_240">mūsu</word>
<word id="word_241">,</word>
<word id="word_242">ESF</word>
<word id="word_243">,</word>
<word id="word_244">bizness</word>
<word id="word_245">ir</word>
<word id="word_246">atrast</word>
<word id="word_247">naudu</word>
<word id="word_248">,</word>
<word id="word_249">kas</word>
<word id="word_250">palīdzēs</word>
<word id="word_251">postkomunistiskā</word>
<word id="word_252">režīma</word>
<word id="word_253">,</word>
<word id="word_254">Centrālās</word>
<word id="word_255">un</word>
<word id="word_256">Austrumeiropas</word>
<word id="word_257">valstu</word>
<word id="word_258">jauniešiem</word>
<word id="word_259">stiprināt</word>
<word id="word_260">viņu</word>
<word id="word_261">dzīves</word>
<word id="word_262">starta</word>
<word id="word_263">pozīcijas</word>
<word id="word_264">.</word>
<word id="word_265">&quot;</word>
<word id="word_266">Dr.</word>
<word id="word_267">Juris</word>
<word id="word_268">Ulmanis</word>
<word id="word_269">ir</word>
<word id="word_270">dzimis</word>
<word id="word_271">1959.</word>
<word id="word_272">gadā</word>
<word id="word_273">,</word>
<word id="word_274">kopš</word>
<word id="word_275">septiņu</word>
<word id="word_276">gadu</word>
<word id="word_277">vecuma</word>
<word id="word_278">aktīvi</word>
<word id="word_279">iesaistījies</word>
<word id="word_280">skautu</word>
<word id="word_281">kustībā</word>
<word id="word_282">Ņujorkas</word>
<word id="word_283">latviešu</word>
<word id="word_284">luterāņu</word>
<word id="word_285">draudzes</word>
<word id="word_286">paspārnē</word>
<word id="word_287">.</word>
<word id="word_288">1993.</word>
<word id="word_289">gadā</word>
<word id="word_290">ierodoties</word>
<word id="word_291">Latvijā</word>
<word id="word_292">,</word>
<word id="word_293">J.</word>
<word id="word_294">Ulmanis</word>
<word id="word_295">uzņēmās</word>
<word id="word_296">iniciatīvu</word>
<word id="word_297">,</word>
<word id="word_298">atbalstot</word>
<word id="word_299">Latvijas</word>
<word id="word_300">Skautu</word>
<word id="word_301">un</word>
<word id="word_302">gaidu</word>
<word id="word_303">centrālo</word>
<word id="word_304">organizāciju</word>
<word id="word_305">(</word>
<word id="word_306">LSGC0</word>
<word id="word_307">)</word>
<word id="word_308">,</word>
<word id="word_309">veidojot</word>
<word id="word_310">starptautiskus</word>
<word id="word_311">kontaktus</word>
<word id="word_312">un</word>
<word id="word_313">sadarbību</word>
<word id="word_314">,</word>
<word id="word_315">nodrošinot</word>
<word id="word_316">stratēģiskās</word>
<word id="word_317">konsultācijas</word>
<word id="word_318">un</word>
<word id="word_319">finanšu</word>
<word id="word_320">piesaisti</word>
<word id="word_321">.</word>
<word id="word_322">Tolaik</word>
<word id="word_323">nozīmīgs</word>
<word id="word_324">atbalsts</word>
<word id="word_325">bija</word>
<word id="word_326">ASV</word>
<word id="word_327">starptautiskās</word>
<word id="word_328">telekomunikāciju</word>
<word id="word_329">kompānijas</word>
<word id="word_330">MOTOROLA</word>
<word id="word_331">INC</word>
<word id="word_332">ziedojums</word>
<word id="word_333">,</word>
<word id="word_334">kā_arī</word>
<word id="word_335">Latvijas</word>
<word id="word_336">Skautu</word>
<word id="word_337">draugu</word>
<word id="word_338">atbalsts</word>
<word id="word_339">.</word>
<word id="word_340">J.</word>
<word id="word_341">Ulmanis</word>
<word id="word_342">18</word>
<word id="word_343">gadus</word>
<word id="word_344">ir</word>
<word id="word_345">ieņēmis</word>
<word id="word_346">dažādus</word>
<word id="word_347">vadošus</word>
<word id="word_348">amatus</word>
<word id="word_349">MOTOROLA</word>
<word id="word_350">INC</word>
<word id="word_351">gan</word>
<word id="word_352">ASV</word>
<word id="word_353">,</word>
<word id="word_354">gan</word>
<word id="word_355">Eiropā</word>
<word id="word_356">.</word>
<word id="word_357">Šobrīd</word>
<word id="word_358">J.</word>
<word id="word_359">Ulmanis</word>
<word id="word_360">pasniedz</word>
<word id="word_361">mārketingu</word>
<word id="word_362">un</word>
<word id="word_363">starptautisko</word>
<word id="word_364">biznesu</word>
<word id="word_365">dažādās</word>
<word id="word_366">augstskolās</word>
<word id="word_367">,</word>
<word id="word_368">regulāri</word>
<word id="word_369">apmāca</word>
<word id="word_370">un</word>
<word id="word_371">konsultē</word>
<word id="word_372">reģionālos</word>
<word id="word_373">uzņēmumus</word>
<word id="word_374">mārketinga</word>
<word id="word_375">,</word>
<word id="word_376">pārdošanas</word>
<word id="word_377">,</word>
<word id="word_378">komunikācijas</word>
<word id="word_379">un</word>
<word id="word_380">vadības</word>
<word id="word_381">jautājumos</word>
<word id="word_382">,</word>
<word id="word_383">pārvalda</word>
<word id="word_384">privāto</word>
<word id="word_385">biznesu</word>
<word id="word_386">un</word>
<word id="word_387">ir</word>
<word id="word_388">viens</word>
<word id="word_389">no</word>
<word id="word_390">Enixus</word>
<word id="word_391">Accelerator</word>
<word id="word_392">līdzdibinātājiem</word>
<word id="word_393">.</word>
<word id="word_394">J.</word>
<word id="word_395">Ulmanis</word>
<word id="word_396">ir</word>
<word id="word_397">pieredzējis</word>
<word id="word_398">alpīnists</word>
<word id="word_399">un</word>
<word id="word_400">polārās</word>
<word id="word_401">ekspedīcijas</word>
<word id="word_402">dalībnieks</word>
<word id="word_403">,</word>
<word id="word_404">arī</word>
<word id="word_405">Latvijas</word>
<word id="word_406">Transatlantiskās</word>
<word id="word_407">organizācijas</word>
<word id="word_408">(</word>
<word id="word_409">LATO</word>
<word id="word_410">)</word>
<word id="word_411">NATO</word>
<word id="word_412">atbalsta</word>
<word id="word_413">grupas</word>
<word id="word_414">Valdes</word>
<word id="word_415">loceklis</word>
<word id="word_416">.</word>
<word id="word_417">J.</word>
<word id="word_418">Ulmanim</word>
<word id="word_419">ir</word>
<word id="word_420">doktora</word>
<word id="word_421">grāds</word>
<word id="word_422">Vadības</word>
<word id="word_423">zinātnē</word>
<word id="word_424">,</word>
<word id="word_425">Thunderbird</word>
<word id="word_426">Globālās</word>
<word id="word_427">menedžmenta</word>
<word id="word_428">skolas</word>
<word id="word_429">maģistra</word>
<word id="word_430">grāds</word>
<word id="word_431">menedžmentā</word>
<word id="word_432">,</word>
<word id="word_433">un</word>
<word id="word_434">biznesa</word>
<word id="word_435">vadības</word>
<word id="word_436">maģistra</word>
<word id="word_437">grāds</word>
<word id="word_438">Konnektikutas</word>
<word id="word_439">universitātē</word>
<word id="word_440">.</word>
<word id="word_441">Dr.</word>
<word id="word_442">J.</word>
<word id="word_443">Ulmanis</word>
<word id="word_444">ir</word>
<word id="word_445">Triju</word>
<word id="word_446">Zvaigžņu</word>
<word id="word_447">ordeņa</word>
<word id="word_448">komandieris</word>
<word id="word_449">.</word>
<word id="word_450">Medijiem</word>
<word id="word_451">uzziņai</word>
<word id="word_452">:</word>
<word id="word_453">Eiropas</word>
<word id="word_454">Skautu</word>
<word id="word_455">fonda</word>
<word id="word_456">misija</word>
<word id="word_457">:</word>
<word id="word_458">•</word>
<word id="word_459">Nodrošināt</word>
<word id="word_460">finansiālu</word>
<word id="word_461">atbalstu</word>
<word id="word_462">skautu</word>
<word id="word_463">kustības</word>
<word id="word_464">atbalstam</word>
<word id="word_465">Eiropā</word>
<word id="word_466">,</word>
<word id="word_467">mērķtiecīgi</word>
<word id="word_468">atbalstot</word>
<word id="word_469">Centrālās</word>
<word id="word_470">un</word>
<word id="word_471">Austrumeiropas</word>
<word id="word_472">valstis</word>
<word id="word_473">;</word>
<word id="word_474">•</word>
<word id="word_475">Attīstīt</word>
<word id="word_476">Eiropas</word>
<word id="word_477">Skautu</word>
<word id="word_478">draugu</word>
<word id="word_479">grupas</word>
<word id="word_480">,</word>
<word id="word_481">motivējot</word>
<word id="word_482">finansiāli</word>
<word id="word_483">atbalstīt</word>
<word id="word_484">projektus</word>
<word id="word_485">un</word>
<word id="word_486">attīstot</word>
<word id="word_487">vēstnešu</word>
<word id="word_488">kustību</word>
<word id="word_489">,</word>
<word id="word_490">vairojot</word>
<word id="word_491">kontaktu</word>
<word id="word_492">tīklu</word>
<word id="word_493">un</word>
<word id="word_494">daloties</word>
<word id="word_495">pieredzē</word>
<word id="word_496">;</word>
<word id="word_497">•</word>
<word id="word_498">Palielināt</word>
<word id="word_499">finanšu</word>
<word id="word_500">kapitāla</word>
<word id="word_501">dotācijas</word>
<word id="word_502">,</word>
<word id="word_503">lai</word>
<word id="word_504">nodrošinātu</word>
<word id="word_505">finansiālu</word>
<word id="word_506">atbalstu</word>
<word id="word_507">Eiropas</word>
<word id="word_508">reģiona</word>
<word id="word_509">skautu</word>
<word id="word_510">aktivitātēm</word>
<word id="word_511">,</word>
<word id="word_512">piemēram</word>
<word id="word_513">,</word>
<word id="word_514">semināriem</word>
<word id="word_515">,</word>
<word id="word_516">pasākumiem</word>
<word id="word_517">,</word>
<word id="word_518">publicitātei</word>
<word id="word_519">un</word>
<word id="word_520">kampaņām</word>
<word id="word_521">;</word>
<word id="word_522">•</word>
<word id="word_523">Kautu</word>
<word id="word_524">misija</word>
<word id="word_525">ir</word>
<word id="word_526">izglītot</word>
<word id="word_527">jauniešus</word>
<word id="word_528">un</word>
<word id="word_529">motivēt</word>
<word id="word_530">aktīvi</word>
<word id="word_531">līdzdarboties</word>
<word id="word_532">;</word>
<word id="word_533">•</word>
<word id="word_534">Pasaules</word>
<word id="word_535">skautu</word>
<word id="word_536">organizācijās</word>
<word id="word_537">ir</word>
<word id="word_538">apvienojušies</word>
<word id="word_539">un</word>
<word id="word_540">brīvprātīgi</word>
<word id="word_541">darbojas</word>
<word id="word_542">28</word>
<word id="word_543">miljoni</word>
<word id="word_544">biedru</word>
<word id="word_545">(</word>
<word id="word_546">jaunieši</word>
<word id="word_547">un</word>
<word id="word_548">skautu</word>
<word id="word_549">līderi</word>
<word id="word_550">)</word>
<word id="word_551">.</word>
<word id="word_552">Skauti</word>
<word id="word_553">darbojas</word>
<word id="word_554">nacionālajā</word>
<word id="word_555">līmenī</word>
<word id="word_556">160</word>
<word id="word_557">valstīs</word>
<word id="word_558">,</word>
<word id="word_559">attīstot</word>
<word id="word_560">programmas</word>
<word id="word_561">,</word>
<word id="word_562">kas</word>
<word id="word_563">kalpo</word>
<word id="word_564">jauniešu</word>
<word id="word_565">sociālajām</word>
<word id="word_566">vajadzībām</word>
<word id="word_567">;</word>
<word id="word_568">•</word>
<word id="word_569">Latvijā</word>
<word id="word_570">skautu</word>
<word id="word_571">kustība</word>
<word id="word_572">tika</word>
<word id="word_573">dibināta</word>
<word id="word_574">1921.</word>
<word id="word_575">gadā</word>
<word id="word_576">,</word>
<word id="word_577">aizliegta</word>
<word id="word_578">1940.</word>
<word id="word_579">gadā</word>
<word id="word_580">,</word>
<word id="word_581">līdz</word>
<word id="word_582">ar</word>
<word id="word_583">padomju</word>
<word id="word_584">režīmu</word>
<word id="word_585">,</word>
<word id="word_586">1945.</word>
<word id="word_587">gadā</word>
<word id="word_588">atjaunota</word>
<word id="word_589">trimdā</word>
<word id="word_590">un</word>
<word id="word_591">1990.</word>
<word id="word_592">gadā</word>
<word id="word_593">no</word>
<word id="word_594">jauna</word>
<word id="word_595">izveidota</word>
<word id="word_596">Latvijas</word>
<word id="word_597">Republikā</word>
<word id="word_598">.</word>
<word id="word_599">Papildu</word>
<word id="word_600">informācija</word>
<word id="word_601">:</word>
<word id="word_602">Juris</word>
<word id="word_603">Ulmanis</word>
<word id="word_604">,</word>
<word id="word_605">ESF</word>
<word id="word_606">līdzpriekšsēdētājs</word>
<word id="word_607">mob</word>
<word id="word_608">.</word>
<word id="word_609">tālr.</word>
<word id="word_610">:</word>
<word id="word_611">+</word>
<word id="word_612">371_29204590</word>
<word id="word_613">e-mail</word>
<word id="word_614">:</word>
<word id="word_615">julmanis@rbs.lv</word>
</words>