<?xml version="1.0" encoding="UTF-8"?>
<!DOCTYPE words SYSTEM "words.dtd">
<words><word id="word_1">Ar</word>
<word id="word_2">dzīvi</word>
<word id="word_3">Valmierā</word>
<word id="word_4">apmierināti</word>
<word id="word_5">82</word>
<word id="word_6">%</word>
<word id="word_7">valmieriešu</word>
<word id="word_8">11</word>
<word id="word_9">Feb</word>
<word id="word_10">2013</word>
<word id="word_11">2013.</word>
<word id="word_12">gada</word>
<word id="word_13">11.</word>
<word id="word_14">februāris</word>
<word id="word_15">.</word>
<word id="word_16">Informāciju</word>
<word id="word_17">sagatavoja</word>
<word id="word_18">Līga</word>
<word id="word_19">Tarbuna</word>
<word id="word_20">,</word>
<word id="word_21">Valmieras</word>
<word id="word_22">pilsētas</word>
<word id="word_23">pašvaldības</word>
<word id="word_24">Sabiedrisko</word>
<word id="word_25">attiecību</word>
<word id="word_26">un</word>
<word id="word_27">tūrisma</word>
<word id="word_28">nodaļas</word>
<word id="word_29">vadītājas</word>
<word id="word_30">vietniece</word>
<word id="word_31">.</word>
<word id="word_32">Ar</word>
<word id="word_33">dzīvi</word>
<word id="word_34">Valmierā</word>
<word id="word_35">apmierināti</word>
<word id="word_36">82</word>
<word id="word_37">%</word>
<word id="word_38">valmieriešu</word>
<word id="word_39">,</word>
<word id="word_40">liecina</word>
<word id="word_41">Valmieras</word>
<word id="word_42">pilsētas</word>
<word id="word_43">pašvaldības</word>
<word id="word_44">veiktās</word>
<word id="word_45">iedzīvotāju</word>
<word id="word_46">aptaujas</word>
<word id="word_47">rezultāti</word>
<word id="word_48">.</word>
<word id="word_49">13</word>
<word id="word_50">%</word>
<word id="word_51">respondentu</word>
<word id="word_52">uz</word>
<word id="word_53">jautājumu</word>
<word id="word_54">,</word>
<word id="word_55">vai</word>
<word id="word_56">esat</word>
<word id="word_57">apmierināts</word>
<word id="word_58">ar</word>
<word id="word_59">dzīvi</word>
<word id="word_60">Valmierā</word>
<word id="word_61">,</word>
<word id="word_62">neatbildēja</word>
<word id="word_63">,</word>
<word id="word_64">savukārt</word>
<word id="word_65">5</word>
<word id="word_66">%</word>
<word id="word_67">atbildēja</word>
<word id="word_68">noliedzoši</word>
<word id="word_69">.</word>
<word id="word_70">Valmierā</word>
<word id="word_71">īstenotie</word>
<word id="word_72">un</word>
<word id="word_73">uzsāktie</word>
<word id="word_74">projekti</word>
<word id="word_75">Vērtējot</word>
<word id="word_76">Valmieras</word>
<word id="word_77">pilsētā</word>
<word id="word_78">īstenotos</word>
<word id="word_79">un</word>
<word id="word_80">uzsāktos</word>
<word id="word_81">projektus</word>
<word id="word_82">pēc</word>
<word id="word_83">to</word>
<word id="word_84">nozīmības</word>
<word id="word_85">pilsētai</word>
<word id="word_86">,</word>
<word id="word_87">visatzinīgāk</word>
<word id="word_88">valmierieši</word>
<word id="word_89">novērtējuši</word>
<word id="word_90">tilta</word>
<word id="word_91">pār</word>
<word id="word_92">Gauju</word>
<word id="word_93">rekonstrukciju</word>
<word id="word_94">,</word>
<word id="word_95">kāpņu</word>
<word id="word_96">rekonstrukciju</word>
<word id="word_97">Ziloņu</word>
<word id="word_98">ielā</word>
<word id="word_99">,</word>
<word id="word_100">izglītības</word>
<word id="word_101">iestāžu</word>
<word id="word_102">ēku</word>
<word id="word_103">siltināšanu</word>
<word id="word_104">,</word>
<word id="word_105">Valmieras</word>
<word id="word_106">Mūzikas</word>
<word id="word_107">skolas</word>
<word id="word_108">rekonstrukcijas</word>
<word id="word_109">uzsākšanu</word>
<word id="word_110">un</word>
<word id="word_111">Vidzemes</word>
<word id="word_112">Olimpiskā</word>
<word id="word_113">centra</word>
<word id="word_114">attīstības</word>
<word id="word_115">ieceri</word>
<word id="word_116">.</word>
<word id="word_117">Savukārt</word>
<word id="word_118">vērtējot</word>
<word id="word_119">pakalpojumu</word>
<word id="word_120">kvalitāti</word>
<word id="word_121">pilsētā</word>
<word id="word_122">,</word>
<word id="word_123">aptaujas</word>
<word id="word_124">dalībnieki</word>
<word id="word_125">atzinīgi</word>
<word id="word_126">novērtējuši</word>
<word id="word_127">vispārējās</word>
<word id="word_128">un</word>
<word id="word_129">pirmsskolas</word>
<word id="word_130">izglītības</word>
<word id="word_131">kvalitāti</word>
<word id="word_132">,</word>
<word id="word_133">sporta</word>
<word id="word_134">pasākumus</word>
<word id="word_135">,</word>
<word id="word_136">atkritumu</word>
<word id="word_137">savākšanu</word>
<word id="word_138">,</word>
<word id="word_139">augstākās</word>
<word id="word_140">izglītības</word>
<word id="word_141">un</word>
<word id="word_142">interešu</word>
<word id="word_143">izglītības</word>
<word id="word_144">piedāvājumu</word>
<word id="word_145">,</word>
<word id="word_146">centralizētās</word>
<word id="word_147">ūdensapgādes</word>
<word id="word_148">un</word>
<word id="word_149">kanalizācijas</word>
<word id="word_150">pieejamību</word>
<word id="word_151">un</word>
<word id="word_152">kultūras</word>
<word id="word_153">pasākumus</word>
<word id="word_154">.</word>
<word id="word_155">Valmierieši</word>
<word id="word_156">uzskata</word>
<word id="word_157">,</word>
<word id="word_158">ka</word>
<word id="word_159">nepieciešams</word>
<word id="word_160">uzlabot</word>
<word id="word_161">veselības</word>
<word id="word_162">aprūpes</word>
<word id="word_163">pakalpojumus</word>
<word id="word_164">,</word>
<word id="word_165">sociālo</word>
<word id="word_166">palīdzību</word>
<word id="word_167">pilsētā</word>
<word id="word_168">,</word>
<word id="word_169">sabiedriskā</word>
<word id="word_170">transporta</word>
<word id="word_171">pakalpojumus</word>
<word id="word_172">un</word>
<word id="word_173">mūžizglītības</word>
<word id="word_174">piedāvājumu</word>
<word id="word_175">.</word>
<word id="word_176">Prioritāri</word>
<word id="word_177">veicamie</word>
<word id="word_178">darbi</word>
<word id="word_179">Atbildot</word>
<word id="word_180">uz</word>
<word id="word_181">jautājumu</word>
<word id="word_182">par</word>
<word id="word_183">trim</word>
<word id="word_184">svarīgākajiem</word>
<word id="word_185">darbiem</word>
<word id="word_186">Valmierā</word>
<word id="word_187">2013.</word>
<word id="word_188">gadā</word>
<word id="word_189">,</word>
<word id="word_190">valmierieši</word>
<word id="word_191">visbiežāk</word>
<word id="word_192">minējuši</word>
<word id="word_193">ielu</word>
<word id="word_194">rekonstrukciju</word>
<word id="word_195">,</word>
<word id="word_196">tilta</word>
<word id="word_197">rekonstrukcijas</word>
<word id="word_198">darbu</word>
<word id="word_199">pabeigšanu</word>
<word id="word_200">un</word>
<word id="word_201">tilta</word>
<word id="word_202">apkārtnes</word>
<word id="word_203">sakārtošanu</word>
<word id="word_204">,</word>
<word id="word_205">daudzdzīvokļu</word>
<word id="word_206">ēku</word>
<word id="word_207">un</word>
<word id="word_208">izglītības</word>
<word id="word_209">iestāžu</word>
<word id="word_210">siltināšanu</word>
<word id="word_211">,</word>
<word id="word_212">kā_arī</word>
<word id="word_213">Valmieras</word>
<word id="word_214">Mūzikas</word>
<word id="word_215">skolas</word>
<word id="word_216">rekonstrukciju</word>
<word id="word_217">un</word>
<word id="word_218">Gaujas</word>
<word id="word_219">krastu</word>
<word id="word_220">sakārtošanu</word>
<word id="word_221">.</word>
<word id="word_222">Jauni</word>
<word id="word_223">pakalpojumi</word>
<word id="word_224">Iesakot</word>
<word id="word_225">,</word>
<word id="word_226">kādi</word>
<word id="word_227">jauni</word>
<word id="word_228">pakalpojumi</word>
<word id="word_229">Valmierā</word>
<word id="word_230">būtu</word>
<word id="word_231">nepieciešami</word>
<word id="word_232">,</word>
<word id="word_233">aptaujas</word>
<word id="word_234">dalībnieki</word>
<word id="word_235">iesaka</word>
<word id="word_236">pilsētā</word>
<word id="word_237">atvērt</word>
<word id="word_238">boulinga</word>
<word id="word_239">zāli</word>
<word id="word_240">,</word>
<word id="word_241">jaunu</word>
<word id="word_242">peldbaseinu</word>
<word id="word_243">,</word>
<word id="word_244">ūdens</word>
<word id="word_245">atrakciju</word>
<word id="word_246">parku</word>
<word id="word_247">,</word>
<word id="word_248">kā_arī</word>
<word id="word_249">domāt</word>
<word id="word_250">par</word>
<word id="word_251">jaunu</word>
<word id="word_252">veloceliņu</word>
<word id="word_253">izveidošanu</word>
<word id="word_254">un</word>
<word id="word_255">papildu</word>
<word id="word_256">soliņu</word>
<word id="word_257">izvietošanu</word>
<word id="word_258">Valmierā</word>
<word id="word_259">.</word>
<word id="word_260">Ieteiktas</word>
<word id="word_261">arī</word>
<word id="word_262">tādas</word>
<word id="word_263">radošas</word>
<word id="word_264">idejas</word>
<word id="word_265">kā</word>
<word id="word_266">zinātnes</word>
<word id="word_267">attīstības</word>
<word id="word_268">centra</word>
<word id="word_269">,</word>
<word id="word_270">auklīšu</word>
<word id="word_271">dienesta</word>
<word id="word_272">,</word>
<word id="word_273">birojnīcas</word>
<word id="word_274">izveide</word>
<word id="word_275">,</word>
<word id="word_276">iespēja</word>
<word id="word_277">izmantot</word>
<word id="word_278">koplietošanas</word>
<word id="word_279">velosipēdus</word>
<word id="word_280">un</word>
<word id="word_281">bezmaksas</word>
<word id="word_282">trenažierus</word>
<word id="word_283">,</word>
<word id="word_284">pašapkalpošanās</word>
<word id="word_285">veļas</word>
<word id="word_286">mazgāšanas</word>
<word id="word_287">punkts</word>
<word id="word_288">,</word>
<word id="word_289">skatu</word>
<word id="word_290">vietas</word>
<word id="word_291">izveide</word>
<word id="word_292">,</word>
<word id="word_293">nolietoto</word>
<word id="word_294">mēbeļu</word>
<word id="word_295">savākšanas</word>
<word id="word_296">dienests</word>
<word id="word_297">u.c.</word>
<word id="word_298">Pašvaldības</word>
<word id="word_299">darbība</word>
<word id="word_300">Pašvaldības</word>
<word id="word_301">sadarbību</word>
<word id="word_302">ar</word>
<word id="word_303">iedzīvotājiem</word>
<word id="word_304">60</word>
<word id="word_305">%</word>
<word id="word_306">respondentu</word>
<word id="word_307">vērtēja</word>
<word id="word_308">kā</word>
<word id="word_309">labu</word>
<word id="word_310">,</word>
<word id="word_311">24</word>
<word id="word_312">%</word>
<word id="word_313">-</word>
<word id="word_314">viduvēji</word>
<word id="word_315">,</word>
<word id="word_316">bet</word>
<word id="word_317">13</word>
<word id="word_318">%</word>
<word id="word_319">-</word>
<word id="word_320">ļoti</word>
<word id="word_321">labi</word>
<word id="word_322">.</word>
<word id="word_323">Visatzinīgāk</word>
<word id="word_324">valmierieši</word>
<word id="word_325">novērtējuši</word>
<word id="word_326">pašvaldības</word>
<word id="word_327">apmeklētāju</word>
<word id="word_328">apkalpošanas</word>
<word id="word_329">līmeni</word>
<word id="word_330">un</word>
<word id="word_331">darbinieku</word>
<word id="word_332">attieksmi</word>
<word id="word_333">un</word>
<word id="word_334">informācijas</word>
<word id="word_335">pieejamību</word>
<word id="word_336">.</word>
<word id="word_337">Aptaujas</word>
<word id="word_338">dalībnieki</word>
<word id="word_339">vēlētos</word>
<word id="word_340">,</word>
<word id="word_341">lai</word>
<word id="word_342">pašvaldība</word>
<word id="word_343">sniegtu</word>
<word id="word_344">informāciju</word>
<word id="word_345">operatīvāk</word>
<word id="word_346">.</word>
<word id="word_347">Atbildot</word>
<word id="word_348">uz</word>
<word id="word_349">jautājumu</word>
<word id="word_350">par</word>
<word id="word_351">personu</word>
<word id="word_352">,</word>
<word id="word_353">kuras</word>
<word id="word_354">viedoklim</word>
<word id="word_355">par</word>
<word id="word_356">norisēm</word>
<word id="word_357">pašvaldībā</word>
<word id="word_358">uzticas</word>
<word id="word_359">,</word>
<word id="word_360">visbiežāk</word>
<word id="word_361">minēts</word>
<word id="word_362">pašvaldības</word>
<word id="word_363">domes</word>
<word id="word_364">priekšsēdētājs</word>
<word id="word_365">Inesis</word>
<word id="word_366">Boķis</word>
<word id="word_367">,</word>
<word id="word_368">izpilddirektors</word>
<word id="word_369">Jānis</word>
<word id="word_370">Baiks</word>
<word id="word_371">,</word>
<word id="word_372">Valmieras</word>
<word id="word_373">Kultūras</word>
<word id="word_374">centra</word>
<word id="word_375">direktore</word>
<word id="word_376">Vaira</word>
<word id="word_377">Dundure</word>
<word id="word_378">,</word>
<word id="word_379">Nekustamā</word>
<word id="word_380">īpašuma</word>
<word id="word_381">apsaimniekošanas</word>
<word id="word_382">pārvaldes</word>
<word id="word_383">vadītāja</word>
<word id="word_384">Rita</word>
<word id="word_385">Jemšika</word>
<word id="word_386">,</word>
<word id="word_387">domes</word>
<word id="word_388">deputāts</word>
<word id="word_389">,</word>
<word id="word_390">BMX</word>
<word id="word_391">treneris</word>
<word id="word_392">Ivo</word>
<word id="word_393">Lakučs</word>
<word id="word_394">un</word>
<word id="word_395">Attīstības</word>
<word id="word_396">un</word>
<word id="word_397">projektu</word>
<word id="word_398">vadības</word>
<word id="word_399">nodaļas</word>
<word id="word_400">vadītājs</word>
<word id="word_401">Edgars</word>
<word id="word_402">Rantiņš</word>
<word id="word_403">.</word>
<word id="word_404">Informētība</word>
<word id="word_405">Atbildot</word>
<word id="word_406">uz</word>
<word id="word_407">jautājumu</word>
<word id="word_408">par</word>
<word id="word_409">to</word>
<word id="word_410">,</word>
<word id="word_411">vai</word>
<word id="word_412">ir</word>
<word id="word_413">pietiekami</word>
<word id="word_414">daudz</word>
<word id="word_415">informācijas</word>
<word id="word_416">par</word>
<word id="word_417">pašvaldības</word>
<word id="word_418">darbu</word>
<word id="word_419">,</word>
<word id="word_420">67</word>
<word id="word_421">%</word>
<word id="word_422">aptaujas</word>
<word id="word_423">dalībnieku</word>
<word id="word_424">atbildēja</word>
<word id="word_425">,</word>
<word id="word_426">ka</word>
<word id="word_427">informācijas</word>
<word id="word_428">pietiek</word>
<word id="word_429">,</word>
<word id="word_430">27</word>
<word id="word_431">%</word>
<word id="word_432">informācijas</word>
<word id="word_433">daļēji</word>
<word id="word_434">pietiek</word>
<word id="word_435">,</word>
<word id="word_436">savukārt</word>
<word id="word_437">6</word>
<word id="word_438">%</word>
<word id="word_439">informācijas</word>
<word id="word_440">pietrūkst</word>
<word id="word_441">.</word>
<word id="word_442">Valmierieši</word>
<word id="word_443">vairāk</word>
<word id="word_444">informācijas</word>
<word id="word_445">vēlētos</word>
<word id="word_446">saņemt</word>
<word id="word_447">par</word>
<word id="word_448">darba</word>
<word id="word_449">iespējām</word>
<word id="word_450">pilsētā</word>
<word id="word_451">,</word>
<word id="word_452">sociālo</word>
<word id="word_453">palīdzību</word>
<word id="word_454">,</word>
<word id="word_455">atbalstu</word>
<word id="word_456">pensionāriem</word>
<word id="word_457">un</word>
<word id="word_458">nevalstisko</word>
<word id="word_459">sektoru</word>
<word id="word_460">.</word>
<word id="word_461">Par</word>
<word id="word_462">Valmieras</word>
<word id="word_463">pilsētas</word>
<word id="word_464">pašvaldības</word>
<word id="word_465">darbu</word>
<word id="word_466">valmierieši</word>
<word id="word_467">visbiežāk</word>
<word id="word_468">uzzina</word>
<word id="word_469">portālā</word>
<word id="word_470">www.valmiera.lv</word>
<word id="word_471">,</word>
<word id="word_472">pašvaldības</word>
<word id="word_473">informatīvajā</word>
<word id="word_474">izdevumā</word>
<word id="word_475">&quot;</word>
<word id="word_476">Valmiera</word>
<word id="word_477">domā</word>
<word id="word_478">un</word>
<word id="word_479">rada</word>
<word id="word_480">&quot;</word>
<word id="word_481">,</word>
<word id="word_482">portālā</word>
<word id="word_483">www.valmiera24.lv</word>
<word id="word_484">,</word>
<word id="word_485">laikrakstā</word>
<word id="word_486">&quot;</word>
<word id="word_487">Liesma</word>
<word id="word_488">&quot;</word>
<word id="word_489">un</word>
<word id="word_490">Vidzemes</word>
<word id="word_491">TV</word>
<word id="word_492">.</word>
<word id="word_493">Salīdzinot</word>
<word id="word_494">ar</word>
<word id="word_495">iepriekšējos</word>
<word id="word_496">gados</word>
<word id="word_497">veiktajām</word>
<word id="word_498">iedzīvotāju</word>
<word id="word_499">aptaujām</word>
<word id="word_500">,</word>
<word id="word_501">palielinājies</word>
<word id="word_502">to</word>
<word id="word_503">valmieriešu</word>
<word id="word_504">skaits</word>
<word id="word_505">,</word>
<word id="word_506">kuri</word>
<word id="word_507">informāciju</word>
<word id="word_508">par</word>
<word id="word_509">pašvaldības</word>
<word id="word_510">darbu</word>
<word id="word_511">gūst</word>
<word id="word_512">no</word>
<word id="word_513">sociālajiem</word>
<word id="word_514">medijiem</word>
<word id="word_515">,</word>
<word id="word_516">piemēram</word>
<word id="word_517">,</word>
<word id="word_518">pašvaldības</word>
<word id="word_519">uzturētā</word>
<word id="word_520">konta</word>
<word id="word_521">twitter</word>
<word id="word_522">.</word>
<word id="word_523">com</word>
<word id="word_524">,</word>
<word id="word_525">www.draugiem.lv</word>
<word id="word_526">un</word>
<word id="word_527">facebook</word>
<word id="word_528">.</word>
<word id="word_529">com</word>
<word id="word_530">.</word>
<word id="word_531">Populārākais</word>
<word id="word_532">radio</word>
<word id="word_533">,</word>
<word id="word_534">ko</word>
<word id="word_535">aptaujas</word>
<word id="word_536">dalībnieki</word>
<word id="word_537">izmanto</word>
<word id="word_538">,</word>
<word id="word_539">lai</word>
<word id="word_540">gūtu</word>
<word id="word_541">informāciju</word>
<word id="word_542">par</word>
<word id="word_543">pašvaldības</word>
<word id="word_544">darbu</word>
<word id="word_545">ir</word>
<word id="word_546">Radio</word>
<word id="word_547">Valmiera</word>
<word id="word_548">.</word>
<word id="word_549">Vērtējot</word>
<word id="word_550">pašvaldības</word>
<word id="word_551">informatīvā</word>
<word id="word_552">izdevuma</word>
<word id="word_553">&quot;</word>
<word id="word_554">Valmiera</word>
<word id="word_555">domā</word>
<word id="word_556">un</word>
<word id="word_557">rada</word>
<word id="word_558">&quot;</word>
<word id="word_559">saturu</word>
<word id="word_560">,</word>
<word id="word_561">63</word>
<word id="word_562">%</word>
<word id="word_563">to</word>
<word id="word_564">novērtēja</word>
<word id="word_565">kā</word>
<word id="word_566">labu</word>
<word id="word_567">,</word>
<word id="word_568">27</word>
<word id="word_569">%</word>
<word id="word_570">-</word>
<word id="word_571">viduvēji</word>
<word id="word_572">,</word>
<word id="word_573">9</word>
<word id="word_574">%</word>
<word id="word_575">-</word>
<word id="word_576">ļoti</word>
<word id="word_577">labi</word>
<word id="word_578">,</word>
<word id="word_579">bet</word>
<word id="word_580">1</word>
<word id="word_581">%</word>
<word id="word_582">-</word>
<word id="word_583">slikti</word>
<word id="word_584">.</word>
<word id="word_585">Aptaujā</word>
<word id="word_586">tika</word>
<word id="word_587">saņemti</word>
<word id="word_588">arī</word>
<word id="word_589">ieteikumi</word>
<word id="word_590">,</word>
<word id="word_591">kā</word>
<word id="word_592">uzlabot</word>
<word id="word_593">un</word>
<word id="word_594">pilnveidot</word>
<word id="word_595">izdevuma</word>
<word id="word_596">saturu</word>
<word id="word_597">,</word>
<word id="word_598">papildinot</word>
<word id="word_599">to</word>
<word id="word_600">ar</word>
<word id="word_601">bagātīgāku</word>
<word id="word_602">vizuālo</word>
<word id="word_603">materiālu</word>
<word id="word_604">,</word>
<word id="word_605">intervijām</word>
<word id="word_606">,</word>
<word id="word_607">viedokļu</word>
<word id="word_608">rakstiem</word>
<word id="word_609">un</word>
<word id="word_610">komentāriem</word>
<word id="word_611">.</word>
<word id="word_612">Vides</word>
<word id="word_613">jautājumi</word>
<word id="word_614">Atbildot</word>
<word id="word_615">uz</word>
<word id="word_616">jautājumu</word>
<word id="word_617">,</word>
<word id="word_618">kādas</word>
<word id="word_619">apstādījumu</word>
<word id="word_620">un</word>
<word id="word_621">dabas</word>
<word id="word_622">teritorijas</word>
<word id="word_623">pilsētā</word>
<word id="word_624">prioritāri</word>
<word id="word_625">nepieciešams</word>
<word id="word_626">labiekārtot</word>
<word id="word_627">,</word>
<word id="word_628">valmierieši</word>
<word id="word_629">visbiežāk</word>
<word id="word_630">minējuši</word>
<word id="word_631">Vecpuišu</word>
<word id="word_632">parku</word>
<word id="word_633">,</word>
<word id="word_634">Atpūtas</word>
<word id="word_635">parku</word>
<word id="word_636">,</word>
<word id="word_637">Jāņparku</word>
<word id="word_638">un</word>
<word id="word_639">Lucas</word>
<word id="word_640">skvēru</word>
<word id="word_641">.</word>
<word id="word_642">Tāpat</word>
<word id="word_643">aptaujas</word>
<word id="word_644">dalībnieki</word>
<word id="word_645">norādījuši</word>
<word id="word_646">,</word>
<word id="word_647">ka</word>
<word id="word_648">jāsakārto</word>
<word id="word_649">Gaujas</word>
<word id="word_650">krasti</word>
<word id="word_651">,</word>
<word id="word_652">Dzelzs</word>
<word id="word_653">tilta</word>
<word id="word_654">un</word>
<word id="word_655">Vanšu</word>
<word id="word_656">tilta</word>
<word id="word_657">apkārtne</word>
<word id="word_658">,</word>
<word id="word_659">kā_arī</word>
<word id="word_660">dzelzceļa</word>
<word id="word_661">stacijas</word>
<word id="word_662">apkārtne</word>
<word id="word_663">un</word>
<word id="word_664">Karātavu</word>
<word id="word_665">kalniņš</word>
<word id="word_666">.</word>
<word id="word_667">Lai</word>
<word id="word_668">Valmieras</word>
<word id="word_669">pilsētvide</word>
<word id="word_670">kļūtu</word>
<word id="word_671">pievilcīgāka</word>
<word id="word_672">,</word>
<word id="word_673">prioritāri</word>
<word id="word_674">būtu</word>
<word id="word_675">nepieciešams</word>
<word id="word_676">uzstādīt</word>
<word id="word_677">jaunus</word>
<word id="word_678">,</word>
<word id="word_679">interesantus</word>
<word id="word_680">soliņus</word>
<word id="word_681">,</word>
<word id="word_682">izvietot</word>
<word id="word_683">atkritumu</word>
<word id="word_684">konteinerus</word>
<word id="word_685">,</word>
<word id="word_686">veidotus</word>
<word id="word_687">kā</word>
<word id="word_688">vides</word>
<word id="word_689">dizaina</word>
<word id="word_690">elementus</word>
<word id="word_691">un</word>
<word id="word_692">izvietot</word>
<word id="word_693">jaunus</word>
<word id="word_694">veloturētājus</word>
<word id="word_695">.</word>
<word id="word_696">Nedaudz</word>
<word id="word_697">mazāk</word>
<word id="word_698">valmieriešu</word>
<word id="word_699">minējuši</word>
<word id="word_700">,</word>
<word id="word_701">ka</word>
<word id="word_702">pilsētā</word>
<word id="word_703">nepieciešams</word>
<word id="word_704">izveidot</word>
<word id="word_705">jaunus</word>
<word id="word_706">vides</word>
<word id="word_707">objektus</word>
<word id="word_708">,</word>
<word id="word_709">piemēram</word>
<word id="word_710">,</word>
<word id="word_711">skulptūras</word>
<word id="word_712">,</word>
<word id="word_713">mākslas</word>
<word id="word_714">darbus</word>
<word id="word_715">un</word>
<word id="word_716">izvietot</word>
<word id="word_717">tūrisma</word>
<word id="word_718">norādes</word>
<word id="word_719">un</word>
<word id="word_720">jaunus</word>
<word id="word_721">ielu</word>
<word id="word_722">nosaukumus</word>
<word id="word_723">.</word>
<word id="word_724">Novērtējot</word>
<word id="word_725">informācijas</word>
<word id="word_726">pieejamību</word>
<word id="word_727">par</word>
<word id="word_728">videi</word>
<word id="word_729">draudzīgu</word>
<word id="word_730">dzīvesveidu</word>
<word id="word_731">Valmierā</word>
<word id="word_732">,</word>
<word id="word_733">43</word>
<word id="word_734">%</word>
<word id="word_735">to</word>
<word id="word_736">vērtējuši</word>
<word id="word_737">kā</word>
<word id="word_738">labu</word>
<word id="word_739">,</word>
<word id="word_740">tikpat</word>
<word id="word_741">daudz</word>
<word id="word_742">-</word>
<word id="word_743">viduvēji</word>
<word id="word_744">,</word>
<word id="word_745">bet</word>
<word id="word_746">8</word>
<word id="word_747">%</word>
<word id="word_748">-</word>
<word id="word_749">ļoti</word>
<word id="word_750">slikti</word>
<word id="word_751">.</word>
<word id="word_752">Aptaujas</word>
<word id="word_753">dalībnieki</word>
<word id="word_754">Iedzīvotāju</word>
<word id="word_755">aptaujā</word>
<word id="word_756">piedalījās</word>
<word id="word_757">263</word>
<word id="word_758">valmierieši</word>
<word id="word_759">,</word>
<word id="word_760">no</word>
<word id="word_761">tiem</word>
<word id="word_762">66</word>
<word id="word_763">%</word>
<word id="word_764">sievietes</word>
<word id="word_765">,</word>
<word id="word_766">34</word>
<word id="word_767">%</word>
<word id="word_768">-</word>
<word id="word_769">vīrieši</word>
<word id="word_770">.</word>
<word id="word_771">Visbiežāk</word>
<word id="word_772">anketu</word>
<word id="word_773">aizpildījuši</word>
<word id="word_774">respondenti</word>
<word id="word_775">vecumā</word>
<word id="word_776">no</word>
<word id="word_777">26</word>
<word id="word_778">-</word>
<word id="word_779">45</word>
<word id="word_780">gadiem</word>
<word id="word_781">,</word>
<word id="word_782">ar</word>
<word id="word_783">augstāko</word>
<word id="word_784">izglītību</word>
<word id="word_785">.</word>
<word id="word_786">Aktīvākie</word>
<word id="word_787">aptaujas</word>
<word id="word_788">dalībnieki</word>
<word id="word_789">bijuši</word>
<word id="word_790">valsts</word>
<word id="word_791">un</word>
<word id="word_792">pašvaldības</word>
<word id="word_793">iestāžu</word>
<word id="word_794">darbinieki</word>
<word id="word_795">un</word>
<word id="word_796">privāto</word>
<word id="word_797">uzņēmumu</word>
<word id="word_798">darbinieki</word>
<word id="word_799">.</word>
<word id="word_800">Detalizēti</word>
<word id="word_801">ar</word>
<word id="word_802">iedzīvotāju</word>
<word id="word_803">aptaujas</word>
<word id="word_804">rezultātiem</word>
<word id="word_805">elektroniski</word>
<word id="word_806">var</word>
<word id="word_807">iepazīties</word>
<word id="word_808">portālā</word>
<word id="word_809">www.valmiera.lv</word>
<word id="word_810">sadaļā</word>
<word id="word_811">&quot;</word>
<word id="word_812">Iedzīvotāju</word>
<word id="word_813">aptaujas</word>
<word id="word_814">rezultāti</word>
<word id="word_815">&quot;</word>
<word id="word_816">.</word>
<word id="word_817">Papildu</word>
<word id="word_818">informācija</word>
<word id="word_819">:</word>
<word id="word_820">Līga</word>
<word id="word_821">Tarbuna</word>
<word id="word_822">Valmieras</word>
<word id="word_823">pilsētas</word>
<word id="word_824">pašvaldības</word>
<word id="word_825">Sabiedrisko</word>
<word id="word_826">attiecību</word>
<word id="word_827">un</word>
<word id="word_828">tūrisma</word>
<word id="word_829">nodaļas</word>
<word id="word_830">vadītājas</word>
<word id="word_831">vietniece</word>
<word id="word_832">Mob</word>
<word id="word_833">.</word>
<word id="word_834">tel</word>
<word id="word_835">.</word>
<word id="word_836">:</word>
<word id="word_837">28382051</word>
</words>