<?xml version="1.0" encoding="UTF-8"?>
<!DOCTYPE markables SYSTEM "markables.dtd">
<markables xmlns="www.eml.org/NameSpaces/coref">
<markable id="markable_44" span="word_200..word_202" coref_class="empty"  category="event"  mmax_level="coref"  rule="none"  type="none" />
<markable id="markable_34" span="word_64..word_66" coref_class="empty"  category="event"  mmax_level="coref"  rule="none"  type="none" />
<markable id="markable_45" span="word_210" coref_class="empty"  category="organization"  mmax_level="coref"  rule="none"  type="none" />
<markable id="markable_33" span="word_58" coref_class="empty"  category="location"  mmax_level="coref"  rule="none"  type="none" />
<markable id="markable_46" span="word_216" coref_class="empty"  category="organization"  mmax_level="coref"  rule="none"  type="none" />
<markable id="markable_36" span="word_84" coref_class="empty"  category="organization"  mmax_level="coref"  rule="none"  type="none" />
<markable id="markable_47" span="word_225..word_226" coref_class="empty"  category="person"  mmax_level="coref"  rule="none"  type="none" />
<markable id="markable_35" span="word_81" coref_class="empty"  category="organization"  mmax_level="coref"  rule="none"  type="none" />
<markable id="markable_38" span="word_131" coref_class="empty"  category="organization"  mmax_level="coref"  rule="none"  type="none" />
<markable id="markable_48" span="word_227..word_229" coref_class="empty"  category="profession"  mmax_level="coref"  rule="none"  type="none" />
<markable id="markable_49" span="word_33" coref_class="empty"  category="profession"  mmax_level="coref"  rule="none"  type="none" />
<markable id="markable_37" span="word_125..word_127" coref_class="empty"  category="event"  mmax_level="coref"  rule="none"  type="none" />
<markable id="markable_40" span="word_133..word_136" coref_class="empty"  category="time"  mmax_level="coref"  rule="none"  type="none" />
<markable id="markable_30" span="word_46..word_49" coref_class="empty"  category="time"  mmax_level="coref"  rule="none"  type="none" />
<markable id="markable_41" span="word_143" coref_class="empty"  category="location"  mmax_level="coref"  rule="none"  type="none" />
<markable id="markable_42" span="word_162" coref_class="empty"  category="organization"  mmax_level="coref"  rule="none"  type="none" />
<markable id="markable_32" span="word_56" coref_class="empty"  category="organization"  mmax_level="coref"  rule="none"  type="none" />
<markable id="markable_43" span="word_166" coref_class="empty"  category="organization"  mmax_level="coref"  rule="none"  type="none" />
<markable id="markable_31" span="word_51..word_54" coref_class="empty"  category="organization"  mmax_level="coref"  rule="none"  type="none" />
<markable id="markable_25" span="word_15..word_17" coref_class="empty"  category="time"  mmax_level="coref"  rule="none"  type="none" />
<markable id="markable_24" span="word_11..word_13" coref_class="empty"  category="event"  mmax_level="coref"  rule="none"  type="none" />
<markable id="markable_23" span="word_3..word_6" coref_class="empty"  category="organization"  mmax_level="coref"  rule="none"  type="none" />
<markable id="markable_28" span="word_28..word_32" coref_class="empty"  category="organization"  mmax_level="coref"  rule="none"  type="none" />
<markable id="markable_27" span="word_25..word_26" coref_class="empty"  category="person"  mmax_level="coref"  rule="none"  type="none" />
<markable id="markable_26" span="word_18..word_21" coref_class="empty"  category="time"  mmax_level="coref"  rule="none"  type="none" />
</markables>