<?xml version="1.0" encoding="UTF-8"?>
<!DOCTYPE words SYSTEM "words.dtd">
<words><word id="word_1">Lauksaimnieki</word>
<word id="word_2">:</word>
<word id="word_3">ES</word>
<word id="word_4">budžetā</word>
<word id="word_5">naudas</word>
<word id="word_6">izteiksmē</word>
<word id="word_7">esam</word>
<word id="word_8">ieguvēji</word>
<word id="word_9">,</word>
<word id="word_10">taču</word>
<word id="word_11">nevienlīdzība</word>
<word id="word_12">joprojām</word>
<word id="word_13">saglabājas</word>
<word id="word_14">11</word>
<word id="word_15">Feb</word>
<word id="word_16">2013</word>
<word id="word_17">2013.</word>
<word id="word_18">gada</word>
<word id="word_19">11.</word>
<word id="word_20">februāris</word>
<word id="word_21">.</word>
<word id="word_22">Informāciju</word>
<word id="word_23">sagatavoja</word>
<word id="word_24">Sabīne</word>
<word id="word_25">Puķe</word>
<word id="word_26">,</word>
<word id="word_27">Eiropas</word>
<word id="word_28">Savienības</word>
<word id="word_29">tiešmaksājumu</word>
<word id="word_30">kampaņas</word>
<word id="word_31">koordinatore</word>
<word id="word_32">.</word>
<word id="word_33">Latvijas</word>
<word id="word_34">Lauksaimniecības</word>
<word id="word_35">kooperatīvu</word>
<word id="word_36">asociācijas</word>
<word id="word_37">un</word>
<word id="word_38">biedrības</word>
<word id="word_39">&quot;</word>
<word id="word_40">Zemnieku</word>
<word id="word_41">saeima</word>
<word id="word_42">&quot;</word>
<word id="word_43">vadība</word>
<word id="word_44">,</word>
<word id="word_45">šodien</word>
<word id="word_46">ārkārtas</word>
<word id="word_47">sanāksmē</word>
<word id="word_48">izvērtējot</word>
<word id="word_49">Eiropas</word>
<word id="word_50">Savienības</word>
<word id="word_51">budžetu</word>
<word id="word_52">2014.</word>
<word id="word_53">-</word>
<word id="word_54">2020.</word>
<word id="word_55">gadam</word>
<word id="word_56">,</word>
<word id="word_57">secināja</word>
<word id="word_58">,</word>
<word id="word_59">ka</word>
<word id="word_60">finansiālā</word>
<word id="word_61">izteiksmē</word>
<word id="word_62">Latvijas</word>
<word id="word_63">lauksaimnieki</word>
<word id="word_64">iegūs</word>
<word id="word_65">par</word>
<word id="word_66">50</word>
<word id="word_67">%</word>
<word id="word_68">jeb</word>
<word id="word_69">par</word>
<word id="word_70">893</word>
<word id="word_71">miljoniem</word>
<word id="word_72">latuvairāk</word>
<word id="word_73">naudas</word>
<word id="word_74">kā</word>
<word id="word_75">iepriekšējā</word>
<word id="word_76">periodā</word>
<word id="word_77">.</word>
<word id="word_78">Vienlaikus</word>
<word id="word_79">lauksaimnieki</word>
<word id="word_80">uzsver</word>
<word id="word_81">,</word>
<word id="word_82">ka</word>
<word id="word_83">Latvijas</word>
<word id="word_84">diskriminācija</word>
<word id="word_85">ES</word>
<word id="word_86">turpinās</word>
<word id="word_87">un</word>
<word id="word_88">joprojām</word>
<word id="word_89">Eiropā</word>
<word id="word_90">tiks</word>
<word id="word_91">veicināta</word>
<word id="word_92">negodīga</word>
<word id="word_93">konkurence</word>
<word id="word_94">.</word>
<word id="word_95">Tikšanās</word>
<word id="word_96">reizē</word>
<word id="word_97">organizāciju</word>
<word id="word_98">vadītāji</word>
<word id="word_99">uzsvēra</word>
<word id="word_100">,</word>
<word id="word_101">ka</word>
<word id="word_102">tuvākajos</word>
<word id="word_103">mēnešos</word>
<word id="word_104">uzsvars</word>
<word id="word_105">tiks</word>
<word id="word_106">likts</word>
<word id="word_107">uz</word>
<word id="word_108">lēmumu</word>
<word id="word_109">pieņemšanu</word>
<word id="word_110">Latvijā</word>
<word id="word_111">-</word>
<word id="word_112">svarīgi</word>
<word id="word_113">,</word>
<word id="word_114">lai</word>
<word id="word_115">sadalot</word>
<word id="word_116">naudu</word>
<word id="word_117">valsts</word>
<word id="word_118">līmenī</word>
<word id="word_119">,</word>
<word id="word_120">tas</word>
<word id="word_121">tiktu</word>
<word id="word_122">darīts</word>
<word id="word_123">efektīvi</word>
<word id="word_124">un</word>
<word id="word_125">nauda</word>
<word id="word_126">tiktu</word>
<word id="word_127">novirzīta</word>
<word id="word_128">ražojošai</word>
<word id="word_129">lauksaimniecībai</word>
<word id="word_130">.</word>
<word id="word_131">Latvijas</word>
<word id="word_132">Lauksaimniecības</word>
<word id="word_133">kooperatīvu</word>
<word id="word_134">asociācijas</word>
<word id="word_135">valdes</word>
<word id="word_136">priekšsēdētājs</word>
<word id="word_137">Indulis</word>
<word id="word_138">Jansons</word>
<word id="word_139">:</word>
<word id="word_140">&quot;</word>
<word id="word_141">Ņemot</word>
<word id="word_142">vērā</word>
<word id="word_143">,</word>
<word id="word_144">ka</word>
<word id="word_145">tomēr</word>
<word id="word_146">joprojām</word>
<word id="word_147">saņemsim</word>
<word id="word_148">vienus</word>
<word id="word_149">no</word>
<word id="word_150">mazākajiem</word>
<word id="word_151">tiešmaksājumiem</word>
<word id="word_152">,</word>
<word id="word_153">šī</word>
<word id="word_154">efektivitāte</word>
<word id="word_155">naudas</word>
<word id="word_156">izlietošanā</word>
<word id="word_157">ir</word>
<word id="word_158">kritiski</word>
<word id="word_159">svarīga</word>
<word id="word_160">Latvijas</word>
<word id="word_161">lauksaimniecības</word>
<word id="word_162">konkurētspējai</word>
<word id="word_163">.</word>
<word id="word_164">Ceru</word>
<word id="word_165">,</word>
<word id="word_166">ka</word>
<word id="word_167">valsts</word>
<word id="word_168">talkā</word>
<word id="word_169">nāks</word>
<word id="word_170">ar</word>
<word id="word_171">saprātīgu</word>
<word id="word_172">nodokļu</word>
<word id="word_173">politiku</word>
<word id="word_174">un</word>
<word id="word_175">likumdošanā</word>
<word id="word_176">izdosies</word>
<word id="word_177">ieviest</word>
<word id="word_178">tādus</word>
<word id="word_179">kritērijus</word>
<word id="word_180">atbalsta</word>
<word id="word_181">saņemšanai</word>
<word id="word_182">,</word>
<word id="word_183">kas</word>
<word id="word_184">veicina</word>
<word id="word_185">lauksaimniecisko</word>
<word id="word_186">ražošanu</word>
<word id="word_187">un</word>
<word id="word_188">lauku</word>
<word id="word_189">attīstību</word>
<word id="word_190">.</word>
<word id="word_191">&quot;</word>
<word id="word_192">Zemnieku</word>
<word id="word_193">saeimas</word>
<word id="word_194">priekšsēdētāja</word>
<word id="word_195">vietniece</word>
<word id="word_196">Maira</word>
<word id="word_197">Dzelzkalēja</word>
<word id="word_198">:</word>
<word id="word_199">&quot;</word>
<word id="word_200">Vienmēr</word>
<word id="word_201">var</word>
<word id="word_202">vēlēties</word>
<word id="word_203">labāku</word>
<word id="word_204">rezultātu</word>
<word id="word_205">,</word>
<word id="word_206">taču</word>
<word id="word_207">skaitļi</word>
<word id="word_208">runā</word>
<word id="word_209">paši</word>
<word id="word_210">par</word>
<word id="word_211">sevi</word>
<word id="word_212">-</word>
<word id="word_213">nākamajos</word>
<word id="word_214">septiņos</word>
<word id="word_215">gados</word>
<word id="word_216">tiešmaksājumos</word>
<word id="word_217">Latvijas</word>
<word id="word_218">zemnieki</word>
<word id="word_219">saņems</word>
<word id="word_220">2,3</word>
<word id="word_221">reizes</word>
<word id="word_222">vairāk</word>
<word id="word_223">naudas</word>
<word id="word_224">līdzekļu</word>
<word id="word_225">.</word>
<word id="word_226">Pie</word>
<word id="word_227">šī</word>
<word id="word_228">rezultāta</word>
<word id="word_229">savu</word>
<word id="word_230">roku</word>
<word id="word_231">ir</word>
<word id="word_232">pielicis</word>
<word id="word_233">katrs</word>
<word id="word_234">Latvijas</word>
<word id="word_235">zemnieks</word>
<word id="word_236">,</word>
<word id="word_237">kurš</word>
<word id="word_238">iesaistījās</word>
<word id="word_239">ziedojumu</word>
<word id="word_240">kampaņā</word>
<word id="word_241">lobēšanas</word>
<word id="word_242">aktivitātēm</word>
<word id="word_243">-</word>
<word id="word_244">liels</word>
<word id="word_245">paldies</word>
<word id="word_246">viņiem</word>
<word id="word_247">!</word>
<word id="word_248">Mūsu</word>
<word id="word_249">aktīvais</word>
<word id="word_250">darbs</word>
<word id="word_251">Eiropā</word>
<word id="word_252">tika</word>
<word id="word_253">pamanīts</word>
<word id="word_254">-</word>
<word id="word_255">kopš</word>
<word id="word_256">2011.</word>
<word id="word_257">gada</word>
<word id="word_258">katrs</word>
<word id="word_259">nākamais</word>
<word id="word_260">ES</word>
<word id="word_261">institūciju</word>
<word id="word_262">piedāvājums</word>
<word id="word_263">veidojās</word>
<word id="word_264">aizvien</word>
<word id="word_265">labāks</word>
<word id="word_266">.</word>
<word id="word_267">Ziedojot</word>
<word id="word_268">50</word>
<word id="word_269">santīmus</word>
<word id="word_270">no</word>
<word id="word_271">hektāra</word>
<word id="word_272">,</word>
<word id="word_273">zemnieki</word>
<word id="word_274">jau</word>
<word id="word_275">no</word>
<word id="word_276">nākamā</word>
<word id="word_277">gada</word>
<word id="word_278">iegūs</word>
<word id="word_279">vismaz</word>
<word id="word_280">10</word>
<word id="word_281">LVL</word>
<word id="word_282">vairāk</word>
<word id="word_283">par</word>
<word id="word_284">katru</word>
<word id="word_285">hektāru</word>
<word id="word_286">.</word>
<word id="word_287">Tāpat</word>
<word id="word_288">esam</word>
<word id="word_289">ieguvuši</word>
<word id="word_290">nenovērtējamu</word>
<word id="word_291">pieredzi</word>
<word id="word_292">lobēšanas</word>
<word id="word_293">procesā</word>
<word id="word_294">ES</word>
<word id="word_295">un</word>
<word id="word_296">varēsim</word>
<word id="word_297">šīs</word>
<word id="word_298">zināšanas</word>
<word id="word_299">likt</word>
<word id="word_300">lietā</word>
<word id="word_301">turpmāk</word>
<word id="word_302">.</word>
<word id="word_303">Ja</word>
<word id="word_304">mēs</word>
<word id="word_305">lobēšanas</word>
<word id="word_306">aktivitātes</word>
<word id="word_307">būtu</word>
<word id="word_308">uzsākuši</word>
<word id="word_309">savlaicīgi</word>
<word id="word_310">-</word>
<word id="word_311">jau</word>
<word id="word_312">2007.</word>
<word id="word_313">,</word>
<word id="word_314">2008.</word>
<word id="word_315">gadā</word>
<word id="word_316">,</word>
<word id="word_317">domājams</word>
<word id="word_318">,</word>
<word id="word_319">rezultāts</word>
<word id="word_320">būtu</word>
<word id="word_321">daudz</word>
<word id="word_322">labāks</word>
<word id="word_323">,</word>
<word id="word_324">turpmāk</word>
<word id="word_325">būsim</word>
<word id="word_326">gudrāki</word>
<word id="word_327">!</word>
<word id="word_328">&quot;</word>
<word id="word_329">Kopumā</word>
<word id="word_330">lobija</word>
<word id="word_331">aktivitātēm</word>
<word id="word_332">,</word>
<word id="word_333">kuras</word>
<word id="word_334">tika</word>
<word id="word_335">īstenotas</word>
<word id="word_336">kopš</word>
<word id="word_337">2011.</word>
<word id="word_338">gada</word>
<word id="word_339">nogales</word>
<word id="word_340">,</word>
<word id="word_341">zemnieki</word>
<word id="word_342">un</word>
<word id="word_343">lauksaimniecības</word>
<word id="word_344">pakalpojumu</word>
<word id="word_345">kooperatīvi</word>
<word id="word_346">,</word>
<word id="word_347">ieskaitījuši</word>
<word id="word_348">vairāk</word>
<word id="word_349">nekā</word>
<word id="word_350">120_000</word>
<word id="word_351">latu</word>
<word id="word_352">.</word>
<word id="word_353">Nauda</word>
<word id="word_354">izmantota</word>
<word id="word_355">informatīvo</word>
<word id="word_356">materiālu</word>
<word id="word_357">gatavošanai</word>
<word id="word_358">,</word>
<word id="word_359">vizītēm</word>
<word id="word_360">ES</word>
<word id="word_361">dalībvalstīs</word>
<word id="word_362">un</word>
<word id="word_363">institūcijās</word>
<word id="word_364">,</word>
<word id="word_365">protesta</word>
<word id="word_366">akciju</word>
<word id="word_367">finansēšanai</word>
<word id="word_368">,</word>
<word id="word_369">utt.</word>
<word id="word_370">Ievērojamākos</word>
<word id="word_371">naudas</word>
<word id="word_372">līdzekļus</word>
<word id="word_373">ziedojuši</word>
<word id="word_374">kooperatīvi</word>
<word id="word_375">&quot;</word>
<word id="word_376">LATRAPS</word>
<word id="word_377">&quot;</word>
<word id="word_378">,</word>
<word id="word_379">&quot;</word>
<word id="word_380">Piena</word>
<word id="word_381">ceļš</word>
<word id="word_382">&quot;</word>
<word id="word_383">,</word>
<word id="word_384">&quot;</word>
<word id="word_385">Trikāta</word>
<word id="word_386">&quot;</word>
<word id="word_387">u.c.</word>
<word id="word_388">Vairāk</word>
<word id="word_389">informācijas</word>
<word id="word_390">www.llka.lv</word>
<word id="word_391">sadaļā</word>
<word id="word_392">&quot;</word>
<word id="word_393">ES</word>
<word id="word_394">tiešmaksājumu</word>
<word id="word_395">kampaņa</word>
<word id="word_396">&quot;</word>
<word id="word_397">.</word>
<word id="word_398">Papildu</word>
<word id="word_399">informācija</word>
<word id="word_400">:</word>
<word id="word_401">ES</word>
<word id="word_402">tiešmaksājumu</word>
<word id="word_403">kampaņas</word>
<word id="word_404">koordinatore</word>
<word id="word_405">Sabīne</word>
<word id="word_406">Puķe</word>
<word id="word_407">,</word>
<word id="word_408">sabine.puke@llka.lv</word>
<word id="word_409">,</word>
<word id="word_410">+</word>
<word id="word_411">371_26340794</word>
</words>