<?xml version="1.0" encoding="UTF-8"?>
<!DOCTYPE markables SYSTEM "markables.dtd">
<markables xmlns="www.eml.org/NameSpaces/sentence">
<markable mmax_level="sentence" id="markable_1" span="word_1..word_9" />
<markable mmax_level="sentence" id="markable_2" span="word_10..word_12" />
<markable mmax_level="sentence" id="markable_3" span="word_13..word_17" />
<markable mmax_level="sentence" id="markable_4" span="word_18..word_27" />
<markable mmax_level="sentence" id="markable_5" span="word_28..word_47" />
<markable mmax_level="sentence" id="markable_6" span="word_48..word_69" />
<markable mmax_level="sentence" id="markable_7" span="word_70..word_127" />
<markable mmax_level="sentence" id="markable_8" span="word_128" />
<markable mmax_level="sentence" id="markable_9" span="word_129..word_159" />
<markable mmax_level="sentence" id="markable_10" span="word_160..word_197" />
<markable mmax_level="sentence" id="markable_11" span="word_198..word_219" />
<markable mmax_level="sentence" id="markable_12" span="word_220..word_228" />
<markable mmax_level="sentence" id="markable_13" span="word_229..word_264" />
<markable mmax_level="sentence" id="markable_14" span="word_265" />
<markable mmax_level="sentence" id="markable_15" span="word_266..word_287" />
<markable mmax_level="sentence" id="markable_16" span="word_288..word_321" />
<markable mmax_level="sentence" id="markable_17" span="word_322..word_339" />
<markable mmax_level="sentence" id="markable_18" span="word_340..word_356" />
<markable mmax_level="sentence" id="markable_19" span="word_357..word_393" />
<markable mmax_level="sentence" id="markable_20" span="word_394..word_416" />
<markable mmax_level="sentence" id="markable_21" span="word_417..word_440" />
<markable mmax_level="sentence" id="markable_22" span="word_441..word_449" />
<markable mmax_level="sentence" id="markable_23" span="word_450..word_452" />
<markable mmax_level="sentence" id="markable_24" span="word_453..word_457" />
<markable mmax_level="sentence" id="markable_25" span="word_458..word_473" />
<markable mmax_level="sentence" id="markable_26" span="word_474..word_496" />
<markable mmax_level="sentence" id="markable_27" span="word_497..word_521" />
<markable mmax_level="sentence" id="markable_28" span="word_522..word_532" />
<markable mmax_level="sentence" id="markable_29" span="word_533..word_551" />
<markable mmax_level="sentence" id="markable_30" span="word_552..word_567" />
<markable mmax_level="sentence" id="markable_31" span="word_568..word_598" />
<markable mmax_level="sentence" id="markable_32" span="word_599..word_601" />
<markable mmax_level="sentence" id="markable_33" span="word_602..word_604" />
<markable mmax_level="sentence" id="markable_34" span="word_605..word_606" />
<markable mmax_level="sentence" id="markable_35" span="word_607..word_608" />
<markable mmax_level="sentence" id="markable_36" span="word_609..word_612" />
<markable mmax_level="sentence" id="markable_37" span="word_613..word_615" />
</markables>