<?xml version="1.0" encoding="UTF-8"?>
<!DOCTYPE markables SYSTEM "markables.dtd">
<markables xmlns="www.eml.org/NameSpaces/sentence">
<markable mmax_level="sentence" id="markable_1" span="word_1..word_7" />
<markable mmax_level="sentence" id="markable_2" span="word_8..word_10" />
<markable mmax_level="sentence" id="markable_3" span="word_11..word_15" />
<markable mmax_level="sentence" id="markable_4" span="word_16..word_31" />
<markable mmax_level="sentence" id="markable_5" span="word_32..word_48" />
<markable mmax_level="sentence" id="markable_6" span="word_49..word_69" />
<markable mmax_level="sentence" id="markable_7" span="word_70..word_74" />
<markable mmax_level="sentence" id="markable_8" span="word_75..word_116" />
<markable mmax_level="sentence" id="markable_9" span="word_117..word_154" />
<markable mmax_level="sentence" id="markable_10" span="word_155..word_175" />
<markable mmax_level="sentence" id="markable_11" span="word_176..word_178" />
<markable mmax_level="sentence" id="markable_12" span="word_179..word_221" />
<markable mmax_level="sentence" id="markable_13" span="word_222..word_223" />
<markable mmax_level="sentence" id="markable_14" span="word_224..word_259" />
<markable mmax_level="sentence" id="markable_15" span="word_260..word_297" />
<markable mmax_level="sentence" id="markable_16" span="word_298..word_299" />
<markable mmax_level="sentence" id="markable_17" span="word_300..word_322" />
<markable mmax_level="sentence" id="markable_18" span="word_323..word_336" />
<markable mmax_level="sentence" id="markable_19" span="word_337..word_346" />
<markable mmax_level="sentence" id="markable_20" span="word_347..word_403" />
<markable mmax_level="sentence" id="markable_21" span="word_404" />
<markable mmax_level="sentence" id="markable_22" span="word_405..word_441" />
<markable mmax_level="sentence" id="markable_23" span="word_442..word_460" />
<markable mmax_level="sentence" id="markable_24" span="word_461..word_492" />
<markable mmax_level="sentence" id="markable_25" span="word_493..word_522" />
<markable mmax_level="sentence" id="markable_26" span="word_523..word_528" />
<markable mmax_level="sentence" id="markable_27" span="word_529..word_530" />
<markable mmax_level="sentence" id="markable_28" span="word_531..word_548" />
<markable mmax_level="sentence" id="markable_29" span="word_549..word_584" />
<markable mmax_level="sentence" id="markable_30" span="word_585..word_611" />
<markable mmax_level="sentence" id="markable_31" span="word_612..word_613" />
<markable mmax_level="sentence" id="markable_32" span="word_614..word_641" />
<markable mmax_level="sentence" id="markable_33" span="word_642..word_666" />
<markable mmax_level="sentence" id="markable_34" span="word_667..word_695" />
<markable mmax_level="sentence" id="markable_35" span="word_696..word_723" />
<markable mmax_level="sentence" id="markable_36" span="word_724..word_751" />
<markable mmax_level="sentence" id="markable_37" span="word_752..word_753" />
<markable mmax_level="sentence" id="markable_38" span="word_754..word_770" />
<markable mmax_level="sentence" id="markable_39" span="word_771..word_785" />
<markable mmax_level="sentence" id="markable_40" span="word_786..word_799" />
<markable mmax_level="sentence" id="markable_41" span="word_800..word_816" />
<markable mmax_level="sentence" id="markable_42" span="word_817..word_819" />
<markable mmax_level="sentence" id="markable_43" span="word_820..word_821" />
<markable mmax_level="sentence" id="markable_44" span="word_822..word_824" />
<markable mmax_level="sentence" id="markable_45" span="word_825..word_831" />
<markable mmax_level="sentence" id="markable_46" span="word_832..word_833" />
<markable mmax_level="sentence" id="markable_47" span="word_834..word_835" />
<markable mmax_level="sentence" id="markable_48" span="word_836..word_837" />
</markables>