<?xml version="1.0" encoding="UTF-8"?>
<!DOCTYPE words SYSTEM "words.dtd">
<words><word id="word_1">Rīgas</word>
<word id="word_2">saksofonu</word>
<word id="word_3">kvartets</word>
<word id="word_4">atskaņos</word>
<word id="word_5">Valda</word>
<word id="word_6">Muktupāvela</word>
<word id="word_7">&quot;</word>
<word id="word_8">Uguns</word>
<word id="word_9">mūziku</word>
<word id="word_10">&quot;</word>
<word id="word_11">11</word>
<word id="word_12">Feb</word>
<word id="word_13">2013</word>
<word id="word_14">2013.</word>
<word id="word_15">gada</word>
<word id="word_16">11.</word>
<word id="word_17">februāris</word>
<word id="word_18">.</word>
<word id="word_19">Informāciju</word>
<word id="word_20">sagatavoja</word>
<word id="word_21">Rinta</word>
<word id="word_22">Bružēvica</word>
<word id="word_23">,</word>
<word id="word_24">&quot;</word>
<word id="word_25">Latvijas</word>
<word id="word_26">koncertu</word>
<word id="word_27">&quot;</word>
<word id="word_28">sabiedrisko</word>
<word id="word_29">attiecību</word>
<word id="word_30">speciāliste</word>
<word id="word_31">.</word>
<word id="word_32">&quot;</word>
<word id="word_33">Latvijas</word>
<word id="word_34">Koncerti</word>
<word id="word_35">&quot;</word>
<word id="word_36">un</word>
<word id="word_37">Yamaha</word>
<word id="word_38">aicina</word>
<word id="word_39">uz</word>
<word id="word_40">festivāla</word>
<word id="word_41">Saxophonia</word>
<word id="word_42">koncertu</word>
<word id="word_43">&quot;</word>
<word id="word_44">Rīgas</word>
<word id="word_45">saksofonu</word>
<word id="word_46">kvartets</word>
<word id="word_47">un</word>
<word id="word_48">Valdis</word>
<word id="word_49">Muktupāvels</word>
<word id="word_50">&quot;</word>
<word id="word_51">13.</word>
<word id="word_52">februārī</word>
<word id="word_53">Spīķeru</word>
<word id="word_54">koncertzālē</word>
<word id="word_55">,</word>
<word id="word_56">kur</word>
<word id="word_57">četru</word>
<word id="word_58">saksofonu</word>
<word id="word_59">saspēli</word>
<word id="word_60">rotās</word>
<word id="word_61">cilvēka</word>
<word id="word_62">balss</word>
<word id="word_63">,</word>
<word id="word_64">klavieres</word>
<word id="word_65">,</word>
<word id="word_66">kokles</word>
<word id="word_67">un</word>
<word id="word_68">dūdas</word>
<word id="word_69">.</word>
<word id="word_70">Koncertā</word>
<word id="word_71">dzirdēsim</word>
<word id="word_72">Valda</word>
<word id="word_73">Muktupāvela</word>
<word id="word_74">kompozīcijas</word>
<word id="word_75">&quot;</word>
<word id="word_76">Uguns</word>
<word id="word_77">mūzika</word>
<word id="word_78">&quot;</word>
<word id="word_79">pirmatskaņojumu</word>
<word id="word_80">.</word>
<word id="word_81">Līdzās</word>
<word id="word_82">Giljermo</word>
<word id="word_83">Lago</word>
<word id="word_84">jeb</word>
<word id="word_85">Nīderlandes</word>
<word id="word_86">saksofonista</word>
<word id="word_87">,</word>
<word id="word_88">Aurelia</word>
<word id="word_89">Saxophone</word>
<word id="word_90">Quartet</word>
<word id="word_91">mūziķa</word>
<word id="word_92">Villema</word>
<word id="word_93">van</word>
<word id="word_94">Mervīka</word>
<word id="word_95">kompozīcijai</word>
<word id="word_96">&quot;</word>
<word id="word_97">Pilsētas</word>
<word id="word_98">&quot;</word>
<word id="word_99">koncerta</word>
<word id="word_100">pirmajā</word>
<word id="word_101">daļā</word>
<word id="word_102">likta</word>
<word id="word_103">Nika</word>
<word id="word_104">Gothama</word>
<word id="word_105">kompozīcija</word>
<word id="word_106">Barbara</word>
<word id="word_107">Allen</word>
<word id="word_108">,</word>
<word id="word_109">kur</word>
<word id="word_110">kvartetam</word>
<word id="word_111">pievienojas</word>
<word id="word_112">temperamentīgā</word>
<word id="word_113">dziedātāja</word>
<word id="word_114">Ieva</word>
<word id="word_115">Parša</word>
<word id="word_116">,</word>
<word id="word_117">un</word>
<word id="word_118">Juna</word>
<word id="word_119">Nagao</word>
<word id="word_120">apdarinātas</word>
<word id="word_121">pasāžas</word>
<word id="word_122">no</word>
<word id="word_123">Vivaldi</word>
<word id="word_124">&quot;</word>
<word id="word_125">Gadalaikiem</word>
<word id="word_126">&quot;</word>
<word id="word_127">,</word>
<word id="word_128">kur</word>
<word id="word_129">četriem</word>
<word id="word_130">saksofoniem</word>
<word id="word_131">pievienojas</word>
<word id="word_132">lieliskā</word>
<word id="word_133">pianiste</word>
<word id="word_134">Herta</word>
<word id="word_135">Hansena</word>
<word id="word_136">.</word>
<word id="word_137">Koncerta</word>
<word id="word_138">otrā</word>
<word id="word_139">daļa</word>
<word id="word_140">etniski</word>
<word id="word_141">krāsota</word>
<word id="word_142">-</word>
<word id="word_143">līdzās</word>
<word id="word_144">Līgas</word>
<word id="word_145">Celmas</word>
<word id="word_146">spēka</word>
<word id="word_147">opusam</word>
<word id="word_148">&quot;</word>
<word id="word_149">Ozols</word>
<word id="word_150">&quot;</word>
<word id="word_151">būs</word>
<word id="word_152">multiinstrumentālista</word>
<word id="word_153">Valda</word>
<word id="word_154">Muktupāvela</word>
<word id="word_155">jaundarbs</word>
<word id="word_156">&quot;</word>
<word id="word_157">Uguns</word>
<word id="word_158">mūzika</word>
<word id="word_159">&quot;</word>
<word id="word_160">saksofonu</word>
<word id="word_161">kvartetam</word>
<word id="word_162">,</word>
<word id="word_163">koklēm</word>
<word id="word_164">un</word>
<word id="word_165">dūdām</word>
<word id="word_166">,</word>
<word id="word_167">dažas</word>
<word id="word_168">agrāk</word>
<word id="word_169">dzirdētas</word>
<word id="word_170">Valda</word>
<word id="word_171">kompozīcijas</word>
<word id="word_172">&quot;</word>
<word id="word_173">Maltuves</word>
<word id="word_174">dziesma</word>
<word id="word_175">&quot;</word>
<word id="word_176">un</word>
<word id="word_177">&quot;</word>
<word id="word_178">Rasas</word>
<word id="word_179">šūpuļdziesma</word>
<word id="word_180">&quot;</word>
<word id="word_181">,</word>
<word id="word_182">kā_arī</word>
<word id="word_183">Jēkaba</word>
<word id="word_184">Nīmaņa</word>
<word id="word_185">jaunākais</word>
<word id="word_186">sacerējums</word>
<word id="word_187">-</word>
<word id="word_188">trīs</word>
<word id="word_189">putnu</word>
<word id="word_190">tēmai</word>
<word id="word_191">veltītas</word>
<word id="word_192">latviešu</word>
<word id="word_193">tautasdziesmas</word>
<word id="word_194">mecosoprānam</word>
<word id="word_195">,</word>
<word id="word_196">koklēm</word>
<word id="word_197">un</word>
<word id="word_198">saksofonu</word>
<word id="word_199">kvartetam</word>
<word id="word_200">.</word>
<word id="word_201">Rīgas</word>
<word id="word_202">saksofonu</word>
<word id="word_203">kvartets</word>
<word id="word_204">:</word>
<word id="word_205">Arvīds</word>
<word id="word_206">Kazlausks</word>
<word id="word_207">-</word>
<word id="word_208">soprāna</word>
<word id="word_209">saksofons</word>
<word id="word_210">;</word>
<word id="word_211">Artis</word>
<word id="word_212">Sīmanis</word>
<word id="word_213">-</word>
<word id="word_214">alta</word>
<word id="word_215">saksofons</word>
<word id="word_216">;</word>
<word id="word_217">Ainars</word>
<word id="word_218">Šablovskis</word>
<word id="word_219">-</word>
<word id="word_220">tenora</word>
<word id="word_221">saksofons</word>
<word id="word_222">;</word>
<word id="word_223">Gints</word>
<word id="word_224">Pabērzs</word>
<word id="word_225">-</word>
<word id="word_226">baritona</word>
<word id="word_227">saksofons</word>
<word id="word_228">.</word>
<word id="word_229">Papildu</word>
<word id="word_230">informācija</word>
<word id="word_231">:</word>
<word id="word_232">Rinta</word>
<word id="word_233">Bružēvica</word>
<word id="word_234">Latvijas</word>
<word id="word_235">Koncertu</word>
<word id="word_236">sabiedrisko</word>
<word id="word_237">attiecību</word>
<word id="word_238">speciāliste</word>
<word id="word_239">,</word>
<word id="word_240">67205487</word>
<word id="word_241">,</word>
<word id="word_242">29185551</word>
</words>