<?xml version="1.0" encoding="UTF-8"?>
<!DOCTYPE markables SYSTEM "markables.dtd">
<markables xmlns="www.eml.org/NameSpaces/sentence">
<markable mmax_level="sentence" id="markable_1" span="word_1" />
<markable mmax_level="sentence" id="markable_2" span="word_2..word_51" />
<markable mmax_level="sentence" id="markable_3" span="word_52..word_65" />
<markable mmax_level="sentence" id="markable_4" span="word_66..word_110" />
<markable mmax_level="sentence" id="markable_5" span="word_111" />
<markable mmax_level="sentence" id="markable_6" span="word_112" />
<markable mmax_level="sentence" id="markable_7" span="word_113" />
<markable mmax_level="sentence" id="markable_8" span="word_114..word_129" />
<markable mmax_level="sentence" id="markable_9" span="word_130..word_131" />
<markable mmax_level="sentence" id="markable_10" span="word_132..word_166" />
<markable mmax_level="sentence" id="markable_11" span="word_167..word_171" />
<markable mmax_level="sentence" id="markable_12" span="word_172..word_176" />
<markable mmax_level="sentence" id="markable_13" span="word_177" />
<markable mmax_level="sentence" id="markable_14" span="word_178..word_179" />
<markable mmax_level="sentence" id="markable_15" span="word_180..word_203" />
<markable mmax_level="sentence" id="markable_16" span="word_204" />
<markable mmax_level="sentence" id="markable_17" span="word_205..word_216" />
<markable mmax_level="sentence" id="markable_18" span="word_217..word_238" />
<markable mmax_level="sentence" id="markable_19" span="word_239..word_246" />
<markable mmax_level="sentence" id="markable_20" span="word_247" />
<markable mmax_level="sentence" id="markable_21" span="word_248..word_252" />
<markable mmax_level="sentence" id="markable_22" span="word_253" />
<markable mmax_level="sentence" id="markable_23" span="word_254..word_268" />
<markable mmax_level="sentence" id="markable_24" span="word_269..word_278" />
<markable mmax_level="sentence" id="markable_25" span="word_279..word_313" />
<markable mmax_level="sentence" id="markable_26" span="word_314..word_320" />
<markable mmax_level="sentence" id="markable_27" span="word_321..word_341" />
<markable mmax_level="sentence" id="markable_28" span="word_342..word_374" />
<markable mmax_level="sentence" id="markable_29" span="word_375..word_378" />
<markable mmax_level="sentence" id="markable_30" span="word_379..word_380" />
<markable mmax_level="sentence" id="markable_31" span="word_381..word_382" />
<markable mmax_level="sentence" id="markable_32" span="word_383..word_389" />
<markable mmax_level="sentence" id="markable_33" span="word_390..word_401" />
<markable mmax_level="sentence" id="markable_34" span="word_402..word_405" />
<markable mmax_level="sentence" id="markable_35" span="word_406..word_407" />
<markable mmax_level="sentence" id="markable_36" span="word_408..word_409" />
<markable mmax_level="sentence" id="markable_37" span="word_410..word_432" />
<markable mmax_level="sentence" id="markable_38" span="word_433..word_474" />
<markable mmax_level="sentence" id="markable_39" span="word_475..word_523" />
<markable mmax_level="sentence" id="markable_40" span="word_524..word_535" />
<markable mmax_level="sentence" id="markable_41" span="word_536..word_556" />
<markable mmax_level="sentence" id="markable_42" span="word_557..word_577" />
<markable mmax_level="sentence" id="markable_43" span="word_578..word_592" />
<markable mmax_level="sentence" id="markable_44" span="word_593..word_610" />
<markable mmax_level="sentence" id="markable_45" span="word_611..word_618" />
<markable mmax_level="sentence" id="markable_46" span="word_619..word_647" />
<markable mmax_level="sentence" id="markable_47" span="word_648..word_650" />
<markable mmax_level="sentence" id="markable_48" span="word_651..word_686" />
<markable mmax_level="sentence" id="markable_49" span="word_687..word_693" />
<markable mmax_level="sentence" id="markable_50" span="word_694" />
<markable mmax_level="sentence" id="markable_51" span="word_695..word_720" />
<markable mmax_level="sentence" id="markable_52" span="word_721..word_731" />
<markable mmax_level="sentence" id="markable_53" span="word_732..word_740" />
<markable mmax_level="sentence" id="markable_54" span="word_741..word_760" />
<markable mmax_level="sentence" id="markable_55" span="word_761..word_772" />
<markable mmax_level="sentence" id="markable_56" span="word_773..word_787" />
<markable mmax_level="sentence" id="markable_57" span="word_788..word_812" />
<markable mmax_level="sentence" id="markable_58" span="word_813..word_843" />
<markable mmax_level="sentence" id="markable_59" span="word_844..word_891" />
<markable mmax_level="sentence" id="markable_60" span="word_892..word_901" />
<markable mmax_level="sentence" id="markable_61" span="word_902..word_916" />
<markable mmax_level="sentence" id="markable_62" span="word_917..word_945" />
<markable mmax_level="sentence" id="markable_63" span="word_946..word_964" />
<markable mmax_level="sentence" id="markable_64" span="word_965..word_982" />
<markable mmax_level="sentence" id="markable_65" span="word_983..word_1007" />
<markable mmax_level="sentence" id="markable_66" span="word_1008..word_1031" />
<markable mmax_level="sentence" id="markable_67" span="word_1032..word_1041" />
<markable mmax_level="sentence" id="markable_68" span="word_1042..word_1076" />
<markable mmax_level="sentence" id="markable_69" span="word_1077..word_1094" />
<markable mmax_level="sentence" id="markable_70" span="word_1095..word_1114" />
<markable mmax_level="sentence" id="markable_71" span="word_1115..word_1137" />
<markable mmax_level="sentence" id="markable_72" span="word_1138..word_1147" />
<markable mmax_level="sentence" id="markable_73" span="word_1148..word_1154" />
<markable mmax_level="sentence" id="markable_74" span="word_1155..word_1190" />
<markable mmax_level="sentence" id="markable_75" span="word_1191" />
<markable mmax_level="sentence" id="markable_76" span="word_1192..word_1195" />
<markable mmax_level="sentence" id="markable_77" span="word_1196..word_1204" />
<markable mmax_level="sentence" id="markable_78" span="word_1205..word_1238" />
<markable mmax_level="sentence" id="markable_79" span="word_1239..word_1249" />
<markable mmax_level="sentence" id="markable_80" span="word_1250..word_1273" />
<markable mmax_level="sentence" id="markable_81" span="word_1274..word_1309" />
<markable mmax_level="sentence" id="markable_82" span="word_1310..word_1316" />
<markable mmax_level="sentence" id="markable_83" span="word_1317..word_1356" />
<markable mmax_level="sentence" id="markable_84" span="word_1357..word_1385" />
<markable mmax_level="sentence" id="markable_85" span="word_1386..word_1393" />
<markable mmax_level="sentence" id="markable_86" span="word_1394..word_1407" />
<markable mmax_level="sentence" id="markable_87" span="word_1408..word_1422" />
<markable mmax_level="sentence" id="markable_88" span="word_1423..word_1433" />
<markable mmax_level="sentence" id="markable_89" span="word_1434..word_1459" />
<markable mmax_level="sentence" id="markable_90" span="word_1460..word_1473" />
<markable mmax_level="sentence" id="markable_91" span="word_1474..word_1480" />
<markable mmax_level="sentence" id="markable_92" span="word_1481..word_1485" />
<markable mmax_level="sentence" id="markable_93" span="word_1486..word_1507" />
<markable mmax_level="sentence" id="markable_94" span="word_1508..word_1530" />
<markable mmax_level="sentence" id="markable_95" span="word_1531..word_1543" />
<markable mmax_level="sentence" id="markable_96" span="word_1544..word_1552" />
<markable mmax_level="sentence" id="markable_97" span="word_1553..word_1585" />
<markable mmax_level="sentence" id="markable_98" span="word_1586..word_1607" />
<markable mmax_level="sentence" id="markable_99" span="word_1608..word_1632" />
<markable mmax_level="sentence" id="markable_100" span="word_1633..word_1634" />
<markable mmax_level="sentence" id="markable_101" span="word_1635..word_1641" />
<markable mmax_level="sentence" id="markable_102" span="word_1642" />
<markable mmax_level="sentence" id="markable_103" span="word_1643..word_1678" />
<markable mmax_level="sentence" id="markable_104" span="word_1679..word_1694" />
<markable mmax_level="sentence" id="markable_105" span="word_1695..word_1714" />
<markable mmax_level="sentence" id="markable_106" span="word_1715..word_1722" />
<markable mmax_level="sentence" id="markable_107" span="word_1723..word_1730" />
<markable mmax_level="sentence" id="markable_108" span="word_1731..word_1745" />
<markable mmax_level="sentence" id="markable_109" span="word_1746..word_1766" />
<markable mmax_level="sentence" id="markable_110" span="word_1767..word_1777" />
<markable mmax_level="sentence" id="markable_111" span="word_1778..word_1790" />
<markable mmax_level="sentence" id="markable_112" span="word_1791..word_1807" />
<markable mmax_level="sentence" id="markable_113" span="word_1808..word_1838" />
<markable mmax_level="sentence" id="markable_114" span="word_1839..word_1871" />
<markable mmax_level="sentence" id="markable_115" span="word_1872..word_1923" />
<markable mmax_level="sentence" id="markable_116" span="word_1924..word_1949" />
<markable mmax_level="sentence" id="markable_117" span="word_1950..word_1972" />
<markable mmax_level="sentence" id="markable_118" span="word_1973..word_2014" />
<markable mmax_level="sentence" id="markable_119" span="word_2015..word_2025" />
<markable mmax_level="sentence" id="markable_120" span="word_2026..word_2041" />
<markable mmax_level="sentence" id="markable_121" span="word_2042..word_2048" />
<markable mmax_level="sentence" id="markable_122" span="word_2049..word_2068" />
<markable mmax_level="sentence" id="markable_123" span="word_2069..word_2098" />
<markable mmax_level="sentence" id="markable_124" span="word_2099..word_2115" />
<markable mmax_level="sentence" id="markable_125" span="word_2116..word_2139" />
<markable mmax_level="sentence" id="markable_126" span="word_2140" />
<markable mmax_level="sentence" id="markable_127" span="word_2141..word_2162" />
<markable mmax_level="sentence" id="markable_128" span="word_2163..word_2184" />
<markable mmax_level="sentence" id="markable_129" span="word_2185..word_2193" />
<markable mmax_level="sentence" id="markable_130" span="word_2194..word_2213" />
<markable mmax_level="sentence" id="markable_131" span="word_2214..word_2238" />
<markable mmax_level="sentence" id="markable_132" span="word_2239..word_2261" />
<markable mmax_level="sentence" id="markable_133" span="word_2262..word_2278" />
<markable mmax_level="sentence" id="markable_134" span="word_2279..word_2338" />
<markable mmax_level="sentence" id="markable_135" span="word_2339..word_2365" />
<markable mmax_level="sentence" id="markable_136" span="word_2366..word_2398" />
<markable mmax_level="sentence" id="markable_137" span="word_2399..word_2420" />
<markable mmax_level="sentence" id="markable_138" span="word_2421..word_2436" />
<markable mmax_level="sentence" id="markable_139" span="word_2437..word_2458" />
<markable mmax_level="sentence" id="markable_140" span="word_2459..word_2478" />
<markable mmax_level="sentence" id="markable_141" span="word_2479..word_2506" />
<markable mmax_level="sentence" id="markable_142" span="word_2507..word_2541" />
<markable mmax_level="sentence" id="markable_143" span="word_2542..word_2562" />
<markable mmax_level="sentence" id="markable_144" span="word_2563..word_2576" />
<markable mmax_level="sentence" id="markable_145" span="word_2577..word_2590" />
<markable mmax_level="sentence" id="markable_146" span="word_2591" />
<markable mmax_level="sentence" id="markable_147" span="word_2592..word_2601" />
<markable mmax_level="sentence" id="markable_148" span="word_2602..word_2603" />
<markable mmax_level="sentence" id="markable_149" span="word_2604..word_2622" />
<markable mmax_level="sentence" id="markable_150" span="word_2623..word_2634" />
<markable mmax_level="sentence" id="markable_151" span="word_2635..word_2654" />
<markable mmax_level="sentence" id="markable_152" span="word_2655..word_2661" />
<markable mmax_level="sentence" id="markable_153" span="word_2662..word_2679" />
<markable mmax_level="sentence" id="markable_154" span="word_2680..word_2697" />
<markable mmax_level="sentence" id="markable_155" span="word_2698..word_2711" />
<markable mmax_level="sentence" id="markable_156" span="word_2712..word_2737" />
<markable mmax_level="sentence" id="markable_157" span="word_2738..word_2756" />
<markable mmax_level="sentence" id="markable_158" span="word_2757..word_2780" />
<markable mmax_level="sentence" id="markable_159" span="word_2781..word_2802" />
<markable mmax_level="sentence" id="markable_160" span="word_2803..word_2825" />
<markable mmax_level="sentence" id="markable_161" span="word_2826..word_2851" />
<markable mmax_level="sentence" id="markable_162" span="word_2852..word_2873" />
<markable mmax_level="sentence" id="markable_163" span="word_2874..word_2888" />
<markable mmax_level="sentence" id="markable_164" span="word_2889..word_2914" />
<markable mmax_level="sentence" id="markable_165" span="word_2915..word_2919" />
<markable mmax_level="sentence" id="markable_166" span="word_2920..word_2933" />
<markable mmax_level="sentence" id="markable_167" span="word_2934..word_2948" />
<markable mmax_level="sentence" id="markable_168" span="word_2949..word_2966" />
<markable mmax_level="sentence" id="markable_169" span="word_2967..word_3000" />
<markable mmax_level="sentence" id="markable_170" span="word_3001..word_3022" />
<markable mmax_level="sentence" id="markable_171" span="word_3023..word_3033" />
<markable mmax_level="sentence" id="markable_172" span="word_3034..word_3079" />
<markable mmax_level="sentence" id="markable_173" span="word_3080..word_3081" />
<markable mmax_level="sentence" id="markable_174" span="word_3082..word_3083" />
<markable mmax_level="sentence" id="markable_175" span="word_3084" />
<markable mmax_level="sentence" id="markable_176" span="word_3085" />
<markable mmax_level="sentence" id="markable_177" span="word_3086..word_3098" />
<markable mmax_level="sentence" id="markable_178" span="word_3099..word_3128" />
<markable mmax_level="sentence" id="markable_179" span="word_3129..word_3165" />
<markable mmax_level="sentence" id="markable_180" span="word_3166..word_3206" />
<markable mmax_level="sentence" id="markable_181" span="word_3207..word_3214" />
<markable mmax_level="sentence" id="markable_182" span="word_3215..word_3218" />
<markable mmax_level="sentence" id="markable_183" span="word_3219..word_3232" />
<markable mmax_level="sentence" id="markable_184" span="word_3233..word_3266" />
<markable mmax_level="sentence" id="markable_185" span="word_3267..word_3288" />
<markable mmax_level="sentence" id="markable_186" span="word_3289..word_3304" />
<markable mmax_level="sentence" id="markable_187" span="word_3305..word_3311" />
<markable mmax_level="sentence" id="markable_188" span="word_3312..word_3317" />
<markable mmax_level="sentence" id="markable_189" span="word_3318..word_3325" />
<markable mmax_level="sentence" id="markable_190" span="word_3326..word_3346" />
<markable mmax_level="sentence" id="markable_191" span="word_3347..word_3354" />
<markable mmax_level="sentence" id="markable_192" span="word_3355..word_3379" />
<markable mmax_level="sentence" id="markable_193" span="word_3380..word_3397" />
<markable mmax_level="sentence" id="markable_194" span="word_3398..word_3407" />
<markable mmax_level="sentence" id="markable_195" span="word_3408..word_3432" />
<markable mmax_level="sentence" id="markable_196" span="word_3433..word_3440" />
<markable mmax_level="sentence" id="markable_197" span="word_3441..word_3458" />
<markable mmax_level="sentence" id="markable_198" span="word_3459..word_3465" />
<markable mmax_level="sentence" id="markable_199" span="word_3466..word_3488" />
<markable mmax_level="sentence" id="markable_200" span="word_3489..word_3505" />
<markable mmax_level="sentence" id="markable_201" span="word_3506..word_3532" />
<markable mmax_level="sentence" id="markable_202" span="word_3533..word_3545" />
<markable mmax_level="sentence" id="markable_203" span="word_3546..word_3551" />
<markable mmax_level="sentence" id="markable_204" span="word_3552" />
<markable mmax_level="sentence" id="markable_205" span="word_3553..word_3569" />
<markable mmax_level="sentence" id="markable_206" span="word_3570..word_3579" />
<markable mmax_level="sentence" id="markable_207" span="word_3580..word_3592" />
<markable mmax_level="sentence" id="markable_208" span="word_3593..word_3610" />
<markable mmax_level="sentence" id="markable_209" span="word_3611..word_3627" />
<markable mmax_level="sentence" id="markable_210" span="word_3628..word_3638" />
<markable mmax_level="sentence" id="markable_211" span="word_3639..word_3659" />
<markable mmax_level="sentence" id="markable_212" span="word_3660..word_3675" />
<markable mmax_level="sentence" id="markable_213" span="word_3676..word_3681" />
<markable mmax_level="sentence" id="markable_214" span="word_3682..word_3686" />
<markable mmax_level="sentence" id="markable_215" span="word_3687..word_3706" />
<markable mmax_level="sentence" id="markable_216" span="word_3707..word_3720" />
<markable mmax_level="sentence" id="markable_217" span="word_3721..word_3725" />
<markable mmax_level="sentence" id="markable_218" span="word_3726..word_3740" />
<markable mmax_level="sentence" id="markable_219" span="word_3741..word_3751" />
<markable mmax_level="sentence" id="markable_220" span="word_3752..word_3770" />
<markable mmax_level="sentence" id="markable_221" span="word_3771..word_3784" />
<markable mmax_level="sentence" id="markable_222" span="word_3785..word_3804" />
<markable mmax_level="sentence" id="markable_223" span="word_3805..word_3823" />
<markable mmax_level="sentence" id="markable_224" span="word_3824..word_3842" />
<markable mmax_level="sentence" id="markable_225" span="word_3843..word_3854" />
<markable mmax_level="sentence" id="markable_226" span="word_3855..word_3870" />
<markable mmax_level="sentence" id="markable_227" span="word_3871..word_3895" />
<markable mmax_level="sentence" id="markable_228" span="word_3896..word_3916" />
<markable mmax_level="sentence" id="markable_229" span="word_3917..word_3929" />
<markable mmax_level="sentence" id="markable_230" span="word_3930..word_3937" />
<markable mmax_level="sentence" id="markable_231" span="word_3938..word_3990" />
<markable mmax_level="sentence" id="markable_232" span="word_3991..word_4004" />
<markable mmax_level="sentence" id="markable_233" span="word_4005" />
<markable mmax_level="sentence" id="markable_234" span="word_4006..word_4017" />
<markable mmax_level="sentence" id="markable_235" span="word_4018..word_4036" />
<markable mmax_level="sentence" id="markable_236" span="word_4037..word_4054" />
<markable mmax_level="sentence" id="markable_237" span="word_4055..word_4072" />
<markable mmax_level="sentence" id="markable_238" span="word_4073..word_4091" />
<markable mmax_level="sentence" id="markable_239" span="word_4092..word_4113" />
<markable mmax_level="sentence" id="markable_240" span="word_4114..word_4132" />
<markable mmax_level="sentence" id="markable_241" span="word_4133..word_4162" />
<markable mmax_level="sentence" id="markable_242" span="word_4163..word_4186" />
<markable mmax_level="sentence" id="markable_243" span="word_4187..word_4220" />
<markable mmax_level="sentence" id="markable_244" span="word_4221..word_4222" />
<markable mmax_level="sentence" id="markable_245" span="word_4223..word_4224" />
<markable mmax_level="sentence" id="markable_246" span="word_4225..word_4235" />
<markable mmax_level="sentence" id="markable_247" span="word_4236..word_4252" />
<markable mmax_level="sentence" id="markable_248" span="word_4253..word_4278" />
<markable mmax_level="sentence" id="markable_249" span="word_4279..word_4291" />
<markable mmax_level="sentence" id="markable_250" span="word_4292..word_4298" />
<markable mmax_level="sentence" id="markable_251" span="word_4299..word_4313" />
<markable mmax_level="sentence" id="markable_252" span="word_4314..word_4331" />
<markable mmax_level="sentence" id="markable_253" span="word_4332..word_4337" />
<markable mmax_level="sentence" id="markable_254" span="word_4338..word_4346" />
<markable mmax_level="sentence" id="markable_255" span="word_4347..word_4364" />
<markable mmax_level="sentence" id="markable_256" span="word_4365..word_4373" />
<markable mmax_level="sentence" id="markable_257" span="word_4374..word_4393" />
<markable mmax_level="sentence" id="markable_258" span="word_4394..word_4395" />
<markable mmax_level="sentence" id="markable_259" span="word_4396..word_4417" />
<markable mmax_level="sentence" id="markable_260" span="word_4418..word_4428" />
<markable mmax_level="sentence" id="markable_261" span="word_4429..word_4435" />
<markable mmax_level="sentence" id="markable_262" span="word_4436..word_4472" />
<markable mmax_level="sentence" id="markable_263" span="word_4473..word_4497" />
<markable mmax_level="sentence" id="markable_264" span="word_4498..word_4500" />
<markable mmax_level="sentence" id="markable_265" span="word_4501" />
<markable mmax_level="sentence" id="markable_266" span="word_4502..word_4526" />
<markable mmax_level="sentence" id="markable_267" span="word_4527..word_4533" />
<markable mmax_level="sentence" id="markable_268" span="word_4534..word_4544" />
<markable mmax_level="sentence" id="markable_269" span="word_4545..word_4559" />
<markable mmax_level="sentence" id="markable_270" span="word_4560..word_4579" />
<markable mmax_level="sentence" id="markable_271" span="word_4580..word_4591" />
<markable mmax_level="sentence" id="markable_272" span="word_4592..word_4597" />
<markable mmax_level="sentence" id="markable_273" span="word_4598..word_4620" />
<markable mmax_level="sentence" id="markable_274" span="word_4621..word_4628" />
<markable mmax_level="sentence" id="markable_275" span="word_4629..word_4656" />
<markable mmax_level="sentence" id="markable_276" span="word_4657..word_4658" />
<markable mmax_level="sentence" id="markable_277" span="word_4659..word_4676" />
<markable mmax_level="sentence" id="markable_278" span="word_4677..word_4684" />
<markable mmax_level="sentence" id="markable_279" span="word_4685..word_4692" />
<markable mmax_level="sentence" id="markable_280" span="word_4693..word_4717" />
<markable mmax_level="sentence" id="markable_281" span="word_4718..word_4772" />
<markable mmax_level="sentence" id="markable_282" span="word_4773..word_4775" />
<markable mmax_level="sentence" id="markable_283" span="word_4776..word_4783" />
<markable mmax_level="sentence" id="markable_284" span="word_4784..word_4809" />
<markable mmax_level="sentence" id="markable_285" span="word_4810..word_4833" />
<markable mmax_level="sentence" id="markable_286" span="word_4834..word_4846" />
<markable mmax_level="sentence" id="markable_287" span="word_4847..word_4859" />
<markable mmax_level="sentence" id="markable_288" span="word_4860..word_4882" />
<markable mmax_level="sentence" id="markable_289" span="word_4883..word_4903" />
<markable mmax_level="sentence" id="markable_290" span="word_4904..word_4910" />
<markable mmax_level="sentence" id="markable_291" span="word_4911..word_4932" />
<markable mmax_level="sentence" id="markable_292" span="word_4933..word_4949" />
<markable mmax_level="sentence" id="markable_293" span="word_4950..word_4959" />
<markable mmax_level="sentence" id="markable_294" span="word_4960" />
<markable mmax_level="sentence" id="markable_295" span="word_4961..word_4974" />
<markable mmax_level="sentence" id="markable_296" span="word_4975..word_4985" />
<markable mmax_level="sentence" id="markable_297" span="word_4986..word_5026" />
<markable mmax_level="sentence" id="markable_298" span="word_5027..word_5037" />
<markable mmax_level="sentence" id="markable_299" span="word_5038..word_5049" />
<markable mmax_level="sentence" id="markable_300" span="word_5050..word_5076" />
<markable mmax_level="sentence" id="markable_301" span="word_5077..word_5102" />
<markable mmax_level="sentence" id="markable_302" span="word_5103..word_5115" />
<markable mmax_level="sentence" id="markable_303" span="word_5116..word_5145" />
<markable mmax_level="sentence" id="markable_304" span="word_5146..word_5181" />
<markable mmax_level="sentence" id="markable_305" span="word_5182..word_5191" />
<markable mmax_level="sentence" id="markable_306" span="word_5192..word_5202" />
<markable mmax_level="sentence" id="markable_307" span="word_5203..word_5212" />
<markable mmax_level="sentence" id="markable_308" span="word_5213..word_5238" />
<markable mmax_level="sentence" id="markable_309" span="word_5239..word_5248" />
<markable mmax_level="sentence" id="markable_310" span="word_5249..word_5279" />
<markable mmax_level="sentence" id="markable_311" span="word_5280..word_5288" />
<markable mmax_level="sentence" id="markable_312" span="word_5289..word_5299" />
<markable mmax_level="sentence" id="markable_313" span="word_5300..word_5336" />
<markable mmax_level="sentence" id="markable_314" span="word_5337..word_5385" />
<markable mmax_level="sentence" id="markable_315" span="word_5386..word_5407" />
<markable mmax_level="sentence" id="markable_316" span="word_5408..word_5434" />
<markable mmax_level="sentence" id="markable_317" span="word_5435..word_5436" />
<markable mmax_level="sentence" id="markable_318" span="word_5437..word_5460" />
<markable mmax_level="sentence" id="markable_319" span="word_5461" />
<markable mmax_level="sentence" id="markable_320" span="word_5462..word_5473" />
<markable mmax_level="sentence" id="markable_321" span="word_5474..word_5492" />
<markable mmax_level="sentence" id="markable_322" span="word_5493..word_5520" />
<markable mmax_level="sentence" id="markable_323" span="word_5521..word_5535" />
<markable mmax_level="sentence" id="markable_324" span="word_5536..word_5548" />
<markable mmax_level="sentence" id="markable_325" span="word_5549..word_5568" />
<markable mmax_level="sentence" id="markable_326" span="word_5569..word_5574" />
<markable mmax_level="sentence" id="markable_327" span="word_5575..word_5595" />
<markable mmax_level="sentence" id="markable_328" span="word_5596..word_5607" />
<markable mmax_level="sentence" id="markable_329" span="word_5608..word_5622" />
<markable mmax_level="sentence" id="markable_330" span="word_5623..word_5631" />
<markable mmax_level="sentence" id="markable_331" span="word_5632..word_5639" />
<markable mmax_level="sentence" id="markable_332" span="word_5640..word_5663" />
<markable mmax_level="sentence" id="markable_333" span="word_5664..word_5681" />
<markable mmax_level="sentence" id="markable_334" span="word_5682..word_5699" />
<markable mmax_level="sentence" id="markable_335" span="word_5700..word_5706" />
<markable mmax_level="sentence" id="markable_336" span="word_5707..word_5719" />
<markable mmax_level="sentence" id="markable_337" span="word_5720..word_5759" />
<markable mmax_level="sentence" id="markable_338" span="word_5760..word_5775" />
<markable mmax_level="sentence" id="markable_339" span="word_5776..word_5809" />
<markable mmax_level="sentence" id="markable_340" span="word_5810..word_5826" />
<markable mmax_level="sentence" id="markable_341" span="word_5827..word_5852" />
<markable mmax_level="sentence" id="markable_342" span="word_5853..word_5869" />
<markable mmax_level="sentence" id="markable_343" span="word_5870..word_5911" />
<markable mmax_level="sentence" id="markable_344" span="word_5912..word_5918" />
<markable mmax_level="sentence" id="markable_345" span="word_5919..word_5936" />
<markable mmax_level="sentence" id="markable_346" span="word_5937..word_5945" />
<markable mmax_level="sentence" id="markable_347" span="word_5946..word_5950" />
<markable mmax_level="sentence" id="markable_348" span="word_5951..word_6026" />
<markable mmax_level="sentence" id="markable_349" span="word_6027..word_6036" />
<markable mmax_level="sentence" id="markable_350" span="word_6037..word_6049" />
<markable mmax_level="sentence" id="markable_351" span="word_6050..word_6057" />
<markable mmax_level="sentence" id="markable_352" span="word_6058..word_6069" />
<markable mmax_level="sentence" id="markable_353" span="word_6070" />
<markable mmax_level="sentence" id="markable_354" span="word_6071..word_6072" />
<markable mmax_level="sentence" id="markable_355" span="word_6073..word_6100" />
<markable mmax_level="sentence" id="markable_356" span="word_6101..word_6103" />
<markable mmax_level="sentence" id="markable_357" span="word_6104..word_6109" />
<markable mmax_level="sentence" id="markable_358" span="word_6110..word_6112" />
<markable mmax_level="sentence" id="markable_359" span="word_6113..word_6134" />
<markable mmax_level="sentence" id="markable_360" span="word_6135..word_6156" />
<markable mmax_level="sentence" id="markable_361" span="word_6157..word_6162" />
<markable mmax_level="sentence" id="markable_362" span="word_6163..word_6170" />
<markable mmax_level="sentence" id="markable_363" span="word_6171..word_6191" />
<markable mmax_level="sentence" id="markable_364" span="word_6192..word_6203" />
<markable mmax_level="sentence" id="markable_365" span="word_6204..word_6221" />
<markable mmax_level="sentence" id="markable_366" span="word_6222..word_6223" />
<markable mmax_level="sentence" id="markable_367" span="word_6224..word_6231" />
<markable mmax_level="sentence" id="markable_368" span="word_6232..word_6281" />
<markable mmax_level="sentence" id="markable_369" span="word_6282..word_6291" />
<markable mmax_level="sentence" id="markable_370" span="word_6292" />
<markable mmax_level="sentence" id="markable_371" span="word_6293..word_6347" />
<markable mmax_level="sentence" id="markable_372" span="word_6348..word_6364" />
<markable mmax_level="sentence" id="markable_373" span="word_6365..word_6411" />
<markable mmax_level="sentence" id="markable_374" span="word_6412..word_6446" />
<markable mmax_level="sentence" id="markable_375" span="word_6447..word_6468" />
<markable mmax_level="sentence" id="markable_376" span="word_6469..word_6503" />
<markable mmax_level="sentence" id="markable_377" span="word_6504..word_6514" />
<markable mmax_level="sentence" id="markable_378" span="word_6515..word_6539" />
<markable mmax_level="sentence" id="markable_379" span="word_6540..word_6573" />
<markable mmax_level="sentence" id="markable_380" span="word_6574..word_6601" />
<markable mmax_level="sentence" id="markable_381" span="word_6602..word_6606" />
<markable mmax_level="sentence" id="markable_382" span="word_6607..word_6613" />
<markable mmax_level="sentence" id="markable_383" span="word_6614..word_6619" />
<markable mmax_level="sentence" id="markable_384" span="word_6620..word_6621" />
<markable mmax_level="sentence" id="markable_385" span="word_6622..word_6628" />
<markable mmax_level="sentence" id="markable_386" span="word_6629..word_6661" />
<markable mmax_level="sentence" id="markable_387" span="word_6662..word_6689" />
<markable mmax_level="sentence" id="markable_388" span="word_6690..word_6696" />
<markable mmax_level="sentence" id="markable_389" span="word_6697..word_6713" />
<markable mmax_level="sentence" id="markable_390" span="word_6714..word_6724" />
<markable mmax_level="sentence" id="markable_391" span="word_6725" />
<markable mmax_level="sentence" id="markable_392" span="word_6726..word_6728" />
<markable mmax_level="sentence" id="markable_393" span="word_6729..word_6734" />
<markable mmax_level="sentence" id="markable_394" span="word_6735..word_6741" />
<markable mmax_level="sentence" id="markable_395" span="word_6742..word_6747" />
<markable mmax_level="sentence" id="markable_396" span="word_6748..word_6755" />
<markable mmax_level="sentence" id="markable_397" span="word_6756..word_6768" />
<markable mmax_level="sentence" id="markable_398" span="word_6769..word_6774" />
<markable mmax_level="sentence" id="markable_399" span="word_6775..word_6780" />
<markable mmax_level="sentence" id="markable_400" span="word_6781..word_6788" />
<markable mmax_level="sentence" id="markable_401" span="word_6789..word_6803" />
<markable mmax_level="sentence" id="markable_402" span="word_6804..word_6811" />
<markable mmax_level="sentence" id="markable_403" span="word_6812..word_6825" />
<markable mmax_level="sentence" id="markable_404" span="word_6826..word_6835" />
<markable mmax_level="sentence" id="markable_405" span="word_6836..word_6842" />
<markable mmax_level="sentence" id="markable_406" span="word_6843..word_6849" />
<markable mmax_level="sentence" id="markable_407" span="word_6850..word_6864" />
<markable mmax_level="sentence" id="markable_408" span="word_6865..word_6869" />
<markable mmax_level="sentence" id="markable_409" span="word_6870..word_6882" />
<markable mmax_level="sentence" id="markable_410" span="word_6883..word_6891" />
<markable mmax_level="sentence" id="markable_411" span="word_6892..word_6896" />
<markable mmax_level="sentence" id="markable_412" span="word_6897..word_6900" />
<markable mmax_level="sentence" id="markable_413" span="word_6901..word_6914" />
<markable mmax_level="sentence" id="markable_414" span="word_6915..word_6921" />
<markable mmax_level="sentence" id="markable_415" span="word_6922..word_6950" />
<markable mmax_level="sentence" id="markable_416" span="word_6951..word_6974" />
<markable mmax_level="sentence" id="markable_417" span="word_6975..word_7002" />
<markable mmax_level="sentence" id="markable_418" span="word_7003..word_7014" />
<markable mmax_level="sentence" id="markable_419" span="word_7015..word_7016" />
<markable mmax_level="sentence" id="markable_420" span="word_7017..word_7039" />
<markable mmax_level="sentence" id="markable_421" span="word_7040..word_7065" />
<markable mmax_level="sentence" id="markable_422" span="word_7066..word_7121" />
<markable mmax_level="sentence" id="markable_423" span="word_7122" />
<markable mmax_level="sentence" id="markable_424" span="word_7123..word_7124" />
<markable mmax_level="sentence" id="markable_425" span="word_7125..word_7128" />
<markable mmax_level="sentence" id="markable_426" span="word_7129..word_7148" />
<markable mmax_level="sentence" id="markable_427" span="word_7149..word_7204" />
<markable mmax_level="sentence" id="markable_428" span="word_7205..word_7226" />
<markable mmax_level="sentence" id="markable_429" span="word_7227..word_7257" />
<markable mmax_level="sentence" id="markable_430" span="word_7258..word_7272" />
<markable mmax_level="sentence" id="markable_431" span="word_7273..word_7314" />
<markable mmax_level="sentence" id="markable_432" span="word_7315" />
<markable mmax_level="sentence" id="markable_433" span="word_7316..word_7326" />
<markable mmax_level="sentence" id="markable_434" span="word_7327..word_7351" />
<markable mmax_level="sentence" id="markable_435" span="word_7352..word_7378" />
<markable mmax_level="sentence" id="markable_436" span="word_7379..word_7400" />
<markable mmax_level="sentence" id="markable_437" span="word_7401..word_7437" />
<markable mmax_level="sentence" id="markable_438" span="word_7438..word_7449" />
<markable mmax_level="sentence" id="markable_439" span="word_7450..word_7469" />
<markable mmax_level="sentence" id="markable_440" span="word_7470..word_7484" />
<markable mmax_level="sentence" id="markable_441" span="word_7485..word_7492" />
<markable mmax_level="sentence" id="markable_442" span="word_7493..word_7514" />
<markable mmax_level="sentence" id="markable_443" span="word_7515..word_7533" />
<markable mmax_level="sentence" id="markable_444" span="word_7534..word_7572" />
<markable mmax_level="sentence" id="markable_445" span="word_7573" />
<markable mmax_level="sentence" id="markable_446" span="word_7574..word_7576" />
<markable mmax_level="sentence" id="markable_447" span="word_7577..word_7582" />
<markable mmax_level="sentence" id="markable_448" span="word_7583..word_7599" />
<markable mmax_level="sentence" id="markable_449" span="word_7600..word_7615" />
<markable mmax_level="sentence" id="markable_450" span="word_7616..word_7648" />
<markable mmax_level="sentence" id="markable_451" span="word_7649..word_7664" />
<markable mmax_level="sentence" id="markable_452" span="word_7665..word_7672" />
<markable mmax_level="sentence" id="markable_453" span="word_7673..word_7700" />
<markable mmax_level="sentence" id="markable_454" span="word_7701..word_7705" />
<markable mmax_level="sentence" id="markable_455" span="word_7706..word_7719" />
<markable mmax_level="sentence" id="markable_456" span="word_7720..word_7754" />
<markable mmax_level="sentence" id="markable_457" span="word_7755..word_7762" />
<markable mmax_level="sentence" id="markable_458" span="word_7763..word_7780" />
<markable mmax_level="sentence" id="markable_459" span="word_7781..word_7812" />
<markable mmax_level="sentence" id="markable_460" span="word_7813..word_7829" />
<markable mmax_level="sentence" id="markable_461" span="word_7830..word_7863" />
<markable mmax_level="sentence" id="markable_462" span="word_7864..word_7901" />
<markable mmax_level="sentence" id="markable_463" span="word_7902..word_7927" />
<markable mmax_level="sentence" id="markable_464" span="word_7928..word_7946" />
<markable mmax_level="sentence" id="markable_465" span="word_7947..word_8031" />
<markable mmax_level="sentence" id="markable_466" span="word_8032" />
<markable mmax_level="sentence" id="markable_467" span="word_8033..word_8034" />
<markable mmax_level="sentence" id="markable_468" span="word_8035..word_8041" />
<markable mmax_level="sentence" id="markable_469" span="word_8042..word_8073" />
<markable mmax_level="sentence" id="markable_470" span="word_8074..word_8092" />
<markable mmax_level="sentence" id="markable_471" span="word_8093..word_8121" />
<markable mmax_level="sentence" id="markable_472" span="word_8122..word_8140" />
<markable mmax_level="sentence" id="markable_473" span="word_8141..word_8149" />
<markable mmax_level="sentence" id="markable_474" span="word_8150..word_8158" />
<markable mmax_level="sentence" id="markable_475" span="word_8159..word_8172" />
<markable mmax_level="sentence" id="markable_476" span="word_8173..word_8183" />
<markable mmax_level="sentence" id="markable_477" span="word_8184..word_8246" />
<markable mmax_level="sentence" id="markable_478" span="word_8247..word_8288" />
<markable mmax_level="sentence" id="markable_479" span="word_8289..word_8308" />
<markable mmax_level="sentence" id="markable_480" span="word_8309..word_8348" />
<markable mmax_level="sentence" id="markable_481" span="word_8349..word_8384" />
<markable mmax_level="sentence" id="markable_482" span="word_8385..word_8392" />
<markable mmax_level="sentence" id="markable_483" span="word_8393..word_8415" />
<markable mmax_level="sentence" id="markable_484" span="word_8416..word_8430" />
<markable mmax_level="sentence" id="markable_485" span="word_8431..word_8466" />
<markable mmax_level="sentence" id="markable_486" span="word_8467" />
<markable mmax_level="sentence" id="markable_487" span="word_8468..word_8477" />
<markable mmax_level="sentence" id="markable_488" span="word_8478..word_8500" />
<markable mmax_level="sentence" id="markable_489" span="word_8501..word_8524" />
<markable mmax_level="sentence" id="markable_490" span="word_8525..word_8579" />
<markable mmax_level="sentence" id="markable_491" span="word_8580..word_8607" />
<markable mmax_level="sentence" id="markable_492" span="word_8608..word_8625" />
<markable mmax_level="sentence" id="markable_493" span="word_8626..word_8680" />
<markable mmax_level="sentence" id="markable_494" span="word_8681..word_8710" />
<markable mmax_level="sentence" id="markable_495" span="word_8711..word_8721" />
<markable mmax_level="sentence" id="markable_496" span="word_8722..word_8762" />
<markable mmax_level="sentence" id="markable_497" span="word_8763..word_8819" />
<markable mmax_level="sentence" id="markable_498" span="word_8820..word_8839" />
<markable mmax_level="sentence" id="markable_499" span="word_8840..word_8847" />
<markable mmax_level="sentence" id="markable_500" span="word_8848..word_8861" />
<markable mmax_level="sentence" id="markable_501" span="word_8862..word_8867" />
<markable mmax_level="sentence" id="markable_502" span="word_8868" />
<markable mmax_level="sentence" id="markable_503" span="word_8869..word_8895" />
<markable mmax_level="sentence" id="markable_504" span="word_8896..word_8911" />
<markable mmax_level="sentence" id="markable_505" span="word_8912..word_8927" />
<markable mmax_level="sentence" id="markable_506" span="word_8928..word_8929" />
<markable mmax_level="sentence" id="markable_507" span="word_8930..word_8942" />
<markable mmax_level="sentence" id="markable_508" span="word_8943..word_8948" />
<markable mmax_level="sentence" id="markable_509" span="word_8949..word_8957" />
<markable mmax_level="sentence" id="markable_510" span="word_8958..word_8983" />
<markable mmax_level="sentence" id="markable_511" span="word_8984..word_9006" />
<markable mmax_level="sentence" id="markable_512" span="word_9007..word_9041" />
<markable mmax_level="sentence" id="markable_513" span="word_9042..word_9047" />
<markable mmax_level="sentence" id="markable_514" span="word_9048..word_9056" />
<markable mmax_level="sentence" id="markable_515" span="word_9057..word_9077" />
<markable mmax_level="sentence" id="markable_516" span="word_9078..word_9083" />
<markable mmax_level="sentence" id="markable_517" span="word_9084..word_9102" />
<markable mmax_level="sentence" id="markable_518" span="word_9103..word_9117" />
<markable mmax_level="sentence" id="markable_519" span="word_9118..word_9142" />
<markable mmax_level="sentence" id="markable_520" span="word_9143..word_9166" />
<markable mmax_level="sentence" id="markable_521" span="word_9167..word_9184" />
<markable mmax_level="sentence" id="markable_522" span="word_9185..word_9201" />
<markable mmax_level="sentence" id="markable_523" span="word_9202..word_9222" />
<markable mmax_level="sentence" id="markable_524" span="word_9223..word_9247" />
<markable mmax_level="sentence" id="markable_525" span="word_9248" />
<markable mmax_level="sentence" id="markable_526" span="word_9249..word_9250" />
<markable mmax_level="sentence" id="markable_527" span="word_9251..word_9261" />
<markable mmax_level="sentence" id="markable_528" span="word_9262..word_9285" />
<markable mmax_level="sentence" id="markable_529" span="word_9286..word_9304" />
<markable mmax_level="sentence" id="markable_530" span="word_9305..word_9313" />
<markable mmax_level="sentence" id="markable_531" span="word_9314..word_9365" />
<markable mmax_level="sentence" id="markable_532" span="word_9366" />
<markable mmax_level="sentence" id="markable_533" span="word_9367..word_9369" />
<markable mmax_level="sentence" id="markable_534" span="word_9370..word_9372" />
<markable mmax_level="sentence" id="markable_535" span="word_9373..word_9380" />
<markable mmax_level="sentence" id="markable_536" span="word_9381..word_9397" />
<markable mmax_level="sentence" id="markable_537" span="word_9398..word_9402" />
<markable mmax_level="sentence" id="markable_538" span="word_9403..word_9423" />
<markable mmax_level="sentence" id="markable_539" span="word_9424..word_9428" />
<markable mmax_level="sentence" id="markable_540" span="word_9429..word_9440" />
<markable mmax_level="sentence" id="markable_541" span="word_9441..word_9468" />
<markable mmax_level="sentence" id="markable_542" span="word_9469..word_9478" />
<markable mmax_level="sentence" id="markable_543" span="word_9479..word_9490" />
<markable mmax_level="sentence" id="markable_544" span="word_9491..word_9513" />
<markable mmax_level="sentence" id="markable_545" span="word_9514..word_9589" />
<markable mmax_level="sentence" id="markable_546" span="word_9590..word_9601" />
<markable mmax_level="sentence" id="markable_547" span="word_9602" />
<markable mmax_level="sentence" id="markable_548" span="word_9603..word_9622" />
<markable mmax_level="sentence" id="markable_549" span="word_9623..word_9655" />
<markable mmax_level="sentence" id="markable_550" span="word_9656..word_9730" />
<markable mmax_level="sentence" id="markable_551" span="word_9731..word_9758" />
<markable mmax_level="sentence" id="markable_552" span="word_9759..word_9772" />
<markable mmax_level="sentence" id="markable_553" span="word_9773..word_9775" />
<markable mmax_level="sentence" id="markable_554" span="word_9776..word_9777" />
<markable mmax_level="sentence" id="markable_555" span="word_9778..word_9780" />
<markable mmax_level="sentence" id="markable_556" span="word_9781..word_9805" />
<markable mmax_level="sentence" id="markable_557" span="word_9806..word_9823" />
<markable mmax_level="sentence" id="markable_558" span="word_9824..word_9847" />
<markable mmax_level="sentence" id="markable_559" span="word_9848..word_9870" />
<markable mmax_level="sentence" id="markable_560" span="word_9871..word_9890" />
<markable mmax_level="sentence" id="markable_561" span="word_9891..word_9904" />
<markable mmax_level="sentence" id="markable_562" span="word_9905..word_9917" />
<markable mmax_level="sentence" id="markable_563" span="word_9918..word_9954" />
<markable mmax_level="sentence" id="markable_564" span="word_9955..word_9976" />
<markable mmax_level="sentence" id="markable_565" span="word_9977..word_9985" />
<markable mmax_level="sentence" id="markable_566" span="word_9986..word_9991" />
<markable mmax_level="sentence" id="markable_567" span="word_9992..word_10001" />
<markable mmax_level="sentence" id="markable_568" span="word_10002" />
<markable mmax_level="sentence" id="markable_569" span="word_10003..word_10010" />
<markable mmax_level="sentence" id="markable_570" span="word_10011..word_10030" />
<markable mmax_level="sentence" id="markable_571" span="word_10031..word_10046" />
<markable mmax_level="sentence" id="markable_572" span="word_10047..word_10064" />
<markable mmax_level="sentence" id="markable_573" span="word_10065..word_10066" />
<markable mmax_level="sentence" id="markable_574" span="word_10067..word_10081" />
<markable mmax_level="sentence" id="markable_575" span="word_10082..word_10088" />
<markable mmax_level="sentence" id="markable_576" span="word_10089..word_10122" />
<markable mmax_level="sentence" id="markable_577" span="word_10123..word_10124" />
<markable mmax_level="sentence" id="markable_578" span="word_10125..word_10150" />
<markable mmax_level="sentence" id="markable_579" span="word_10151..word_10180" />
<markable mmax_level="sentence" id="markable_580" span="word_10181..word_10197" />
<markable mmax_level="sentence" id="markable_581" span="word_10198..word_10211" />
<markable mmax_level="sentence" id="markable_582" span="word_10212..word_10239" />
<markable mmax_level="sentence" id="markable_583" span="word_10240..word_10264" />
<markable mmax_level="sentence" id="markable_584" span="word_10265..word_10267" />
<markable mmax_level="sentence" id="markable_585" span="word_10268..word_10343" />
<markable mmax_level="sentence" id="markable_586" span="word_10344..word_10354" />
<markable mmax_level="sentence" id="markable_587" span="word_10355..word_10405" />
<markable mmax_level="sentence" id="markable_588" span="word_10406..word_10430" />
<markable mmax_level="sentence" id="markable_589" span="word_10431..word_10478" />
<markable mmax_level="sentence" id="markable_590" span="word_10479..word_10484" />
<markable mmax_level="sentence" id="markable_591" span="word_10485..word_10486" />
<markable mmax_level="sentence" id="markable_592" span="word_10487..word_10488" />
<markable mmax_level="sentence" id="markable_593" span="word_10489..word_10492" />
<markable mmax_level="sentence" id="markable_594" span="word_10493..word_10502" />
<markable mmax_level="sentence" id="markable_595" span="word_10503..word_10508" />
<markable mmax_level="sentence" id="markable_596" span="word_10509..word_10536" />
<markable mmax_level="sentence" id="markable_597" span="word_10537..word_10552" />
<markable mmax_level="sentence" id="markable_598" span="word_10553" />
<markable mmax_level="sentence" id="markable_599" span="word_10554..word_10642" />
<markable mmax_level="sentence" id="markable_600" span="word_10643..word_10659" />
<markable mmax_level="sentence" id="markable_601" span="word_10660..word_10775" />
<markable mmax_level="sentence" id="markable_602" span="word_10776..word_10803" />
<markable mmax_level="sentence" id="markable_603" span="word_10804..word_10806" />
<markable mmax_level="sentence" id="markable_604" span="word_10807..word_10810" />
<markable mmax_level="sentence" id="markable_605" span="word_10811..word_10870" />
<markable mmax_level="sentence" id="markable_606" span="word_10871..word_10883" />
<markable mmax_level="sentence" id="markable_607" span="word_10884" />
<markable mmax_level="sentence" id="markable_608" span="word_10885..word_10888" />
<markable mmax_level="sentence" id="markable_609" span="word_10889..word_10922" />
<markable mmax_level="sentence" id="markable_610" span="word_10923..word_10933" />
<markable mmax_level="sentence" id="markable_611" span="word_10934..word_10956" />
<markable mmax_level="sentence" id="markable_612" span="word_10957..word_10993" />
<markable mmax_level="sentence" id="markable_613" span="word_10994..word_11002" />
<markable mmax_level="sentence" id="markable_614" span="word_11003..word_11016" />
<markable mmax_level="sentence" id="markable_615" span="word_11017..word_11051" />
<markable mmax_level="sentence" id="markable_616" span="word_11052..word_11104" />
<markable mmax_level="sentence" id="markable_617" span="word_11105..word_11139" />
<markable mmax_level="sentence" id="markable_618" span="word_11140..word_11179" />
<markable mmax_level="sentence" id="markable_619" span="word_11180..word_11187" />
<markable mmax_level="sentence" id="markable_620" span="word_11188..word_11199" />
<markable mmax_level="sentence" id="markable_621" span="word_11200..word_11237" />
<markable mmax_level="sentence" id="markable_622" span="word_11238" />
<markable mmax_level="sentence" id="markable_623" span="word_11239..word_11251" />
<markable mmax_level="sentence" id="markable_624" span="word_11252..word_11269" />
<markable mmax_level="sentence" id="markable_625" span="word_11270..word_11284" />
<markable mmax_level="sentence" id="markable_626" span="word_11285..word_11296" />
<markable mmax_level="sentence" id="markable_627" span="word_11297..word_11306" />
<markable mmax_level="sentence" id="markable_628" span="word_11307..word_11330" />
<markable mmax_level="sentence" id="markable_629" span="word_11331..word_11341" />
<markable mmax_level="sentence" id="markable_630" span="word_11342..word_11347" />
<markable mmax_level="sentence" id="markable_631" span="word_11348..word_11359" />
<markable mmax_level="sentence" id="markable_632" span="word_11360..word_11371" />
<markable mmax_level="sentence" id="markable_633" span="word_11372..word_11393" />
<markable mmax_level="sentence" id="markable_634" span="word_11394..word_11399" />
<markable mmax_level="sentence" id="markable_635" span="word_11400..word_11407" />
<markable mmax_level="sentence" id="markable_636" span="word_11408..word_11430" />
<markable mmax_level="sentence" id="markable_637" span="word_11431..word_11457" />
<markable mmax_level="sentence" id="markable_638" span="word_11458..word_11480" />
<markable mmax_level="sentence" id="markable_639" span="word_11481..word_11482" />
<markable mmax_level="sentence" id="markable_640" span="word_11483..word_11485" />
<markable mmax_level="sentence" id="markable_641" span="word_11486..word_11500" />
<markable mmax_level="sentence" id="markable_642" span="word_11501..word_11506" />
<markable mmax_level="sentence" id="markable_643" span="word_11507..word_11520" />
<markable mmax_level="sentence" id="markable_644" span="word_11521..word_11557" />
<markable mmax_level="sentence" id="markable_645" span="word_11558..word_11582" />
<markable mmax_level="sentence" id="markable_646" span="word_11583..word_11597" />
<markable mmax_level="sentence" id="markable_647" span="word_11598..word_11603" />
<markable mmax_level="sentence" id="markable_648" span="word_11604..word_11612" />
<markable mmax_level="sentence" id="markable_649" span="word_11613..word_11625" />
<markable mmax_level="sentence" id="markable_650" span="word_11626..word_11649" />
<markable mmax_level="sentence" id="markable_651" span="word_11650..word_11662" />
<markable mmax_level="sentence" id="markable_652" span="word_11663..word_11681" />
<markable mmax_level="sentence" id="markable_653" span="word_11682..word_11687" />
<markable mmax_level="sentence" id="markable_654" span="word_11688..word_11715" />
<markable mmax_level="sentence" id="markable_655" span="word_11716..word_11728" />
<markable mmax_level="sentence" id="markable_656" span="word_11729..word_11731" />
<markable mmax_level="sentence" id="markable_657" span="word_11732..word_11750" />
<markable mmax_level="sentence" id="markable_658" span="word_11751..word_11779" />
<markable mmax_level="sentence" id="markable_659" span="word_11780..word_11789" />
<markable mmax_level="sentence" id="markable_660" span="word_11790..word_11798" />
<markable mmax_level="sentence" id="markable_661" span="word_11799..word_11820" />
<markable mmax_level="sentence" id="markable_662" span="word_11821..word_11833" />
<markable mmax_level="sentence" id="markable_663" span="word_11834..word_11844" />
<markable mmax_level="sentence" id="markable_664" span="word_11845..word_11851" />
<markable mmax_level="sentence" id="markable_665" span="word_11852..word_11859" />
<markable mmax_level="sentence" id="markable_666" span="word_11860..word_11870" />
<markable mmax_level="sentence" id="markable_667" span="word_11871..word_11874" />
<markable mmax_level="sentence" id="markable_668" span="word_11875..word_11889" />
<markable mmax_level="sentence" id="markable_669" span="word_11890..word_11904" />
<markable mmax_level="sentence" id="markable_670" span="word_11905..word_11908" />
<markable mmax_level="sentence" id="markable_671" span="word_11909" />
<markable mmax_level="sentence" id="markable_672" span="word_11910..word_11911" />
<markable mmax_level="sentence" id="markable_673" span="word_11912..word_11916" />
<markable mmax_level="sentence" id="markable_674" span="word_11917..word_11922" />
<markable mmax_level="sentence" id="markable_675" span="word_11923..word_11933" />
<markable mmax_level="sentence" id="markable_676" span="word_11934..word_11963" />
<markable mmax_level="sentence" id="markable_677" span="word_11964..word_11975" />
<markable mmax_level="sentence" id="markable_678" span="word_11976..word_11982" />
<markable mmax_level="sentence" id="markable_679" span="word_11983..word_11989" />
<markable mmax_level="sentence" id="markable_680" span="word_11990..word_12011" />
<markable mmax_level="sentence" id="markable_681" span="word_12012..word_12017" />
<markable mmax_level="sentence" id="markable_682" span="word_12018..word_12030" />
<markable mmax_level="sentence" id="markable_683" span="word_12031..word_12035" />
<markable mmax_level="sentence" id="markable_684" span="word_12036..word_12052" />
<markable mmax_level="sentence" id="markable_685" span="word_12053..word_12068" />
<markable mmax_level="sentence" id="markable_686" span="word_12069..word_12077" />
<markable mmax_level="sentence" id="markable_687" span="word_12078..word_12087" />
<markable mmax_level="sentence" id="markable_688" span="word_12088..word_12096" />
<markable mmax_level="sentence" id="markable_689" span="word_12097..word_12106" />
<markable mmax_level="sentence" id="markable_690" span="word_12107..word_12124" />
<markable mmax_level="sentence" id="markable_691" span="word_12125..word_12142" />
<markable mmax_level="sentence" id="markable_692" span="word_12143..word_12162" />
<markable mmax_level="sentence" id="markable_693" span="word_12163..word_12188" />
<markable mmax_level="sentence" id="markable_694" span="word_12189..word_12194" />
<markable mmax_level="sentence" id="markable_695" span="word_12195..word_12222" />
<markable mmax_level="sentence" id="markable_696" span="word_12223..word_12247" />
<markable mmax_level="sentence" id="markable_697" span="word_12248..word_12255" />
<markable mmax_level="sentence" id="markable_698" span="word_12256..word_12271" />
<markable mmax_level="sentence" id="markable_699" span="word_12272..word_12275" />
<markable mmax_level="sentence" id="markable_700" span="word_12276..word_12297" />
<markable mmax_level="sentence" id="markable_701" span="word_12298..word_12327" />
<markable mmax_level="sentence" id="markable_702" span="word_12328..word_12347" />
<markable mmax_level="sentence" id="markable_703" span="word_12348..word_12359" />
<markable mmax_level="sentence" id="markable_704" span="word_12360..word_12387" />
<markable mmax_level="sentence" id="markable_705" span="word_12388..word_12405" />
<markable mmax_level="sentence" id="markable_706" span="word_12406..word_12429" />
<markable mmax_level="sentence" id="markable_707" span="word_12430..word_12455" />
<markable mmax_level="sentence" id="markable_708" span="word_12456..word_12462" />
<markable mmax_level="sentence" id="markable_709" span="word_12463..word_12471" />
<markable mmax_level="sentence" id="markable_710" span="word_12472..word_12473" />
<markable mmax_level="sentence" id="markable_711" span="word_12474..word_12479" />
<markable mmax_level="sentence" id="markable_712" span="word_12480..word_12505" />
<markable mmax_level="sentence" id="markable_713" span="word_12506" />
<markable mmax_level="sentence" id="markable_714" span="word_12507..word_12510" />
<markable mmax_level="sentence" id="markable_715" span="word_12511..word_12538" />
<markable mmax_level="sentence" id="markable_716" span="word_12539..word_12547" />
<markable mmax_level="sentence" id="markable_717" span="word_12548..word_12581" />
<markable mmax_level="sentence" id="markable_718" span="word_12582..word_12597" />
<markable mmax_level="sentence" id="markable_719" span="word_12598..word_12607" />
<markable mmax_level="sentence" id="markable_720" span="word_12608..word_12609" />
<markable mmax_level="sentence" id="markable_721" span="word_12610..word_12630" />
<markable mmax_level="sentence" id="markable_722" span="word_12631..word_12664" />
<markable mmax_level="sentence" id="markable_723" span="word_12665..word_12693" />
<markable mmax_level="sentence" id="markable_724" span="word_12694..word_12706" />
<markable mmax_level="sentence" id="markable_725" span="word_12707..word_12740" />
<markable mmax_level="sentence" id="markable_726" span="word_12741..word_12745" />
<markable mmax_level="sentence" id="markable_727" span="word_12746..word_12761" />
<markable mmax_level="sentence" id="markable_728" span="word_12762..word_12781" />
<markable mmax_level="sentence" id="markable_729" span="word_12782..word_12807" />
<markable mmax_level="sentence" id="markable_730" span="word_12808..word_12814" />
<markable mmax_level="sentence" id="markable_731" span="word_12815" />
<markable mmax_level="sentence" id="markable_732" span="word_12816..word_12819" />
<markable mmax_level="sentence" id="markable_733" span="word_12820..word_12837" />
<markable mmax_level="sentence" id="markable_734" span="word_12838..word_12846" />
<markable mmax_level="sentence" id="markable_735" span="word_12847..word_12856" />
<markable mmax_level="sentence" id="markable_736" span="word_12857..word_12867" />
<markable mmax_level="sentence" id="markable_737" span="word_12868..word_12876" />
<markable mmax_level="sentence" id="markable_738" span="word_12877..word_12881" />
<markable mmax_level="sentence" id="markable_739" span="word_12882..word_12889" />
<markable mmax_level="sentence" id="markable_740" span="word_12890..word_12898" />
<markable mmax_level="sentence" id="markable_741" span="word_12899..word_12914" />
<markable mmax_level="sentence" id="markable_742" span="word_12915..word_12923" />
<markable mmax_level="sentence" id="markable_743" span="word_12924..word_12930" />
<markable mmax_level="sentence" id="markable_744" span="word_12931..word_12935" />
<markable mmax_level="sentence" id="markable_745" span="word_12936..word_12939" />
<markable mmax_level="sentence" id="markable_746" span="word_12940..word_12959" />
<markable mmax_level="sentence" id="markable_747" span="word_12960..word_12967" />
<markable mmax_level="sentence" id="markable_748" span="word_12968..word_12977" />
<markable mmax_level="sentence" id="markable_749" span="word_12978..word_12986" />
<markable mmax_level="sentence" id="markable_750" span="word_12987..word_13006" />
<markable mmax_level="sentence" id="markable_751" span="word_13007..word_13014" />
<markable mmax_level="sentence" id="markable_752" span="word_13015..word_13025" />
<markable mmax_level="sentence" id="markable_753" span="word_13026..word_13037" />
<markable mmax_level="sentence" id="markable_754" span="word_13038..word_13048" />
<markable mmax_level="sentence" id="markable_755" span="word_13049..word_13056" />
<markable mmax_level="sentence" id="markable_756" span="word_13057..word_13060" />
<markable mmax_level="sentence" id="markable_757" span="word_13061..word_13068" />
<markable mmax_level="sentence" id="markable_758" span="word_13069..word_13094" />
<markable mmax_level="sentence" id="markable_759" span="word_13095..word_13096" />
<markable mmax_level="sentence" id="markable_760" span="word_13097" />
<markable mmax_level="sentence" id="markable_761" span="word_13098..word_13100" />
<markable mmax_level="sentence" id="markable_762" span="word_13101..word_13106" />
<markable mmax_level="sentence" id="markable_763" span="word_13107..word_13119" />
<markable mmax_level="sentence" id="markable_764" span="word_13120..word_13133" />
<markable mmax_level="sentence" id="markable_765" span="word_13134..word_13145" />
<markable mmax_level="sentence" id="markable_766" span="word_13146..word_13153" />
<markable mmax_level="sentence" id="markable_767" span="word_13154..word_13160" />
<markable mmax_level="sentence" id="markable_768" span="word_13161..word_13169" />
<markable mmax_level="sentence" id="markable_769" span="word_13170..word_13175" />
<markable mmax_level="sentence" id="markable_770" span="word_13176..word_13183" />
<markable mmax_level="sentence" id="markable_771" span="word_13184..word_13195" />
<markable mmax_level="sentence" id="markable_772" span="word_13196..word_13214" />
<markable mmax_level="sentence" id="markable_773" span="word_13215..word_13217" />
<markable mmax_level="sentence" id="markable_774" span="word_13218..word_13233" />
<markable mmax_level="sentence" id="markable_775" span="word_13234..word_13238" />
<markable mmax_level="sentence" id="markable_776" span="word_13239..word_13249" />
<markable mmax_level="sentence" id="markable_777" span="word_13250..word_13254" />
<markable mmax_level="sentence" id="markable_778" span="word_13255..word_13274" />
<markable mmax_level="sentence" id="markable_779" span="word_13275..word_13290" />
<markable mmax_level="sentence" id="markable_780" span="word_13291..word_13311" />
<markable mmax_level="sentence" id="markable_781" span="word_13312..word_13327" />
<markable mmax_level="sentence" id="markable_782" span="word_13328..word_13335" />
<markable mmax_level="sentence" id="markable_783" span="word_13336..word_13375" />
<markable mmax_level="sentence" id="markable_784" span="word_13376..word_13381" />
<markable mmax_level="sentence" id="markable_785" span="word_13382..word_13431" />
<markable mmax_level="sentence" id="markable_786" span="word_13432..word_13440" />
<markable mmax_level="sentence" id="markable_787" span="word_13441..word_13443" />
<markable mmax_level="sentence" id="markable_788" span="word_13444..word_13449" />
<markable mmax_level="sentence" id="markable_789" span="word_13450" />
<markable mmax_level="sentence" id="markable_790" span="word_13451..word_13473" />
<markable mmax_level="sentence" id="markable_791" span="word_13474..word_13487" />
<markable mmax_level="sentence" id="markable_792" span="word_13488..word_13503" />
<markable mmax_level="sentence" id="markable_793" span="word_13504..word_13516" />
<markable mmax_level="sentence" id="markable_794" span="word_13517..word_13525" />
<markable mmax_level="sentence" id="markable_795" span="word_13526..word_13527" />
<markable mmax_level="sentence" id="markable_796" span="word_13528..word_13539" />
<markable mmax_level="sentence" id="markable_797" span="word_13540..word_13563" />
<markable mmax_level="sentence" id="markable_798" span="word_13564..word_13569" />
<markable mmax_level="sentence" id="markable_799" span="word_13570" />
<markable mmax_level="sentence" id="markable_800" span="word_13571..word_13590" />
<markable mmax_level="sentence" id="markable_801" span="word_13591..word_13605" />
<markable mmax_level="sentence" id="markable_802" span="word_13606" />
<markable mmax_level="sentence" id="markable_803" span="word_13607..word_13636" />
<markable mmax_level="sentence" id="markable_804" span="word_13637..word_13667" />
<markable mmax_level="sentence" id="markable_805" span="word_13668" />
<markable mmax_level="sentence" id="markable_806" span="word_13669..word_13696" />
<markable mmax_level="sentence" id="markable_807" span="word_13697..word_13735" />
<markable mmax_level="sentence" id="markable_808" span="word_13736..word_13749" />
<markable mmax_level="sentence" id="markable_809" span="word_13750..word_13759" />
<markable mmax_level="sentence" id="markable_810" span="word_13760..word_13784" />
<markable mmax_level="sentence" id="markable_811" span="word_13785..word_13806" />
<markable mmax_level="sentence" id="markable_812" span="word_13807..word_13831" />
<markable mmax_level="sentence" id="markable_813" span="word_13832..word_13841" />
<markable mmax_level="sentence" id="markable_814" span="word_13842..word_13855" />
<markable mmax_level="sentence" id="markable_815" span="word_13856..word_13857" />
<markable mmax_level="sentence" id="markable_816" span="word_13858..word_13876" />
<markable mmax_level="sentence" id="markable_817" span="word_13877..word_13892" />
<markable mmax_level="sentence" id="markable_818" span="word_13893" />
<markable mmax_level="sentence" id="markable_819" span="word_13894..word_13927" />
<markable mmax_level="sentence" id="markable_820" span="word_13928..word_13965" />
<markable mmax_level="sentence" id="markable_821" span="word_13966..word_13974" />
<markable mmax_level="sentence" id="markable_822" span="word_13975..word_14001" />
<markable mmax_level="sentence" id="markable_823" span="word_14002..word_14006" />
<markable mmax_level="sentence" id="markable_824" span="word_14007..word_14011" />
<markable mmax_level="sentence" id="markable_825" span="word_14012..word_14018" />
<markable mmax_level="sentence" id="markable_826" span="word_14019..word_14038" />
<markable mmax_level="sentence" id="markable_827" span="word_14039..word_14040" />
<markable mmax_level="sentence" id="markable_828" span="word_14041..word_14077" />
<markable mmax_level="sentence" id="markable_829" span="word_14078..word_14113" />
<markable mmax_level="sentence" id="markable_830" span="word_14114..word_14153" />
<markable mmax_level="sentence" id="markable_831" span="word_14154..word_14168" />
<markable mmax_level="sentence" id="markable_832" span="word_14169..word_14190" />
<markable mmax_level="sentence" id="markable_833" span="word_14191..word_14196" />
<markable mmax_level="sentence" id="markable_834" span="word_14197..word_14212" />
<markable mmax_level="sentence" id="markable_835" span="word_14213..word_14240" />
<markable mmax_level="sentence" id="markable_836" span="word_14241..word_14274" />
<markable mmax_level="sentence" id="markable_837" span="word_14275..word_14290" />
<markable mmax_level="sentence" id="markable_838" span="word_14291" />
<markable mmax_level="sentence" id="markable_839" span="word_14292..word_14310" />
<markable mmax_level="sentence" id="markable_840" span="word_14311..word_14350" />
<markable mmax_level="sentence" id="markable_841" span="word_14351..word_14367" />
<markable mmax_level="sentence" id="markable_842" span="word_14368..word_14369" />
<markable mmax_level="sentence" id="markable_843" span="word_14370..word_14385" />
<markable mmax_level="sentence" id="markable_844" span="word_14386..word_14406" />
<markable mmax_level="sentence" id="markable_845" span="word_14407..word_14434" />
<markable mmax_level="sentence" id="markable_846" span="word_14435..word_14436" />
<markable mmax_level="sentence" id="markable_847" span="word_14437..word_14444" />
<markable mmax_level="sentence" id="markable_848" span="word_14445..word_14470" />
<markable mmax_level="sentence" id="markable_849" span="word_14471" />
<markable mmax_level="sentence" id="markable_850" span="word_14472..word_14486" />
<markable mmax_level="sentence" id="markable_851" span="word_14487..word_14524" />
<markable mmax_level="sentence" id="markable_852" span="word_14525..word_14552" />
<markable mmax_level="sentence" id="markable_853" span="word_14553..word_14576" />
<markable mmax_level="sentence" id="markable_854" span="word_14577..word_14601" />
<markable mmax_level="sentence" id="markable_855" span="word_14602..word_14641" />
<markable mmax_level="sentence" id="markable_856" span="word_14642..word_14668" />
<markable mmax_level="sentence" id="markable_857" span="word_14669..word_14689" />
<markable mmax_level="sentence" id="markable_858" span="word_14690..word_14721" />
<markable mmax_level="sentence" id="markable_859" span="word_14722..word_14728" />
<markable mmax_level="sentence" id="markable_860" span="word_14729..word_14746" />
<markable mmax_level="sentence" id="markable_861" span="word_14747" />
<markable mmax_level="sentence" id="markable_862" span="word_14748..word_14780" />
<markable mmax_level="sentence" id="markable_863" span="word_14781..word_14814" />
<markable mmax_level="sentence" id="markable_864" span="word_14815..word_14846" />
<markable mmax_level="sentence" id="markable_865" span="word_14847" />
<markable mmax_level="sentence" id="markable_866" span="word_14848..word_14871" />
<markable mmax_level="sentence" id="markable_867" span="word_14872" />
<markable mmax_level="sentence" id="markable_868" span="word_14873..word_14886" />
<markable mmax_level="sentence" id="markable_869" span="word_14887..word_14902" />
<markable mmax_level="sentence" id="markable_870" span="word_14903..word_14920" />
<markable mmax_level="sentence" id="markable_871" span="word_14921..word_14935" />
<markable mmax_level="sentence" id="markable_872" span="word_14936..word_14940" />
<markable mmax_level="sentence" id="markable_873" span="word_14941..word_14942" />
<markable mmax_level="sentence" id="markable_874" span="word_14943..word_14950" />
<markable mmax_level="sentence" id="markable_875" span="word_14951..word_14952" />
<markable mmax_level="sentence" id="markable_876" span="word_14953..word_14965" />
<markable mmax_level="sentence" id="markable_877" span="word_14966..word_14991" />
<markable mmax_level="sentence" id="markable_878" span="word_14992..word_15042" />
<markable mmax_level="sentence" id="markable_879" span="word_15043..word_15059" />
<markable mmax_level="sentence" id="markable_880" span="word_15060..word_15085" />
<markable mmax_level="sentence" id="markable_881" span="word_15086..word_15102" />
<markable mmax_level="sentence" id="markable_882" span="word_15103..word_15128" />
<markable mmax_level="sentence" id="markable_883" span="word_15129..word_15151" />
<markable mmax_level="sentence" id="markable_884" span="word_15152..word_15162" />
<markable mmax_level="sentence" id="markable_885" span="word_15163..word_15187" />
<markable mmax_level="sentence" id="markable_886" span="word_15188..word_15196" />
<markable mmax_level="sentence" id="markable_887" span="word_15197..word_15215" />
<markable mmax_level="sentence" id="markable_888" span="word_15216..word_15252" />
<markable mmax_level="sentence" id="markable_889" span="word_15253..word_15282" />
<markable mmax_level="sentence" id="markable_890" span="word_15283..word_15294" />
<markable mmax_level="sentence" id="markable_891" span="word_15295..word_15309" />
<markable mmax_level="sentence" id="markable_892" span="word_15310..word_15323" />
<markable mmax_level="sentence" id="markable_893" span="word_15324..word_15339" />
<markable mmax_level="sentence" id="markable_894" span="word_15340..word_15342" />
<markable mmax_level="sentence" id="markable_895" span="word_15343..word_15369" />
<markable mmax_level="sentence" id="markable_896" span="word_15370..word_15379" />
<markable mmax_level="sentence" id="markable_897" span="word_15380..word_15388" />
<markable mmax_level="sentence" id="markable_898" span="word_15389..word_15408" />
<markable mmax_level="sentence" id="markable_899" span="word_15409..word_15419" />
<markable mmax_level="sentence" id="markable_900" span="word_15420..word_15455" />
<markable mmax_level="sentence" id="markable_901" span="word_15456..word_15470" />
<markable mmax_level="sentence" id="markable_902" span="word_15471..word_15502" />
<markable mmax_level="sentence" id="markable_903" span="word_15503..word_15510" />
<markable mmax_level="sentence" id="markable_904" span="word_15511..word_15522" />
<markable mmax_level="sentence" id="markable_905" span="word_15523..word_15554" />
<markable mmax_level="sentence" id="markable_906" span="word_15555..word_15562" />
<markable mmax_level="sentence" id="markable_907" span="word_15563..word_15584" />
<markable mmax_level="sentence" id="markable_908" span="word_15585..word_15611" />
<markable mmax_level="sentence" id="markable_909" span="word_15612..word_15624" />
<markable mmax_level="sentence" id="markable_910" span="word_15625..word_15651" />
<markable mmax_level="sentence" id="markable_911" span="word_15652..word_15679" />
<markable mmax_level="sentence" id="markable_912" span="word_15680..word_15710" />
<markable mmax_level="sentence" id="markable_913" span="word_15711..word_15714" />
<markable mmax_level="sentence" id="markable_914" span="word_15715..word_15721" />
<markable mmax_level="sentence" id="markable_915" span="word_15722..word_15736" />
<markable mmax_level="sentence" id="markable_916" span="word_15737..word_15755" />
<markable mmax_level="sentence" id="markable_917" span="word_15756..word_15760" />
<markable mmax_level="sentence" id="markable_918" span="word_15761..word_15767" />
<markable mmax_level="sentence" id="markable_919" span="word_15768..word_15782" />
<markable mmax_level="sentence" id="markable_920" span="word_15783..word_15799" />
<markable mmax_level="sentence" id="markable_921" span="word_15800..word_15804" />
<markable mmax_level="sentence" id="markable_922" span="word_15805..word_15826" />
<markable mmax_level="sentence" id="markable_923" span="word_15827..word_15829" />
<markable mmax_level="sentence" id="markable_924" span="word_15830..word_15860" />
<markable mmax_level="sentence" id="markable_925" span="word_15861..word_15878" />
<markable mmax_level="sentence" id="markable_926" span="word_15879..word_15889" />
<markable mmax_level="sentence" id="markable_927" span="word_15890..word_15903" />
<markable mmax_level="sentence" id="markable_928" span="word_15904..word_15923" />
<markable mmax_level="sentence" id="markable_929" span="word_15924..word_15940" />
<markable mmax_level="sentence" id="markable_930" span="word_15941..word_16009" />
<markable mmax_level="sentence" id="markable_931" span="word_16010..word_16027" />
<markable mmax_level="sentence" id="markable_932" span="word_16028..word_16053" />
<markable mmax_level="sentence" id="markable_933" span="word_16054..word_16070" />
<markable mmax_level="sentence" id="markable_934" span="word_16071..word_16086" />
<markable mmax_level="sentence" id="markable_935" span="word_16087..word_16093" />
<markable mmax_level="sentence" id="markable_936" span="word_16094..word_16106" />
<markable mmax_level="sentence" id="markable_937" span="word_16107..word_16131" />
<markable mmax_level="sentence" id="markable_938" span="word_16132..word_16143" />
<markable mmax_level="sentence" id="markable_939" span="word_16144..word_16155" />
<markable mmax_level="sentence" id="markable_940" span="word_16156..word_16165" />
<markable mmax_level="sentence" id="markable_941" span="word_16166..word_16180" />
<markable mmax_level="sentence" id="markable_942" span="word_16181..word_16185" />
<markable mmax_level="sentence" id="markable_943" span="word_16186..word_16251" />
<markable mmax_level="sentence" id="markable_944" span="word_16252..word_16352" />
<markable mmax_level="sentence" id="markable_945" span="word_16353..word_16367" />
<markable mmax_level="sentence" id="markable_946" span="word_16368..word_16389" />
</markables>