<?xml version="1.0" encoding="UTF-8"?>
<!DOCTYPE words SYSTEM "words.dtd">
<words><word id="word_1">MADONA</word>
<word id="word_2">VADONIS</word>
<word id="word_3">TŪRISTIEM</word>
<word id="word_4">19_3_4.</word>
<word id="word_5">Izdevusi</word>
<word id="word_6">L.</word>
<word id="word_7">S.</word>
<word id="word_8">C.</word>
<word id="word_9">O.</word>
<word id="word_10">Madonas</word>
<word id="word_11">79.</word>
<word id="word_12">vienība</word>
<word id="word_13">(</word>
<word id="word_14">irāiuatu</word>
<word id="word_15">spiestuve</word>
<word id="word_16">.</word>
<word id="word_17">KONKURKNTS</word>
<word id="word_18">*</word>
<word id="word_19">Mutlonā</word>
<word id="word_20">,</word>
<word id="word_21">Blaumaņa</word>
<word id="word_22">ielA</word>
<word id="word_23">0</word>
<word id="word_24">Ievadam</word>
<word id="word_25">Pazīsti</word>
<word id="word_26">savu</word>
<word id="word_27">džimto</word>
<word id="word_28">zemi</word>
<word id="word_29">!</word>
<word id="word_30">Tas</word>
<word id="word_31">ir</word>
<word id="word_32">sauciens</word>
<word id="word_33">,</word>
<word id="word_34">kaš</word>
<word id="word_35">aicina</word>
<word id="word_36">katru</word>
<word id="word_37">kā</word>
<word id="word_38">vecu</word>
<word id="word_39">,</word>
<word id="word_40">tā</word>
<word id="word_41">jaunu</word>
<word id="word_42">iepazīties</word>
<word id="word_43">ar</word>
<word id="word_44">tēvu</word>
<word id="word_45">žemes</word>
<word id="word_46">skaistajām</word>
<word id="word_47">vietām</word>
<word id="word_48">.</word>
<word id="word_49">lepazīties</word>
<word id="word_50">ar</word>
<word id="word_51">tām</word>
<word id="word_52">vietām</word>
<word id="word_53">,</word>
<word id="word_54">kas</word>
<word id="word_55">ir</word>
<word id="word_56">netikai</word>
<word id="word_57">skaistas</word>
<word id="word_58">,</word>
<word id="word_59">bet</word>
<word id="word_60">ari</word>
<word id="word_61">vēsturiskas</word>
<word id="word_62">.</word>
<word id="word_63">Ar</word>
<word id="word_64">vietām</word>
<word id="word_65">no</word>
<word id="word_66">kurām</word>
<word id="word_67">iedegās</word>
<word id="word_68">Latvijas</word>
<word id="word_69">brīvības</word>
<word id="word_70">l</word>
<word id="word_71">i</word>
<word id="word_72">e</word>
<word id="word_73">s</word>
<word id="word_74">m</word>
<word id="word_75">a</word>
<word id="word_76">*</word>
<word id="word_77">Šīs</word>
<word id="word_78">mazās</word>
<word id="word_79">brošuriņas</word>
<word id="word_80">mērķis</word>
<word id="word_81">ir</word>
<word id="word_82">dot</word>
<word id="word_83">vispārējos</word>
<word id="word_84">vilcienos</word>
<word id="word_85">aprakstu</word>
<word id="word_86">par</word>
<word id="word_87">Madonas</word>
<word id="word_88">un</word>
<word id="word_89">apkārtnes</word>
<word id="word_90">ievērības</word>
<word id="word_91">cienīgām</word>
<word id="word_92">vietām</word>
<word id="word_93">.</word>
<word id="word_94">Tūristi</word>
<word id="word_95">un</word>
<word id="word_96">visa</word>
<word id="word_97">pārējā</word>
<word id="word_98">Latvija</word>
<word id="word_99">maz</word>
<word id="word_100">vēl</word>
<word id="word_101">pazīst</word>
<word id="word_102">Madonu</word>
<word id="word_103">,</word>
<word id="word_104">jo</word>
<word id="word_105">nebija</word>
<word id="word_106">nekādi</word>
<word id="word_107">prospekti</word>
<word id="word_108">no</word>
<word id="word_109">kā</word>
<word id="word_110">gūt</word>
<word id="word_111">skaidrību</word>
<word id="word_112">par</word>
<word id="word_113">Madonas</word>
<word id="word_114">tiesām</word>
<word id="word_115">skaistajiem</word>
<word id="word_116">dabas</word>
<word id="word_117">skatiem</word>
<word id="word_118">.</word>
<word id="word_119">Cerams</word>
<word id="word_120">,</word>
<word id="word_121">ka</word>
<word id="word_122">lielais</word>
<word id="word_123">robs</word>
<word id="word_124">būs</word>
<word id="word_125">kaut</word>
<word id="word_126">cik</word>
<word id="word_127">aizpildīts</word>
<word id="word_128">.</word>
<word id="word_129">Ja_arī</word>
<word id="word_130">sastādīšanas</word>
<word id="word_131">darbā</word>
<word id="word_132">radušies</word>
<word id="word_133">trūkumi</word>
<word id="word_134">,</word>
<word id="word_135">tad</word>
<word id="word_136">ar</word>
<word id="word_137">sabiedrības</word>
<word id="word_138">laipno</word>
<word id="word_139">atsaucību</word>
<word id="word_140">tos</word>
<word id="word_141">centīsimies</word>
<word id="word_142">novērst</word>
<word id="word_143">turpmākajos</word>
<word id="word_144">izdevumos</word>
<word id="word_145">.</word>
<word id="word_146">Latvi</word>
<word id="word_147">,</word>
<word id="word_148">apceļo</word>
<word id="word_149">un</word>
<word id="word_150">mīlē</word>
<word id="word_151">savu</word>
<word id="word_152">Latviju</word>
<word id="word_153">!</word>
<word id="word_154">Autors</word>
<word id="word_155">.</word>
<word id="word_156">5</word>
<word id="word_157">Skats</word>
<word id="word_158">uz</word>
<word id="word_159">Lazdonas</word>
<word id="word_160">pils</word>
<word id="word_161">ezeru</word>
<word id="word_162">Madonas</word>
<word id="word_163">pilsēta</word>
<word id="word_164">Madona</word>
<word id="word_165">ir</word>
<word id="word_166">Austrumvidzemcs</word>
<word id="word_167">centrs</word>
<word id="word_168">.</word>
<word id="word_169">Tā</word>
<word id="word_170">atrodas</word>
<word id="word_171">pašā</word>
<word id="word_172">apriņķa</word>
<word id="word_173">sirdī</word>
<word id="word_174">,</word>
<word id="word_175">Vidzemes</word>
<word id="word_176">augstienas</word>
<word id="word_177">nogāzē</word>
<word id="word_178">.</word>
<word id="word_179">No</word>
<word id="word_180">valsts</word>
<word id="word_181">galvas</word>
<word id="word_182">pilsētas</word>
<word id="word_183">viņu</word>
<word id="word_184">šķir</word>
<word id="word_185">149</word>
<word id="word_186">km</word>
<word id="word_187">attālums</word>
<word id="word_188">pa</word>
<word id="word_189">lielceļu</word>
<word id="word_190">un</word>
<word id="word_191">8</word>
<word id="word_192">km</word>
<word id="word_193">vairāk</word>
<word id="word_194">pa</word>
<word id="word_195">dzelzceļu</word>
<word id="word_196">.</word>
<word id="word_197">Tuvākās</word>
<word id="word_198">lielākās</word>
<word id="word_199">apdzīvotās</word>
<word id="word_200">vietas</word>
<word id="word_201">:</word>
<word id="word_202">Cesvaine</word>
<word id="word_203">,</word>
<word id="word_204">Ļaudona</word>
<word id="word_205">,</word>
<word id="word_206">Mārciena</word>
<word id="word_207">,</word>
<word id="word_208">Vestiena</word>
<word id="word_209">...</word>
<word id="word_210">Čeki</word>
<word id="word_211">ceļi</word>
<word id="word_212">no</word>
<word id="word_213">visām</word>
<word id="word_214">debess</word>
<word id="word_215">pusēm</word>
<word id="word_216">ieved</word>
<word id="word_217">Madonā</word>
<word id="word_218">.</word>
<word id="word_219">Uzkrīt</word>
<word id="word_220">uzreiz</word>
<word id="word_221">pilsētas</word>
<word id="word_222">svaigums</word>
<word id="word_223">,</word>
<word id="word_224">un</word>
<word id="word_225">glītās</word>
<word id="word_226">mājas</word>
<word id="word_227">blakus</word>
<word id="word_228">nelieliem</word>
<word id="word_229">dārziem</word>
<word id="word_230">.</word>
<word id="word_231">Tamdēļ</word>
<word id="word_232">,</word>
<word id="word_233">ne</word>
<word id="word_234">par</word>
<word id="word_235">velti</word>
<word id="word_236">,</word>
<word id="word_237">Madonu</word>
<word id="word_238">sauc</word>
<word id="word_239">par</word>
<word id="word_240">dārzu</word>
<word id="word_241">pilsētu</word>
<word id="word_242">.</word>
<word id="word_243">Šis</word>
<word id="word_244">nosaukums</word>
<word id="word_245">arī</word>
<word id="word_246">pilnīgi</word>
<word id="word_247">attaisnojas</word>
<word id="word_248">.</word>
<word id="word_249">Glitas</word>
<word id="word_250">.</word>
<word id="word_251">taisnas</word>
<word id="word_252">,</word>
<word id="word_253">liepām</word>
<word id="word_254">apstādītas</word>
<word id="word_255">ielas</word>
<word id="word_256">ved</word>
<word id="word_257">krustām</word>
<word id="word_258">šķērsām</word>
<word id="word_259">pa</word>
<word id="word_260">pilsētu</word>
<word id="word_261">.</word>
<word id="word_262">Galvenās</word>
<word id="word_263">ielas</word>
<word id="word_264">bruģētas</word>
<word id="word_265">un</word>
<word id="word_266">gar</word>
<word id="word_267">mājām</word>
<word id="word_268">ierīkoti</word>
<word id="word_269">lieti</word>
<word id="word_270">trotuāri</word>
<word id="word_271">—</word>
<word id="word_272">„</word>
<word id="word_273">vakara</word>
<word id="word_274">pastaigai</word>
<word id="word_275">&quot;</word>
<word id="word_276">.</word>
<word id="word_277">Arī</word>
<word id="word_278">pilsētas</word>
<word id="word_279">valde</word>
<word id="word_280">ir</word>
<word id="word_281">rūpējusies</word>
<word id="word_282">par</word>
<word id="word_283">madoniešu</word>
<word id="word_284">labklājību</word>
<word id="word_285">,</word>
<word id="word_286">uzceldama</word>
<word id="word_287">tādas</word>
<word id="word_288">ēkas</word>
<word id="word_289">ka</word>
<word id="word_290">divas</word>
<word id="word_291">skolas</word>
<word id="word_292">—</word>
<word id="word_293">ģimnāziju</word>
<word id="word_294">un</word>
<word id="word_295">pamatskolu</word>
<word id="word_296">.</word>
<word id="word_297">Ģimnāzijas</word>
<word id="word_298">masīvais</word>
<word id="word_299">6</word>
<word id="word_300">stāvs</word>
<word id="word_301">jau</word>
<word id="word_302">pa</word>
<word id="word_303">gabalu</word>
<word id="word_304">dūrās</word>
<word id="word_305">iebraucējam</word>
<word id="word_306">acis</word>
<word id="word_307">.</word>
<word id="word_308">Tā</word>
<word id="word_309">atrodās</word>
<word id="word_310">skaistā</word>
<word id="word_311">vietā</word>
<word id="word_312">;</word>
<word id="word_313">romantiskās</word>
<word id="word_314">Gravas</word>
<word id="word_315">krastā</word>
<word id="word_316">.</word>
<word id="word_317">Celtne</word>
<word id="word_318">bij</word>
<word id="word_319">pirmais</word>
<word id="word_320">trīsstāvu</word>
<word id="word_321">nams</word>
<word id="word_322">Madonā</word>
<word id="word_323">un</word>
<word id="word_324">izmaksāja</word>
<word id="word_325">ap</word>
<word id="word_326">(</word>
<word id="word_327">260.000</word>
<word id="word_328">ls</word>
<word id="word_329">)</word>
<word id="word_330">13</word>
<word id="word_331">milj.</word>
<word id="word_332">rubļu</word>
<word id="word_333">.</word>
<word id="word_334">Vairākas</word>
<word id="word_335">valsts</word>
<word id="word_336">ēkas</word>
<word id="word_337">grezno</word>
<word id="word_338">Madonas</word>
<word id="word_339">panorāmu</word>
<word id="word_340">.</word>
<word id="word_341">Skaista</word>
<word id="word_342">māja</word>
<word id="word_343">Tirgus</word>
<word id="word_344">un</word>
<word id="word_345">Rīgas</word>
<word id="word_346">bulv</word>
<word id="word_347">.</word>
<word id="word_348">stūri</word>
<word id="word_349">—</word>
<word id="word_350">pasts</word>
<word id="word_351">un</word>
<word id="word_352">Avotu</word>
<word id="word_353">ielā</word>
<word id="word_354">Apriņķa</word>
<word id="word_355">valdes</word>
<word id="word_356">un</word>
<word id="word_357">policijas</word>
<word id="word_358">nams</word>
<word id="word_359">.</word>
<word id="word_360">Dzelzceļa</word>
<word id="word_361">stacija</word>
<word id="word_362">ievērojama</word>
<word id="word_363">ar</word>
<word id="word_364">to</word>
<word id="word_365">,</word>
<word id="word_366">ka</word>
<word id="word_367">uzglabājusi</word>
<word id="word_368">savu</word>
<word id="word_369">veco</word>
<word id="word_370">formu</word>
<word id="word_371">.</word>
<word id="word_372">Pēdējos</word>
<word id="word_373">gados</word>
<word id="word_374">Madona</word>
<word id="word_375">strauji</word>
<word id="word_376">apbūvējas</word>
<word id="word_377">un</word>
<word id="word_378">no</word>
<word id="word_379">pēdējām</word>
<word id="word_380">ievērojamām</word>
<word id="word_381">celtnēm</word>
<word id="word_382">mināms</word>
<word id="word_383">—</word>
<word id="word_384">Aizsargu</word>
<word id="word_385">,</word>
<word id="word_386">nams</word>
<word id="word_387">.</word>
<word id="word_388">Jauka</word>
<word id="word_389">pastaigāšanās</word>
<word id="word_390">vieta</word>
<word id="word_391">pa</word>
<word id="word_392">vakariem</word>
<word id="word_393">ir</word>
<word id="word_394">pilsētas</word>
<word id="word_395">parks</word>
<word id="word_396">.</word>
<word id="word_397">Tas</word>
<word id="word_398">ierīkots</word>
<word id="word_399">Muižas</word>
<word id="word_400">kalna</word>
<word id="word_401">dienv</word>
<word id="word_402">.</word>
<word id="word_403">-</word>
<word id="word_404">vakaru</word>
<word id="word_405">pusē</word>
<word id="word_406">.</word>
<word id="word_407">Stāvās</word>
<word id="word_408">Jēkaba</word>
<word id="word_409">trepes</word>
<word id="word_410">no</word>
<word id="word_411">Dārza</word>
<word id="word_412">un</word>
<word id="word_413">Blaumaņa</word>
<word id="word_414">ielas</word>
<word id="word_415">puses</word>
<word id="word_416">ved</word>
<word id="word_417">kalna</word>
<word id="word_418">galā</word>
<word id="word_419">,</word>
<word id="word_420">kur</word>
<word id="word_421">atrodas</word>
<word id="word_422">izrīkojumu</word>
<word id="word_423">laukums</word>
<word id="word_424">.</word>
<word id="word_425">Apkārt</word>
<word id="word_426">vijas</word>
<word id="word_427">brīnišķi</word>
<word id="word_428">celiņi</word>
<word id="word_429">.</word>
<word id="word_430">Šur</word>
<word id="word_431">tur</word>
<word id="word_432">klusākās</word>
<word id="word_433">REZERVĒTS</word>
<word id="word_434">prov</word>
<word id="word_435">.</word>
<word id="word_436">P.</word>
<word id="word_437">Dolmana</word>
<word id="word_438">kgm</word>
<word id="word_439">ļ_j_ļ</word>
<word id="word_440">7</word>
<word id="word_441">vietās</word>
<word id="word_442">stāv</word>
<word id="word_443">soli</word>
<word id="word_444">,</word>
<word id="word_445">kas</word>
<word id="word_446">kalpo</word>
<word id="word_447">īstai</word>
<word id="word_448">romantikai</word>
<word id="word_449">.</word>
<word id="word_450">Skaisti</word>
<word id="word_451">ir</word>
<word id="word_452">apstaigāt</word>
<word id="word_453">Madonas</word>
<word id="word_454">nomales</word>
<word id="word_455">un</word>
<word id="word_456">raudzīties</word>
<word id="word_457">uz</word>
<word id="word_458">ielejā</word>
<word id="word_459">gulošo</word>
<word id="word_460">centru</word>
<word id="word_461">—</word>
<word id="word_462">veco</word>
<word id="word_463">pilsētu</word>
<word id="word_464">.</word>
<word id="word_465">Romantikas</word>
<word id="word_466">iedvesmotāja</word>
<word id="word_467">ir</word>
<word id="word_468">Madonas</word>
<word id="word_469">sirds</word>
<word id="word_470">Grava</word>
<word id="word_471">,</word>
<word id="word_472">kas</word>
<word id="word_473">savā</word>
<word id="word_474">ēnainā</word>
<word id="word_475">zaļumā</word>
<word id="word_476">dod</word>
<word id="word_477">patīkamu</word>
<word id="word_478">atpūtu</word>
<word id="word_479">nogurušam</word>
<word id="word_480">ceļiniekam</word>
<word id="word_481">.</word>
<word id="word_482">Primitīvi</word>
<word id="word_483">,</word>
<word id="word_484">etektīvi</word>
<word id="word_485">celiņi</word>
<word id="word_486">lokās</word>
<word id="word_487">šurpu</word>
<word id="word_488">turpu</word>
<word id="word_489">pa</word>
<word id="word_490">krūmu</word>
<word id="word_491">biezokņiem</word>
<word id="word_492">un</word>
<word id="word_493">upītes</word>
<word id="word_494">līkumotiem</word>
<word id="word_495">krastiem</word>
<word id="word_496">Jautri</word>
<word id="word_497">čalodama</word>
<word id="word_498">rit</word>
<word id="word_499">upes</word>
<word id="word_500">straume</word>
<word id="word_501">,</word>
<word id="word_502">kas</word>
<word id="word_503">sajaukdamās</word>
<word id="word_504">ar</word>
<word id="word_505">lakstīgalu</word>
<word id="word_506">balsīm</word>
<word id="word_507">,</word>
<word id="word_508">dod</word>
<word id="word_509">īstu</word>
<word id="word_510">mūzikas</word>
<word id="word_511">un</word>
<word id="word_512">neizsīkstošas</word>
<word id="word_513">iekāres</word>
<word id="word_514">baudu</word>
<word id="word_515">.</word>
<word id="word_516">Tu</word>
<word id="word_517">,</word>
<word id="word_518">cilvēks</word>
<word id="word_519">,</word>
<word id="word_520">vari</word>
<word id="word_521">klausīties</word>
<word id="word_522">,</word>
<word id="word_523">klausīties</word>
<word id="word_524">...</word>
<word id="word_525">un</word>
<word id="word_526">tomēr</word>
<word id="word_527">tev</word>
<word id="word_528">neapniks</word>
<word id="word_529">.</word>
<word id="word_530">Cik</word>
<word id="word_531">tīkami</word>
<word id="word_532">atsēsties</word>
<word id="word_533">uz</word>
<word id="word_534">maza</word>
<word id="word_535">soliņa</word>
<word id="word_536">,</word>
<word id="word_537">ko</word>
<word id="word_538">klāj</word>
<word id="word_539">simtiem</word>
<word id="word_540">sagriestas</word>
<word id="word_541">monogramas</word>
<word id="word_542">un</word>
<word id="word_543">raudzīties</word>
<word id="word_544">pāri</word>
<word id="word_545">koku</word>
<word id="word_546">galiem</word>
<word id="word_547">noejošās</word>
<word id="word_548">saules</word>
<word id="word_549">atblāzmā</word>
<word id="word_550">.</word>
<word id="word_551">Šī</word>
<word id="word_552">Madonas</word>
<word id="word_553">pērle</word>
<word id="word_554">ar</word>
<word id="word_555">savu</word>
<word id="word_556">mirdzumu</word>
<word id="word_557">aicina</word>
<word id="word_558">Jūs</word>
<word id="word_559">—</word>
<word id="word_560">tūristus</word>
<word id="word_561">un</word>
<word id="word_562">svešniekus</word>
<word id="word_563">.</word>
<word id="word_564">Pilsēta</word>
<word id="word_565">izcēlusies</word>
<word id="word_566">ap</word>
<word id="word_567">bijušo</word>
<word id="word_568">Lever-krogu</word>
<word id="word_569">(</word>
<word id="word_570">tag</word>
<word id="word_571">.</word>
<word id="word_572">Krūmiņa</word>
<word id="word_573">māju</word>
<word id="word_574">Rīgas</word>
<word id="word_575">ielā</word>
<word id="word_576">)</word>
<word id="word_577">,</word>
<word id="word_578">kas</word>
<word id="word_579">agrāk</word>
<word id="word_580">bijusi</word>
<word id="word_581">ceļinieku</word>
<word id="word_582">pieturas</word>
<word id="word_583">vieta</word>
<word id="word_584">.</word>
<word id="word_585">Laiks</word>
<word id="word_586">ap</word>
<word id="word_587">krogu</word>
<word id="word_588">un</word>
<word id="word_589">tuvējo</word>
<word id="word_590">Biržu</word>
<word id="word_591">muižu</word>
<word id="word_592">,</word>
<word id="word_593">kas</word>
<word id="word_594">piederēja</word>
<word id="word_595">baronam</word>
<word id="word_596">Vulfam</word>
<word id="word_597">,</word>
<word id="word_598">izveidoja</word>
<word id="word_599">cilvēku</word>
<word id="word_600">mītnes</word>
<word id="word_601">un</word>
<word id="word_602">tagad</word>
<word id="word_603">Madonas</word>
<word id="word_604">platību</word>
<word id="word_605">var</word>
<word id="word_606">rēķināt</word>
<word id="word_607">uz</word>
<word id="word_608">5</word>
<word id="word_609">kv</word>
<word id="word_610">.</word>
<word id="word_611">km</word>
<word id="word_612">.</word>
<word id="word_613">Gatavu</word>
<word id="word_614">apģērbu</word>
<word id="word_615">un</word>
<word id="word_616">manufohfDras</word>
<word id="word_617">tirgotava</word>
<word id="word_618">E.</word>
<word id="word_619">AZENS</word>
<word id="word_620">iMadonā</word>
<word id="word_621">,</word>
<word id="word_622">Rīgas</word>
<word id="word_623">bulv.</word>
<word id="word_624">7</word>
<word id="word_625">-</word>
<word id="word_626">a</word>
<word id="word_627">Turpat</word>
<word id="word_628">dabūjami</word>
<word id="word_629">arī</word>
<word id="word_630">apavi</word>
<word id="word_631">.</word>
<word id="word_632">8</word>
<word id="word_633">Skats</word>
<word id="word_634">no</word>
<word id="word_635">Madonas</word>
<word id="word_636">apkārtnes</word>
<word id="word_637">Ceļotājam</word>
<word id="word_638">par</word>
<word id="word_639">naktsmājām</word>
<word id="word_640">nav</word>
<word id="word_641">ko</word>
<word id="word_642">bēdāties</word>
<word id="word_643">,</word>
<word id="word_644">jo</word>
<word id="word_645">pilsētā</word>
<word id="word_646">atrodas</word>
<word id="word_647">6</word>
<word id="word_648">viesnīcas</word>
<word id="word_649">.</word>
<word id="word_650">Ir</word>
<word id="word_651">arī</word>
<word id="word_652">daudz</word>
<word id="word_653">veikalu</word>
<word id="word_654">un</word>
<word id="word_655">citas</word>
<word id="word_656">labierīcības</word>
<word id="word_657">.</word>
<word id="word_658">No</word>
<word id="word_659">administratīvām</word>
<word id="word_660">iestādēm</word>
<word id="word_661">minamās</word>
<word id="word_662">:</word>
<word id="word_663">apriņķa</word>
<word id="word_664">policija</word>
<word id="word_665">,</word>
<word id="word_666">pasts</word>
<word id="word_667">,</word>
<word id="word_668">Latvijas</word>
<word id="word_669">Bankas</word>
<word id="word_670">Madonas</word>
<word id="word_671">nodaļa</word>
<word id="word_672">,</word>
<word id="word_673">pilsētas</word>
<word id="word_674">valde</word>
<word id="word_675">,</word>
<word id="word_676">Madonas</word>
<word id="word_677">apriņķa</word>
<word id="word_678">tiesu</word>
<word id="word_679">izpildītājs</word>
<word id="word_680">,</word>
<word id="word_681">Madonas</word>
<word id="word_682">apriņķa</word>
<word id="word_683">I.</word>
<word id="word_684">un</word>
<word id="word_685">111.</word>
<word id="word_686">iec.</word>
<word id="word_687">miertiesneši</word>
<word id="word_688">.</word>
<word id="word_689">Madonā</word>
<word id="word_690">iznāk</word>
<word id="word_691">arī</word>
<word id="word_692">plaša</word>
<word id="word_693">vietējā</word>
<word id="word_694">avīze</word>
<word id="word_695">~</word>
<word id="word_696">Madonas</word>
<word id="word_697">Ziņas</word>
<word id="word_698">&quot;</word>
<word id="word_699">,</word>
<word id="word_700">kas</word>
<word id="word_701">tūristiem</word>
<word id="word_702">var</word>
<word id="word_703">sniegt</word>
<word id="word_704">plašu</word>
<word id="word_705">informāciju</word>
<word id="word_706">par</word>
<word id="word_707">apkārtnes</word>
<word id="word_708">notikumiem</word>
<word id="word_709">.</word>
<word id="word_710">Lazdonas</word>
<word id="word_711">pareizticīgo</word>
<word id="word_712">kapsētā</word>
<word id="word_713">atrodas</word>
<word id="word_714">7</word>
<word id="word_715">Latvijas</word>
<word id="word_716">karā</word>
<word id="word_717">kritušo</word>
<word id="word_718">kapi</word>
<word id="word_719">,</word>
<word id="word_720">ko</word>
<word id="word_721">pēdējā</word>
<word id="word_722">laikā</word>
<word id="word_723">apkopj</word>
<word id="word_724">sabiedriskās</word>
<word id="word_725">organizācijas</word>
<word id="word_726">No</word>
<word id="word_727">rūpniecības</word>
<word id="word_728">un</word>
<word id="word_729">tirdzniecības</word>
<word id="word_730">uzņēmumiem</word>
<word id="word_731">ievērojamākie</word>
<word id="word_732">būtu</word>
<word id="word_733">:</word>
<word id="word_734">P.</word>
<word id="word_735">Rozīša</word>
<word id="word_736">koku</word>
<word id="word_737">apstrādāšanas</word>
<word id="word_738">fabrika</word>
<word id="word_739">un</word>
<word id="word_740">C.</word>
<word id="word_741">S.</word>
<word id="word_742">„</word>
<word id="word_743">Konzums</word>
<word id="word_744">&quot;</word>
<word id="word_745">Madonas</word>
<word id="word_746">nodaļa</word>
<word id="word_747">.</word>
<word id="word_748">9</word>
<word id="word_749">Tuvākā</word>
<word id="word_750">apkārtne</word>
<word id="word_751">Madonas</word>
<word id="word_752">apkārtne</word>
<word id="word_753">ievērojama</word>
<word id="word_754">ar</word>
<word id="word_755">savu</word>
<word id="word_756">ezeru</word>
<word id="word_757">un</word>
<word id="word_758">kalnu</word>
<word id="word_759">bagātību</word>
<word id="word_760">Kalni</word>
<word id="word_761">mainās</word>
<word id="word_762">ar</word>
<word id="word_763">ielejām</word>
<word id="word_764">,</word>
<word id="word_765">lauki</word>
<word id="word_766">ar</word>
<word id="word_767">mežiem</word>
<word id="word_768">,</word>
<word id="word_769">kuru</word>
<word id="word_770">vidū</word>
<word id="word_771">pamirdz</word>
<word id="word_772">ezeru</word>
<word id="word_773">tumšie</word>
<word id="word_774">līmeņi</word>
<word id="word_775">Tie</word>
<word id="word_776">ir</word>
<word id="word_777">neaizmirstami</word>
<word id="word_778">skati</word>
<word id="word_779">,</word>
<word id="word_780">kad</word>
<word id="word_781">no</word>
<word id="word_782">kalna</word>
<word id="word_783">gala</word>
<word id="word_784">ars</word>
<word id="word_785">vēro</word>
<word id="word_786">krāšņo</word>
<word id="word_787">ieleju</word>
<word id="word_788">,</word>
<word id="word_789">kas</word>
<word id="word_790">atgādina</word>
<word id="word_791">„</word>
<word id="word_792">tūkstošezeru</word>
<word id="word_793">zemi</word>
<word id="word_794">&quot;</word>
<word id="word_795">.</word>
<word id="word_796">Un</word>
<word id="word_797">ik</word>
<word id="word_798">uz</word>
<word id="word_799">soļa</word>
<word id="word_800">daba</word>
<word id="word_801">uzbur</word>
<word id="word_802">jaunu</word>
<word id="word_803">ainavu</word>
<word id="word_804">,</word>
<word id="word_805">vēl</word>
<word id="word_806">neaizmirstamāku</word>
<word id="word_807">,</word>
<word id="word_808">vel</word>
<word id="word_809">skaistāku</word>
<word id="word_810">no</word>
<word id="word_811">tiem</word>
<word id="word_812">pašiem</word>
<word id="word_813">elementiem</word>
<word id="word_814">:</word>
<word id="word_815">meža</word>
<word id="word_816">,</word>
<word id="word_817">ezera</word>
<word id="word_818">tumši</word>
<word id="word_819">spīdīgā</word>
<word id="word_820">līmeņa</word>
<word id="word_821">un</word>
<word id="word_822">mākoņainā</word>
<word id="word_823">debess</word>
<word id="word_824">lauka</word>
<word id="word_825">.</word>
<word id="word_826">Ceļš</word>
<word id="word_827">novedis</word>
<word id="word_828">trīs</word>
<word id="word_829">ar</word>
<word id="word_830">pus</word>
<word id="word_831">km</word>
<word id="word_832">no</word>
<word id="word_833">Madonas</word>
<word id="word_834">.</word>
<word id="word_835">Starp</word>
<word id="word_836">kokiem</word>
<word id="word_837">paspīd</word>
<word id="word_838">dzidrs</word>
<word id="word_839">līmenis</word>
<word id="word_840">,</word>
<word id="word_841">kam</word>
<word id="word_842">pāri</word>
<word id="word_843">otrā</word>
<word id="word_844">krasta</word>
<word id="word_845">saules</word>
<word id="word_846">staru</word>
<word id="word_847">aplieta</word>
<word id="word_848">diženi</word>
<word id="word_849">no</word>
<word id="word_850">koku</word>
<word id="word_851">lapotņiem</word>
<word id="word_852">izceļas</word>
<word id="word_853">masīvā</word>
<word id="word_854">Lazdonas</word>
<word id="word_855">pils</word>
<word id="word_856">—</word>
<word id="word_857">kādreizējā</word>
<word id="word_858">barona</word>
<word id="word_859">Vulfa</word>
<word id="word_860">medību</word>
<word id="word_861">rezidence</word>
<word id="word_862">.</word>
<word id="word_863">Celta</word>
<word id="word_864">no</word>
<word id="word_865">pelēkiem</word>
<word id="word_866">lauku</word>
<word id="word_867">akmeņiem&apos;</word>
<word id="word_868">un</word>
<word id="word_869">sarkaniem</word>
<word id="word_870">ķieģeļiem</word>
<word id="word_871">.</word>
<word id="word_872">Pakrastē</word>
<word id="word_873">skalojas</word>
<word id="word_874">drūmā</word>
<word id="word_875">ezera</word>
<word id="word_876">viļņi</word>
<word id="word_877">.</word>
<word id="word_878">Tauta</word>
<word id="word_879">to</word>
<word id="word_880">nokrustījusi</word>
<word id="word_881">par</word>
<word id="word_882">Bezdibens</word>
<word id="word_883">ezeru</word>
<word id="word_884">,</word>
<word id="word_885">lai_gan</word>
<word id="word_886">parasti</word>
<word id="word_887">viņu</word>
<word id="word_888">sauc</word>
<word id="word_889">Pils</word>
<word id="word_890">ezeru</word>
<word id="word_891">.</word>
<word id="word_892">Teika</word>
<word id="word_893">stāsta</word>
<word id="word_894">,</word>
<word id="word_895">ka</word>
<word id="word_896">pazemē</word>
<word id="word_897">atrodas</word>
<word id="word_898">savienojums</word>
<word id="word_899">ar</word>
<word id="word_900">netālu</word>
<word id="word_901">atrodošos</word>
<word id="word_902">Rāceņu</word>
<word id="word_903">ezeru</word>
<word id="word_904">,</word>
<word id="word_905">kam</word>
<word id="word_906">krasti</word>
<word id="word_907">arī</word>
<word id="word_908">pa</word>
<word id="word_909">lielākai</word>
<word id="word_910">daļai</word>
<word id="word_911">apauguši</word>
<word id="word_912">mežiem</word>
<word id="word_913">.</word>
<word id="word_914">Abu</word>
<word id="word_915">ezeru</word>
<word id="word_916">forma</word>
<word id="word_917">,</word>
<word id="word_918">it</word>
<word id="word_919">sevišķi</word>
<word id="word_920">Pilsezera</word>
<word id="word_921">ir</word>
<word id="word_922">upesveidīga</word>
<word id="word_923">.</word>
<word id="word_924">Viņš</word>
<word id="word_925">ir</word>
<word id="word_926">šaurs</word>
<word id="word_927">,</word>
<word id="word_928">līkumots</word>
<word id="word_929">—</word>
<word id="word_930">daudz</word>
<word id="word_931">līču</word>
<word id="word_932">.</word>
<word id="word_933">Līmenis</word>
<word id="word_934">tumšs</word>
<word id="word_935">.</word>
<word id="word_936">Austrumu</word>
<word id="word_937">krastā</word>
<word id="word_938">stiepjas</word>
<word id="word_939">lielceļš</word>
<word id="word_940">,</word>
<word id="word_941">kas</word>
<word id="word_942">ietverts</word>
<word id="word_943">vecu</word>
<word id="word_944">bērzu</word>
<word id="word_945">alejā</word>
<word id="word_946">.</word>
<word id="word_947">Gaļas</word>
<word id="word_948">un</word>
<word id="word_949">desu</word>
<word id="word_950">tirgotava</word>
<word id="word_951">K.</word>
<word id="word_952">Spalviņš</word>
<word id="word_953">Madonā</word>
<word id="word_954">,</word>
<word id="word_955">Rīgas</word>
<word id="word_956">bulv.</word>
<word id="word_957">4</word>
<word id="word_958">.</word>
<word id="word_959">Svaigas</word>
<word id="word_960">desas</word>
<word id="word_961">.</word>
<word id="word_962">10</word>
<word id="word_963">Rāceņu</word>
<word id="word_964">ezeru</word>
<word id="word_965">izlieto</word>
<word id="word_966">p-Īdēšanai</word>
<word id="word_967">sportisti</word>
<word id="word_968">-</word>
<word id="word_969">peldētāji</word>
<word id="word_970">,</word>
<word id="word_971">jo</word>
<word id="word_972">te</word>
<word id="word_973">ierīkots</word>
<word id="word_974">lecamais</word>
<word id="word_975">tramplīns</word>
<word id="word_976">.</word>
<word id="word_977">Arī</word>
<word id="word_978">apsaulošanās</word>
<word id="word_979">līdzenajā</word>
<word id="word_980">meža</word>
<word id="word_981">laukimiņā</word>
<word id="word_982">lieliska</word>
<word id="word_983">.</word>
<word id="word_984">lelejā</word>
<word id="word_985">pie</word>
<word id="word_986">Lazdonas</word>
<word id="word_987">baznīcām</word>
<word id="word_988">guļ</word>
<word id="word_989">Lazdonas</word>
<word id="word_990">jeb</word>
<word id="word_991">Baznīcas</word>
<word id="word_992">ezers</word>
<word id="word_993">.</word>
<word id="word_994">Tā</word>
<word id="word_995">krasti</word>
<word id="word_996">ir</word>
<word id="word_997">kaili</word>
<word id="word_998">un</word>
<word id="word_999">visapkārt</word>
<word id="word_1000">skatam</word>
<word id="word_1001">pieejami</word>
<word id="word_1002">,</word>
<word id="word_1003">atskaitot</word>
<word id="word_1004">divus</word>
<word id="word_1005">lielos</word>
<word id="word_1006">līčus</word>
<word id="word_1007">.</word>
<word id="word_1008">Arī</word>
<word id="word_1009">šo</word>
<word id="word_1010">ezeru</word>
<word id="word_1011">madoniesi</word>
<word id="word_1012">izlieto</word>
<word id="word_1013">peldēšanās</word>
<word id="word_1014">sportam</word>
<word id="word_1015">.</word>
<word id="word_1016">Par</word>
<word id="word_1017">šo</word>
<word id="word_1018">ezeru</word>
<word id="word_1019">iet</word>
<word id="word_1020">nostāsts</word>
<word id="word_1021">,</word>
<word id="word_1022">ka</word>
<word id="word_1023">tas</word>
<word id="word_1024">cēlies</word>
<word id="word_1025">ezeru</word>
<word id="word_1026">~</word>
<word id="word_1027">lidošanas</word>
<word id="word_1028">&quot;</word>
<word id="word_1029">laikmetā</word>
<word id="word_1030">.</word>
<word id="word_1031">Sievas</word>
<word id="word_1032">velējušās</word>
<word id="word_1033">mājas</word>
<word id="word_1034">pagalma</word>
<word id="word_1035">.</word>
<word id="word_1036">Viena</word>
<word id="word_1037">iesaukusies</word>
<word id="word_1038">:</word>
<word id="word_1039">~</word>
<word id="word_1040">Bērzons</word>
<word id="word_1041">nāk</word>
<word id="word_1042">!</word>
<word id="word_1043">&quot;</word>
<word id="word_1044">—</word>
<word id="word_1045">Ezers</word>
<word id="word_1046">nokritis</word>
<word id="word_1047">ar</word>
<word id="word_1048">visām</word>
<word id="word_1049">zivīm</word>
<word id="word_1050">.</word>
<word id="word_1051">Vēl</word>
<word id="word_1052">tagad</word>
<word id="word_1053">vienā</word>
<word id="word_1054">no</word>
<word id="word_1055">ezera</word>
<word id="word_1056">līčiem</word>
<word id="word_1057">var</word>
<word id="word_1058">redzēt</word>
<word id="word_1059">skaidrā</word>
<word id="word_1060">ūdenī</word>
<word id="word_1061">māju</word>
<word id="word_1062">pamatus</word>
<word id="word_1063">un</word>
<word id="word_1064">satrunējušus</word>
<word id="word_1065">baļķus</word>
<word id="word_1066">.</word>
<word id="word_1067">Runa</word>
<word id="word_1068">arī</word>
<word id="word_1069">ka</word>
<word id="word_1070">ezera</word>
<word id="word_1071">dzīvojot</word>
<word id="word_1072">vecis</word>
<word id="word_1073">,</word>
<word id="word_1074">kas</word>
<word id="word_1075">prasot</word>
<word id="word_1076">septiņus</word>
<word id="word_1077">upurus</word>
<word id="word_1078">.</word>
<word id="word_1079">Pieci</word>
<word id="word_1080">jau</word>
<word id="word_1081">esot</word>
<word id="word_1082">...</word>
<word id="word_1083">Kartēs</word>
<word id="word_1084">,</word>
<word id="word_1085">iesauktais</word>
<word id="word_1086">Lazdonas</word>
<word id="word_1087">jeb</word>
<word id="word_1088">Baznīcas</word>
<word id="word_1089">ezers</word>
<word id="word_1090">apzīmēts</word>
<word id="word_1091">zem</word>
<word id="word_1092">Bērzaunes</word>
<word id="word_1093">ezera</word>
<word id="word_1094">nosaukuma</word>
<word id="word_1095">,</word>
<word id="word_1096">kas</word>
<word id="word_1097">arī</word>
<word id="word_1098">atbilst</word>
<word id="word_1099">teikas</word>
<word id="word_1100">nostāstam</word>
<word id="word_1101">,</word>
<word id="word_1102">jo</word>
<word id="word_1103">ezers</word>
<word id="word_1104">pa</word>
<word id="word_1105">gaisu</word>
<word id="word_1106">esot</word>
<word id="word_1107">atlidojis</word>
<word id="word_1108">no</word>
<word id="word_1109">Bērzaunes</word>
<word id="word_1110">.</word>
<word id="word_1111">Tāpat</word>
<word id="word_1112">kartēs</word>
<word id="word_1113">nav</word>
<word id="word_1114">atrodams</word>
<word id="word_1115">Pils</word>
<word id="word_1116">ezers</word>
<word id="word_1117">,</word>
<word id="word_1118">bet</word>
<word id="word_1119">gan</word>
<word id="word_1120">Lazdonas</word>
<word id="word_1121">ezers</word>
<word id="word_1122">tā</word>
<word id="word_1123">tas</word>
<word id="word_1124">ir</word>
<word id="word_1125">pareizāk</word>
<word id="word_1126">,</word>
<word id="word_1127">jo</word>
<word id="word_1128">šī</word>
<word id="word_1129">ezera</word>
<word id="word_1130">krastā</word>
<word id="word_1131">paceļas</word>
<word id="word_1132">Lazdonas</word>
<word id="word_1133">muiža</word>
<word id="word_1134">.</word>
<word id="word_1135">Nav</word>
<word id="word_1136">atrodams</word>
<word id="word_1137">arī</word>
<word id="word_1138">tāds</word>
<word id="word_1139">Rāceņu</word>
<word id="word_1140">ezers</word>
<word id="word_1141">,</word>
<word id="word_1142">kas</word>
<word id="word_1143">iesaukts</word>
<word id="word_1144">no</word>
<word id="word_1145">tuvumā</word>
<word id="word_1146">esošām</word>
<word id="word_1147">„</word>
<word id="word_1148">Rāceņu</word>
<word id="word_1149">&quot;</word>
<word id="word_1150">mājām</word>
<word id="word_1151">.</word>
<word id="word_1152">Kartē</word>
<word id="word_1153">Rāceņu</word>
<word id="word_1154">ezers</word>
<word id="word_1155">nosaukts</word>
<word id="word_1156">par</word>
<word id="word_1157">Plāksnes</word>
<word id="word_1158">ezeru</word>
<word id="word_1159">,</word>
<word id="word_1160">tas</word>
<word id="word_1161">laikam</word>
<word id="word_1162">tāpēc</word>
<word id="word_1163">,</word>
<word id="word_1164">ka</word>
<word id="word_1165">tam</word>
<word id="word_1166">ir</word>
<word id="word_1167">pa</word>
<word id="word_1168">lielākai</word>
<word id="word_1169">daļai</word>
<word id="word_1170">mierīgs</word>
<word id="word_1171">līmenis</word>
<word id="word_1172">.</word>
<word id="word_1173">Vēji</word>
<word id="word_1174">netiek</word>
<word id="word_1175">klāt</word>
<word id="word_1176">,</word>
<word id="word_1177">jo</word>
<word id="word_1178">ezers</word>
<word id="word_1179">gwļ</word>
<word id="word_1180">mežiem</word>
<word id="word_1181">apaugušu</word>
<word id="word_1182">kalnu</word>
<word id="word_1183">aizvējā</word>
<word id="word_1184">.</word>
<word id="word_1185">Pie</word>
<word id="word_1186">Lazdonas</word>
<word id="word_1187">ev</word>
<word id="word_1188">.</word>
<word id="word_1189">-</word>
<word id="word_1190">lut</word>
<word id="word_1191">.</word>
<word id="word_1192">mac</word>
<word id="word_1193">.</word>
<word id="word_1194">muižas</word>
<word id="word_1195">atrodas</word>
<word id="word_1196">mazs</word>
<word id="word_1197">Mednieki</word>
<word id="word_1198">!</word>
<word id="word_1199">Iegriežoties</word>
<word id="word_1200">Madonā</word>
<word id="word_1201">,</word>
<word id="word_1202">neaizmirstiet</word>
<word id="word_1203">ie</word>
<word id="word_1204">-</word>
<word id="word_1205">gādāties</word>
<word id="word_1206">šaujamos</word>
<word id="word_1207">piederumus</word>
<word id="word_1208">pie</word>
<word id="word_1209">E.</word>
<word id="word_1210">GLAZN1EKA</word>
<word id="word_1211">Rīgas</word>
<word id="word_1212">bulv.</word>
<word id="word_1213">9.</word>
<word id="word_1214">Turpat</word>
<word id="word_1215">krāsai</word>
<word id="word_1216">mālderiem</word>
<word id="word_1217">!</word>
<word id="word_1218">11</word>
<word id="word_1219">ezeriņš</word>
<word id="word_1220">,</word>
<word id="word_1221">kas</word>
<word id="word_1222">ievērojams</word>
<word id="word_1223">ar</word>
<word id="word_1224">saviem</word>
<word id="word_1225">diviem</word>
<word id="word_1226">dibeniem</word>
<word id="word_1227">.</word>
<word id="word_1228">Pirmām</word>
<word id="word_1229">dibenam</word>
<word id="word_1230">lieli</word>
<word id="word_1231">caurumi</word>
<word id="word_1232">,</word>
<word id="word_1233">kas</word>
<word id="word_1234">atduras</word>
<word id="word_1235">otrā</word>
<word id="word_1236">dibenā</word>
<word id="word_1237">.</word>
<word id="word_1238">Ezeriņš</word>
<word id="word_1239">aizaug</word>
<word id="word_1240">...</word>
<word id="word_1241">Ziemeļ-vakaru</word>
<word id="word_1242">pusē</word>
<word id="word_1243">aiz</word>
<word id="word_1244">Madonas</word>
<word id="word_1245">kalnu</word>
<word id="word_1246">ieslēgts</word>
<word id="word_1247">,</word>
<word id="word_1248">mežu</word>
<word id="word_1249">apņemts</word>
<word id="word_1250">stāv</word>
<word id="word_1251">Madonas</word>
<word id="word_1252">ezers</word>
<word id="word_1253">,</word>
<word id="word_1254">kura</word>
<word id="word_1255">līmenis</word>
<word id="word_1256">atrodas</word>
<word id="word_1257">augstāk</word>
<word id="word_1258">par</word>
<word id="word_1259">pašu</word>
<word id="word_1260">Madonu</word>
<word id="word_1261">.</word>
<word id="word_1262">No</word>
<word id="word_1263">šī</word>
<word id="word_1264">ezera</word>
<word id="word_1265">ir</word>
<word id="word_1266">projektēts</word>
<word id="word_1267">ņemt</word>
<word id="word_1268">Madonas</word>
<word id="word_1269">kanalizācijai</word>
<word id="word_1270">ūdeni</word>
<word id="word_1271">.</word>
<word id="word_1272">Cauri</word>
<word id="word_1273">Madonai</word>
<word id="word_1274">tek</word>
<word id="word_1275">Gravas</word>
<word id="word_1276">upe</word>
<word id="word_1277">,</word>
<word id="word_1278">kurā</word>
<word id="word_1279">ierīkoti</word>
<word id="word_1280">vairāki</word>
<word id="word_1281">aizdambējumi</word>
<word id="word_1282">,</word>
<word id="word_1283">kas</word>
<word id="word_1284">noder</word>
<word id="word_1285">,</word>
<word id="word_1286">gan</word>
<word id="word_1287">ugunsgrēka</word>
<word id="word_1288">gadījienā</word>
<word id="word_1289">,</word>
<word id="word_1290">gan</word>
<word id="word_1291">karstā</word>
<word id="word_1292">laikā</word>
<word id="word_1293">veldzei</word>
<word id="word_1294">.</word>
<word id="word_1295">Iztecējusi</word>
<word id="word_1296">cauri</word>
<word id="word_1297">Madonai</word>
<word id="word_1298">Gravas</word>
<word id="word_1299">upe</word>
<word id="word_1300">maina</word>
<word id="word_1301">savu</word>
<word id="word_1302">nosaukumu</word>
<word id="word_1303">un</word>
<word id="word_1304">saucas</word>
<word id="word_1305">Ļisa</word>
<word id="word_1306">.</word>
<word id="word_1307">Tanī</word>
<word id="word_1308">dzīvo</word>
<word id="word_1309">daudz</word>
<word id="word_1310">foreļu</word>
<word id="word_1311">.</word>
<word id="word_1312">Viņa</word>
<word id="word_1313">ietek</word>
<word id="word_1314">Kūjā</word>
<word id="word_1315">.</word>
<word id="word_1316">Jauki</word>
<word id="word_1317">ir</word>
<word id="word_1318">braukt</word>
<word id="word_1319">pa</word>
<word id="word_1320">Lazdonas</word>
<word id="word_1321">un</word>
<word id="word_1322">Ļaudonas</word>
<word id="word_1323">ceļiem</word>
<word id="word_1324">,</word>
<word id="word_1325">kad</word>
<word id="word_1326">no</word>
<word id="word_1327">katras</word>
<word id="word_1328">kalna</word>
<word id="word_1329">virsas</word>
<word id="word_1330">atklājas</word>
<word id="word_1331">skaistas</word>
<word id="word_1332">ezeriem</word>
<word id="word_1333">greznotas</word>
<word id="word_1334">dabas</word>
<word id="word_1335">ainavas</word>
<word id="word_1336">.</word>
<word id="word_1337">Starp</word>
<word id="word_1338">citu</word>
<word id="word_1339">arī</word>
<word id="word_1340">ievērojami</word>
<word id="word_1341">I</word>
<word id="word_1342">Mm</word>
<word id="word_1343">8</word>
<word id="word_1344">dēli</word>
<word id="word_1345">Madonā</word>
<word id="word_1346">,</word>
<word id="word_1347">Rīgas</word>
<word id="word_1348">bulv.</word>
<word id="word_1349">7</word>
<word id="word_1350">Koloniāl-metālpreces</word>
<word id="word_1351">šaujamie</word>
<word id="word_1352">ieroči</word>
<word id="word_1353">un</word>
<word id="word_1354">to</word>
<word id="word_1355">piederumi</word>
<word id="word_1356">Firma</word>
<word id="word_1357">izceļas</word>
<word id="word_1358">ar</word>
<word id="word_1359">savu</word>
<word id="word_1360">solīdumu</word>
<word id="word_1361">—</word>
<word id="word_1362">latviešu</word>
<word id="word_1363">uzņēmums</word>
<word id="word_1364">ir</word>
<word id="word_1365">Ļaudonas</word>
<word id="word_1366">kalni</word>
<word id="word_1367">—</word>
<word id="word_1368">stāvi</word>
<word id="word_1369">,</word>
<word id="word_1370">daži</word>
<word id="word_1371">gari</word>
<word id="word_1372">.</word>
<word id="word_1373">Ziema</word>
<word id="word_1374">īsta</word>
<word id="word_1375">slēpotāju</word>
<word id="word_1376">paradīze</word>
<word id="word_1377">No</word>
<word id="word_1378">upēm</word>
<word id="word_1379">ievērojamākās</word>
<word id="word_1380">Madonas</word>
<word id="word_1381">tuvākā</word>
<word id="word_1382">apkārtnē</word>
<word id="word_1383">ir</word>
<word id="word_1384">:</word>
<word id="word_1385">Brese</word>
<word id="word_1386">Arona</word>
<word id="word_1387">,</word>
<word id="word_1388">Smecere</word>
<word id="word_1389">.</word>
<word id="word_1390">Pirmā</word>
<word id="word_1391">ir</word>
<word id="word_1392">ļoti</word>
<word id="word_1393">strauja</word>
<word id="word_1394">un</word>
<word id="word_1395">krāčaina</word>
<word id="word_1396">.</word>
<word id="word_1397">Breses</word>
<word id="word_1398">kalna</word>
<word id="word_1399">(</word>
<word id="word_1400">180</word>
<word id="word_1401">m</word>
<word id="word_1402">)</word>
<word id="word_1403">tuvumā</word>
<word id="word_1404">tai</word>
<word id="word_1405">ir</word>
<word id="word_1406">divas</word>
<word id="word_1407">ūdens</word>
<word id="word_1408">dzirnavas</word>
<word id="word_1409">.</word>
<word id="word_1410">Agrāk</word>
<word id="word_1411">bijušas</word>
<word id="word_1412">trīs</word>
<word id="word_1413">,</word>
<word id="word_1414">bet</word>
<word id="word_1415">no</word>
<word id="word_1416">vienām</word>
<word id="word_1417">tagad</word>
<word id="word_1418">palikušas</word>
<word id="word_1419">tikai</word>
<word id="word_1420">drupas</word>
<word id="word_1421">.</word>
<word id="word_1422">Breses</word>
<word id="word_1423">kalns</word>
<word id="word_1424">atrodas</word>
<word id="word_1425">2</word>
<word id="word_1426">km</word>
<word id="word_1427">no</word>
<word id="word_1428">Madonas</word>
<word id="word_1429">,</word>
<word id="word_1430">Gulbenes</word>
<word id="word_1431">ceļa</word>
<word id="word_1432">malā</word>
<word id="word_1433">.</word>
<word id="word_1434">Viņa</word>
<word id="word_1435">augstums</word>
<word id="word_1436">ir</word>
<word id="word_1437">ap</word>
<word id="word_1438">180</word>
<word id="word_1439">m</word>
<word id="word_1440">un</word>
<word id="word_1441">tas</word>
<word id="word_1442">viss</word>
<word id="word_1443">noklāts</word>
<word id="word_1444">ar</word>
<word id="word_1445">mežu</word>
<word id="word_1446">,</word>
<word id="word_1447">tomēr</word>
<word id="word_1448">no</word>
<word id="word_1449">viena</word>
<word id="word_1450">gala</word>
<word id="word_1451">atveras</word>
<word id="word_1452">plašs</word>
<word id="word_1453">skats</word>
<word id="word_1454">uz</word>
<word id="word_1455">Madonu</word>
<word id="word_1456">un</word>
<word id="word_1457">apkārtni</word>
<word id="word_1458">.</word>
<word id="word_1459">Breses</word>
<word id="word_1460">kalna</word>
<word id="word_1461">apkārtnē</word>
<word id="word_1462">aug</word>
<word id="word_1463">Anemone</word>
<word id="word_1464">silvestris</word>
<word id="word_1465">(</word>
<word id="word_1466">~</word>
<word id="word_1467">meža</word>
<word id="word_1468">vizbulīte</word>
<word id="word_1469">&quot;</word>
<word id="word_1470">)</word>
<word id="word_1471">.</word>
<word id="word_1472">Tās</word>
<word id="word_1473">baltie</word>
<word id="word_1474">ziedi</word>
<word id="word_1475">Latvijā</word>
<word id="word_1476">ir</word>
<word id="word_1477">sastopami</word>
<word id="word_1478">tikai</word>
<word id="word_1479">te</word>
<word id="word_1480">un</word>
<word id="word_1481">nedaudz</word>
<word id="word_1482">arī</word>
<word id="word_1483">Koknesē</word>
<word id="word_1484">.</word>
<word id="word_1485">Arona</word>
<word id="word_1486">Madonas</word>
<word id="word_1487">tuvumā</word>
<word id="word_1488">pilna</word>
<word id="word_1489">vēžiem</word>
<word id="word_1490">un</word>
<word id="word_1491">uz</word>
<word id="word_1492">to</word>
<word id="word_1493">bieži</word>
<word id="word_1494">vien</word>
<word id="word_1495">izbrauc</word>
<word id="word_1496">vēžotāji</word>
<word id="word_1497">.</word>
<word id="word_1498">Arī</word>
<word id="word_1499">jaukie</word>
<word id="word_1500">dabas</word>
<word id="word_1501">skati</word>
<word id="word_1502">,</word>
<word id="word_1503">ko</word>
<word id="word_1504">veido</word>
<word id="word_1505">Aronas</word>
<word id="word_1506">liči</word>
<word id="word_1507">,</word>
<word id="word_1508">smilšakmena</word>
<word id="word_1509">kraujas</word>
<word id="word_1510">,</word>
<word id="word_1511">saliņas</word>
<word id="word_1512">v</word>
<word id="word_1513">.</word>
<word id="word_1514">c</word>
<word id="word_1515">.</word>
<word id="word_1516">padara</word>
<word id="word_1517">Aronu</word>
<word id="word_1518">it</word>
<word id="word_1519">sevišķi</word>
<word id="word_1520">pievilcīgu</word>
<word id="word_1521">.</word>
<word id="word_1522">Agrāk</word>
<word id="word_1523">zvejotas</word>
<word id="word_1524">arī</word>
<word id="word_1525">pērles</word>
<word id="word_1526">Bērzaunes</word>
<word id="word_1527">ceļa</word>
<word id="word_1528">malā</word>
<word id="word_1529">,</word>
<word id="word_1530">blakus</word>
<word id="word_1531">Aronas</word>
<word id="word_1532">līkumainam</word>
<word id="word_1533">gājumam</word>
<word id="word_1534">atrodas</word>
<word id="word_1535">senlatviešu</word>
<word id="word_1536">pilskalns</word>
<word id="word_1537">—</word>
<word id="word_1538">„</word>
<word id="word_1539">Aronas</word>
<word id="word_1540">kalns</word>
<word id="word_1541">&quot;</word>
<word id="word_1542">.</word>
<word id="word_1543">Par</word>
<word id="word_1544">šī</word>
<word id="word_1545">kalna</word>
<word id="word_1546">izcelšanos</word>
<word id="word_1547">ir</word>
<word id="word_1548">vairākas</word>
<word id="word_1549">teikas</word>
<word id="word_1550">,</word>
<word id="word_1551">bet</word>
<word id="word_1552">parastais</word>
<word id="word_1553">stāstījums</word>
<word id="word_1554">,</word>
<word id="word_1555">ko</word>
<word id="word_1556">ruuā</word>
<word id="word_1557">tuvumā</word>
<word id="word_1558">dzīvojošie</word>
<word id="word_1559">zemnieki</word>
<word id="word_1560">ir</word>
<word id="word_1561">,</word>
<word id="word_1562">ka</word>
<word id="word_1563">Aronas</word>
<word id="word_1564">kalnu</word>
<word id="word_1565">sanesuši</word>
<word id="word_1566">krievu</word>
<word id="word_1567">zaldāti</word>
<word id="word_1568">cepurēm</word>
<word id="word_1569">.</word>
<word id="word_1570">Kalns</word>
<word id="word_1571">no</word>
<word id="word_1572">trim</word>
<word id="word_1573">pusēm</word>
<word id="word_1574">apaudzis</word>
<word id="word_1575">ar</word>
<word id="word_1576">mežu</word>
<word id="word_1577">,</word>
<word id="word_1578">atstādams</word>
<word id="word_1579">dienvidu</word>
<word id="word_1580">pusē</word>
<word id="word_1581">kailu</word>
<word id="word_1582">,</word>
<word id="word_1583">zāli</word>
<word id="word_1584">apaugušu</word>
<word id="word_1585">stāvu</word>
<word id="word_1586">nogāzi</word>
<word id="word_1587">.</word>
<word id="word_1588">Virsma</word>
<word id="word_1589">kalnam</word>
<word id="word_1590">galdveidīga</word>
<word id="word_1591">,</word>
<word id="word_1592">tāpēc</word>
<word id="word_1593">te</word>
<word id="word_1594">tiek</word>
<word id="word_1595">bieži</word>
<word id="word_1596">sarīkoti</word>
<word id="word_1597">zaļumu</word>
<word id="word_1598">svētki</word>
<word id="word_1599">.</word>
<word id="word_1600">Pati</word>
<word id="word_1601">Arona</word>
<word id="word_1602">tek</word>
<word id="word_1603">līkum-līkumiem</word>
<word id="word_1604">.</word>
<word id="word_1605">2</word>
<word id="word_1606">A</word>
<word id="word_1607">-</word>
<word id="word_1608">Cinītis</word>
<word id="word_1609">un</word>
<word id="word_1610">J</word>
<word id="word_1611">-</word>
<word id="word_1612">Purgalis</word>
<word id="word_1613">Madonā</word>
<word id="word_1614">,</word>
<word id="word_1615">Rīgas</word>
<word id="word_1616">bulv.</word>
<word id="word_1617">3</word>
<word id="word_1618">Adu</word>
<word id="word_1619">un</word>
<word id="word_1620">apavu</word>
<word id="word_1621">tirgotava</word>
<word id="word_1622">13</word>
<word id="word_1623">Skats</word>
<word id="word_1624">no</word>
<word id="word_1625">Madonas</word>
<word id="word_1626">Pie</word>
<word id="word_1627">Mārcienas</word>
<word id="word_1628">stacijas</word>
<word id="word_1629">izveidojies</word>
<word id="word_1630">mazs</word>
<word id="word_1631">ūdenskritums</word>
<word id="word_1632">,</word>
<word id="word_1633">kas</word>
<word id="word_1634">kā</word>
<word id="word_1635">skaista</word>
<word id="word_1636">glezna</word>
<word id="word_1637">krīt</word>
<word id="word_1638">vilcienā</word>
<word id="word_1639">braucējam</word>
<word id="word_1640">acīs</word>
<word id="word_1641">.</word>
<word id="word_1642">Mārcienā</word>
<word id="word_1643">ievērojams</word>
<word id="word_1644">ir</word>
<word id="word_1645">senais</word>
<word id="word_1646">babaronu</word>
<word id="word_1647">parks</word>
<word id="word_1648">,</word>
<word id="word_1649">kura</word>
<word id="word_1650">vidū</word>
<word id="word_1651">atradās</word>
<word id="word_1652">pilsdrupas</word>
<word id="word_1653">,</word>
<word id="word_1654">bet</word>
<word id="word_1655">kuras</word>
<word id="word_1656">būvmateriāli</word>
<word id="word_1657">tika</word>
<word id="word_1658">izlietoti</word>
<word id="word_1659">Aizsargu</word>
<word id="word_1660">nama</word>
<word id="word_1661">būvei</word>
<word id="word_1662">Madonā</word>
<word id="word_1663">.</word>
<word id="word_1664">Pils</word>
<word id="word_1665">bijusi</word>
<word id="word_1666">grezna</word>
<word id="word_1667">,</word>
<word id="word_1668">bet</word>
<word id="word_1669">kara</word>
<word id="word_1670">laikā</word>
<word id="word_1671">nodedzināta</word>
<word id="word_1672">.</word>
<word id="word_1673">Mārcienas</word>
<word id="word_1674">apkārtne</word>
<word id="word_1675">neko</word>
<word id="word_1676">jaunu</word>
<word id="word_1677">neienes</word>
<word id="word_1678">,</word>
<word id="word_1679">tikai</word>
<word id="word_1680">Bērzaunes</word>
<word id="word_1681">-</word>
<word id="word_1682">Vestienas</word>
<word id="word_1683">virzienā</word>
<word id="word_1684">veidojās</word>
<word id="word_1685">intere</word>
<word id="word_1686">-</word>
<word id="word_1687">14</word>
<word id="word_1688">Santas</word>
<word id="word_1689">skalu</word>
<word id="word_1690">gleznas</word>
<word id="word_1691">.</word>
<word id="word_1692">Uz</word>
<word id="word_1693">Gaisiņkalnu</word>
<word id="word_1694">ved</word>
<word id="word_1695">ceļš</word>
<word id="word_1696">,</word>
<word id="word_1697">kas</word>
<word id="word_1698">apstādīts</word>
<word id="word_1699">kokiem</word>
<word id="word_1700">un</word>
<word id="word_1701">pēc</word>
<word id="word_1702">dažu</word>
<word id="word_1703">domām</word>
<word id="word_1704">skaistākais</word>
<word id="word_1705">Latvijā</word>
<word id="word_1706">Latvijas</word>
<word id="word_1707">milzis</word>
<word id="word_1708">Gaisiņš</word>
<word id="word_1709">—</word>
<word id="word_1710">314</word>
<word id="word_1711">m</word>
<word id="word_1712">virs</word>
<word id="word_1713">jūras</word>
<word id="word_1714">līmeņa</word>
<word id="word_1715">.</word>
<word id="word_1716">Nekas</word>
<word id="word_1717">apkārtnē</word>
<word id="word_1718">neliecina</word>
<word id="word_1719">,</word>
<word id="word_1720">ka</word>
<word id="word_1721">tuvumā</word>
<word id="word_1722">slēpjas</word>
<word id="word_1723">mūsu</word>
<word id="word_1724">dzimtenes</word>
<word id="word_1725">augstākais</word>
<word id="word_1726">kalns</word>
<word id="word_1727">,</word>
<word id="word_1728">ka</word>
<word id="word_1729">tik</word>
<word id="word_1730">ap</word>
<word id="word_1731">6</word>
<word id="word_1732">km</word>
<word id="word_1733">no</word>
<word id="word_1734">Bērzaunes</word>
<word id="word_1735">var</word>
<word id="word_1736">ieraudzīt</word>
<word id="word_1737">augsto</word>
<word id="word_1738">torni</word>
<word id="word_1739">.</word>
<word id="word_1740">Seko</word>
<word id="word_1741">rādītājs</word>
<word id="word_1742">:</word>
<word id="word_1743">~</word>
<word id="word_1744">Uz</word>
<word id="word_1745">Gaisiņkalnu</word>
<word id="word_1746">&quot;</word>
<word id="word_1747">.</word>
<word id="word_1748">Lēzens</word>
<word id="word_1749">kāpiens</word>
<word id="word_1750">augšup</word>
<word id="word_1751">,</word>
<word id="word_1752">līdz</word>
<word id="word_1753">beidzot</word>
<word id="word_1754">stāvums</word>
<word id="word_1755">un</word>
<word id="word_1756">Gaisiņš</word>
<word id="word_1757">sasniegts</word>
<word id="word_1758">.</word>
<word id="word_1759">Kalna</word>
<word id="word_1760">virsotnē</word>
<word id="word_1761">bērza</word>
<word id="word_1762">birze</word>
<word id="word_1763">,</word>
<word id="word_1764">zalumlaukums</word>
<word id="word_1765">un</word>
<word id="word_1766">tornis</word>
<word id="word_1767">,</word>
<word id="word_1768">no</word>
<word id="word_1769">kura</word>
<word id="word_1770">skaidrā</word>
<word id="word_1771">laikā</word>
<word id="word_1772">var</word>
<word id="word_1773">redzēt</word>
<word id="word_1774">Rīgu</word>
<word id="word_1775">,</word>
<word id="word_1776">tad_jau</word>
<word id="word_1777">ari</word>
<word id="word_1778">saprotams</word>
<word id="word_1779">apkārtējais</word>
<word id="word_1780">plašais</word>
<word id="word_1781">skats</word>
<word id="word_1782">:</word>
<word id="word_1783">ezeri</word>
<word id="word_1784">,</word>
<word id="word_1785">meži</word>
<word id="word_1786">,</word>
<word id="word_1787">kalni</word>
<word id="word_1788">,</word>
<word id="word_1789">baznīcu</word>
<word id="word_1790">torņi</word>
<word id="word_1791">v_c</word>
<word id="word_1792">.</word>
<word id="word_1793">Valsts</word>
<word id="word_1794">Prezidents</word>
<word id="word_1795">Alberts</word>
<word id="word_1796">Kviesis</word>
<word id="word_1797">arī</word>
<word id="word_1798">apmeklējis</word>
<word id="word_1799">šo</word>
<word id="word_1800">kalnu</word>
<word id="word_1801">,</word>
<word id="word_1802">par</word>
<word id="word_1803">ko</word>
<word id="word_1804">vēsta</word>
<word id="word_1805">gravējums</word>
<word id="word_1806">akmens</word>
<word id="word_1807">plātnē</word>
<word id="word_1808">.</word>
<word id="word_1809">Atpakaļceļš</word>
<word id="word_1810">uz</word>
<word id="word_1811">Madonu</word>
<word id="word_1812">ved</word>
<word id="word_1813">cauri</word>
<word id="word_1814">Smeceres</word>
<word id="word_1815">silam</word>
<word id="word_1816">,</word>
<word id="word_1817">kur</word>
<word id="word_1818">pēckara</word>
<word id="word_1819">un</word>
<word id="word_1820">kara</word>
<word id="word_1821">gados</word>
<word id="word_1822">mituši</word>
<word id="word_1823">bandīti</word>
<word id="word_1824">.</word>
<word id="word_1825">Daudz</word>
<word id="word_1826">cilvēku</word>
<word id="word_1827">te</word>
<word id="word_1828">šauti</word>
<word id="word_1829">.</word>
<word id="word_1830">Savā</word>
<word id="word_1831">laikā</word>
<word id="word_1832">te</word>
<word id="word_1833">darbojušies</word>
<word id="word_1834">~</word>
<word id="word_1835">zaļie</word>
<word id="word_1836">&quot;</word>
<word id="word_1837">leģendārā</word>
<word id="word_1838">varoņa</word>
<word id="word_1839">Artura</word>
<word id="word_1840">V_c_c</word>
<word id="word_1841">ka</word>
<word id="word_1842">1</word>
<word id="word_1843">n_i_ņ_a</word>
<word id="word_1844">vadībā</word>
<word id="word_1845">.</word>
<word id="word_1846">Pusceļā</word>
<word id="word_1847">starp</word>
<word id="word_1848">Madonu</word>
<word id="word_1849">un</word>
<word id="word_1850">Mārcienu</word>
<word id="word_1851">stāv</word>
<word id="word_1852">Smeceīcs</word>
<word id="word_1853">krogs</word>
<word id="word_1854">,</word>
<word id="word_1855">ko</word>
<word id="word_1856">madonieši</word>
<word id="word_1857">iesaukuši</word>
<word id="word_1858">par</word>
<word id="word_1859">savu</word>
<word id="word_1860">~</word>
<word id="word_1861">Baložkrogu</word>
<word id="word_1862">&quot;</word>
<word id="word_1863">.</word>
<word id="word_1864">Ap</word>
<word id="word_1865">trīs</word>
<word id="word_1866">3</word>
<word id="word_1867">km</word>
<word id="word_1868">no</word>
<word id="word_1869">Madonas</word>
<word id="word_1870">atrodas</word>
<word id="word_1871">9.</word>
<word id="word_1872">Madonas</word>
<word id="word_1873">aizsargu</word>
<word id="word_1874">pulka</word>
<word id="word_1875">šautuve</word>
<word id="word_1876">,</word>
<word id="word_1877">kas</word>
<word id="word_1878">ierīkota</word>
<word id="word_1879">ērti</word>
<word id="word_1880">un</word>
<word id="word_1881">atbilst</word>
<word id="word_1882">tagadnes</word>
<word id="word_1883">prasībām</word>
<word id="word_1884">Netālu</word>
<word id="word_1885">atrodas</word>
<word id="word_1886">Jumizers</word>
<word id="word_1887">,</word>
<word id="word_1888">kas</word>
<word id="word_1889">ir</word>
<word id="word_1890">aizaudzis</word>
<word id="word_1891">ezers</word>
<word id="word_1892">.</word>
<word id="word_1893">Tam</word>
<word id="word_1894">pāri</word>
<word id="word_1895">ved</word>
<word id="word_1896">dzelzceļstiga</word>
<word id="word_1897">no</word>
<word id="word_1898">kuras</word>
<word id="word_1899">kafa</word>
<word id="word_1900">gados</word>
<word id="word_1901">nogāzies</word>
<word id="word_1902">vilciens</word>
<word id="word_1903">Vakara</word>
<word id="word_1904">virzienā</word>
<word id="word_1905">no</word>
<word id="word_1906">Madonas</word>
<word id="word_1907">ceļš</word>
<word id="word_1908">strauji</word>
<word id="word_1909">vijas</word>
<word id="word_1910">augšup</word>
<word id="word_1911">.</word>
<word id="word_1912">Atveras</word>
<word id="word_1913">plaši</word>
<word id="word_1914">kalnu</word>
<word id="word_1915">skati</word>
<word id="word_1916">.</word>
<word id="word_1917">Horicontā</word>
<word id="word_1918">redzami</word>
<word id="word_1919">vairums</word>
<word id="word_1920">Vidzemes</word>
<word id="word_1921">(</word>
<word id="word_1922">Piebalgas</word>
<word id="word_1923">)</word>
<word id="word_1924">augstienas</word>
<word id="word_1925">Kam</word>
<word id="word_1926">dzīves</word>
<word id="word_1927">prieks</word>
<word id="word_1928">un</word>
<word id="word_1929">darba</word>
<word id="word_1930">mīlestība</word>
<word id="word_1931">,</word>
<word id="word_1932">lai</word>
<word id="word_1933">griežas</word>
<word id="word_1934">Z.</word>
<word id="word_1935">Lapsas</word>
<word id="word_1936">dzelzs</word>
<word id="word_1937">preču</word>
<word id="word_1938">tirgotavā</word>
<word id="word_1939">Madonā</word>
<word id="word_1940">Rīgas</word>
<word id="word_1941">blv</word>
<word id="word_1942">.</word>
<word id="word_1943">3</word>
<word id="word_1944">,</word>
<word id="word_1945">Kārkliņa</word>
<word id="word_1946">nama</word>
<word id="word_1947">paša</word>
<word id="word_1948">viducī</word>
<word id="word_1949">15</word>
<word id="word_1950">kalni</word>
<word id="word_1951">.</word>
<word id="word_1952">Tuvāk</word>
<word id="word_1953">skaistākās</word>
<word id="word_1954">vietas</word>
<word id="word_1955">ir</word>
<word id="word_1956">ap</word>
<word id="word_1957">Kusas</word>
<word id="word_1958">muižu</word>
<word id="word_1959">.</word>
<word id="word_1960">Te</word>
<word id="word_1961">redzama</word>
<word id="word_1962">visa</word>
<word id="word_1963">veco</word>
<word id="word_1964">,</word>
<word id="word_1965">pagājušo</word>
<word id="word_1966">laiku</word>
<word id="word_1967">godība</word>
<word id="word_1968">.</word>
<word id="word_1969">Veclaicīgās</word>
<word id="word_1970">ēkas</word>
<word id="word_1971">un</word>
<word id="word_1972">sirmais</word>
<word id="word_1973">parks</word>
<word id="word_1974">,</word>
<word id="word_1975">kas</word>
<word id="word_1976">pievelk</word>
<word id="word_1977">ar</word>
<word id="word_1978">savu</word>
<word id="word_1979">krāšņo</word>
<word id="word_1980">ierīkojumu</word>
<word id="word_1981">.</word>
<word id="word_1982">Tālāk</word>
<word id="word_1983">aiz</word>
<word id="word_1984">Lodes</word>
<word id="word_1985">muižas</word>
<word id="word_1986">pie</word>
<word id="word_1987">Salnas</word>
<word id="word_1988">kroga</word>
<word id="word_1989">redzama</word>
<word id="word_1990">Ogre</word>
<word id="word_1991">savā</word>
<word id="word_1992">sākuma</word>
<word id="word_1993">šaurumā</word>
<word id="word_1994">,</word>
<word id="word_1995">kurai</word>
<word id="word_1996">nav</word>
<word id="word_1997">ko</word>
<word id="word_1998">pāri</word>
<word id="word_1999">lēkt</word>
<word id="word_2000">.</word>
<word id="word_2001">Liezeres</word>
<word id="word_2002">kapsētā</word>
<word id="word_2003">atrodas</word>
<word id="word_2004">kritušo</word>
<word id="word_2005">varoņu</word>
<word id="word_2006">partizāņu</word>
<word id="word_2007">kapi</word>
<word id="word_2008">.</word>
<word id="word_2009">Tuvumā</word>
<word id="word_2010">krāšņi</word>
<word id="word_2011">,</word>
<word id="word_2012">zivju</word>
<word id="word_2013">bagāti</word>
<word id="word_2014">ezeri</word>
<word id="word_2015">.</word>
<word id="word_2016">Netāju</word>
<word id="word_2017">no</word>
<word id="word_2018">Bērzaunes</word>
<word id="word_2019">ev</word>
<word id="word_2020">.</word>
<word id="word_2021">-</word>
<word id="word_2022">lutera</word>
<word id="word_2023">baznīcas</word>
<word id="word_2024">,</word>
<word id="word_2025">kas</word>
<word id="word_2026">izceļas</word>
<word id="word_2027">ar</word>
<word id="word_2028">savu</word>
<word id="word_2029">augsto</word>
<word id="word_2030">torni</word>
<word id="word_2031">,</word>
<word id="word_2032">kam</word>
<word id="word_2033">gailis</word>
<word id="word_2034">galā</word>
<word id="word_2035">un</word>
<word id="word_2036">vapeņu</word>
<word id="word_2037">zīmējumiem</word>
<word id="word_2038">,</word>
<word id="word_2039">atrodas</word>
<word id="word_2040">pilsdrupas</word>
<word id="word_2041">.</word>
<word id="word_2042">Te</word>
<word id="word_2043">savā</word>
<word id="word_2044">laikā</word>
<word id="word_2045">dzīvojis</word>
<word id="word_2046">vēsturiski</word>
<word id="word_2047">ievērojamais</word>
<word id="word_2048">barons</word>
<word id="word_2049">Tidenhauzens</word>
<word id="word_2050">.</word>
<word id="word_2051">Uz</word>
<word id="word_2052">ceļu</word>
<word id="word_2053">krustojuma</word>
<word id="word_2054">netālu</word>
<word id="word_2055">no</word>
<word id="word_2056">kapsētas</word>
<word id="word_2057">tuvu</word>
<word id="word_2058">pie</word>
<word id="word_2059">kilometra</word>
<word id="word_2060">staba</word>
<word id="word_2061">guļ</word>
<word id="word_2062">vientuļa</word>
<word id="word_2063">kapa</word>
<word id="word_2064">kopiņa</word>
<word id="word_2065">ar</word>
<word id="word_2066">vienkāršu</word>
<word id="word_2067">koka</word>
<word id="word_2068">/</word>
<word id="word_2069">krustu</word>
<word id="word_2070">.</word>
<word id="word_2071">Še</word>
<word id="word_2072">atdusas</word>
<word id="word_2073">kāda</word>
<word id="word_2074">veca</word>
<word id="word_2075">lauku</word>
<word id="word_2076">māmiņa</word>
<word id="word_2077">,</word>
<word id="word_2078">kas</word>
<word id="word_2079">krita</word>
<word id="word_2080">par</word>
<word id="word_2081">lielinieku</word>
<word id="word_2082">upuri</word>
<word id="word_2083">kara</word>
<word id="word_2084">gados</word>
<word id="word_2085">.</word>
<word id="word_2086">Par</word>
<word id="word_2087">vītolu</word>
<word id="word_2088">aleju</word>
<word id="word_2089">starp</word>
<word id="word_2090">muižu</word>
<word id="word_2091">un</word>
<word id="word_2092">baznīcu</word>
<word id="word_2093">valda</word>
<word id="word_2094">nostāsts</word>
<word id="word_2095">ka</word>
<word id="word_2096">to</word>
<word id="word_2097">stādījuši</word>
<word id="word_2098">zviedru</word>
<word id="word_2099">karavīri</word>
<word id="word_2100">:</word>
<word id="word_2101">iesprauduši</word>
<word id="word_2102">vienkārši</word>
<word id="word_2103">vītolu</word>
<word id="word_2104">nūjas</word>
<word id="word_2105">,</word>
<word id="word_2106">kas</word>
<word id="word_2107">ar</word>
<word id="word_2108">laiku</word>
<word id="word_2109">sākušas</word>
<word id="word_2110">lapot</word>
<word id="word_2111">.</word>
<word id="word_2112">Bērzaunes</word>
<word id="word_2113">pagasts</word>
<word id="word_2114">ievērojams</word>
<word id="word_2115">arī</word>
<word id="word_2116">ar</word>
<word id="word_2117">lielo</word>
<word id="word_2118">pareizticīgo</word>
<word id="word_2119">vairumu</word>
<word id="word_2120">.</word>
<word id="word_2121">Smeceres</word>
<word id="word_2122">upe</word>
<word id="word_2123">,</word>
<word id="word_2124">kas</word>
<word id="word_2125">tek</word>
<word id="word_2126">garam</word>
<word id="word_2127">Smeceres</word>
<word id="word_2128">krogam</word>
<word id="word_2129">ir</word>
<word id="word_2130">bagāta</word>
<word id="word_2131">forelēm</word>
<word id="word_2132">.</word>
<word id="word_2133">Pelšu</word>
<word id="word_2134">ezers</word>
<word id="word_2135">atrodas</word>
<word id="word_2136">pie</word>
<word id="word_2137">Lazdonas</word>
<word id="word_2138">pag.</word>
<word id="word_2139">Trulēm</word>
<word id="word_2140">,</word>
<word id="word_2141">kur</word>
<word id="word_2142">ir</word>
<word id="word_2143">tūristu</word>
<word id="word_2144">mītne</word>
<word id="word_2145">.</word>
<word id="word_2146">Šis</word>
<word id="word_2147">aizaugošais</word>
<word id="word_2148">ezers</word>
<word id="word_2149">ievērojams</word>
<word id="word_2150">ar</word>
<word id="word_2151">grimstošo</word>
<word id="word_2152">salu</word>
<word id="word_2153">un</word>
<word id="word_2154">karūsām</word>
<word id="word_2155">.</word>
<word id="word_2156">Vairāk</word>
<word id="word_2157">uz</word>
<word id="word_2158">Zelgauskas</word>
<word id="word_2159">pusi</word>
<word id="word_2160">Aronas</word>
<word id="word_2161">krāšņajā</word>
<word id="word_2162">krastā</word>
<word id="word_2163">atrodas</word>
<word id="word_2164">Birānu</word>
<word id="word_2165">spēkstacija</word>
<word id="word_2166">un</word>
<word id="word_2167">dzirnavas</word>
<word id="word_2168">.</word>
<word id="word_2169">Šī</word>
<word id="word_2170">V.</word>
<word id="word_2171">E.</word>
<word id="word_2172">F.</word>
<word id="word_2173">Radio</word>
<word id="word_2174">piederumu</word>
<word id="word_2175">aģentūra</word>
<word id="word_2176">Madonā</word>
<word id="word_2177">,</word>
<word id="word_2178">Tirgus</word>
<word id="word_2179">ielā</word>
<word id="word_2180">Nr.</word>
<word id="word_2181">2</word>
<word id="word_2182">16</word>
<word id="word_2183">Madoniešu</word>
<word id="word_2184">iemīļotā</word>
<word id="word_2185">peldvieta</word>
<word id="word_2186">pie</word>
<word id="word_2187">Rāceņu</word>
<word id="word_2188">ezera</word>
<word id="word_2189">spēkstacija</word>
<word id="word_2190">apgādā</word>
<word id="word_2191">Madonu</word>
<word id="word_2192">ar</word>
<word id="word_2193">elektrisko</word>
<word id="word_2194">enerģiju</word>
<word id="word_2195">un</word>
<word id="word_2196">atrodas</word>
<word id="word_2197">ap</word>
<word id="word_2198">5</word>
<word id="word_2199">km</word>
<word id="word_2200">no</word>
<word id="word_2201">Madonas</word>
<word id="word_2202">.</word>
<word id="word_2203">Vispār</word>
<word id="word_2204">šinī</word>
<word id="word_2205">rajonā</word>
<word id="word_2206">ir</word>
<word id="word_2207">daudz</word>
<word id="word_2208">dzirnavu</word>
<word id="word_2209">,</word>
<word id="word_2210">kas</word>
<word id="word_2211">piedod</word>
<word id="word_2212">skaistumu</word>
<word id="word_2213">apkārtnei</word>
<word id="word_2214">.</word>
<word id="word_2215">Pie</word>
<word id="word_2216">Sarkaņu</word>
<word id="word_2217">pagasta</word>
<word id="word_2218">Rēķu</word>
<word id="word_2219">mājām</word>
<word id="word_2220">atrodas</word>
<word id="word_2221">R_ē_ķ_v</word>
<word id="word_2222">kalns</word>
<word id="word_2223">no</word>
<word id="word_2224">kura</word>
<word id="word_2225">virsotnes</word>
<word id="word_2226">var</word>
<word id="word_2227">redzēt</word>
<word id="word_2228">pus</word>
<word id="word_2229">Latgales</word>
<word id="word_2230">.</word>
<word id="word_2231">Kalna</word>
<word id="word_2232">augstums26o</word>
<word id="word_2233">m</word>
<word id="word_2234">un</word>
<word id="word_2235">atrodas</word>
<word id="word_2236">ap</word>
<word id="word_2237">6</word>
<word id="word_2238">km</word>
<word id="word_2239">no</word>
<word id="word_2240">Madonas</word>
<word id="word_2241">.</word>
<word id="word_2242">Virsotne</word>
<word id="word_2243">izdevīga</word>
<word id="word_2244">apkārtnes</word>
<word id="word_2245">aplūkošanai</word>
<word id="word_2246">—</word>
<word id="word_2247">kaila</word>
<word id="word_2248">.</word>
<word id="word_2249">No</word>
<word id="word_2250">šejienes</word>
<word id="word_2251">var</word>
<word id="word_2252">redzēt</word>
<word id="word_2253">17</word>
<word id="word_2254">v</word>
<word id="word_2255">airākus</word>
<word id="word_2256">Latgales</word>
<word id="word_2257">katoļu</word>
<word id="word_2258">baznīcu</word>
<word id="word_2259">101</word>
<word id="word_2260">-</word>
<word id="word_2261">-</word>
<word id="word_2262">-</word>
<word id="word_2263">nu</word>
<word id="word_2264">s</word>
<word id="word_2265">.</word>
<word id="word_2266">Tālāk</word>
<word id="word_2267">ceļš</word>
<word id="word_2268">ved</word>
<word id="word_2269">garām</word>
<word id="word_2270">Cišu</word>
<word id="word_2271">kalnam</word>
<word id="word_2272">.</word>
<word id="word_2273">Tas</word>
<word id="word_2274">ir</word>
<word id="word_2275">stāvs</word>
<word id="word_2276">un</word>
<word id="word_2277">uzkāpšana</word>
<word id="word_2278">prasa</word>
<word id="word_2279">lielas</word>
<word id="word_2280">pūles</word>
<word id="word_2281">.</word>
<word id="word_2282">Skats</word>
<word id="word_2283">ir</word>
<word id="word_2284">šaurāks</word>
<word id="word_2285">,</word>
<word id="word_2286">jo</word>
<word id="word_2287">virsotni</word>
<word id="word_2288">sedz</word>
<word id="word_2289">koki</word>
<word id="word_2290">un</word>
<word id="word_2291">apkārtnes</word>
<word id="word_2292">ir</word>
<word id="word_2293">kalni</word>
<word id="word_2294">.</word>
<word id="word_2295">levērojama</word>
<word id="word_2296">vieta</word>
<word id="word_2297">ir</word>
<word id="word_2298">Biksēres</word>
<word id="word_2299">muižas</word>
<word id="word_2300">tuvākā</word>
<word id="word_2301">apkārtne</word>
<word id="word_2302">,</word>
<word id="word_2303">ko</word>
<word id="word_2304">ieņem</word>
<word id="word_2305">dziļa</word>
<word id="word_2306">grava</word>
<word id="word_2307">,</word>
<word id="word_2308">kas</word>
<word id="word_2309">līdzīga</word>
<word id="word_2310">Pērses</word>
<word id="word_2311">gravai</word>
<word id="word_2312">.</word>
<word id="word_2313">Te</word>
<word id="word_2314">atrodas</word>
<word id="word_2315">arī</word>
<word id="word_2316">veco</word>
<word id="word_2317">baronu</word>
<word id="word_2318">kapi</word>
<word id="word_2319">.</word>
<word id="word_2320">Izdarīti</word>
<word id="word_2321">arī</word>
<word id="word_2322">vairāki</word>
<word id="word_2323">vērtīgi</word>
<word id="word_2324">archoloģiski</word>
<word id="word_2325">izrakumi</word>
<word id="word_2326">.</word>
<word id="word_2327">Ceļa</word>
<word id="word_2328">malā</word>
<word id="word_2329">ir</word>
<word id="word_2330">Biksēres</word>
<word id="word_2331">dzirnavas</word>
<word id="word_2332">.</word>
<word id="word_2333">Daudz</word>
<word id="word_2334">ļaunuma</word>
<word id="word_2335">Madonai</word>
<word id="word_2336">nodarījis</word>
<word id="word_2337">pēdējais</word>
<word id="word_2338">Biksēres</word>
<word id="word_2339">barons</word>
<word id="word_2340">Magnus</word>
<word id="word_2341">,</word>
<word id="word_2342">kas</word>
<word id="word_2343">bijis</word>
<word id="word_2344">vācu</word>
<word id="word_2345">spiegs</word>
<word id="word_2346">.</word>
<word id="word_2347">Nesaules</word>
<word id="word_2348">kalns</word>
<word id="word_2349">—</word>
<word id="word_2350">287</word>
<word id="word_2351">m</word>
<word id="word_2352">ir</word>
<word id="word_2353">trešais</word>
<word id="word_2354">augstākais</word>
<word id="word_2355">kalns</word>
<word id="word_2356">Latvijā</word>
<word id="word_2357">.</word>
<word id="word_2358">Kalns</word>
<word id="word_2359">grūti</word>
<word id="word_2360">atrodams</word>
<word id="word_2361">,</word>
<word id="word_2362">ja</word>
<word id="word_2363">nav</word>
<word id="word_2364">kartes</word>
<word id="word_2365">,</word>
<word id="word_2366">jo</word>
<word id="word_2367">tas</word>
<word id="word_2368">no</word>
<word id="word_2369">apkārtnes</word>
<word id="word_2370">neizceļas</word>
<word id="word_2371">—</word>
<word id="word_2372">apaudzis</word>
<word id="word_2373">mežu</word>
<word id="word_2374">.</word>
<word id="word_2375">Vienīgi</word>
<word id="word_2376">ziemeļu</word>
<word id="word_2377">pusē</word>
<word id="word_2378">neliels</word>
<word id="word_2379">izciitums</word>
<word id="word_2380">.</word>
<word id="word_2381">Vienā</word>
<word id="word_2382">galā</word>
<word id="word_2383">ezers</word>
<word id="word_2384">.</word>
<word id="word_2385">Austrumu</word>
<word id="word_2386">virziena</word>
<word id="word_2387">iesākas</word>
<word id="word_2388">plašais</word>
<word id="word_2389">Lubānas</word>
<word id="word_2390">līdzenums</word>
<word id="word_2391">ko</word>
<word id="word_2392">šķērso</word>
<word id="word_2393">Aiviekste</word>
<word id="word_2394">.</word>
<word id="word_2395">Meirāni</word>
<word id="word_2396">ievērojami</word>
<word id="word_2397">ar</word>
<word id="word_2398">pulkveža</word>
<word id="word_2399">Kalpaka</word>
<word id="word_2400">atdusas</word>
<word id="word_2401">vietu</word>
<word id="word_2402">~</word>
<word id="word_2403">Visagala</word>
<word id="word_2404">&quot;</word>
<word id="word_2405">kapos</word>
<word id="word_2406">.</word>
<word id="word_2407">Piemineklis</word>
<word id="word_2408">uzcelts</word>
<word id="word_2409">gandrīz</word>
<word id="word_2410">pašā</word>
<word id="word_2411">kapsētas</word>
<word id="word_2412">centrā</word>
<word id="word_2413">.</word>
<word id="word_2414">No</word>
<word id="word_2415">ārpuses</word>
<word id="word_2416">redzēt</word>
<word id="word_2417">nevar</word>
<word id="word_2418">—</word>
<word id="word_2419">koki</word>
<word id="word_2420">priekšā</word>
<word id="word_2421">.</word>
<word id="word_2422">Aiz</word>
<word id="word_2423">kapsētas</word>
<word id="word_2424">lejā</word>
<word id="word_2425">ir</word>
<word id="word_2426">Visagalas</word>
<word id="word_2427">ezeri</word>
<word id="word_2428">.</word>
<word id="word_2429">Aiviekste</word>
<word id="word_2430">tiek</word>
<word id="word_2431">bagarēta</word>
<word id="word_2432">un</word>
<word id="word_2433">padziļināta</word>
<word id="word_2434">,</word>
<word id="word_2435">jo</word>
<word id="word_2436">pavasaros</word>
<word id="word_2437">stipri</word>
<word id="word_2438">pārplūst</word>
<word id="word_2439">.</word>
<word id="word_2440">Ap</word>
<word id="word_2441">Meirāniem</word>
<word id="word_2442">purvaini</word>
<word id="word_2443">klāņi</word>
<word id="word_2444">.</word>
<word id="word_2445">tālāk</word>
<word id="word_2446">ap</word>
<word id="word_2447">Saikavu</word>
<word id="word_2448">stingrāks</word>
<word id="word_2449">krasts</word>
<word id="word_2450">.</word>
<word id="word_2451">Saikavā</word>
<word id="word_2452">daba</word>
<word id="word_2453">paliek</word>
<word id="word_2454">vienmuļīga</word>
<word id="word_2455">.</word>
<word id="word_2456">Valda</word>
<word id="word_2457">līdzenums</word>
<word id="word_2458">,</word>
<word id="word_2459">ja</word>
<word id="word_2460">nebūtu</word>
<word id="word_2461">mežiņu</word>
<word id="word_2462">,</word>
<word id="word_2463">tad</word>
<word id="word_2464">uzkristu</word>
<word id="word_2465">stipra</word>
<word id="word_2466">līdzība</word>
<word id="word_2467">ar</word>
<word id="word_2468">Holandi</word>
<word id="word_2469">,</word>
<word id="word_2470">jo</word>
<word id="word_2471">izplatītas</word>
<word id="word_2472">vējdzirnavas</word>
<word id="word_2473">.</word>
<word id="word_2474">A</word>
<word id="word_2475">-</word>
<word id="word_2476">Rubenis</word>
<word id="word_2477">-</word>
<word id="word_2478">„</word>
<word id="word_2479">Letas</word>
<word id="word_2480">&quot;</word>
<word id="word_2481">kioskā</word>
<word id="word_2482">Madonā</word>
<word id="word_2483">,</word>
<word id="word_2484">tūristi</word>
<word id="word_2485">var</word>
<word id="word_2486">dabūt</word>
<word id="word_2487">krāšņo</word>
<word id="word_2488">apkārtnes</word>
<word id="word_2489">skatu</word>
<word id="word_2490">fotogrāfijas</word>
<word id="word_2491">18</word>
<word id="word_2492">Pulkveža</word>
<word id="word_2493">Kalpaka</word>
<word id="word_2494">piemineklis</word>
<word id="word_2495">Visagala</word>
<word id="word_2496">kapos</word>
<word id="word_2497">Interesanti</word>
<word id="word_2498">sastapt</word>
<word id="word_2499">Saikavas</word>
<word id="word_2500">pagasta</word>
<word id="word_2501">gudruli</word>
<word id="word_2502">Jāņu</word>
<word id="word_2503">Jāni</word>
<word id="word_2504">,</word>
<word id="word_2505">kas</word>
<word id="word_2506">zin</word>
<word id="word_2507">daudz</word>
<word id="word_2508">stāstīt</word>
<word id="word_2509">par</word>
<word id="word_2510">veciem</word>
<word id="word_2511">laikiem</word>
<word id="word_2512">un</word>
<word id="word_2513">savām</word>
<word id="word_2514">dēkām</word>
<word id="word_2515">.</word>
<word id="word_2516">Starp</word>
<word id="word_2517">citu</word>
<word id="word_2518">viņš</word>
<word id="word_2519">minēts</word>
<word id="word_2520">arī</word>
<word id="word_2521">J</word>
<word id="word_2522">Ezeriņa</word>
<word id="word_2523">Viņš</word>
<word id="word_2524">esot</word>
<word id="word_2525">izgudrojis</word>
<word id="word_2526">ūdens</word>
<word id="word_2527">velosipēdu</word>
<word id="word_2528">un</word>
<word id="word_2529">cūku</word>
<word id="word_2530">ganāmo</word>
<word id="word_2531">mašīnu</word>
<word id="word_2532">t</word>
<word id="word_2533">.</word>
<word id="word_2534">i</word>
<word id="word_2535">.</word>
<word id="word_2536">pārvietojamu</word>
<word id="word_2537">aploku</word>
<word id="word_2538">,</word>
<word id="word_2539">ko</word>
<word id="word_2540">pielietojot</word>
<word id="word_2541">.</word>
<word id="word_2542">Aiz</word>
<word id="word_2543">Saikavas</word>
<word id="word_2544">jau</word>
<word id="word_2545">jūtams</word>
<word id="word_2546">Latgales</word>
<word id="word_2547">iespaids</word>
<word id="word_2548">,</word>
<word id="word_2549">Ceļu</word>
<word id="word_2550">krustos</word>
<word id="word_2551">krucifiksi</word>
<word id="word_2552">un</word>
<word id="word_2553">svētbildes</word>
<word id="word_2554">.</word>
<word id="word_2555">Arī</word>
<word id="word_2556">ēkas</word>
<word id="word_2557">savādākas</word>
<word id="word_2558">Mežā</word>
<word id="word_2559">,</word>
<word id="word_2560">ceļa</word>
<word id="word_2561">malā</word>
<word id="word_2562">starp</word>
<word id="word_2563">Kamatauskām</word>
<word id="word_2564">un</word>
<word id="word_2565">Jaunsaikavas</word>
<word id="word_2566">piemiņas</word>
<word id="word_2567">akmens</word>
<word id="word_2568">kādam</word>
<word id="word_2569">noslepkavotam</word>
<word id="word_2570">ādu</word>
<word id="word_2571">lirgotājam</word>
<word id="word_2572">.</word>
<word id="word_2573">Vecsaikavā</word>
<word id="word_2574">izceļas</word>
<word id="word_2575">parks</word>
<word id="word_2576">,</word>
<word id="word_2577">kas</word>
<word id="word_2578">šinī</word>
<word id="word_2579">1L</word>
<word id="word_2580">dzenumā</word>
<word id="word_2581">ir</word>
<word id="word_2582">skaistākā</word>
<word id="word_2583">vieta</word>
<word id="word_2584">.</word>
<word id="word_2585">Uz</word>
<word id="word_2586">dienvidiem</word>
<word id="word_2587">no</word>
<word id="word_2588">Saikavas</word>
<word id="word_2589">Aiviekstas</word>
<word id="word_2590">krastos</word>
<word id="word_2591">guļ</word>
<word id="word_2592">Ļaudonas</word>
<word id="word_2593">miests</word>
<word id="word_2594">.</word>
<word id="word_2595">Te</word>
<word id="word_2596">ir</word>
<word id="word_2597">vietējais</word>
<word id="word_2598">administratī</word>
<word id="word_2599">&amp;</word>
<word id="word_2600">11</word>
<word id="word_2601">Jt</word>
<word id="word_2602">i</word>
<word id="word_2603">*</word>
<word id="word_2604">*</word>
<word id="word_2605">*</word>
<word id="word_2606">*</word>
<word id="word_2607">*</word>
<word id="word_2608">19</word>
<word id="word_2609">vais</word>
<word id="word_2610">centrs</word>
<word id="word_2611">.</word>
<word id="word_2612">Ir</word>
<word id="word_2613">arī</word>
<word id="word_2614">parks</word>
<word id="word_2615">,</word>
<word id="word_2616">peldētava</word>
<word id="word_2617">un</word>
<word id="word_2618">dzelzs</word>
<word id="word_2619">tilts</word>
<word id="word_2620">.</word>
<word id="word_2621">Veca</word>
<word id="word_2622">stila</word>
<word id="word_2623">baznīca</word>
<word id="word_2624">.</word>
<word id="word_2625">Jaunkalsnavā</word>
<word id="word_2626">ievērojams</word>
<word id="word_2627">ir</word>
<word id="word_2628">Madonas</word>
<word id="word_2629">raidītājs</word>
<word id="word_2630">,</word>
<word id="word_2631">kura</word>
<word id="word_2632">masti</word>
<word id="word_2633">pa</word>
<word id="word_2634">gabalu</word>
<word id="word_2635">izceļas</word>
<word id="word_2636">meža</word>
<word id="word_2637">vidū</word>
<word id="word_2638">.</word>
<word id="word_2639">Ari</word>
<word id="word_2640">garāmbraucot</word>
<word id="word_2641">tie</word>
<word id="word_2642">redzami</word>
<word id="word_2643">no</word>
<word id="word_2644">dzelzceļa</word>
<word id="word_2645">.</word>
<word id="word_2646">Raidītājs</word>
<word id="word_2647">atrodas</word>
<word id="word_2648">uz</word>
<word id="word_2649">Latgales</word>
<word id="word_2650">robežas</word>
<word id="word_2651">pie</word>
<word id="word_2652">Aiviekstes</word>
<word id="word_2653">spēkstacijas</word>
<word id="word_2654">.</word>
<word id="word_2655">Tā</word>
<word id="word_2656">ir</word>
<word id="word_2657">techniski</word>
<word id="word_2658">ļoti</word>
<word id="word_2659">pilnīga</word>
<word id="word_2660">—</word>
<word id="word_2661">lielākā</word>
<word id="word_2662">turbīna</word>
<word id="word_2663">Lātvijā</word>
<word id="word_2664">.</word>
<word id="word_2665">Veckalsnavā</word>
<word id="word_2666">ievērojama</word>
<word id="word_2667">baznīca</word>
<word id="word_2668">,</word>
<word id="word_2669">kūjai</word>
<word id="word_2670">ļoti</word>
<word id="word_2671">augsts</word>
<word id="word_2672">tornis</word>
<word id="word_2673">.</word>
<word id="word_2674">Pie</word>
<word id="word_2675">baznīcas</word>
<word id="word_2676">vecs</word>
<word id="word_2677">baronu</word>
<word id="word_2678">kaps</word>
<word id="word_2679">,</word>
<word id="word_2680">kas</word>
<word id="word_2681">redzams</word>
<word id="word_2682">pēc</word>
<word id="word_2683">vecā</word>
<word id="word_2684">pieminekļa</word>
<word id="word_2685">.</word>
<word id="word_2686">Baznīcas</word>
<word id="word_2687">lejā</word>
<word id="word_2688">guļ</word>
<word id="word_2689">ezers</word>
<word id="word_2690">,</word>
<word id="word_2691">kura</word>
<word id="word_2692">krastos</word>
<word id="word_2693">vēl</word>
<word id="word_2694">redzamas</word>
<word id="word_2695">kara</word>
<word id="word_2696">pēdas</word>
<word id="word_2697">—</word>
<word id="word_2698">tranšejas</word>
<word id="word_2699">.</word>
<word id="word_2700">Ar</word>
<word id="word_2701">to</word>
<word id="word_2702">nu</word>
<word id="word_2703">būtu</word>
<word id="word_2704">galvenos</word>
<word id="word_2705">vilcienos</word>
<word id="word_2706">izsmelts</word>
<word id="word_2707">Malonas</word>
<word id="word_2708">un</word>
<word id="word_2709">apkārtnes</word>
<word id="word_2710">ievērojamāko</word>
<word id="word_2711">,</word>
<word id="word_2712">skaistāko</word>
<word id="word_2713">vietu</word>
<word id="word_2714">pskats</word>
<word id="word_2715">.</word>
<word id="word_2716">Mēs</word>
<word id="word_2717">,</word>
<word id="word_2718">madonieši</word>
<word id="word_2719">,</word>
<word id="word_2720">gaidīsim</word>
<word id="word_2721">,</word>
<word id="word_2722">kad</word>
<word id="word_2723">Jūs</word>
<word id="word_2724">apmelēsiet</word>
<word id="word_2725">Madonu</word>
<word id="word_2726">un</word>
<word id="word_2727">iepazīstināsim</word>
<word id="word_2728">Jūs</word>
<word id="word_2729">ar</word>
<word id="word_2730">vietām</word>
<word id="word_2731">,</word>
<word id="word_2732">kas</word>
<word id="word_2733">rī</word>
<word id="word_2734">ir</word>
<word id="word_2735">skaistas</word>
<word id="word_2736">,</word>
<word id="word_2737">bet</word>
<word id="word_2738">telpu</word>
<word id="word_2739">trūkuma</word>
<word id="word_2740">dēļ</word>
<word id="word_2741">šore</word>
<word id="word_2742">z</word>
<word id="word_2743">atstājām</word>
<word id="word_2744">neminētas</word>
<word id="word_2745">.</word>
<word id="word_2746">Ar</word>
<word id="word_2747">laiku</word>
<word id="word_2748">viss</word>
<word id="word_2749">ieritēs</word>
<word id="word_2750">normālākā</word>
<word id="word_2751">.</word>
<word id="word_2752">ultnē</word>
<word id="word_2753">un</word>
<word id="word_2754">arī</word>
<word id="word_2755">šis</word>
<word id="word_2756">prospekts</word>
<word id="word_2757">izveidosies</word>
<word id="word_2758">pilnīgi</word>
<word id="word_2759">.</word>
<word id="word_2760">Uz</word>
<word id="word_2761">redzēšanos</word>
<word id="word_2762">Madonā</word>
<word id="word_2763">!</word>
<word id="word_2764">•</word>
<word id="word_2765">•</word>
<word id="word_2766">—</word>
<word id="word_2767">—</word>
<word id="word_2768">—</word>
<word id="word_2769">aaaaoonaana</word>
<word id="word_2770">»</word>
<word id="word_2771">«</word>
<word id="word_2772">MMMB</word>
<word id="word_2773">&gt;</word>
<word id="word_2774">«</word>
<word id="word_2775">a</word>
<word id="word_2776">_</word>
<word id="word_2777">»</word>
<word id="word_2778">_</word>
<word id="word_2779">au</word>
<word id="word_2780">—</word>
<word id="word_2781">mmmm-m</word>
<word id="word_2782">—</word>
<word id="word_2783">mmm</word>
<word id="word_2784">I</word>
<word id="word_2785">Modernākā</word>
<word id="word_2786">dāmu</word>
<word id="word_2787">un</word>
<word id="word_2788">kungu</word>
<word id="word_2789">j</word>
<word id="word_2790">frizētava</word>
<word id="word_2791">E.</word>
<word id="word_2792">Rocis</word>
<word id="word_2793">,</word>
<word id="word_2794">Madonā</word>
<word id="word_2795">Rīgas</word>
<word id="word_2796">bulv.</word>
<word id="word_2797">15</word>
<word id="word_2798">Maiznīca</word>
<word id="word_2799">konditoreja</word>
<word id="word_2800">K.</word>
<word id="word_2801">Jaunrubenis</word>
<word id="word_2802">Madona</word>
<word id="word_2803">,</word>
<word id="word_2804">Rīgas</word>
<word id="word_2805">bulv.</word>
<word id="word_2806">11.</word>
<word id="word_2807">Tāļr</word>
<word id="word_2808">.</word>
<word id="word_2809">47</word>
<word id="word_2810">Vecākā</word>
<word id="word_2811">velosipēdu</word>
<word id="word_2812">tirgotava</word>
<word id="word_2813">rin</word>
<word id="word_2814">izlabošanas</word>
<word id="word_2815">darbnīca</word>
<word id="word_2816">Madonā</word>
<word id="word_2817">,</word>
<word id="word_2818">Baložu</word>
<word id="word_2819">iela</word>
<word id="word_2820">4</word>
<word id="word_2821">,</word>
<word id="word_2822">P.</word>
<word id="word_2823">Rigerts</word>
<word id="word_2824">.</word>
<word id="word_2825">Jaunā</word>
<word id="word_2826">mechaniskā</word>
<word id="word_2827">darbnica</word>
<word id="word_2828">:</word>
<word id="word_2829">visiem</word>
<word id="word_2830">parocīgi</word>
<word id="word_2831">,</word>
<word id="word_2832">pie</word>
<word id="word_2833">bencīna</word>
<word id="word_2834">tanka</word>
<word id="word_2835">,</word>
<word id="word_2836">Rīgas</word>
<word id="word_2837">bulv.</word>
<word id="word_2838">9</word>
<word id="word_2839">(</word>
<word id="word_2840">sētā</word>
<word id="word_2841">)</word>
<word id="word_2842">J.</word>
<word id="word_2843">Ķirsons</word>
<word id="word_2844">.</word>
<word id="word_2845">Gatavu</word>
<word id="word_2846">apģērbu</word>
<word id="word_2847">un</word>
<word id="word_2848">manufaktūras</word>
<word id="word_2849">tirgotava</word>
<word id="word_2850">A.</word>
<word id="word_2851">BreģlS</word>
<word id="word_2852">,</word>
<word id="word_2853">Madonā</word>
<word id="word_2854">,</word>
<word id="word_2855">Rīgas</word>
<word id="word_2856">bulv</word>
<word id="word_2857">.</word>
<word id="word_2858">Rātmindera</word>
<word id="word_2859">namā</word>
<word id="word_2860">Madonā</word>
<word id="word_2861">būdami</word>
<word id="word_2862">iegriežaties</word>
<word id="word_2863">J.</word>
<word id="word_2864">Augustona</word>
<word id="word_2865">gatavu</word>
<word id="word_2866">apģērbu</word>
<word id="word_2867">,</word>
<word id="word_2868">manufaktūras</word>
<word id="word_2869">un</word>
<word id="word_2870">modes</word>
<word id="word_2871">preču</word>
<word id="word_2872">tirgotavā</word>
<word id="word_2873">,</word>
<word id="word_2874">Madonā</word>
<word id="word_2875">,</word>
<word id="word_2876">Rīgas</word>
<word id="word_2877">bulv.</word>
<word id="word_2878">19</word>
<word id="word_2879">(</word>
<word id="word_2880">pie</word>
<word id="word_2881">pasta</word>
<word id="word_2882">)</word>
<word id="word_2883">.</word>
<word id="word_2884">Dažādu</word>
<word id="word_2885">precu</word>
<word id="word_2886">tirgotava</word>
<word id="word_2887">J.</word>
<word id="word_2888">Kacins</word>
<word id="word_2889">Madona</word>
<word id="word_2890">,</word>
<word id="word_2891">Rīgas</word>
<word id="word_2892">bulv.</word>
<word id="word_2893">6</word>
<word id="word_2894">-</word>
<word id="word_2895">a</word>
<word id="word_2896">Dažādu</word>
<word id="word_2897">preču</word>
<word id="word_2898">tirgotava</word>
<word id="word_2899">N.</word>
<word id="word_2900">Bands</word>
<word id="word_2901">Madona</word>
<word id="word_2902">,</word>
<word id="word_2903">Rīgas</word>
<word id="word_2904">bulv.</word>
<word id="word_2905">4.</word>
<word id="word_2906">:</word>
<word id="word_2907">&apos;</word>
<word id="word_2908">.</word>
<word id="word_2909">Viss</word>
<word id="word_2910">vajadzīgais</word>
<word id="word_2911">dabūjams</word>
<word id="word_2912">J.</word>
<word id="word_2913">BANDA</word>
<word id="word_2914">dažādu</word>
<word id="word_2915">preču</word>
<word id="word_2916">tirgotavā</word>
<word id="word_2917">Madonā</word>
<word id="word_2918">,</word>
<word id="word_2919">Rīgas</word>
<word id="word_2920">bulv.</word>
<word id="word_2921">3</word>
<word id="word_2922">.</word>
<word id="word_2923">Modes</word>
<word id="word_2924">preču</word>
<word id="word_2925">tirgotava</word>
<word id="word_2926">K.</word>
<word id="word_2927">TŪCIS</word>
<word id="word_2928">,</word>
<word id="word_2929">Madonā</word>
<word id="word_2930">,</word>
<word id="word_2931">Rīgas</word>
<word id="word_2932">bulv.</word>
<word id="word_2933">11</word>
<word id="word_2934">.</word>
<word id="word_2935">Grāmatu</word>
<word id="word_2936">spiestuve</word>
<word id="word_2937">un</word>
<word id="word_2938">sietuve</word>
<word id="word_2939">,</word>
<word id="word_2940">,</word>
<word id="word_2941">KONKURENTS</word>
<word id="word_2942">&quot;</word>
<word id="word_2943">Madonā</word>
<word id="word_2944">,</word>
<word id="word_2945">Blaumaņa</word>
<word id="word_2946">Ielā</word>
<word id="word_2947">Ne</word>
<word id="word_2948">6</word>
<word id="word_2949">.</word>
</words>