<?xml version="1.0" encoding="UTF-8"?>
<!DOCTYPE markables SYSTEM "markables.dtd">
<markables xmlns="www.eml.org/NameSpaces/coref">
<markable id="markable_1" span="word_1..word_3" coref_class="empty" category="product" mmax_level="coref"  rule="none"  type="none"/>
<markable id="markable_2" span="word_4" coref_class="empty" category="time" mmax_level="coref"  rule="none"  type="none"/>
<markable id="markable_3" span="word_6..word_9" coref_class="empty" category="organization" mmax_level="coref"  rule="none"  type="none"/>
<markable id="markable_4" span="word_17" coref_class="empty" category="organization" mmax_level="coref"  rule="none"  type="none"/>
<markable id="markable_5" span="word_19" coref_class="empty" category="location" mmax_level="coref"  rule="none"  type="none"/>
<markable id="markable_6" span="word_21" coref_class="empty" category="person" mmax_level="coref"  rule="none"  type="none"/>
<markable id="markable_7" span="word_68" coref_class="empty" category="location" mmax_level="coref"  rule="none"  type="none"/>
<markable id="markable_8" span="word_87" coref_class="empty" category="location" mmax_level="coref"  rule="none"  type="none"/>
<markable id="markable_9" span="word_98" coref_class="empty" category="location" mmax_level="coref"  rule="none"  type="none"/>
<markable id="markable_10" span="word_102" coref_class="empty" category="location" mmax_level="coref"  rule="none"  type="none"/>
<markable id="markable_11" span="word_113" coref_class="empty" category="location" mmax_level="coref"  rule="none"  type="none"/>
<markable id="markable_12" span="word_152" coref_class="empty" category="location" mmax_level="coref"  rule="none"  type="none"/>
<markable id="markable_13" span="word_162" coref_class="empty" category="location" mmax_level="coref"  rule="none"  type="none"/>
<markable id="markable_14" span="word_164" coref_class="empty" category="location" mmax_level="coref"  rule="none"  type="none"/>
<markable id="markable_15" span="word_166" coref_class="empty" category="location" mmax_level="coref"  rule="none"  type="none"/>
<markable id="markable_16" span="word_175" coref_class="empty" category="location" mmax_level="coref"  rule="none"  type="none"/>
<markable id="markable_17" span="word_202" coref_class="empty" category="location" mmax_level="coref"  rule="none"  type="none"/>
<markable id="markable_18" span="word_204" coref_class="empty" category="location" mmax_level="coref"  rule="none"  type="none"/>
<markable id="markable_19" span="word_206" coref_class="empty" category="location" mmax_level="coref"  rule="none"  type="none"/>
<markable id="markable_20" span="word_208" coref_class="empty" category="location" mmax_level="coref"  rule="none"  type="none"/>
<markable id="markable_21" span="word_217" coref_class="empty" category="location" mmax_level="coref"  rule="none"  type="none"/>
<markable id="markable_22" span="word_237" coref_class="empty" category="location" mmax_level="coref"  rule="none"  type="none"/>
<markable id="markable_23" span="word_314" coref_class="empty" category="location" mmax_level="coref"  rule="none"  type="none"/>
<markable id="markable_24" span="word_322" coref_class="empty" category="location" mmax_level="coref"  rule="none"  type="none"/>
<markable id="markable_25" span="word_338" coref_class="empty" category="location" mmax_level="coref"  rule="none"  type="none"/>
<markable id="markable_26" span="word_343" coref_class="empty" category="location" mmax_level="coref"  rule="none"  type="none"/>
<markable id="markable_27" span="word_345..word_346" coref_class="empty" category="location" mmax_level="coref"  rule="none"  type="none"/>
<markable id="markable_28" span="word_352..word_358" coref_class="empty" category="location" mmax_level="coref"  rule="none"  type="none"/>
<markable id="markable_29" span="word_374" coref_class="empty" category="location" mmax_level="coref"  rule="none"  type="none"/>
<markable id="markable_30" span="word_384..word_386" coref_class="empty" category="location" mmax_level="coref"  rule="none"  type="none"/>
<markable id="markable_31" span="word_399..word_400" coref_class="empty" category="location" mmax_level="coref"  rule="none"  type="none"/>
<markable id="markable_32" span="word_408..word_409" coref_class="empty" category="location" mmax_level="coref"  rule="none"  type="none"/>
<markable id="markable_33" span="word_411" coref_class="empty" category="location" mmax_level="coref"  rule="none"  type="none"/>
<markable id="markable_34" span="word_413..word_414" coref_class="empty" category="location" mmax_level="coref"  rule="none"  type="none"/>
<markable id="markable_35" span="word_436..word_437" coref_class="empty" category="person" mmax_level="coref"  rule="none"  type="none"/>
<markable id="markable_36" span="word_453" coref_class="empty" category="location" mmax_level="coref"  rule="none"  type="none"/>
<markable id="markable_37" span="word_468" coref_class="empty" category="location" mmax_level="coref"  rule="none"  type="none"/>
<markable id="markable_38" span="word_470" coref_class="empty" category="location" mmax_level="coref"  rule="none"  type="none"/>
<markable id="markable_39" span="word_552" coref_class="empty" category="location" mmax_level="coref"  rule="none"  type="none"/>
<markable id="markable_40" span="word_568" coref_class="empty" category="location" mmax_level="coref"  rule="none"  type="none"/>
<markable id="markable_41" span="word_572..word_575" coref_class="empty" category="location" mmax_level="coref"  rule="none"  type="none"/>
<markable id="markable_42" span="word_596" coref_class="empty" category="person" mmax_level="coref"  rule="none"  type="none"/>
<markable id="markable_43" span="word_603" coref_class="empty" category="location" mmax_level="coref"  rule="none"  type="none"/>
<markable id="markable_44" span="word_618..word_619" coref_class="empty" category="person" mmax_level="coref"  rule="none"  type="none"/>
<markable id="markable_45" span="word_620..word_626" coref_class="empty" category="location" mmax_level="coref"  rule="none"  type="none"/>
<markable id="markable_46" span="word_635" coref_class="empty" category="location" mmax_level="coref"  rule="none"  type="none"/>
<markable id="markable_47" span="word_668..word_669" coref_class="empty" category="organization" mmax_level="coref"  rule="none"  type="none"/>
<markable id="markable_48" span="word_670" coref_class="empty" category="location" mmax_level="coref"  rule="none"  type="none"/>
<markable id="markable_49" span="word_676..word_677" coref_class="empty" category="location" mmax_level="coref"  rule="none"  type="none"/>
<markable id="markable_50" span="word_681..word_682" coref_class="empty" category="location" mmax_level="coref"  rule="none"  type="none"/>
<markable id="markable_51" span="word_689" coref_class="empty" category="location" mmax_level="coref"  rule="none"  type="none"/>
<markable id="markable_52" span="word_696..word_697" coref_class="empty" category="product" mmax_level="coref"  rule="none"  type="none"/>
<markable id="markable_53" span="word_710..word_712" coref_class="empty" category="location" mmax_level="coref"  rule="none"  type="none"/>
<markable id="markable_54" span="word_715" coref_class="empty" category="location" mmax_level="coref"  rule="none"  type="none"/>
<markable id="markable_55" span="word_734..word_738" coref_class="empty" category="organization" mmax_level="coref"  rule="none"  type="none"/>
<markable id="markable_56" span="word_740..word_744" coref_class="empty" category="organization" mmax_level="coref"  rule="none"  type="none"/>
<markable id="markable_57" span="word_745" coref_class="empty" category="location" mmax_level="coref"  rule="none"  type="none"/>
<markable id="markable_58" span="word_751" coref_class="empty" category="location" mmax_level="coref"  rule="none"  type="none"/>
<markable id="markable_59" span="word_833" coref_class="empty" category="location" mmax_level="coref"  rule="none"  type="none"/>
<markable id="markable_60" span="word_854..word_855" coref_class="empty" category="location" mmax_level="coref"  rule="none"  type="none"/>
<markable id="markable_61" span="word_859..word_861" coref_class="empty" category="location" mmax_level="coref"  rule="none"  type="none"/>
<markable id="markable_62" span="word_882..word_883" coref_class="empty" category="location" mmax_level="coref"  rule="none"  type="none"/>
<markable id="markable_63" span="word_889..word_890" coref_class="empty" category="location" mmax_level="coref"  rule="none"  type="none"/>
<markable id="markable_64" span="word_902..word_903" coref_class="empty" category="location" mmax_level="coref"  rule="none"  type="none"/>
<markable id="markable_65" span="word_920" coref_class="empty" category="location" mmax_level="coref"  rule="none"  type="none"/>
<markable id="markable_66" span="word_947..word_950" coref_class="empty" category="organization" mmax_level="coref"  rule="none"  type="none"/>
<markable id="markable_67" span="word_951..word_952" coref_class="empty" category="person" mmax_level="coref"  rule="none"  type="none"/>
<markable id="markable_68" span="word_953..word_957" coref_class="empty" category="location" mmax_level="coref"  rule="none"  type="none"/>
<markable id="markable_69" span="word_963..word_964" coref_class="empty" category="location" mmax_level="coref"  rule="none"  type="none"/>
<markable id="markable_70" span="word_986" coref_class="empty" category="location" mmax_level="coref"  rule="none"  type="none"/>
<markable id="markable_71" span="word_989" coref_class="empty" category="location" mmax_level="coref"  rule="none"  type="none"/>
<markable id="markable_72" span="word_991..word_992" coref_class="empty" category="location" mmax_level="coref"  rule="none"  type="none"/>
<markable id="markable_73" span="word_1040" coref_class="empty" category="location" mmax_level="coref"  rule="none"  type="none"/>
<markable id="markable_74" span="word_1086" coref_class="empty" category="location" mmax_level="coref"  rule="none"  type="none"/>
<markable id="markable_75" span="word_1088..word_1089" coref_class="empty" category="location" mmax_level="coref"  rule="none"  type="none"/>
<markable id="markable_76" span="word_1092..word_1093" coref_class="empty" category="location" mmax_level="coref"  rule="none"  type="none"/>
<markable id="markable_77" span="word_1109" coref_class="empty" category="location" mmax_level="coref"  rule="none"  type="none"/>
<markable id="markable_78" span="word_1115..word_1116" coref_class="empty" category="location" mmax_level="coref"  rule="none"  type="none"/>
<markable id="markable_79" span="word_1120..word_1121" coref_class="empty" category="location" mmax_level="coref"  rule="none"  type="none"/>
<markable id="markable_80" span="word_1132..word_1133" coref_class="empty" category="location" mmax_level="coref"  rule="none"  type="none"/>
<markable id="markable_81" span="word_1139..word_1140" coref_class="empty" category="location" mmax_level="coref"  rule="none"  type="none"/>
<markable id="markable_82" span="word_1147..word_1148" coref_class="empty" category="location" mmax_level="coref"  rule="none"  type="none"/>
<markable id="markable_83" span="word_1153..word_1154" coref_class="empty" category="location" mmax_level="coref"  rule="none"  type="none"/>
<markable id="markable_84" span="word_1157..word_1158" coref_class="empty" category="location" mmax_level="coref"  rule="none"  type="none"/>
<markable id="markable_85" span="word_1194" coref_class="empty" category="location" mmax_level="coref"  rule="none"  type="none"/>
<markable id="markable_86" span="word_1200" coref_class="empty" category="location" mmax_level="coref"  rule="none"  type="none"/>
<markable id="markable_87" span="word_1209..word_1210" coref_class="empty" category="person" mmax_level="coref"  rule="none"  type="none"/>
<markable id="markable_88" span="word_1211..word_1213" coref_class="empty" category="location" mmax_level="coref"  rule="none"  type="none"/>
<markable id="markable_89" span="word_1244" coref_class="empty" category="location" mmax_level="coref"  rule="none"  type="none"/>
<markable id="markable_90" span="word_1251..word_1252" coref_class="empty" category="location" mmax_level="coref"  rule="none"  type="none"/>
<markable id="markable_91" span="word_1260" coref_class="empty" category="location" mmax_level="coref"  rule="none"  type="none"/>
<markable id="markable_92" span="word_1268" coref_class="empty" category="location" mmax_level="coref"  rule="none"  type="none"/>
<markable id="markable_93" span="word_1273" coref_class="empty" category="location" mmax_level="coref"  rule="none"  type="none"/>
<markable id="markable_94" span="word_1275..word_1276" coref_class="empty" category="location" mmax_level="coref"  rule="none"  type="none"/>
<markable id="markable_95" span="word_1297..word_1299" coref_class="empty" category="location" mmax_level="coref"  rule="none"  type="none"/>
<markable id="markable_96" span="word_1305" coref_class="empty" category="location" mmax_level="coref"  rule="none"  type="none"/>
<markable id="markable_97" span="word_1314" coref_class="empty" category="location" mmax_level="coref"  rule="none"  type="none"/>
<markable id="markable_98" span="word_1320" coref_class="empty" category="location" mmax_level="coref"  rule="none"  type="none"/>
<markable id="markable_99" span="word_1322" coref_class="empty" category="location" mmax_level="coref"  rule="none"  type="none"/>
<markable id="markable_100" span="word_1345..word_1349" coref_class="empty" category="location" mmax_level="coref"  rule="none"  type="none"/>
<markable id="markable_101" span="word_1365..word_1366" coref_class="empty" category="location" mmax_level="coref"  rule="none"  type="none"/>
<markable id="markable_102" span="word_1380" coref_class="empty" category="location" mmax_level="coref"  rule="none"  type="none"/>
<markable id="markable_103" span="word_1385..word_1386" coref_class="empty" category="location" mmax_level="coref"  rule="none"  type="none"/>
<markable id="markable_104" span="word_1388" coref_class="empty" category="location" mmax_level="coref"  rule="none"  type="none"/>
<markable id="markable_105" span="word_1397..word_1398" coref_class="empty" category="location" mmax_level="coref"  rule="none"  type="none"/>
<markable id="markable_106" span="word_1422..word_1423" coref_class="empty" category="location" mmax_level="coref"  rule="none"  type="none"/>
<markable id="markable_107" span="word_1428" coref_class="empty" category="location" mmax_level="coref"  rule="none"  type="none"/>
<markable id="markable_108" span="word_1430" coref_class="empty" category="location" mmax_level="coref"  rule="none"  type="none"/>
<markable id="markable_109" span="word_1455" coref_class="empty" category="location" mmax_level="coref"  rule="none"  type="none"/>
<markable id="markable_110" span="word_1459..word_1460" coref_class="empty" category="location" mmax_level="coref"  rule="none"  type="none"/>
<markable id="markable_111" span="word_1475" coref_class="empty" category="location" mmax_level="coref"  rule="none"  type="none"/>
<markable id="markable_112" span="word_1483" coref_class="empty" category="location" mmax_level="coref"  rule="none"  type="none"/>
<markable id="markable_113" span="word_1485..word_1486" coref_class="empty" category="location" mmax_level="coref"  rule="none"  type="none"/>
<markable id="markable_114" span="word_1505" coref_class="empty" category="location" mmax_level="coref"  rule="none"  type="none"/>
<markable id="markable_115" span="word_1517" coref_class="empty" category="location" mmax_level="coref"  rule="none"  type="none"/>
<markable id="markable_116" span="word_1526" coref_class="empty" category="location" mmax_level="coref"  rule="none"  type="none"/>
<markable id="markable_117" span="word_1531" coref_class="empty" category="location" mmax_level="coref"  rule="none"  type="none"/>
<markable id="markable_118" span="word_1539..word_1540" coref_class="empty" category="location" mmax_level="coref"  rule="none"  type="none"/>
<markable id="markable_119" span="word_1563..word_1564" coref_class="empty" category="location" mmax_level="coref"  rule="none"  type="none"/>
<markable id="markable_120" span="word_1601" coref_class="empty" category="location" mmax_level="coref"  rule="none"  type="none"/>
<markable id="markable_121" span="word_1606..word_1608" coref_class="empty" category="person" mmax_level="coref"  rule="none"  type="none"/>
<markable id="markable_122" span="word_1610..word_1612" coref_class="empty" category="person" mmax_level="coref"  rule="none"  type="none"/>
<markable id="markable_123" span="word_1613..word_1617" coref_class="empty" category="location" mmax_level="coref"  rule="none"  type="none"/>
<markable id="markable_124" span="word_1618..word_1621" coref_class="empty" category="organization" mmax_level="coref"  rule="none"  type="none"/>
<markable id="markable_125" span="word_1625" coref_class="empty" category="location" mmax_level="coref"  rule="none"  type="none"/>
<markable id="markable_126" span="word_1627..word_1628" coref_class="empty" category="location" mmax_level="coref"  rule="none"  type="none"/>
<markable id="markable_127" span="word_1642" coref_class="empty" category="location" mmax_level="coref"  rule="none"  type="none"/>
<markable id="markable_128" span="word_1659..word_1660" coref_class="empty" category="location" mmax_level="coref"  rule="none"  type="none"/>
<markable id="markable_129" span="word_1662" coref_class="empty" category="location" mmax_level="coref"  rule="none"  type="none"/>
<markable id="markable_130" span="word_1673" coref_class="empty" category="location" mmax_level="coref"  rule="none"  type="none"/>
<markable id="markable_131" span="word_1680" coref_class="empty" category="location" mmax_level="coref"  rule="none"  type="none"/>
<markable id="markable_132" span="word_1682" coref_class="empty" category="location" mmax_level="coref"  rule="none"  type="none"/>
<markable id="markable_133" span="word_1693" coref_class="empty" category="location" mmax_level="coref"  rule="none"  type="none"/>
<markable id="markable_134" span="word_1706" coref_class="empty" category="location" mmax_level="coref"  rule="none"  type="none"/>
<markable id="markable_135" span="word_1708" coref_class="empty" category="location" mmax_level="coref"  rule="none"  type="none"/>
<markable id="markable_136" span="word_1734" coref_class="empty" category="location" mmax_level="coref"  rule="none"  type="none"/>
<markable id="markable_137" span="word_1745" coref_class="empty" category="location" mmax_level="coref"  rule="none"  type="none"/>
<markable id="markable_138" span="word_1756" coref_class="empty" category="location" mmax_level="coref"  rule="none"  type="none"/>
<markable id="markable_139" span="word_1774" coref_class="empty" category="location" mmax_level="coref"  rule="none"  type="none"/>
<markable id="markable_140" span="word_1795..word_1796" coref_class="empty" category="person" mmax_level="coref"  rule="none"  type="none"/>
<markable id="markable_141" span="word_1811" coref_class="empty" category="location" mmax_level="coref"  rule="none"  type="none"/>
<markable id="markable_142" span="word_1814..word_1815" coref_class="empty" category="location" mmax_level="coref"  rule="none"  type="none"/>
<markable id="markable_143" span="word_1839..word_1843" coref_class="empty" category="person" mmax_level="coref"  rule="none"  type="none"/>
<markable id="markable_144" span="word_1848" coref_class="empty" category="location" mmax_level="coref"  rule="none"  type="none"/>
<markable id="markable_145" span="word_1850" coref_class="empty" category="location" mmax_level="coref"  rule="none"  type="none"/>
<markable id="markable_146" span="word_1852..word_1853" coref_class="empty" category="location" mmax_level="coref"  rule="none"  type="none"/>
<markable id="markable_147" span="word_1861" coref_class="empty" category="location" mmax_level="coref"  rule="none"  type="none"/>
<markable id="markable_148" span="word_1869" coref_class="empty" category="location" mmax_level="coref"  rule="none"  type="none"/>
<markable id="markable_149" span="word_1871..word_1875" coref_class="empty" category="organization" mmax_level="coref"  rule="none"  type="none"/>
<markable id="markable_150" span="word_1886" coref_class="empty" category="location" mmax_level="coref"  rule="none"  type="none"/>
<markable id="markable_151" span="word_1906" coref_class="empty" category="location" mmax_level="coref"  rule="none"  type="none"/>
<markable id="markable_152" span="word_1920..word_1924" coref_class="empty" category="location" mmax_level="coref"  rule="none"  type="none"/>
<markable id="markable_153" span="word_1934..word_1938" coref_class="empty" category="organization" mmax_level="coref"  rule="none"  type="none"/>
<markable id="markable_154" span="word_1943" coref_class="empty" category="location" mmax_level="coref"  rule="none"  type="none"/>
<markable id="markable_155" span="word_1945..word_1946" coref_class="empty" category="location" mmax_level="coref"  rule="none"  type="none"/>
<markable id="markable_156" span="word_1957..word_1958" coref_class="empty" category="location" mmax_level="coref"  rule="none"  type="none"/>
<markable id="markable_157" span="word_1984..word_1985" coref_class="empty" category="location" mmax_level="coref"  rule="none"  type="none"/>
<markable id="markable_158" span="word_1987..word_1988" coref_class="empty" category="location" mmax_level="coref"  rule="none"  type="none"/>
<markable id="markable_159" span="word_1990" coref_class="empty" category="location" mmax_level="coref"  rule="none"  type="none"/>
<markable id="markable_160" span="word_2001..word_2002" coref_class="empty" category="location" mmax_level="coref"  rule="none"  type="none"/>
<markable id="markable_161" span="word_2049" coref_class="empty" category="person" mmax_level="coref"  rule="none"  type="none"/>
<markable id="markable_162" span="word_2112..word_2113" coref_class="empty" category="location" mmax_level="coref"  rule="none"  type="none"/>
<markable id="markable_163" span="word_2121..word_2122" coref_class="empty" category="location" mmax_level="coref"  rule="none"  type="none"/>
<markable id="markable_164" span="word_2127..word_2128" coref_class="empty" category="location" mmax_level="coref"  rule="none"  type="none"/>
<markable id="markable_165" span="word_2133..word_2134" coref_class="empty" category="location" mmax_level="coref"  rule="none"  type="none"/>
<markable id="markable_166" span="word_2137..word_2139" coref_class="empty" category="location" mmax_level="coref"  rule="none"  type="none"/>
<markable id="markable_167" span="word_2158" coref_class="empty" category="location" mmax_level="coref"  rule="none"  type="none"/>
<markable id="markable_168" span="word_2160" coref_class="empty" category="location" mmax_level="coref"  rule="none"  type="none"/>
<markable id="markable_169" span="word_2164..word_2165" coref_class="empty" category="organization" mmax_level="coref"  rule="none"  type="none"/>
<markable id="markable_170" span="word_2170..word_2175" coref_class="empty" category="organization" mmax_level="coref"  rule="none"  type="none"/>
<markable id="markable_171" span="word_2176..word_2181" coref_class="empty" category="location" mmax_level="coref"  rule="none"  type="none"/>
<markable id="markable_172" span="word_2187..word_2188" coref_class="empty" category="location" mmax_level="coref"  rule="none"  type="none"/>
<markable id="markable_173" span="word_2191" coref_class="empty" category="location" mmax_level="coref"  rule="none"  type="none"/>
<markable id="markable_174" span="word_2201" coref_class="empty" category="location" mmax_level="coref"  rule="none"  type="none"/>
<markable id="markable_175" span="word_2216..word_2218" coref_class="empty" category="location" mmax_level="coref"  rule="none"  type="none"/>
<markable id="markable_176" span="word_2221..word_2222" coref_class="empty" category="location" mmax_level="coref"  rule="none"  type="none"/>
<markable id="markable_177" span="word_2229" coref_class="empty" category="location" mmax_level="coref"  rule="none"  type="none"/>
<markable id="markable_178" span="word_2240" coref_class="empty" category="location" mmax_level="coref"  rule="none"  type="none"/>
<markable id="markable_179" span="word_2256..word_2258" coref_class="empty" category="organization" mmax_level="coref"  rule="none"  type="none"/>
<markable id="markable_180" span="word_2270..word_2271" coref_class="empty" category="location" mmax_level="coref"  rule="none"  type="none"/>
<markable id="markable_181" span="word_2298..word_2299" coref_class="empty" category="location" mmax_level="coref"  rule="none"  type="none"/>
<markable id="markable_182" span="word_2310" coref_class="empty" category="location" mmax_level="coref"  rule="none"  type="none"/>
<markable id="markable_183" span="word_2330..word_2331" coref_class="empty" category="location" mmax_level="coref"  rule="none"  type="none"/>
<markable id="markable_184" span="word_2335" coref_class="empty" category="location" mmax_level="coref"  rule="none"  type="none"/>
<markable id="markable_185" span="word_2338" coref_class="empty" category="location" mmax_level="coref"  rule="none"  type="none"/>
<markable id="markable_186" span="word_2340" coref_class="empty" category="person" mmax_level="coref"  rule="none"  type="none"/>
<markable id="markable_187" span="word_2347..word_2348" coref_class="empty" category="location" mmax_level="coref"  rule="none"  type="none"/>
<markable id="markable_188" span="word_2356" coref_class="empty" category="location" mmax_level="coref"  rule="none"  type="none"/>
<markable id="markable_189" span="word_2389..word_2390" coref_class="empty" category="location" mmax_level="coref"  rule="none"  type="none"/>
<markable id="markable_190" span="word_2393" coref_class="empty" category="location" mmax_level="coref"  rule="none"  type="none"/>
<markable id="markable_191" span="word_2395" coref_class="empty" category="location" mmax_level="coref"  rule="none"  type="none"/>
<markable id="markable_192" span="word_2399" coref_class="empty" category="person" mmax_level="coref"  rule="none"  type="none"/>
<markable id="markable_193" span="word_2403..word_2405" coref_class="empty" category="location" mmax_level="coref"  rule="none"  type="none"/>
<markable id="markable_194" span="word_2426..word_2427" coref_class="empty" category="location" mmax_level="coref"  rule="none"  type="none"/>
<markable id="markable_195" span="word_2429" coref_class="empty" category="location" mmax_level="coref"  rule="none"  type="none"/>
<markable id="markable_196" span="word_2441" coref_class="empty" category="location" mmax_level="coref"  rule="none"  type="none"/>
<markable id="markable_197" span="word_2447" coref_class="empty" category="location" mmax_level="coref"  rule="none"  type="none"/>
<markable id="markable_198" span="word_2451" coref_class="empty" category="location" mmax_level="coref"  rule="none"  type="none"/>
<markable id="markable_199" span="word_2468" coref_class="empty" category="location" mmax_level="coref"  rule="none"  type="none"/>
<markable id="markable_200" span="word_2474..word_2476" coref_class="empty" category="person" mmax_level="coref"  rule="none"  type="none"/>
<markable id="markable_201" span="word_2478..word_2479" coref_class="empty" category="organization" mmax_level="coref"  rule="none"  type="none"/>
<markable id="markable_202" span="word_2482" coref_class="empty" category="location" mmax_level="coref"  rule="none"  type="none"/>
<markable id="markable_203" span="word_2492..word_2494" coref_class="empty" category="product" mmax_level="coref"  rule="none"  type="none"/>
<markable id="markable_204" span="word_2495..word_2496" coref_class="empty" category="location" mmax_level="coref"  rule="none"  type="none"/>
<markable id="markable_205" span="word_2499..word_2500" coref_class="empty" category="location" mmax_level="coref"  rule="none"  type="none"/>
<markable id="markable_206" span="word_2502..word_2503" coref_class="empty" category="person" mmax_level="coref"  rule="none"  type="none"/>
<markable id="markable_207" span="word_2521..word_2522" coref_class="empty" category="person" mmax_level="coref"  rule="none"  type="none"/>
<markable id="markable_208" span="word_2543" coref_class="empty" category="location" mmax_level="coref"  rule="none"  type="none"/>
<markable id="markable_209" span="word_2546" coref_class="empty" category="location" mmax_level="coref"  rule="none"  type="none"/>
<markable id="markable_210" span="word_2563" coref_class="empty" category="location" mmax_level="coref"  rule="none"  type="none"/>
<markable id="markable_211" span="word_2565" coref_class="empty" category="location" mmax_level="coref"  rule="none"  type="none"/>
<markable id="markable_212" span="word_2573" coref_class="empty" category="location" mmax_level="coref"  rule="none"  type="none"/>
<markable id="markable_213" span="word_2588..word_2589" coref_class="empty" category="location" mmax_level="coref"  rule="none"  type="none"/>
<markable id="markable_214" span="word_2592" coref_class="empty" category="location" mmax_level="coref"  rule="none"  type="none"/>
<markable id="markable_215" span="word_2625" coref_class="empty" category="location" mmax_level="coref"  rule="none"  type="none"/>
<markable id="markable_216" span="word_2628" coref_class="empty" category="location" mmax_level="coref"  rule="none"  type="none"/>
<markable id="markable_217" span="word_2649" coref_class="empty" category="location" mmax_level="coref"  rule="none"  type="none"/>
<markable id="markable_218" span="word_2663" coref_class="empty" category="location" mmax_level="coref"  rule="none"  type="none"/>
<markable id="markable_219" span="word_2665" coref_class="empty" category="location" mmax_level="coref"  rule="none"  type="none"/>
<markable id="markable_220" span="word_2707" coref_class="empty" category="location" mmax_level="coref"  rule="none"  type="none"/>
<markable id="markable_221" span="word_2762" coref_class="empty" category="location" mmax_level="coref"  rule="none"  type="none"/>
<markable id="markable_222" span="word_2791..word_2792" coref_class="empty" category="person" mmax_level="coref"  rule="none"  type="none"/>
<markable id="markable_223" span="word_2794..word_2797" coref_class="empty" category="location" mmax_level="coref"  rule="none"  type="none"/>
<markable id="markable_224" span="word_2800..word_2801" coref_class="empty" category="person" mmax_level="coref"  rule="none"  type="none"/>
<markable id="markable_225" span="word_2802" coref_class="empty" category="location" mmax_level="coref"  rule="none"  type="none"/>
<markable id="markable_226" span="word_2809" coref_class="empty" category="location" mmax_level="coref"  rule="none"  type="none"/>
<markable id="markable_227" span="word_2816" coref_class="empty" category="location" mmax_level="coref"  rule="none"  type="none"/>
<markable id="markable_228" span="word_2818..word_2820" coref_class="empty" category="location" mmax_level="coref"  rule="none"  type="none"/>
<markable id="markable_229" span="word_2822..word_2823" coref_class="empty" category="person" mmax_level="coref"  rule="none"  type="none"/>
<markable id="markable_230" span="word_2836..word_2838" coref_class="empty" category="location" mmax_level="coref"  rule="none"  type="none"/>
<markable id="markable_231" span="word_2842..word_2843" coref_class="empty" category="person" mmax_level="coref"  rule="none"  type="none"/>
<markable id="markable_232" span="word_2850..word_2851" coref_class="empty" category="person" mmax_level="coref"  rule="none"  type="none"/>
<markable id="markable_233" span="word_2853" coref_class="empty" category="location" mmax_level="coref"  rule="none"  type="none"/>
<markable id="markable_234" span="word_2855..word_2856" coref_class="empty" category="location" mmax_level="coref"  rule="none"  type="none"/>
<markable id="markable_235" span="word_2858..word_2860" coref_class="empty" category="location" mmax_level="coref"  rule="none"  type="none"/>
<markable id="markable_236" span="word_2863..word_2864" coref_class="empty" category="person" mmax_level="coref"  rule="none"  type="none"/>
<markable id="markable_237" span="word_2874" coref_class="empty" category="location" mmax_level="coref"  rule="none"  type="none"/>
<markable id="markable_238" span="word_2876..word_2878" coref_class="empty" category="location" mmax_level="coref"  rule="none"  type="none"/>
<markable id="markable_239" span="word_2887..word_2888" coref_class="empty" category="person" mmax_level="coref"  rule="none"  type="none"/>
<markable id="markable_240" span="word_2889" coref_class="empty" category="location" mmax_level="coref"  rule="none"  type="none"/>
<markable id="markable_241" span="word_2891..word_2895" coref_class="empty" category="location" mmax_level="coref"  rule="none"  type="none"/>
<markable id="markable_242" span="word_2899..word_2900" coref_class="empty" category="person" mmax_level="coref"  rule="none"  type="none"/>
<markable id="markable_243" span="word_2901" coref_class="empty" category="location" mmax_level="coref"  rule="none"  type="none"/>
<markable id="markable_244" span="word_2903..word_2905" coref_class="empty" category="location" mmax_level="coref"  rule="none"  type="none"/>
<markable id="markable_245" span="word_2912..word_2913" coref_class="empty" category="person" mmax_level="coref"  rule="none"  type="none"/>
<markable id="markable_246" span="word_2917" coref_class="empty" category="location" mmax_level="coref"  rule="none"  type="none"/>
<markable id="markable_247" span="word_2919..word_2921" coref_class="empty" category="location" mmax_level="coref"  rule="none"  type="none"/>
<markable id="markable_248" span="word_2926..word_2927" coref_class="empty" category="person" mmax_level="coref"  rule="none"  type="none"/>
<markable id="markable_249" span="word_2929" coref_class="empty" category="location" mmax_level="coref"  rule="none"  type="none"/>
<markable id="markable_250" span="word_2931..word_2933" coref_class="empty" category="location" mmax_level="coref"  rule="none"  type="none"/>
<markable id="markable_251" span="word_2941" coref_class="empty" category="organization" mmax_level="coref"  rule="none"  type="none"/>
<markable id="markable_252" span="word_2943" coref_class="empty" category="location" mmax_level="coref"  rule="none"  type="none"/>
<markable id="markable_253" span="word_2945..word_2948" coref_class="empty" category="location" mmax_level="coref"  rule="none"  type="none"/>
</markables>