<?xml version="1.0" encoding="UTF-8"?>
<!DOCTYPE markables SYSTEM "markables.dtd">
<markables xmlns="www.eml.org/NameSpaces/sentence">
<markable mmax_level="sentence" id="markable_1" span="word_1..word_3" />
<markable mmax_level="sentence" id="markable_2" span="word_4" />
<markable mmax_level="sentence" id="markable_3" span="word_5..word_12" />
<markable mmax_level="sentence" id="markable_4" span="word_13..word_16" />
<markable mmax_level="sentence" id="markable_5" span="word_17..word_23" />
<markable mmax_level="sentence" id="markable_6" span="word_24" />
<markable mmax_level="sentence" id="markable_7" span="word_25..word_29" />
<markable mmax_level="sentence" id="markable_8" span="word_30..word_48" />
<markable mmax_level="sentence" id="markable_9" span="word_49..word_62" />
<markable mmax_level="sentence" id="markable_10" span="word_63..word_93" />
<markable mmax_level="sentence" id="markable_11" span="word_94..word_118" />
<markable mmax_level="sentence" id="markable_12" span="word_119..word_128" />
<markable mmax_level="sentence" id="markable_13" span="word_129..word_145" />
<markable mmax_level="sentence" id="markable_14" span="word_146..word_153" />
<markable mmax_level="sentence" id="markable_15" span="word_154..word_155" />
<markable mmax_level="sentence" id="markable_16" span="word_156" />
<markable mmax_level="sentence" id="markable_17" span="word_157..word_161" />
<markable mmax_level="sentence" id="markable_18" span="word_162..word_163" />
<markable mmax_level="sentence" id="markable_19" span="word_164..word_168" />
<markable mmax_level="sentence" id="markable_20" span="word_169..word_178" />
<markable mmax_level="sentence" id="markable_21" span="word_179..word_196" />
<markable mmax_level="sentence" id="markable_22" span="word_197..word_209" />
<markable mmax_level="sentence" id="markable_23" span="word_210..word_218" />
<markable mmax_level="sentence" id="markable_24" span="word_219..word_230" />
<markable mmax_level="sentence" id="markable_25" span="word_231..word_242" />
<markable mmax_level="sentence" id="markable_26" span="word_243..word_248" />
<markable mmax_level="sentence" id="markable_27" span="word_249..word_250" />
<markable mmax_level="sentence" id="markable_28" span="word_251..word_261" />
<markable mmax_level="sentence" id="markable_29" span="word_262..word_276" />
<markable mmax_level="sentence" id="markable_30" span="word_277..word_296" />
<markable mmax_level="sentence" id="markable_31" span="word_297..word_298" />
<markable mmax_level="sentence" id="markable_32" span="word_299" />
<markable mmax_level="sentence" id="markable_33" span="word_300..word_307" />
<markable mmax_level="sentence" id="markable_34" span="word_308..word_316" />
<markable mmax_level="sentence" id="markable_35" span="word_317..word_333" />
<markable mmax_level="sentence" id="markable_36" span="word_334..word_340" />
<markable mmax_level="sentence" id="markable_37" span="word_341..word_347" />
<markable mmax_level="sentence" id="markable_38" span="word_348..word_359" />
<markable mmax_level="sentence" id="markable_39" span="word_360..word_371" />
<markable mmax_level="sentence" id="markable_40" span="word_372..word_387" />
<markable mmax_level="sentence" id="markable_41" span="word_388..word_396" />
<markable mmax_level="sentence" id="markable_42" span="word_397..word_402" />
<markable mmax_level="sentence" id="markable_43" span="word_403..word_406" />
<markable mmax_level="sentence" id="markable_44" span="word_407..word_424" />
<markable mmax_level="sentence" id="markable_45" span="word_425..word_429" />
<markable mmax_level="sentence" id="markable_46" span="word_430..word_432" />
<markable mmax_level="sentence" id="markable_47" span="word_433..word_435" />
<markable mmax_level="sentence" id="markable_48" span="word_436..word_439" />
<markable mmax_level="sentence" id="markable_49" span="word_440" />
<markable mmax_level="sentence" id="markable_50" span="word_441..word_449" />
<markable mmax_level="sentence" id="markable_51" span="word_450..word_464" />
<markable mmax_level="sentence" id="markable_52" span="word_465..word_481" />
<markable mmax_level="sentence" id="markable_53" span="word_482..word_515" />
<markable mmax_level="sentence" id="markable_54" span="word_516..word_524" />
<markable mmax_level="sentence" id="markable_55" span="word_525..word_529" />
<markable mmax_level="sentence" id="markable_56" span="word_530..word_550" />
<markable mmax_level="sentence" id="markable_57" span="word_551..word_563" />
<markable mmax_level="sentence" id="markable_58" span="word_564..word_571" />
<markable mmax_level="sentence" id="markable_59" span="word_572..word_584" />
<markable mmax_level="sentence" id="markable_60" span="word_585..word_610" />
<markable mmax_level="sentence" id="markable_61" span="word_611..word_612" />
<markable mmax_level="sentence" id="markable_62" span="word_613..word_631" />
<markable mmax_level="sentence" id="markable_63" span="word_632" />
<markable mmax_level="sentence" id="markable_64" span="word_633..word_636" />
<markable mmax_level="sentence" id="markable_65" span="word_637..word_649" />
<markable mmax_level="sentence" id="markable_66" span="word_650..word_657" />
<markable mmax_level="sentence" id="markable_67" span="word_658..word_688" />
<markable mmax_level="sentence" id="markable_68" span="word_689..word_709" />
<markable mmax_level="sentence" id="markable_69" span="word_710..word_747" />
<markable mmax_level="sentence" id="markable_70" span="word_748" />
<markable mmax_level="sentence" id="markable_71" span="word_749..word_750" />
<markable mmax_level="sentence" id="markable_72" span="word_751..word_795" />
<markable mmax_level="sentence" id="markable_73" span="word_796..word_825" />
<markable mmax_level="sentence" id="markable_74" span="word_826..word_834" />
<markable mmax_level="sentence" id="markable_75" span="word_835..word_862" />
<markable mmax_level="sentence" id="markable_76" span="word_863..word_871" />
<markable mmax_level="sentence" id="markable_77" span="word_872..word_877" />
<markable mmax_level="sentence" id="markable_78" span="word_878..word_891" />
<markable mmax_level="sentence" id="markable_79" span="word_892..word_913" />
<markable mmax_level="sentence" id="markable_80" span="word_914..word_923" />
<markable mmax_level="sentence" id="markable_81" span="word_924..word_932" />
<markable mmax_level="sentence" id="markable_82" span="word_933..word_935" />
<markable mmax_level="sentence" id="markable_83" span="word_936..word_946" />
<markable mmax_level="sentence" id="markable_84" span="word_947..word_958" />
<markable mmax_level="sentence" id="markable_85" span="word_959..word_961" />
<markable mmax_level="sentence" id="markable_86" span="word_962" />
<markable mmax_level="sentence" id="markable_87" span="word_963..word_976" />
<markable mmax_level="sentence" id="markable_88" span="word_977..word_983" />
<markable mmax_level="sentence" id="markable_89" span="word_984..word_993" />
<markable mmax_level="sentence" id="markable_90" span="word_994..word_1007" />
<markable mmax_level="sentence" id="markable_91" span="word_1008..word_1015" />
<markable mmax_level="sentence" id="markable_92" span="word_1016..word_1030" />
<markable mmax_level="sentence" id="markable_93" span="word_1031..word_1035" />
<markable mmax_level="sentence" id="markable_94" span="word_1036..word_1042" />
<markable mmax_level="sentence" id="markable_95" span="word_1043..word_1050" />
<markable mmax_level="sentence" id="markable_96" span="word_1051..word_1066" />
<markable mmax_level="sentence" id="markable_97" span="word_1067..word_1078" />
<markable mmax_level="sentence" id="markable_98" span="word_1079..word_1082" />
<markable mmax_level="sentence" id="markable_99" span="word_1083..word_1110" />
<markable mmax_level="sentence" id="markable_100" span="word_1111..word_1134" />
<markable mmax_level="sentence" id="markable_101" span="word_1135..word_1151" />
<markable mmax_level="sentence" id="markable_102" span="word_1152..word_1172" />
<markable mmax_level="sentence" id="markable_103" span="word_1173..word_1184" />
<markable mmax_level="sentence" id="markable_104" span="word_1185..word_1188" />
<markable mmax_level="sentence" id="markable_105" span="word_1189..word_1191" />
<markable mmax_level="sentence" id="markable_106" span="word_1192..word_1193" />
<markable mmax_level="sentence" id="markable_107" span="word_1194..word_1196" />
<markable mmax_level="sentence" id="markable_108" span="word_1197..word_1198" />
<markable mmax_level="sentence" id="markable_109" span="word_1199..word_1217" />
<markable mmax_level="sentence" id="markable_110" span="word_1218" />
<markable mmax_level="sentence" id="markable_111" span="word_1219..word_1227" />
<markable mmax_level="sentence" id="markable_112" span="word_1228..word_1237" />
<markable mmax_level="sentence" id="markable_113" span="word_1238..word_1240" />
<markable mmax_level="sentence" id="markable_114" span="word_1241..word_1261" />
<markable mmax_level="sentence" id="markable_115" span="word_1262..word_1271" />
<markable mmax_level="sentence" id="markable_116" span="word_1272..word_1294" />
<markable mmax_level="sentence" id="markable_117" span="word_1295..word_1306" />
<markable mmax_level="sentence" id="markable_118" span="word_1307..word_1311" />
<markable mmax_level="sentence" id="markable_119" span="word_1312..word_1315" />
<markable mmax_level="sentence" id="markable_120" span="word_1316..word_1336" />
<markable mmax_level="sentence" id="markable_121" span="word_1337..word_1340" />
<markable mmax_level="sentence" id="markable_122" span="word_1341..word_1363" />
<markable mmax_level="sentence" id="markable_123" span="word_1364..word_1372" />
<markable mmax_level="sentence" id="markable_124" span="word_1373..word_1376" />
<markable mmax_level="sentence" id="markable_125" span="word_1377..word_1389" />
<markable mmax_level="sentence" id="markable_126" span="word_1390..word_1396" />
<markable mmax_level="sentence" id="markable_127" span="word_1397..word_1409" />
<markable mmax_level="sentence" id="markable_128" span="word_1410..word_1421" />
<markable mmax_level="sentence" id="markable_129" span="word_1422..word_1433" />
<markable mmax_level="sentence" id="markable_130" span="word_1434..word_1458" />
<markable mmax_level="sentence" id="markable_131" span="word_1459..word_1471" />
<markable mmax_level="sentence" id="markable_132" span="word_1472..word_1484" />
<markable mmax_level="sentence" id="markable_133" span="word_1485..word_1497" />
<markable mmax_level="sentence" id="markable_134" span="word_1498..word_1513" />
<markable mmax_level="sentence" id="markable_135" span="word_1514..word_1515" />
<markable mmax_level="sentence" id="markable_136" span="word_1516..word_1521" />
<markable mmax_level="sentence" id="markable_137" span="word_1522..word_1542" />
<markable mmax_level="sentence" id="markable_138" span="word_1543..word_1569" />
<markable mmax_level="sentence" id="markable_139" span="word_1570..word_1587" />
<markable mmax_level="sentence" id="markable_140" span="word_1588..word_1599" />
<markable mmax_level="sentence" id="markable_141" span="word_1600..word_1604" />
<markable mmax_level="sentence" id="markable_142" span="word_1605" />
<markable mmax_level="sentence" id="markable_143" span="word_1606..word_1621" />
<markable mmax_level="sentence" id="markable_144" span="word_1622" />
<markable mmax_level="sentence" id="markable_145" span="word_1623..word_1625" />
<markable mmax_level="sentence" id="markable_146" span="word_1626..word_1641" />
<markable mmax_level="sentence" id="markable_147" span="word_1642..word_1663" />
<markable mmax_level="sentence" id="markable_148" span="word_1664..word_1672" />
<markable mmax_level="sentence" id="markable_149" span="word_1673..word_1686" />
<markable mmax_level="sentence" id="markable_150" span="word_1687" />
<markable mmax_level="sentence" id="markable_151" span="word_1688..word_1691" />
<markable mmax_level="sentence" id="markable_152" span="word_1692..word_1705" />
<markable mmax_level="sentence" id="markable_153" span="word_1706..word_1715" />
<markable mmax_level="sentence" id="markable_154" span="word_1716..word_1739" />
<markable mmax_level="sentence" id="markable_155" span="word_1740..word_1747" />
<markable mmax_level="sentence" id="markable_156" span="word_1748..word_1758" />
<markable mmax_level="sentence" id="markable_157" span="word_1759..word_1792" />
<markable mmax_level="sentence" id="markable_158" span="word_1793..word_1808" />
<markable mmax_level="sentence" id="markable_159" span="word_1809..word_1824" />
<markable mmax_level="sentence" id="markable_160" span="word_1825..word_1829" />
<markable mmax_level="sentence" id="markable_161" span="word_1830..word_1845" />
<markable mmax_level="sentence" id="markable_162" span="word_1846..word_1863" />
<markable mmax_level="sentence" id="markable_163" span="word_1864..word_1892" />
<markable mmax_level="sentence" id="markable_164" span="word_1893..word_1902" />
<markable mmax_level="sentence" id="markable_165" span="word_1903..word_1911" />
<markable mmax_level="sentence" id="markable_166" span="word_1912..word_1916" />
<markable mmax_level="sentence" id="markable_167" span="word_1917..word_1924" />
<markable mmax_level="sentence" id="markable_168" span="word_1925..word_1942" />
<markable mmax_level="sentence" id="markable_169" span="word_1943..word_1948" />
<markable mmax_level="sentence" id="markable_170" span="word_1949" />
<markable mmax_level="sentence" id="markable_171" span="word_1950..word_1951" />
<markable mmax_level="sentence" id="markable_172" span="word_1952..word_1959" />
<markable mmax_level="sentence" id="markable_173" span="word_1960..word_1968" />
<markable mmax_level="sentence" id="markable_174" span="word_1969..word_1981" />
<markable mmax_level="sentence" id="markable_175" span="word_1982..word_2000" />
<markable mmax_level="sentence" id="markable_176" span="word_2001..word_2008" />
<markable mmax_level="sentence" id="markable_177" span="word_2009..word_2015" />
<markable mmax_level="sentence" id="markable_178" span="word_2016..word_2020" />
<markable mmax_level="sentence" id="markable_179" span="word_2021..word_2041" />
<markable mmax_level="sentence" id="markable_180" span="word_2042..word_2050" />
<markable mmax_level="sentence" id="markable_181" span="word_2051..word_2070" />
<markable mmax_level="sentence" id="markable_182" span="word_2071..word_2085" />
<markable mmax_level="sentence" id="markable_183" span="word_2086..word_2111" />
<markable mmax_level="sentence" id="markable_184" span="word_2112..word_2120" />
<markable mmax_level="sentence" id="markable_185" span="word_2121..word_2132" />
<markable mmax_level="sentence" id="markable_186" span="word_2133..word_2145" />
<markable mmax_level="sentence" id="markable_187" span="word_2146..word_2155" />
<markable mmax_level="sentence" id="markable_188" span="word_2156..word_2168" />
<markable mmax_level="sentence" id="markable_189" span="word_2169" />
<markable mmax_level="sentence" id="markable_190" span="word_2170..word_2181" />
<markable mmax_level="sentence" id="markable_191" span="word_2182" />
<markable mmax_level="sentence" id="markable_192" span="word_2183..word_2188" />
<markable mmax_level="sentence" id="markable_193" span="word_2189..word_2202" />
<markable mmax_level="sentence" id="markable_194" span="word_2203..word_2214" />
<markable mmax_level="sentence" id="markable_195" span="word_2215..word_2230" />
<markable mmax_level="sentence" id="markable_196" span="word_2231..word_2241" />
<markable mmax_level="sentence" id="markable_197" span="word_2242..word_2248" />
<markable mmax_level="sentence" id="markable_198" span="word_2249..word_2252" />
<markable mmax_level="sentence" id="markable_199" span="word_2253" />
<markable mmax_level="sentence" id="markable_200" span="word_2254..word_2265" />
<markable mmax_level="sentence" id="markable_201" span="word_2266..word_2272" />
<markable mmax_level="sentence" id="markable_202" span="word_2273..word_2281" />
<markable mmax_level="sentence" id="markable_203" span="word_2282..word_2294" />
<markable mmax_level="sentence" id="markable_204" span="word_2295..word_2312" />
<markable mmax_level="sentence" id="markable_205" span="word_2313..word_2319" />
<markable mmax_level="sentence" id="markable_206" span="word_2320..word_2326" />
<markable mmax_level="sentence" id="markable_207" span="word_2327..word_2332" />
<markable mmax_level="sentence" id="markable_208" span="word_2333..word_2346" />
<markable mmax_level="sentence" id="markable_209" span="word_2347..word_2357" />
<markable mmax_level="sentence" id="markable_210" span="word_2358..word_2374" />
<markable mmax_level="sentence" id="markable_211" span="word_2375..word_2380" />
<markable mmax_level="sentence" id="markable_212" span="word_2381..word_2384" />
<markable mmax_level="sentence" id="markable_213" span="word_2385..word_2394" />
<markable mmax_level="sentence" id="markable_214" span="word_2395..word_2406" />
<markable mmax_level="sentence" id="markable_215" span="word_2407..word_2413" />
<markable mmax_level="sentence" id="markable_216" span="word_2414..word_2421" />
<markable mmax_level="sentence" id="markable_217" span="word_2422..word_2428" />
<markable mmax_level="sentence" id="markable_218" span="word_2429..word_2439" />
<markable mmax_level="sentence" id="markable_219" span="word_2440..word_2444" />
<markable mmax_level="sentence" id="markable_220" span="word_2445..word_2450" />
<markable mmax_level="sentence" id="markable_221" span="word_2451..word_2455" />
<markable mmax_level="sentence" id="markable_222" span="word_2456..word_2473" />
<markable mmax_level="sentence" id="markable_223" span="word_2474..word_2490" />
<markable mmax_level="sentence" id="markable_224" span="word_2491" />
<markable mmax_level="sentence" id="markable_225" span="word_2492..word_2496" />
<markable mmax_level="sentence" id="markable_226" span="word_2497..word_2515" />
<markable mmax_level="sentence" id="markable_227" span="word_2516..word_2533" />
<markable mmax_level="sentence" id="markable_228" span="word_2534..word_2535" />
<markable mmax_level="sentence" id="markable_229" span="word_2536..word_2541" />
<markable mmax_level="sentence" id="markable_230" span="word_2542..word_2554" />
<markable mmax_level="sentence" id="markable_231" span="word_2555..word_2572" />
<markable mmax_level="sentence" id="markable_232" span="word_2573..word_2584" />
<markable mmax_level="sentence" id="markable_233" span="word_2585..word_2594" />
<markable mmax_level="sentence" id="markable_234" span="word_2595..word_2607" />
<markable mmax_level="sentence" id="markable_235" span="word_2608" />
<markable mmax_level="sentence" id="markable_236" span="word_2609..word_2611" />
<markable mmax_level="sentence" id="markable_237" span="word_2612..word_2620" />
<markable mmax_level="sentence" id="markable_238" span="word_2621..word_2624" />
<markable mmax_level="sentence" id="markable_239" span="word_2625..word_2638" />
<markable mmax_level="sentence" id="markable_240" span="word_2639..word_2645" />
<markable mmax_level="sentence" id="markable_241" span="word_2646..word_2654" />
<markable mmax_level="sentence" id="markable_242" span="word_2655..word_2664" />
<markable mmax_level="sentence" id="markable_243" span="word_2665..word_2673" />
<markable mmax_level="sentence" id="markable_244" span="word_2674..word_2685" />
<markable mmax_level="sentence" id="markable_245" span="word_2686..word_2699" />
<markable mmax_level="sentence" id="markable_246" span="word_2700..word_2715" />
<markable mmax_level="sentence" id="markable_247" span="word_2716..word_2745" />
<markable mmax_level="sentence" id="markable_248" span="word_2746..word_2751" />
<markable mmax_level="sentence" id="markable_249" span="word_2752..word_2759" />
<markable mmax_level="sentence" id="markable_250" span="word_2760..word_2763" />
<markable mmax_level="sentence" id="markable_251" span="word_2764..word_2808" />
<markable mmax_level="sentence" id="markable_252" span="word_2809..word_2824" />
<markable mmax_level="sentence" id="markable_253" span="word_2825..word_2844" />
<markable mmax_level="sentence" id="markable_254" span="word_2845..word_2857" />
<markable mmax_level="sentence" id="markable_255" span="word_2858..word_2883" />
<markable mmax_level="sentence" id="markable_256" span="word_2884..word_2908" />
<markable mmax_level="sentence" id="markable_257" span="word_2909..word_2922" />
<markable mmax_level="sentence" id="markable_258" span="word_2923..word_2934" />
<markable mmax_level="sentence" id="markable_259" span="word_2935..word_2949" />
</markables>