<?xml version="1.0" encoding="UTF-8"?>
<!DOCTYPE markables SYSTEM "markables.dtd">
<markables xmlns="www.eml.org/NameSpaces/coref">
<markable id="markable_1" span="word_2..word_3" coref_class="empty" category="person" mmax_level="coref"  rule="none"  type="none"/>
<markable id="markable_2" span="word_4..word_5" coref_class="empty" category="product" mmax_level="coref"  rule="none"  type="none"/>
<markable id="markable_3" span="word_10" coref_class="empty" category="person" mmax_level="coref"  rule="none"  type="none"/>
<markable id="markable_4" span="word_12..word_13" coref_class="empty" category="person" mmax_level="coref"  rule="none"  type="none"/>
<markable id="markable_5" span="word_14..word_15" coref_class="empty" category="product" mmax_level="coref"  rule="none"  type="none"/>
<markable id="markable_6" span="word_20" coref_class="empty" category="person" mmax_level="coref"  rule="none"  type="none"/>
<markable id="markable_7" span="word_22..word_23" coref_class="empty" category="person" mmax_level="coref"  rule="none"  type="none"/>
<markable id="markable_8" span="word_24..word_25" coref_class="empty" category="product" mmax_level="coref"  rule="none"  type="none"/>
<markable id="markable_9" span="word_30" coref_class="empty" category="person" mmax_level="coref"  rule="none"  type="none"/>
<markable id="markable_10" span="word_33..word_34" coref_class="empty" category="person" mmax_level="coref"  rule="none"  type="none"/>
<markable id="markable_11" span="word_35..word_36" coref_class="empty" category="organization" mmax_level="coref"  rule="none"  type="none"/>
<markable id="markable_12" span="word_37" coref_class="empty" category="product" mmax_level="coref"  rule="none"  type="none"/>
<markable id="markable_13" span="word_47..word_48" coref_class="empty" category="person" mmax_level="coref"  rule="none"  type="none"/>
<markable id="markable_14" span="word_56..word_57" coref_class="empty" category="product" mmax_level="coref"  rule="none"  type="none"/>
<markable id="markable_15" span="word_61..word_62" coref_class="empty" category="time" mmax_level="coref"  rule="none"  type="none"/>
<markable id="markable_16" span="word_80..word_81" coref_class="empty" category="person" mmax_level="coref"  rule="none"  type="none"/>
<markable id="markable_17" span="word_86" coref_class="empty" category="location" mmax_level="coref"  rule="none"  type="none"/>
<markable id="markable_18" span="word_91..word_92" coref_class="empty" category="person" mmax_level="coref"  rule="none"  type="none"/>
<markable id="markable_19" span="word_95..word_96" coref_class="empty" category="person" mmax_level="coref"  rule="none"  type="none"/>
<markable id="markable_20" span="word_119..word_120" coref_class="empty" category="time" mmax_level="coref"  rule="none"  type="none"/>
<markable id="markable_21" span="word_124..word_125" coref_class="empty" category="organization" mmax_level="coref"  rule="none"  type="none"/>
<markable id="markable_22" span="word_129..word_131" coref_class="empty" category="location" mmax_level="coref"  rule="none"  type="none"/>
<markable id="markable_23" span="word_142" coref_class="empty" category="location" mmax_level="coref"  rule="none"  type="none"/>
<markable id="markable_24" span="word_152" coref_class="empty" category="location" mmax_level="coref"  rule="none"  type="none"/>
<markable id="markable_25" span="word_232" coref_class="empty" category="location" mmax_level="coref"  rule="none"  type="none"/>
<markable id="markable_26" span="word_324" coref_class="empty" category="person" mmax_level="coref"  rule="none"  type="none"/>
<markable id="markable_27" span="word_333" coref_class="empty" category="person" mmax_level="coref"  rule="none"  type="none"/>
<markable id="markable_28" span="word_396" coref_class="empty" category="person" mmax_level="coref"  rule="none"  type="none"/>
<markable id="markable_29" span="word_426" coref_class="empty" category="location" mmax_level="coref"  rule="none"  type="none"/>
<markable id="markable_30" span="word_499" coref_class="empty" category="person" mmax_level="coref"  rule="none"  type="none"/>
<markable id="markable_31" span="word_560" coref_class="empty" category="person" mmax_level="coref"  rule="none"  type="none"/>
<markable id="markable_32" span="word_575" coref_class="empty" category="person" mmax_level="coref"  rule="none"  type="none"/>
<markable id="markable_33" span="word_610..word_611" coref_class="empty" category="time" mmax_level="coref"  rule="none"  type="none"/>
<markable id="markable_34" span="word_621..word_622" coref_class="empty" category="product" mmax_level="coref"  rule="none"  type="none"/>
<markable id="markable_35" span="word_628..word_629" coref_class="empty" category="product" mmax_level="coref"  rule="none"  type="none"/>
<markable id="markable_36" span="word_632..word_633" coref_class="empty" category="time" mmax_level="coref"  rule="none"  type="none"/>
<markable id="markable_37" span="word_634..word_635" coref_class="empty" category="organization" mmax_level="coref"  rule="none"  type="none"/>
<markable id="markable_38" span="word_640..word_641" coref_class="empty" category="time" mmax_level="coref"  rule="none"  type="none"/>
<markable id="markable_39" span="word_643..word_644" coref_class="empty" category="product" mmax_level="coref"  rule="none"  type="none"/>
<markable id="markable_40" span="word_647..word_648" coref_class="empty" category="person" mmax_level="coref"  rule="none"  type="none"/>
<markable id="markable_41" span="word_659" coref_class="empty" category="person" mmax_level="coref"  rule="none"  type="none"/>
<markable id="markable_42" span="word_688" coref_class="empty" category="person" mmax_level="coref"  rule="none"  type="none"/>
<markable id="markable_43" span="word_694..word_696" coref_class="empty" category="product" mmax_level="coref"  rule="none"  type="none"/>
<markable id="markable_44" span="word_701" coref_class="empty" category="person" mmax_level="coref"  rule="none"  type="none"/>
<markable id="markable_45" span="word_726" coref_class="empty" category="person" mmax_level="coref"  rule="none"  type="none"/>
<markable id="markable_46" span="word_749" coref_class="empty" category="person" mmax_level="coref"  rule="none"  type="none"/>
<markable id="markable_47" span="word_763" coref_class="empty" category="person" mmax_level="coref"  rule="none"  type="none"/>
<markable id="markable_48" span="word_817" coref_class="empty" category="person" mmax_level="coref"  rule="none"  type="none"/>
<markable id="markable_49" span="word_823" coref_class="empty" category="person" mmax_level="coref"  rule="none"  type="none"/>
<markable id="markable_50" span="word_844" coref_class="empty" category="person" mmax_level="coref"  rule="none"  type="none"/>
<markable id="markable_51" span="word_850" coref_class="empty" category="person" mmax_level="coref"  rule="none"  type="none"/>
<markable id="markable_52" span="word_858" coref_class="empty" category="person" mmax_level="coref"  rule="none"  type="none"/>
<markable id="markable_53" span="word_865" coref_class="empty" category="person" mmax_level="coref"  rule="none"  type="none"/>
<markable id="markable_54" span="word_885" coref_class="empty" category="person" mmax_level="coref"  rule="none"  type="none"/>
<markable id="markable_55" span="word_907..word_909" coref_class="empty" category="product" mmax_level="coref"  rule="none"  type="none"/>
<markable id="markable_56" span="word_912" coref_class="empty" category="person" mmax_level="coref"  rule="none"  type="none"/>
<markable id="markable_57" span="word_945..word_946" coref_class="empty" category="time" mmax_level="coref"  rule="none"  type="none"/>
<markable id="markable_58" span="word_982" coref_class="empty" category="location" mmax_level="coref"  rule="none"  type="none"/>
<markable id="markable_59" span="word_1033..word_1034" coref_class="empty" category="time" mmax_level="coref"  rule="none"  type="none"/>
<markable id="markable_60" span="word_1052" coref_class="empty" category="location" mmax_level="coref"  rule="none"  type="none"/>
<markable id="markable_61" span="word_1079..word_1080" coref_class="empty" category="time" mmax_level="coref"  rule="none"  type="none"/>
<markable id="markable_62" span="word_1087..word_1088" coref_class="empty" category="time" mmax_level="coref"  rule="none"  type="none"/>
<markable id="markable_63" span="word_1098..word_1099" coref_class="empty" category="time" mmax_level="coref"  rule="none"  type="none"/>
<markable id="markable_64" span="word_1111..word_1114" coref_class="empty" category="time" mmax_level="coref"  rule="none"  type="none"/>
<markable id="markable_65" span="word_1125" coref_class="empty" category="person" mmax_level="coref"  rule="none"  type="none"/>
<markable id="markable_66" span="word_1129" coref_class="empty" category="person" mmax_level="coref"  rule="none"  type="none"/>
<markable id="markable_67" span="word_1131..word_1133" coref_class="empty" category="time" mmax_level="coref"  rule="none"  type="none"/>
<markable id="markable_68" span="word_1144" coref_class="empty" category="person" mmax_level="coref"  rule="none"  type="none"/>
<markable id="markable_69" span="word_1157..word_1158" coref_class="empty" category="product" mmax_level="coref"  rule="none"  type="none"/>
<markable id="markable_70" span="word_1180..word_1181" coref_class="empty" category="person" mmax_level="coref"  rule="none"  type="none"/>
<markable id="markable_71" span="word_1185..word_1186" coref_class="empty" category="location" mmax_level="coref"  rule="none"  type="none"/>
<markable id="markable_72" span="word_1187..word_1188" coref_class="empty" category="time" mmax_level="coref"  rule="none"  type="none"/>
<markable id="markable_73" span="word_1217" coref_class="empty" category="location" mmax_level="coref"  rule="none"  type="none"/>
<markable id="markable_74" span="word_1226..word_1227" coref_class="empty" category="time" mmax_level="coref"  rule="none"  type="none"/>
<markable id="markable_75" span="word_1231..word_1232" coref_class="empty" category="organization" mmax_level="coref"  rule="none"  type="none"/>
<markable id="markable_76" span="word_1533" coref_class="empty" category="person" mmax_level="coref"  rule="none"  type="none"/>
<markable id="markable_77" span="word_1779" coref_class="empty" category="person" mmax_level="coref"  rule="none"  type="none"/>
<markable id="markable_78" span="word_1807" coref_class="empty" category="person" mmax_level="coref"  rule="none"  type="none"/>
<markable id="markable_79" span="word_1852" coref_class="empty" category="person" mmax_level="coref"  rule="none"  type="none"/>
<markable id="markable_80" span="word_1873" coref_class="empty" category="person" mmax_level="coref"  rule="none"  type="none"/>
<markable id="markable_81" span="word_1940..word_1941" coref_class="empty" category="person" mmax_level="coref"  rule="none"  type="none"/>
<markable id="markable_82" span="word_1960" coref_class="empty" category="person" mmax_level="coref"  rule="none"  type="none"/>
<markable id="markable_83" span="word_2001" coref_class="empty" category="location" mmax_level="coref"  rule="none"  type="none"/>
<markable id="markable_84" span="word_2006" coref_class="empty" category="person" mmax_level="coref"  rule="none"  type="none"/>
<markable id="markable_85" span="word_2055" coref_class="empty" category="person" mmax_level="coref"  rule="none"  type="none"/>
<markable id="markable_86" span="word_2106" coref_class="empty" category="person" mmax_level="coref"  rule="none"  type="none"/>
<markable id="markable_87" span="word_2150" coref_class="empty" category="person" mmax_level="coref"  rule="none"  type="none"/>
<markable id="markable_88" span="word_2189" coref_class="empty" category="person" mmax_level="coref"  rule="none"  type="none"/>
<markable id="markable_89" span="word_2194" coref_class="empty" category="person" mmax_level="coref"  rule="none"  type="none"/>
<markable id="markable_90" span="word_2219" coref_class="empty" category="person" mmax_level="coref"  rule="none"  type="none"/>
<markable id="markable_91" span="word_2286" coref_class="empty" category="person" mmax_level="coref"  rule="none"  type="none"/>
<markable id="markable_92" span="word_2323" coref_class="empty" category="person" mmax_level="coref"  rule="none"  type="none"/>
<markable id="markable_93" span="word_2341" coref_class="empty" category="person" mmax_level="coref"  rule="none"  type="none"/>
<markable id="markable_94" span="word_2355" coref_class="empty" category="location" mmax_level="coref"  rule="none"  type="none"/>
<markable id="markable_95" span="word_2380" coref_class="empty" category="location" mmax_level="coref"  rule="none"  type="none"/>
<markable id="markable_96" span="word_2395..word_2400" coref_class="empty" category="organization" mmax_level="coref"  rule="none"  type="none"/>
<markable id="markable_97" span="word_2420" coref_class="empty" category="location" mmax_level="coref"  rule="none"  type="none"/>
<markable id="markable_98" span="word_2430" coref_class="empty" category="location" mmax_level="coref"  rule="none"  type="none"/>
<markable id="markable_99" span="word_2440" coref_class="empty" category="location" mmax_level="coref"  rule="none"  type="none"/>
<markable id="markable_100" span="word_2445" coref_class="empty" category="person" mmax_level="coref"  rule="none"  type="none"/>
<markable id="markable_101" span="word_2470" coref_class="empty" category="location" mmax_level="coref"  rule="none"  type="none"/>
<markable id="markable_102" span="word_2492" coref_class="empty" category="location" mmax_level="coref"  rule="none"  type="none"/>
<markable id="markable_103" span="word_2499" coref_class="empty" category="location" mmax_level="coref"  rule="none"  type="none"/>
<markable id="markable_104" span="word_2569" coref_class="empty" category="person" mmax_level="coref"  rule="none"  type="none"/>
<markable id="markable_105" span="word_2579" coref_class="empty" category="person" mmax_level="coref"  rule="none"  type="none"/>
<markable id="markable_106" span="word_2599" coref_class="empty" category="person" mmax_level="coref"  rule="none"  type="none"/>
<markable id="markable_107" span="word_2626" coref_class="empty" category="person" mmax_level="coref"  rule="none"  type="none"/>
<markable id="markable_108" span="word_2660" coref_class="empty" category="person" mmax_level="coref"  rule="none"  type="none"/>
<markable id="markable_109" span="word_2717" coref_class="empty" category="person" mmax_level="coref"  rule="none"  type="none"/>
<markable id="markable_110" span="word_2738" coref_class="empty" category="person" mmax_level="coref"  rule="none"  type="none"/>
<markable id="markable_111" span="word_2852" coref_class="empty" category="person" mmax_level="coref"  rule="none"  type="none"/>
<markable id="markable_112" span="word_2892" coref_class="empty" category="person" mmax_level="coref"  rule="none"  type="none"/>
<markable id="markable_113" span="word_2928" coref_class="empty" category="person" mmax_level="coref"  rule="none"  type="none"/>
<markable id="markable_114" span="word_2968" coref_class="empty" category="person" mmax_level="coref"  rule="none"  type="none"/>
<markable id="markable_115" span="word_2998" coref_class="empty" category="person" mmax_level="coref"  rule="none"  type="none"/>
<markable id="markable_116" span="word_3006" coref_class="empty" category="location" mmax_level="coref"  rule="none"  type="none"/>
<markable id="markable_117" span="word_3014" coref_class="empty" category="person" mmax_level="coref"  rule="none"  type="none"/>
<markable id="markable_118" span="word_3030" coref_class="empty" category="person" mmax_level="coref"  rule="none"  type="none"/>
<markable id="markable_119" span="word_3084" coref_class="empty" category="person" mmax_level="coref"  rule="none"  type="none"/>
<markable id="markable_120" span="word_3138" coref_class="empty" category="location" mmax_level="coref"  rule="none"  type="none"/>
<markable id="markable_121" span="word_3163" coref_class="empty" category="person" mmax_level="coref"  rule="none"  type="none"/>
<markable id="markable_122" span="word_3190..word_3191" coref_class="empty" category="time" mmax_level="coref"  rule="none"  type="none"/>
<markable id="markable_123" span="word_3194" coref_class="empty" category="person" mmax_level="coref"  rule="none"  type="none"/>
<markable id="markable_124" span="word_3322" coref_class="empty" category="person" mmax_level="coref"  rule="none"  type="none"/>
<markable id="markable_125" span="word_3373" coref_class="empty" category="person" mmax_level="coref"  rule="none"  type="none"/>
<markable id="markable_126" span="word_3382" coref_class="empty" category="person" mmax_level="coref"  rule="none"  type="none"/>
<markable id="markable_127" span="word_3448" coref_class="empty" category="person" mmax_level="coref"  rule="none"  type="none"/>
<markable id="markable_128" span="word_3470" coref_class="empty" category="person" mmax_level="coref"  rule="none"  type="none"/>
<markable id="markable_129" span="word_3516" coref_class="empty" category="person" mmax_level="coref"  rule="none"  type="none"/>
<markable id="markable_130" span="word_3534" coref_class="empty" category="person" mmax_level="coref"  rule="none"  type="none"/>
<markable id="markable_131" span="word_3571" coref_class="empty" category="person" mmax_level="coref"  rule="none"  type="none"/>
<markable id="markable_132" span="word_3618" coref_class="empty" category="person" mmax_level="coref"  rule="none"  type="none"/>
<markable id="markable_133" span="word_3640..word_3643" coref_class="empty" category="time" mmax_level="coref"  rule="none"  type="none"/>
<markable id="markable_134" span="word_3718" coref_class="empty" category="person" mmax_level="coref"  rule="none"  type="none"/>
<markable id="markable_135" span="word_3755" coref_class="empty" category="person" mmax_level="coref"  rule="none"  type="none"/>
<markable id="markable_136" span="word_3769" coref_class="empty" category="person" mmax_level="coref"  rule="none"  type="none"/>
<markable id="markable_137" span="word_3847" coref_class="empty" category="person" mmax_level="coref"  rule="none"  type="none"/>
<markable id="markable_138" span="word_3932" coref_class="empty" category="person" mmax_level="coref"  rule="none"  type="none"/>
<markable id="markable_139" span="word_3940" coref_class="empty" category="person" mmax_level="coref"  rule="none"  type="none"/>
<markable id="markable_140" span="word_3958" coref_class="empty" category="person" mmax_level="coref"  rule="none"  type="none"/>
<markable id="markable_141" span="word_3964" coref_class="empty" category="person" mmax_level="coref"  rule="none"  type="none"/>
<markable id="markable_142" span="word_3966" coref_class="empty" category="person" mmax_level="coref"  rule="none"  type="none"/>
<markable id="markable_143" span="word_3992" coref_class="empty" category="person" mmax_level="coref"  rule="none"  type="none"/>
<markable id="markable_144" span="word_4002" coref_class="empty" category="person" mmax_level="coref"  rule="none"  type="none"/>
<markable id="markable_145" span="word_4032" coref_class="empty" category="location" mmax_level="coref"  rule="none"  type="none"/>
<markable id="markable_146" span="word_4035" coref_class="empty" category="location" mmax_level="coref"  rule="none"  type="none"/>
<markable id="markable_147" span="word_4044" coref_class="empty" category="person" mmax_level="coref"  rule="none"  type="none"/>
<markable id="markable_148" span="word_4157" coref_class="empty" category="person" mmax_level="coref"  rule="none"  type="none"/>
<markable id="markable_149" span="word_4173" coref_class="empty" category="person" mmax_level="coref"  rule="none"  type="none"/>
<markable id="markable_150" span="word_4194" coref_class="empty" category="person" mmax_level="coref"  rule="none"  type="none"/>
<markable id="markable_151" span="word_4227" coref_class="empty" category="person" mmax_level="coref"  rule="none"  type="none"/>
<markable id="markable_152" span="word_4243" coref_class="empty" category="location" mmax_level="coref"  rule="none"  type="none"/>
<markable id="markable_153" span="word_4312" coref_class="empty" category="person" mmax_level="coref"  rule="none"  type="none"/>
<markable id="markable_154" span="word_4321" coref_class="empty" category="person" mmax_level="coref"  rule="none"  type="none"/>
<markable id="markable_155" span="word_4356" coref_class="empty" category="person" mmax_level="coref"  rule="none"  type="none"/>
<markable id="markable_156" span="word_4432" coref_class="empty" category="person" mmax_level="coref"  rule="none"  type="none"/>
<markable id="markable_157" span="word_4445..word_4446" coref_class="empty" category="product" mmax_level="coref"  rule="none"  type="none"/>
<markable id="markable_158" span="word_4506" coref_class="empty" category="person" mmax_level="coref"  rule="none"  type="none"/>
<markable id="markable_159" span="word_4534..word_4535" coref_class="empty" category="product" mmax_level="coref"  rule="none"  type="none"/>
<markable id="markable_160" span="word_4539..word_4540" coref_class="empty" category="product" mmax_level="coref"  rule="none"  type="none"/>
<markable id="markable_161" span="word_4545" coref_class="empty" category="person" mmax_level="coref"  rule="none"  type="none"/>
<markable id="markable_162" span="word_4554" coref_class="empty" category="person" mmax_level="coref"  rule="none"  type="none"/>
<markable id="markable_163" span="word_4615" coref_class="empty" category="person" mmax_level="coref"  rule="none"  type="none"/>
<markable id="markable_164" span="word_4628" coref_class="empty" category="location" mmax_level="coref"  rule="none"  type="none"/>
<markable id="markable_165" span="word_4637" coref_class="empty" category="location" mmax_level="coref"  rule="none"  type="none"/>
<markable id="markable_166" span="word_4650" coref_class="empty" category="person" mmax_level="coref"  rule="none"  type="none"/>
<markable id="markable_167" span="word_4673" coref_class="empty" category="person" mmax_level="coref"  rule="none"  type="none"/>
<markable id="markable_168" span="word_4680" coref_class="empty" category="person" mmax_level="coref"  rule="none"  type="none"/>
<markable id="markable_169" span="word_4708" coref_class="empty" category="event" mmax_level="coref"  rule="none"  type="none"/>
<markable id="markable_170" span="word_4710" coref_class="empty" category="event" mmax_level="coref"  rule="none"  type="none"/>
<markable id="markable_171" span="word_4719" coref_class="empty" category="person" mmax_level="coref"  rule="none"  type="none"/>
<markable id="markable_172" span="word_4724..word_4725" coref_class="empty" category="person" mmax_level="coref"  rule="none"  type="none"/>
<markable id="markable_173" span="word_4731" coref_class="empty" category="person" mmax_level="coref"  rule="none"  type="none"/>
<markable id="markable_174" span="word_4734..word_4736" coref_class="empty" category="person" mmax_level="coref"  rule="none"  type="none"/>
<markable id="markable_175" span="word_4744" coref_class="empty" category="person" mmax_level="coref"  rule="none"  type="none"/>
<markable id="markable_176" span="word_4768" coref_class="empty" category="location" mmax_level="coref"  rule="none"  type="none"/>
<markable id="markable_177" span="word_4778" coref_class="empty" category="location" mmax_level="coref"  rule="none"  type="none"/>
<markable id="markable_178" span="word_4790" coref_class="empty" category="location" mmax_level="coref"  rule="none"  type="none"/>
<markable id="markable_179" span="word_4802" coref_class="empty" category="person" mmax_level="coref"  rule="none"  type="none"/>
<markable id="markable_180" span="word_4811..word_4812" coref_class="empty" category="person" mmax_level="coref"  rule="none"  type="none"/>
<markable id="markable_181" span="word_4827..word_4828" coref_class="empty" category="person" mmax_level="coref"  rule="none"  type="none"/>
<markable id="markable_182" span="word_4829..word_4830" coref_class="empty" category="time" mmax_level="coref"  rule="none"  type="none"/>
<markable id="markable_183" span="word_4840..word_4841" coref_class="empty" category="location" mmax_level="coref"  rule="none"  type="none"/>
<markable id="markable_184" span="word_4851..word_4852" coref_class="empty" category="time" mmax_level="coref"  rule="none"  type="none"/>
<markable id="markable_185" span="word_4855..word_4856" coref_class="empty" category="location" mmax_level="coref"  rule="none"  type="none"/>
<markable id="markable_186" span="word_4865" coref_class="empty" category="location" mmax_level="coref"  rule="none"  type="none"/>
<markable id="markable_187" span="word_4896" coref_class="empty" category="person" mmax_level="coref"  rule="none"  type="none"/>
<markable id="markable_188" span="word_4899" coref_class="empty" category="location" mmax_level="coref"  rule="none"  type="none"/>
<markable id="markable_189" span="word_4912" coref_class="empty" category="person" mmax_level="coref"  rule="none"  type="none"/>
<markable id="markable_190" span="word_4957" coref_class="empty" category="location" mmax_level="coref"  rule="none"  type="none"/>
<markable id="markable_191" span="word_4964" coref_class="empty" category="person" mmax_level="coref"  rule="none"  type="none"/>
<markable id="markable_192" span="word_4988..word_4991" coref_class="empty" category="person" mmax_level="coref"  rule="none"  type="none"/>
<markable id="markable_193" span="word_5003" coref_class="empty" category="person" mmax_level="coref"  rule="none"  type="none"/>
<markable id="markable_194" span="word_5019" coref_class="empty" category="location" mmax_level="coref"  rule="none"  type="none"/>
<markable id="markable_195" span="word_5024" coref_class="empty" category="location" mmax_level="coref"  rule="none"  type="none"/>
<markable id="markable_196" span="word_5046" coref_class="empty" category="person" mmax_level="coref"  rule="none"  type="none"/>
<markable id="markable_197" span="word_5059..word_5060" coref_class="empty" category="location" mmax_level="coref"  rule="none"  type="none"/>
<markable id="markable_198" span="word_5090" coref_class="empty" category="person" mmax_level="coref"  rule="none"  type="none"/>
<markable id="markable_199" span="word_5099" coref_class="empty" category="person" mmax_level="coref"  rule="none"  type="none"/>
<markable id="markable_200" span="word_5127" coref_class="empty" category="person" mmax_level="coref"  rule="none"  type="none"/>
<markable id="markable_201" span="word_5243" coref_class="empty" category="person" mmax_level="coref"  rule="none"  type="none"/>
<markable id="markable_202" span="word_5323" coref_class="empty" category="location" mmax_level="coref"  rule="none"  type="none"/>
<markable id="markable_203" span="word_5336" coref_class="empty" category="person" mmax_level="coref"  rule="none"  type="none"/>
<markable id="markable_204" span="word_5350" coref_class="empty" category="location" mmax_level="coref"  rule="none"  type="none"/>
<markable id="markable_205" span="word_5360" coref_class="empty" category="location" mmax_level="coref"  rule="none"  type="none"/>
<markable id="markable_206" span="word_5364" coref_class="empty" category="location" mmax_level="coref"  rule="none"  type="none"/>
<markable id="markable_207" span="word_5373" coref_class="empty" category="location" mmax_level="coref"  rule="none"  type="none"/>
<markable id="markable_208" span="word_5917" coref_class="empty" category="person" mmax_level="coref"  rule="none"  type="none"/>
<markable id="markable_209" span="word_5926" coref_class="empty" category="person" mmax_level="coref"  rule="none"  type="none"/>
<markable id="markable_210" span="word_5987..word_5989" coref_class="empty" category="time" mmax_level="coref"  rule="none"  type="none"/>
<markable id="markable_211" span="word_6030" coref_class="empty" category="location" mmax_level="coref"  rule="none"  type="none"/>
<markable id="markable_212" span="word_6313" coref_class="empty" category="person" mmax_level="coref"  rule="none"  type="none"/>
<markable id="markable_213" span="word_6324" coref_class="empty" category="person" mmax_level="coref"  rule="none"  type="none"/>
<markable id="markable_214" span="word_6480" coref_class="empty" category="person" mmax_level="coref"  rule="none"  type="none"/>
<markable id="markable_215" span="word_6498" coref_class="empty" category="location" mmax_level="coref"  rule="none"  type="none"/>
<markable id="markable_216" span="word_6502" coref_class="empty" category="location" mmax_level="coref"  rule="none"  type="none"/>
<markable id="markable_217" span="word_6517" coref_class="empty" category="person" mmax_level="coref"  rule="none"  type="none"/>
<markable id="markable_218" span="word_6531" coref_class="empty" category="person" mmax_level="coref"  rule="none"  type="none"/>
<markable id="markable_219" span="word_6560" coref_class="empty" category="person" mmax_level="coref"  rule="none"  type="none"/>
<markable id="markable_220" span="word_6590" coref_class="empty" category="location" mmax_level="coref"  rule="none"  type="none"/>
<markable id="markable_221" span="word_6611" coref_class="empty" category="person" mmax_level="coref"  rule="none"  type="none"/>
<markable id="markable_222" span="word_6631" coref_class="empty" category="person" mmax_level="coref"  rule="none"  type="none"/>
<markable id="markable_223" span="word_6640" coref_class="empty" category="person" mmax_level="coref"  rule="none"  type="none"/>
<markable id="markable_224" span="word_6690" coref_class="empty" category="person" mmax_level="coref"  rule="none"  type="none"/>
<markable id="markable_225" span="word_6725..word_6727" coref_class="empty" category="time" mmax_level="coref"  rule="none"  type="none"/>
<markable id="markable_226" span="word_6732..word_6733" coref_class="empty" category="location" mmax_level="coref"  rule="none"  type="none"/>
<markable id="markable_227" span="word_6737" coref_class="empty" category="location" mmax_level="coref"  rule="none"  type="none"/>
<markable id="markable_228" span="word_6741..word_6742" coref_class="empty" category="location" mmax_level="coref"  rule="none"  type="none"/>
<markable id="markable_229" span="word_6747..word_6749" coref_class="empty" category="time" mmax_level="coref"  rule="none"  type="none"/>
<markable id="markable_230" span="word_6757" coref_class="empty" category="person" mmax_level="coref"  rule="none"  type="none"/>
<markable id="markable_231" span="word_6787" coref_class="empty" category="person" mmax_level="coref"  rule="none"  type="none"/>
<markable id="markable_232" span="word_6799..word_6800" coref_class="empty" category="location" mmax_level="coref"  rule="none"  type="none"/>
<markable id="markable_233" span="word_6931..word_6932" coref_class="empty" category="person" mmax_level="coref"  rule="none"  type="none"/>
<markable id="markable_234" span="word_6934..word_6935" coref_class="empty" category="time" mmax_level="coref"  rule="none"  type="none"/>
<markable id="markable_235" span="word_6950..word_6951" coref_class="empty" category="person" mmax_level="coref"  rule="none"  type="none"/>
<markable id="markable_236" span="word_6957" coref_class="empty" category="location" mmax_level="coref"  rule="none"  type="none"/>
<markable id="markable_237" span="word_6959" coref_class="empty" category="location" mmax_level="coref"  rule="none"  type="none"/>
<markable id="markable_238" span="word_6964" coref_class="empty" category="time" mmax_level="coref"  rule="none"  type="none"/>
<markable id="markable_239" span="word_6967..word_6968" coref_class="empty" category="time" mmax_level="coref"  rule="none"  type="none"/>
<markable id="markable_240" span="word_6974" coref_class="empty" category="person" mmax_level="coref"  rule="none"  type="none"/>
<markable id="markable_241" span="word_7019" coref_class="empty" category="person" mmax_level="coref"  rule="none"  type="none"/>
<markable id="markable_242" span="word_7184" coref_class="empty" category="person" mmax_level="coref"  rule="none"  type="none"/>
<markable id="markable_243" span="word_7255" coref_class="empty" category="person" mmax_level="coref"  rule="none"  type="none"/>
<markable id="markable_244" span="word_7427" coref_class="empty" category="person" mmax_level="coref"  rule="none"  type="none"/>
<markable id="markable_245" span="word_7445..word_7446" coref_class="empty" category="person" mmax_level="coref"  rule="none"  type="none"/>
<markable id="markable_246" span="word_7461" coref_class="empty" category="person" mmax_level="coref"  rule="none"  type="none"/>
<markable id="markable_247" span="word_7544" coref_class="empty" category="person" mmax_level="coref"  rule="none"  type="none"/>
<markable id="markable_248" span="word_7585" coref_class="empty" category="person" mmax_level="coref"  rule="none"  type="none"/>
<markable id="markable_249" span="word_7593" coref_class="empty" category="person" mmax_level="coref"  rule="none"  type="none"/>
<markable id="markable_250" span="word_7629..word_7630" coref_class="empty" category="product" mmax_level="coref"  rule="none"  type="none"/>
<markable id="markable_251" span="word_7642" coref_class="empty" category="person" mmax_level="coref"  rule="none"  type="none"/>
<markable id="markable_252" span="word_7647" coref_class="empty" category="location" mmax_level="coref"  rule="none"  type="none"/>
<markable id="markable_253" span="word_7654" coref_class="empty" category="product" mmax_level="coref"  rule="none"  type="none"/>
<markable id="markable_254" span="word_7680" coref_class="empty" category="location" mmax_level="coref"  rule="none"  type="none"/>
<markable id="markable_255" span="word_7681..word_7683" coref_class="empty" category="time" mmax_level="coref"  rule="none"  type="none"/>
<markable id="markable_256" span="word_7710..word_7711" coref_class="empty" category="location" mmax_level="coref"  rule="none"  type="none"/>
<markable id="markable_257" span="word_7722..word_7723" coref_class="empty" category="time" mmax_level="coref"  rule="none"  type="none"/>
<markable id="markable_258" span="word_7739" coref_class="empty" category="location" mmax_level="coref"  rule="none"  type="none"/>
<markable id="markable_259" span="word_7742" coref_class="empty" category="location" mmax_level="coref"  rule="none"  type="none"/>
<markable id="markable_260" span="word_7746" coref_class="empty" category="location" mmax_level="coref"  rule="none"  type="none"/>
<markable id="markable_261" span="word_7748" coref_class="empty" category="person" mmax_level="coref"  rule="none"  type="none"/>
<markable id="markable_262" span="word_7783" coref_class="empty" category="person" mmax_level="coref"  rule="none"  type="none"/>
<markable id="markable_263" span="word_7798" coref_class="empty" category="person" mmax_level="coref"  rule="none"  type="none"/>
<markable id="markable_264" span="word_7824" coref_class="empty" category="location" mmax_level="coref"  rule="none"  type="none"/>
<markable id="markable_265" span="word_7832..word_7833" coref_class="empty" category="location" mmax_level="coref"  rule="none"  type="none"/>
<markable id="markable_266" span="word_7855" coref_class="empty" category="person" mmax_level="coref"  rule="none"  type="none"/>
<markable id="markable_267" span="word_7904" coref_class="empty" category="person" mmax_level="coref"  rule="none"  type="none"/>
<markable id="markable_268" span="word_7997" coref_class="empty" category="person" mmax_level="coref"  rule="none"  type="none"/>
<markable id="markable_269" span="word_8022" coref_class="empty" category="person" mmax_level="coref"  rule="none"  type="none"/>
<markable id="markable_270" span="word_8062" coref_class="empty" category="person" mmax_level="coref"  rule="none"  type="none"/>
<markable id="markable_271" span="word_8160" coref_class="empty" category="person" mmax_level="coref"  rule="none"  type="none"/>
<markable id="markable_272" span="word_8230" coref_class="empty" category="person" mmax_level="coref"  rule="none"  type="none"/>
<markable id="markable_273" span="word_8244" coref_class="empty" category="person" mmax_level="coref"  rule="none"  type="none"/>
<markable id="markable_274" span="word_8294" coref_class="empty" category="person" mmax_level="coref"  rule="none"  type="none"/>
<markable id="markable_275" span="word_8304" coref_class="empty" category="person" mmax_level="coref"  rule="none"  type="none"/>
<markable id="markable_276" span="word_8338" coref_class="empty" category="person" mmax_level="coref"  rule="none"  type="none"/>
<markable id="markable_277" span="word_8353" coref_class="empty" category="person" mmax_level="coref"  rule="none"  type="none"/>
<markable id="markable_278" span="word_8392" coref_class="empty" category="person" mmax_level="coref"  rule="none"  type="none"/>
<markable id="markable_279" span="word_8453" coref_class="empty" category="person" mmax_level="coref"  rule="none"  type="none"/>
<markable id="markable_280" span="word_8558" coref_class="empty" category="person" mmax_level="coref"  rule="none"  type="none"/>
<markable id="markable_281" span="word_8594" coref_class="empty" category="person" mmax_level="coref"  rule="none"  type="none"/>
<markable id="markable_282" span="word_8634" coref_class="empty" category="location" mmax_level="coref"  rule="none"  type="none"/>
<markable id="markable_283" span="word_8647" coref_class="empty" category="location" mmax_level="coref"  rule="none"  type="none"/>
<markable id="markable_284" span="word_8671..word_8674" coref_class="empty" category="location" mmax_level="coref"  rule="none"  type="none"/>
<markable id="markable_285" span="word_8679" coref_class="empty" category="location" mmax_level="coref"  rule="none"  type="none"/>
<markable id="markable_286" span="word_8700" coref_class="empty" category="person" mmax_level="coref"  rule="none"  type="none"/>
<markable id="markable_287" span="word_8715..word_8716" coref_class="empty" category="time" mmax_level="coref"  rule="none"  type="none"/>
<markable id="markable_288" span="word_8725" coref_class="empty" category="location" mmax_level="coref"  rule="none"  type="none"/>
<markable id="markable_289" span="word_8741" coref_class="empty" category="person" mmax_level="coref"  rule="none"  type="none"/>
<markable id="markable_290" span="word_8745..word_8746" coref_class="empty" category="location" mmax_level="coref"  rule="none"  type="none"/>
<markable id="markable_291" span="word_8754" coref_class="empty" category="person" mmax_level="coref"  rule="none"  type="none"/>
<markable id="markable_292" span="word_8774" coref_class="empty" category="person" mmax_level="coref"  rule="none"  type="none"/>
<markable id="markable_293" span="word_8800" coref_class="empty" category="person" mmax_level="coref"  rule="none"  type="none"/>
<markable id="markable_294" span="word_8829" coref_class="empty" category="person" mmax_level="coref"  rule="none"  type="none"/>
<markable id="markable_295" span="word_8874" coref_class="empty" category="person" mmax_level="coref"  rule="none"  type="none"/>
<markable id="markable_296" span="word_8905" coref_class="empty" category="person" mmax_level="coref"  rule="none"  type="none"/>
<markable id="markable_297" span="word_8911" coref_class="empty" category="person" mmax_level="coref"  rule="none"  type="none"/>
<markable id="markable_298" span="word_9020" coref_class="empty" category="location" mmax_level="coref"  rule="none"  type="none"/>
<markable id="markable_299" span="word_9022..word_9023" coref_class="empty" category="location" mmax_level="coref"  rule="none"  type="none"/>
<markable id="markable_300" span="word_9058" coref_class="empty" category="person" mmax_level="coref"  rule="none"  type="none"/>
<markable id="markable_301" span="word_9065..word_9066" coref_class="empty" category="person" mmax_level="coref"  rule="none"  type="none"/>
<markable id="markable_302" span="word_9067..word_9069" coref_class="empty" category="time" mmax_level="coref"  rule="none"  type="none"/>
<markable id="markable_303" span="word_9077" coref_class="empty" category="person" mmax_level="coref"  rule="none"  type="none"/>
<markable id="markable_304" span="word_9087" coref_class="empty" category="person" mmax_level="coref"  rule="none"  type="none"/>
<markable id="markable_305" span="word_9092..word_9093" coref_class="empty" category="person" mmax_level="coref"  rule="none"  type="none"/>
<markable id="markable_306" span="word_9100" coref_class="empty" category="person" mmax_level="coref"  rule="none"  type="none"/>
<markable id="markable_307" span="word_9123" coref_class="empty" category="person" mmax_level="coref"  rule="none"  type="none"/>
<markable id="markable_308" span="word_9239" coref_class="empty" category="person" mmax_level="coref"  rule="none"  type="none"/>
<markable id="markable_309" span="word_9265" coref_class="empty" category="person" mmax_level="coref"  rule="none"  type="none"/>
<markable id="markable_310" span="word_9307" coref_class="empty" category="person" mmax_level="coref"  rule="none"  type="none"/>
<markable id="markable_311" span="word_9332" coref_class="empty" category="person" mmax_level="coref"  rule="none"  type="none"/>
<markable id="markable_312" span="word_9354..word_9355" coref_class="empty" category="location" mmax_level="coref"  rule="none"  type="none"/>
<markable id="markable_313" span="word_9357" coref_class="empty" category="person" mmax_level="coref"  rule="none"  type="none"/>
<markable id="markable_314" span="word_9360..word_9361" coref_class="empty" category="product" mmax_level="coref"  rule="none"  type="none"/>
<markable id="markable_315" span="word_9364..word_9365" coref_class="empty" category="time" mmax_level="coref"  rule="none"  type="none"/>
<markable id="markable_316" span="word_9401" coref_class="empty" category="person" mmax_level="coref"  rule="none"  type="none"/>
<markable id="markable_317" span="word_9532" coref_class="empty" category="person" mmax_level="coref"  rule="none"  type="none"/>
<markable id="markable_318" span="word_9625" coref_class="empty" category="person" mmax_level="coref"  rule="none"  type="none"/>
<markable id="markable_319" span="word_9632" coref_class="empty" category="location" mmax_level="coref"  rule="none"  type="none"/>
<markable id="markable_320" span="word_9644" coref_class="empty" category="person" mmax_level="coref"  rule="none"  type="none"/>
<markable id="markable_321" span="word_9653" coref_class="empty" category="location" mmax_level="coref"  rule="none"  type="none"/>
<markable id="markable_322" span="word_9670" coref_class="empty" category="person" mmax_level="coref"  rule="none"  type="none"/>
<markable id="markable_323" span="word_9697" coref_class="empty" category="location" mmax_level="coref"  rule="none"  type="none"/>
<markable id="markable_324" span="word_9731" coref_class="empty" category="location" mmax_level="coref"  rule="none"  type="none"/>
<markable id="markable_325" span="word_9748" coref_class="empty" category="person" mmax_level="coref"  rule="none"  type="none"/>
<markable id="markable_326" span="word_9759" coref_class="empty" category="person" mmax_level="coref"  rule="none"  type="none"/>
<markable id="markable_327" span="word_9772" coref_class="empty" category="location" mmax_level="coref"  rule="none"  type="none"/>
<markable id="markable_328" span="word_9774" coref_class="empty" category="person" mmax_level="coref"  rule="none"  type="none"/>
<markable id="markable_329" span="word_9840" coref_class="empty" category="person" mmax_level="coref"  rule="none"  type="none"/>
<markable id="markable_330" span="word_9942" coref_class="empty" category="person" mmax_level="coref"  rule="none"  type="none"/>
<markable id="markable_331" span="word_9968" coref_class="empty" category="person" mmax_level="coref"  rule="none"  type="none"/>
<markable id="markable_332" span="word_10134" coref_class="empty" category="person" mmax_level="coref"  rule="none"  type="none"/>
<markable id="markable_333" span="word_10174" coref_class="empty" category="person" mmax_level="coref"  rule="none"  type="none"/>
<markable id="markable_334" span="word_10206" coref_class="empty" category="location" mmax_level="coref"  rule="none"  type="none"/>
<markable id="markable_335" span="word_10210" coref_class="empty" category="location" mmax_level="coref"  rule="none"  type="none"/>
<markable id="markable_336" span="word_10219" coref_class="empty" category="location" mmax_level="coref"  rule="none"  type="none"/>
<markable id="markable_337" span="word_10251" coref_class="empty" category="person" mmax_level="coref"  rule="none"  type="none"/>
<markable id="markable_338" span="word_10265..word_10267" coref_class="empty" category="time" mmax_level="coref"  rule="none"  type="none"/>
<markable id="markable_339" span="word_10323..word_10324" coref_class="empty" category="time" mmax_level="coref"  rule="none"  type="none"/>
<markable id="markable_340" span="word_10367" coref_class="empty" category="location" mmax_level="coref"  rule="none"  type="none"/>
<markable id="markable_341" span="word_10427" coref_class="empty" category="person" mmax_level="coref"  rule="none"  type="none"/>
<markable id="markable_342" span="word_10443" coref_class="empty" category="person" mmax_level="coref"  rule="none"  type="none"/>
<markable id="markable_343" span="word_10466" coref_class="empty" category="person" mmax_level="coref"  rule="none"  type="none"/>
<markable id="markable_344" span="word_10657" coref_class="empty" category="person" mmax_level="coref"  rule="none"  type="none"/>
<markable id="markable_345" span="word_10719..word_10720" coref_class="empty" category="location" mmax_level="coref"  rule="none"  type="none"/>
<markable id="markable_346" span="word_10834" coref_class="empty" category="person" mmax_level="coref"  rule="none"  type="none"/>
<markable id="markable_347" span="word_10838" coref_class="empty" category="person" mmax_level="coref"  rule="none"  type="none"/>
<markable id="markable_348" span="word_10902" coref_class="empty" category="location" mmax_level="coref"  rule="none"  type="none"/>
<markable id="markable_349" span="word_10917" coref_class="empty" category="person" mmax_level="coref"  rule="none"  type="none"/>
<markable id="markable_350" span="word_10985" coref_class="empty" category="person" mmax_level="coref"  rule="none"  type="none"/>
<markable id="markable_351" span="word_11003" coref_class="empty" category="person" mmax_level="coref"  rule="none"  type="none"/>
<markable id="markable_352" span="word_11018" coref_class="empty" category="person" mmax_level="coref"  rule="none"  type="none"/>
<markable id="markable_353" span="word_11040" coref_class="empty" category="person" mmax_level="coref"  rule="none"  type="none"/>
<markable id="markable_354" span="word_11059" coref_class="empty" category="person" mmax_level="coref"  rule="none"  type="none"/>
<markable id="markable_355" span="word_11186" coref_class="empty" category="person" mmax_level="coref"  rule="none"  type="none"/>
<markable id="markable_356" span="word_11189" coref_class="empty" category="person" mmax_level="coref"  rule="none"  type="none"/>
<markable id="markable_357" span="word_11313" coref_class="empty" category="person" mmax_level="coref"  rule="none"  type="none"/>
<markable id="markable_358" span="word_11354" coref_class="empty" category="person" mmax_level="coref"  rule="none"  type="none"/>
<markable id="markable_359" span="word_11382..word_11383" coref_class="empty" category="time" mmax_level="coref"  rule="none"  type="none"/>
<markable id="markable_360" span="word_11385" coref_class="empty" category="person" mmax_level="coref"  rule="none"  type="none"/>
<markable id="markable_361" span="word_11388..word_11390" coref_class="empty" category="product" mmax_level="coref"  rule="none"  type="none"/>
<markable id="markable_362" span="word_11504" coref_class="empty" category="person" mmax_level="coref"  rule="none"  type="none"/>
<markable id="markable_363" span="word_11525..word_11526" coref_class="empty" category="time" mmax_level="coref"  rule="none"  type="none"/>
<markable id="markable_364" span="word_11539" coref_class="empty" category="person" mmax_level="coref"  rule="none"  type="none"/>
<markable id="markable_365" span="word_11549..word_11550" coref_class="empty" category="product" mmax_level="coref"  rule="none"  type="none"/>
<markable id="markable_366" span="word_11552" coref_class="empty" category="person" mmax_level="coref"  rule="none"  type="none"/>
<markable id="markable_367" span="word_11563" coref_class="empty" category="person" mmax_level="coref"  rule="none"  type="none"/>
<markable id="markable_368" span="word_11584..word_11585" coref_class="empty" category="time" mmax_level="coref"  rule="none"  type="none"/>
<markable id="markable_369" span="word_11613..word_11615" coref_class="empty" category="time" mmax_level="coref"  rule="none"  type="none"/>
<markable id="markable_370" span="word_11618" coref_class="empty" category="person" mmax_level="coref"  rule="none"  type="none"/>
<markable id="markable_371" span="word_11681" coref_class="empty" category="person" mmax_level="coref"  rule="none"  type="none"/>
<markable id="markable_372" span="word_11721" coref_class="empty" category="person" mmax_level="coref"  rule="none"  type="none"/>
<markable id="markable_373" span="word_11767..word_11768" coref_class="empty" category="organization" mmax_level="coref"  rule="none"  type="none"/>
<markable id="markable_374" span="word_11790" coref_class="empty" category="person" mmax_level="coref"  rule="none"  type="none"/>
<markable id="markable_375" span="word_11836..word_11839" coref_class="empty" category="time" mmax_level="coref"  rule="none"  type="none"/>
<markable id="markable_376" span="word_11845" coref_class="empty" category="person" mmax_level="coref"  rule="none"  type="none"/>
<markable id="markable_377" span="word_11881..word_11882" coref_class="empty" category="person" mmax_level="coref"  rule="none"  type="none"/>
<markable id="markable_378" span="word_11890..word_11891" coref_class="empty" category="time" mmax_level="coref"  rule="none"  type="none"/>
<markable id="markable_379" span="word_11915" coref_class="empty" category="location" mmax_level="coref"  rule="none"  type="none"/>
<markable id="markable_380" span="word_11917" coref_class="empty" category="person" mmax_level="coref"  rule="none"  type="none"/>
<markable id="markable_381" span="word_11965" coref_class="empty" category="person" mmax_level="coref"  rule="none"  type="none"/>
<markable id="markable_382" span="word_12056..word_12057" coref_class="empty" category="person" mmax_level="coref"  rule="none"  type="none"/>
<markable id="markable_383" span="word_12066..word_12068" coref_class="empty" category="organization" mmax_level="coref"  rule="none"  type="none"/>
<markable id="markable_384" span="word_12070" coref_class="empty" category="person" mmax_level="coref"  rule="none"  type="none"/>
<markable id="markable_385" span="word_12096..word_12097" coref_class="empty" category="product" mmax_level="coref"  rule="none"  type="none"/>
<markable id="markable_386" span="word_12099..word_12100" coref_class="empty" category="product" mmax_level="coref"  rule="none"  type="none"/>
<markable id="markable_387" span="word_12123..word_12124" coref_class="empty" category="time" mmax_level="coref"  rule="none"  type="none"/>
<markable id="markable_388" span="word_12133" coref_class="empty" category="location" mmax_level="coref"  rule="none"  type="none"/>
<markable id="markable_389" span="word_12140" coref_class="empty" category="person" mmax_level="coref"  rule="none"  type="none"/>
<markable id="markable_390" span="word_12149" coref_class="empty" category="location" mmax_level="coref"  rule="none"  type="none"/>
<markable id="markable_391" span="word_12158" coref_class="empty" category="location" mmax_level="coref"  rule="none"  type="none"/>
<markable id="markable_392" span="word_12167" coref_class="empty" category="person" mmax_level="coref"  rule="none"  type="none"/>
<markable id="markable_393" span="word_12183" coref_class="empty" category="location" mmax_level="coref"  rule="none"  type="none"/>
<markable id="markable_394" span="word_12187..word_12188" coref_class="empty" category="organization" mmax_level="coref"  rule="none"  type="none"/>
<markable id="markable_395" span="word_12220" coref_class="empty" category="location" mmax_level="coref"  rule="none"  type="none"/>
<markable id="markable_396" span="word_12224..word_12225" coref_class="empty" category="time" mmax_level="coref"  rule="none"  type="none"/>
<markable id="markable_397" span="word_12234" coref_class="empty" category="person" mmax_level="coref"  rule="none"  type="none"/>
<markable id="markable_398" span="word_12253..word_12254" coref_class="empty" category="time" mmax_level="coref"  rule="none"  type="none"/>
<markable id="markable_399" span="word_12257..word_12258" coref_class="empty" category="time" mmax_level="coref"  rule="none"  type="none"/>
<markable id="markable_400" span="word_12296" coref_class="empty" category="person" mmax_level="coref"  rule="none"  type="none"/>
<markable id="markable_401" span="word_12308" coref_class="empty" category="person" mmax_level="coref"  rule="none"  type="none"/>
<markable id="markable_402" span="word_12377" coref_class="empty" category="person" mmax_level="coref"  rule="none"  type="none"/>
<markable id="markable_403" span="word_12465..word_12467" coref_class="empty" category="time" mmax_level="coref"  rule="none"  type="none"/>
<markable id="markable_404" span="word_12482" coref_class="empty" category="location" mmax_level="coref"  rule="none"  type="none"/>
<markable id="markable_405" span="word_12486" coref_class="empty" category="location" mmax_level="coref"  rule="none"  type="none"/>
<markable id="markable_406" span="word_12489" coref_class="empty" category="person" mmax_level="coref"  rule="none"  type="none"/>
<markable id="markable_407" span="word_12501..word_12502" coref_class="empty" category="time" mmax_level="coref"  rule="none"  type="none"/>
<markable id="markable_408" span="word_12510..word_12511" coref_class="empty" category="time" mmax_level="coref"  rule="none"  type="none"/>
<markable id="markable_409" span="word_12525..word_12526" coref_class="empty" category="person" mmax_level="coref"  rule="none"  type="none"/>
<markable id="markable_410" span="word_12529" coref_class="empty" category="location" mmax_level="coref"  rule="none"  type="none"/>
<markable id="markable_411" span="word_12542" coref_class="empty" category="person" mmax_level="coref"  rule="none"  type="none"/>
<markable id="markable_412" span="word_12573" coref_class="empty" category="location" mmax_level="coref"  rule="none"  type="none"/>
<markable id="markable_413" span="word_12584" coref_class="empty" category="person" mmax_level="coref"  rule="none"  type="none"/>
<markable id="markable_414" span="word_12662..word_12663" coref_class="empty" category="location" mmax_level="coref"  rule="none"  type="none"/>
<markable id="markable_415" span="word_12675" coref_class="empty" category="location" mmax_level="coref"  rule="none"  type="none"/>
<markable id="markable_416" span="word_12692" coref_class="empty" category="location" mmax_level="coref"  rule="none"  type="none"/>
<markable id="markable_417" span="word_12715" coref_class="empty" category="location" mmax_level="coref"  rule="none"  type="none"/>
<markable id="markable_418" span="word_12727" coref_class="empty" category="location" mmax_level="coref"  rule="none"  type="none"/>
<markable id="markable_419" span="word_12736" coref_class="empty" category="location" mmax_level="coref"  rule="none"  type="none"/>
<markable id="markable_420" span="word_12751..word_12752" coref_class="empty" category="location" mmax_level="coref"  rule="none"  type="none"/>
<markable id="markable_421" span="word_12763" coref_class="empty" category="person" mmax_level="coref"  rule="none"  type="none"/>
<markable id="markable_422" span="word_12786" coref_class="empty" category="person" mmax_level="coref"  rule="none"  type="none"/>
<markable id="markable_423" span="word_12799" coref_class="empty" category="person" mmax_level="coref"  rule="none"  type="none"/>
<markable id="markable_424" span="word_12848" coref_class="empty" category="person" mmax_level="coref"  rule="none"  type="none"/>
<markable id="markable_425" span="word_12849" coref_class="empty" category="location" mmax_level="coref"  rule="none"  type="none"/>
<markable id="markable_426" span="word_12858" coref_class="empty" category="location" mmax_level="coref"  rule="none"  type="none"/>
<markable id="markable_427" span="word_12872" coref_class="empty" category="person" mmax_level="coref"  rule="none"  type="none"/>
<markable id="markable_428" span="word_12880" coref_class="empty" category="person" mmax_level="coref"  rule="none"  type="none"/>
<markable id="markable_429" span="word_12905" coref_class="empty" category="person" mmax_level="coref"  rule="none"  type="none"/>
<markable id="markable_430" span="word_12914" coref_class="empty" category="location" mmax_level="coref"  rule="none"  type="none"/>
<markable id="markable_431" span="word_12946" coref_class="empty" category="person" mmax_level="coref"  rule="none"  type="none"/>
<markable id="markable_432" span="word_12950..word_12952" coref_class="empty" category="time" mmax_level="coref"  rule="none"  type="none"/>
<markable id="markable_433" span="word_12957" coref_class="empty" category="location" mmax_level="coref"  rule="none"  type="none"/>
<markable id="markable_434" span="word_12961" coref_class="empty" category="person" mmax_level="coref"  rule="none"  type="none"/>
<markable id="markable_435" span="word_12971" coref_class="empty" category="person" mmax_level="coref"  rule="none"  type="none"/>
<markable id="markable_436" span="word_13000" coref_class="empty" category="person" mmax_level="coref"  rule="none"  type="none"/>
<markable id="markable_437" span="word_13025" coref_class="empty" category="person" mmax_level="coref"  rule="none"  type="none"/>
<markable id="markable_438" span="word_13035" coref_class="empty" category="person" mmax_level="coref"  rule="none"  type="none"/>
<markable id="markable_439" span="word_13147" coref_class="empty" category="location" mmax_level="coref"  rule="none"  type="none"/>
<markable id="markable_440" span="word_13152..word_13153" coref_class="empty" category="time" mmax_level="coref"  rule="none"  type="none"/>
<markable id="markable_441" span="word_13159" coref_class="empty" category="time" mmax_level="coref"  rule="none"  type="none"/>
<markable id="markable_442" span="word_13170..word_13171" coref_class="empty" category="person" mmax_level="coref"  rule="none"  type="none"/>
<markable id="markable_443" span="word_13173" coref_class="empty" category="person" mmax_level="coref"  rule="none"  type="none"/>
<markable id="markable_444" span="word_13181..word_13182" coref_class="empty" category="location" mmax_level="coref"  rule="none"  type="none"/>
<markable id="markable_445" span="word_13185" coref_class="empty" category="location" mmax_level="coref"  rule="none"  type="none"/>
<markable id="markable_446" span="word_13190..word_13192" coref_class="empty" category="location" mmax_level="coref"  rule="none"  type="none"/>
<markable id="markable_447" span="word_13198..word_13199" coref_class="empty" category="location" mmax_level="coref"  rule="none"  type="none"/>
<markable id="markable_448" span="word_13203..word_13204" coref_class="empty" category="location" mmax_level="coref"  rule="none"  type="none"/>
<markable id="markable_449" span="word_13208" coref_class="empty" category="location" mmax_level="coref"  rule="none"  type="none"/>
<markable id="markable_450" span="word_13329" coref_class="empty" category="location" mmax_level="coref"  rule="none"  type="none"/>
<markable id="markable_451" span="word_13346" coref_class="empty" category="location" mmax_level="coref"  rule="none"  type="none"/>
<markable id="markable_452" span="word_13362..word_13363" coref_class="empty" category="person" mmax_level="coref"  rule="none"  type="none"/>
<markable id="markable_453" span="word_13366..word_13367" coref_class="empty" category="person" mmax_level="coref"  rule="none"  type="none"/>
<markable id="markable_454" span="word_13371..word_13372" coref_class="empty" category="person" mmax_level="coref"  rule="none"  type="none"/>
<markable id="markable_455" span="word_13374..word_13376" coref_class="empty" category="location" mmax_level="coref"  rule="none"  type="none"/>
<markable id="markable_456" span="word_13379" coref_class="empty" category="location" mmax_level="coref"  rule="none"  type="none"/>
<markable id="markable_457" span="word_13384..word_13385" coref_class="empty" category="location" mmax_level="coref"  rule="none"  type="none"/>
<markable id="markable_458" span="word_13391..word_13392" coref_class="empty" category="location" mmax_level="coref"  rule="none"  type="none"/>
<markable id="markable_459" span="word_13396..word_13397" coref_class="empty" category="location" mmax_level="coref"  rule="none"  type="none"/>
<markable id="markable_460" span="word_13408..word_13409" coref_class="empty" category="location" mmax_level="coref"  rule="none"  type="none"/>
<markable id="markable_461" span="word_13415" coref_class="empty" category="location" mmax_level="coref"  rule="none"  type="none"/>
<markable id="markable_462" span="word_13417" coref_class="empty" category="location" mmax_level="coref"  rule="none"  type="none"/>
<markable id="markable_463" span="word_13431" coref_class="empty" category="person" mmax_level="coref"  rule="none"  type="none"/>
<markable id="markable_464" span="word_13441..word_13442" coref_class="empty" category="organization" mmax_level="coref"  rule="none"  type="none"/>
</markables>