<?xml version="1.0" encoding="UTF-8"?>
<!DOCTYPE markables SYSTEM "markables.dtd">
<markables xmlns="www.eml.org/NameSpaces/sentence">
<markable mmax_level="sentence" id="markable_1" span="word_1..word_3" />
<markable mmax_level="sentence" id="markable_2" span="word_4..word_5" />
<markable mmax_level="sentence" id="markable_3" span="word_6..word_10" />
<markable mmax_level="sentence" id="markable_4" span="word_11..word_13" />
<markable mmax_level="sentence" id="markable_5" span="word_14..word_15" />
<markable mmax_level="sentence" id="markable_6" span="word_16..word_20" />
<markable mmax_level="sentence" id="markable_7" span="word_21..word_23" />
<markable mmax_level="sentence" id="markable_8" span="word_24..word_25" />
<markable mmax_level="sentence" id="markable_9" span="word_26..word_30" />
<markable mmax_level="sentence" id="markable_10" span="word_31..word_34" />
<markable mmax_level="sentence" id="markable_11" span="word_35..word_36" />
<markable mmax_level="sentence" id="markable_12" span="word_37" />
<markable mmax_level="sentence" id="markable_13" span="word_38..word_39" />
<markable mmax_level="sentence" id="markable_14" span="word_40..word_68" />
<markable mmax_level="sentence" id="markable_15" span="word_69..word_75" />
<markable mmax_level="sentence" id="markable_16" span="word_76..word_77" />
<markable mmax_level="sentence" id="markable_17" span="word_78..word_79" />
<markable mmax_level="sentence" id="markable_18" span="word_80..word_83" />
<markable mmax_level="sentence" id="markable_19" span="word_84..word_86" />
<markable mmax_level="sentence" id="markable_20" span="word_87" />
<markable mmax_level="sentence" id="markable_21" span="word_88" />
<markable mmax_level="sentence" id="markable_22" span="word_89..word_90" />
<markable mmax_level="sentence" id="markable_23" span="word_91..word_92" />
<markable mmax_level="sentence" id="markable_24" span="word_93..word_132" />
<markable mmax_level="sentence" id="markable_25" span="word_133..word_154" />
<markable mmax_level="sentence" id="markable_26" span="word_155..word_163" />
<markable mmax_level="sentence" id="markable_27" span="word_164..word_213" />
<markable mmax_level="sentence" id="markable_28" span="word_214..word_246" />
<markable mmax_level="sentence" id="markable_29" span="word_247..word_250" />
<markable mmax_level="sentence" id="markable_30" span="word_251..word_275" />
<markable mmax_level="sentence" id="markable_31" span="word_276..word_280" />
<markable mmax_level="sentence" id="markable_32" span="word_281..word_286" />
<markable mmax_level="sentence" id="markable_33" span="word_287..word_297" />
<markable mmax_level="sentence" id="markable_34" span="word_298..word_310" />
<markable mmax_level="sentence" id="markable_35" span="word_311..word_315" />
<markable mmax_level="sentence" id="markable_36" span="word_316..word_325" />
<markable mmax_level="sentence" id="markable_37" span="word_326..word_335" />
<markable mmax_level="sentence" id="markable_38" span="word_336..word_340" />
<markable mmax_level="sentence" id="markable_39" span="word_341" />
<markable mmax_level="sentence" id="markable_40" span="word_342..word_354" />
<markable mmax_level="sentence" id="markable_41" span="word_355..word_361" />
<markable mmax_level="sentence" id="markable_42" span="word_362..word_371" />
<markable mmax_level="sentence" id="markable_43" span="word_372..word_380" />
<markable mmax_level="sentence" id="markable_44" span="word_381..word_394" />
<markable mmax_level="sentence" id="markable_45" span="word_395..word_434" />
<markable mmax_level="sentence" id="markable_46" span="word_435..word_458" />
<markable mmax_level="sentence" id="markable_47" span="word_459..word_493" />
<markable mmax_level="sentence" id="markable_48" span="word_494..word_510" />
<markable mmax_level="sentence" id="markable_49" span="word_511..word_535" />
<markable mmax_level="sentence" id="markable_50" span="word_536..word_552" />
<markable mmax_level="sentence" id="markable_51" span="word_553..word_580" />
<markable mmax_level="sentence" id="markable_52" span="word_581..word_624" />
<markable mmax_level="sentence" id="markable_53" span="word_625..word_639" />
<markable mmax_level="sentence" id="markable_54" span="word_640..word_653" />
<markable mmax_level="sentence" id="markable_55" span="word_654" />
<markable mmax_level="sentence" id="markable_56" span="word_655..word_680" />
<markable mmax_level="sentence" id="markable_57" span="word_681..word_703" />
<markable mmax_level="sentence" id="markable_58" span="word_704..word_729" />
<markable mmax_level="sentence" id="markable_59" span="word_730..word_757" />
<markable mmax_level="sentence" id="markable_60" span="word_758..word_787" />
<markable mmax_level="sentence" id="markable_61" span="word_788..word_801" />
<markable mmax_level="sentence" id="markable_62" span="word_802..word_822" />
<markable mmax_level="sentence" id="markable_63" span="word_823..word_836" />
<markable mmax_level="sentence" id="markable_64" span="word_837..word_845" />
<markable mmax_level="sentence" id="markable_65" span="word_846..word_868" />
<markable mmax_level="sentence" id="markable_66" span="word_869..word_876" />
<markable mmax_level="sentence" id="markable_67" span="word_877..word_892" />
<markable mmax_level="sentence" id="markable_68" span="word_893..word_923" />
<markable mmax_level="sentence" id="markable_69" span="word_924..word_934" />
<markable mmax_level="sentence" id="markable_70" span="word_935..word_943" />
<markable mmax_level="sentence" id="markable_71" span="word_944..word_955" />
<markable mmax_level="sentence" id="markable_72" span="word_956" />
<markable mmax_level="sentence" id="markable_73" span="word_957..word_973" />
<markable mmax_level="sentence" id="markable_74" span="word_974..word_1002" />
<markable mmax_level="sentence" id="markable_75" span="word_1003..word_1024" />
<markable mmax_level="sentence" id="markable_76" span="word_1025" />
<markable mmax_level="sentence" id="markable_77" span="word_1026..word_1027" />
<markable mmax_level="sentence" id="markable_78" span="word_1028..word_1036" />
<markable mmax_level="sentence" id="markable_79" span="word_1037..word_1039" />
<markable mmax_level="sentence" id="markable_80" span="word_1040..word_1047" />
<markable mmax_level="sentence" id="markable_81" span="word_1048..word_1054" />
<markable mmax_level="sentence" id="markable_82" span="word_1055..word_1061" />
<markable mmax_level="sentence" id="markable_83" span="word_1062..word_1075" />
<markable mmax_level="sentence" id="markable_84" span="word_1076..word_1085" />
<markable mmax_level="sentence" id="markable_85" span="word_1086..word_1093" />
<markable mmax_level="sentence" id="markable_86" span="word_1094..word_1104" />
<markable mmax_level="sentence" id="markable_87" span="word_1105..word_1119" />
<markable mmax_level="sentence" id="markable_88" span="word_1120..word_1124" />
<markable mmax_level="sentence" id="markable_89" span="word_1125..word_1128" />
<markable mmax_level="sentence" id="markable_90" span="word_1129..word_1137" />
<markable mmax_level="sentence" id="markable_91" span="word_1138..word_1146" />
<markable mmax_level="sentence" id="markable_92" span="word_1147..word_1150" />
<markable mmax_level="sentence" id="markable_93" span="word_1151" />
<markable mmax_level="sentence" id="markable_94" span="word_1152" />
<markable mmax_level="sentence" id="markable_95" span="word_1153..word_1160" />
<markable mmax_level="sentence" id="markable_96" span="word_1161..word_1179" />
<markable mmax_level="sentence" id="markable_97" span="word_1180..word_1189" />
<markable mmax_level="sentence" id="markable_98" span="word_1190..word_1195" />
<markable mmax_level="sentence" id="markable_99" span="word_1196..word_1197" />
<markable mmax_level="sentence" id="markable_100" span="word_1198..word_1208" />
<markable mmax_level="sentence" id="markable_101" span="word_1209" />
<markable mmax_level="sentence" id="markable_102" span="word_1210..word_1211" />
<markable mmax_level="sentence" id="markable_103" span="word_1212" />
<markable mmax_level="sentence" id="markable_104" span="word_1213" />
<markable mmax_level="sentence" id="markable_105" span="word_1214..word_1225" />
<markable mmax_level="sentence" id="markable_106" span="word_1226..word_1247" />
<markable mmax_level="sentence" id="markable_107" span="word_1248..word_1299" />
<markable mmax_level="sentence" id="markable_108" span="word_1300..word_1316" />
<markable mmax_level="sentence" id="markable_109" span="word_1317..word_1358" />
<markable mmax_level="sentence" id="markable_110" span="word_1359..word_1373" />
<markable mmax_level="sentence" id="markable_111" span="word_1374..word_1380" />
<markable mmax_level="sentence" id="markable_112" span="word_1381..word_1394" />
<markable mmax_level="sentence" id="markable_113" span="word_1395..word_1430" />
<markable mmax_level="sentence" id="markable_114" span="word_1431..word_1445" />
<markable mmax_level="sentence" id="markable_115" span="word_1446..word_1454" />
<markable mmax_level="sentence" id="markable_116" span="word_1455..word_1456" />
<markable mmax_level="sentence" id="markable_117" span="word_1457..word_1458" />
<markable mmax_level="sentence" id="markable_118" span="word_1459" />
<markable mmax_level="sentence" id="markable_119" span="word_1460..word_1464" />
<markable mmax_level="sentence" id="markable_120" span="word_1465..word_1482" />
<markable mmax_level="sentence" id="markable_121" span="word_1483..word_1522" />
<markable mmax_level="sentence" id="markable_122" span="word_1523..word_1534" />
<markable mmax_level="sentence" id="markable_123" span="word_1535..word_1565" />
<markable mmax_level="sentence" id="markable_124" span="word_1566..word_1579" />
<markable mmax_level="sentence" id="markable_125" span="word_1580..word_1610" />
<markable mmax_level="sentence" id="markable_126" span="word_1611..word_1651" />
<markable mmax_level="sentence" id="markable_127" span="word_1652..word_1668" />
<markable mmax_level="sentence" id="markable_128" span="word_1669..word_1694" />
<markable mmax_level="sentence" id="markable_129" span="word_1695..word_1720" />
<markable mmax_level="sentence" id="markable_130" span="word_1721..word_1733" />
<markable mmax_level="sentence" id="markable_131" span="word_1734" />
<markable mmax_level="sentence" id="markable_132" span="word_1735" />
<markable mmax_level="sentence" id="markable_133" span="word_1736" />
<markable mmax_level="sentence" id="markable_134" span="word_1737..word_1748" />
<markable mmax_level="sentence" id="markable_135" span="word_1749..word_1780" />
<markable mmax_level="sentence" id="markable_136" span="word_1781..word_1786" />
<markable mmax_level="sentence" id="markable_137" span="word_1787..word_1832" />
<markable mmax_level="sentence" id="markable_138" span="word_1833..word_1856" />
<markable mmax_level="sentence" id="markable_139" span="word_1857..word_1866" />
<markable mmax_level="sentence" id="markable_140" span="word_1867..word_1891" />
<markable mmax_level="sentence" id="markable_141" span="word_1892..word_1932" />
<markable mmax_level="sentence" id="markable_142" span="word_1933..word_1959" />
<markable mmax_level="sentence" id="markable_143" span="word_1960..word_1976" />
<markable mmax_level="sentence" id="markable_144" span="word_1977..word_1988" />
<markable mmax_level="sentence" id="markable_145" span="word_1989" />
<markable mmax_level="sentence" id="markable_146" span="word_1990..word_1991" />
<markable mmax_level="sentence" id="markable_147" span="word_1992" />
<markable mmax_level="sentence" id="markable_148" span="word_1993..word_2002" />
<markable mmax_level="sentence" id="markable_149" span="word_2003..word_2050" />
<markable mmax_level="sentence" id="markable_150" span="word_2051..word_2098" />
<markable mmax_level="sentence" id="markable_151" span="word_2099..word_2119" />
<markable mmax_level="sentence" id="markable_152" span="word_2120..word_2148" />
<markable mmax_level="sentence" id="markable_153" span="word_2149..word_2178" />
<markable mmax_level="sentence" id="markable_154" span="word_2179..word_2206" />
<markable mmax_level="sentence" id="markable_155" span="word_2207..word_2259" />
<markable mmax_level="sentence" id="markable_156" span="word_2260" />
<markable mmax_level="sentence" id="markable_157" span="word_2261" />
<markable mmax_level="sentence" id="markable_158" span="word_2262..word_2287" />
<markable mmax_level="sentence" id="markable_159" span="word_2288..word_2319" />
<markable mmax_level="sentence" id="markable_160" span="word_2320..word_2336" />
<markable mmax_level="sentence" id="markable_161" span="word_2337..word_2379" />
<markable mmax_level="sentence" id="markable_162" span="word_2380..word_2401" />
<markable mmax_level="sentence" id="markable_163" span="word_2402..word_2421" />
<markable mmax_level="sentence" id="markable_164" span="word_2422..word_2437" />
<markable mmax_level="sentence" id="markable_165" span="word_2438..word_2455" />
<markable mmax_level="sentence" id="markable_166" span="word_2456..word_2469" />
<markable mmax_level="sentence" id="markable_167" span="word_2470..word_2498" />
<markable mmax_level="sentence" id="markable_168" span="word_2499..word_2525" />
<markable mmax_level="sentence" id="markable_169" span="word_2526..word_2531" />
<markable mmax_level="sentence" id="markable_170" span="word_2532" />
<markable mmax_level="sentence" id="markable_171" span="word_2533" />
<markable mmax_level="sentence" id="markable_172" span="word_2534" />
<markable mmax_level="sentence" id="markable_173" span="word_2535..word_2553" />
<markable mmax_level="sentence" id="markable_174" span="word_2554..word_2578" />
<markable mmax_level="sentence" id="markable_175" span="word_2579..word_2595" />
<markable mmax_level="sentence" id="markable_176" span="word_2596..word_2620" />
<markable mmax_level="sentence" id="markable_177" span="word_2621..word_2625" />
<markable mmax_level="sentence" id="markable_178" span="word_2626..word_2650" />
<markable mmax_level="sentence" id="markable_179" span="word_2651..word_2675" />
<markable mmax_level="sentence" id="markable_180" span="word_2676..word_2683" />
<markable mmax_level="sentence" id="markable_181" span="word_2684..word_2705" />
<markable mmax_level="sentence" id="markable_182" span="word_2706..word_2735" />
<markable mmax_level="sentence" id="markable_183" span="word_2736..word_2763" />
<markable mmax_level="sentence" id="markable_184" span="word_2764..word_2774" />
<markable mmax_level="sentence" id="markable_185" span="word_2775..word_2785" />
<markable mmax_level="sentence" id="markable_186" span="word_2786..word_2808" />
<markable mmax_level="sentence" id="markable_187" span="word_2809..word_2813" />
<markable mmax_level="sentence" id="markable_188" span="word_2814" />
<markable mmax_level="sentence" id="markable_189" span="word_2815" />
<markable mmax_level="sentence" id="markable_190" span="word_2816..word_2827" />
<markable mmax_level="sentence" id="markable_191" span="word_2828..word_2846" />
<markable mmax_level="sentence" id="markable_192" span="word_2847..word_2863" />
<markable mmax_level="sentence" id="markable_193" span="word_2864..word_2891" />
<markable mmax_level="sentence" id="markable_194" span="word_2892..word_2934" />
<markable mmax_level="sentence" id="markable_195" span="word_2935..word_2948" />
<markable mmax_level="sentence" id="markable_196" span="word_2949..word_2956" />
<markable mmax_level="sentence" id="markable_197" span="word_2957..word_2961" />
<markable mmax_level="sentence" id="markable_198" span="word_2962..word_2971" />
<markable mmax_level="sentence" id="markable_199" span="word_2972..word_2985" />
<markable mmax_level="sentence" id="markable_200" span="word_2986..word_3000" />
<markable mmax_level="sentence" id="markable_201" span="word_3001..word_3026" />
<markable mmax_level="sentence" id="markable_202" span="word_3027..word_3034" />
<markable mmax_level="sentence" id="markable_203" span="word_3035..word_3044" />
<markable mmax_level="sentence" id="markable_204" span="word_3045..word_3054" />
<markable mmax_level="sentence" id="markable_205" span="word_3055..word_3065" />
<markable mmax_level="sentence" id="markable_206" span="word_3066" />
<markable mmax_level="sentence" id="markable_207" span="word_3067" />
<markable mmax_level="sentence" id="markable_208" span="word_3068" />
<markable mmax_level="sentence" id="markable_209" span="word_3069..word_3075" />
<markable mmax_level="sentence" id="markable_210" span="word_3076..word_3125" />
<markable mmax_level="sentence" id="markable_211" span="word_3126..word_3147" />
<markable mmax_level="sentence" id="markable_212" span="word_3148..word_3156" />
<markable mmax_level="sentence" id="markable_213" span="word_3157..word_3176" />
<markable mmax_level="sentence" id="markable_214" span="word_3177..word_3193" />
<markable mmax_level="sentence" id="markable_215" span="word_3194..word_3217" />
<markable mmax_level="sentence" id="markable_216" span="word_3218..word_3261" />
<markable mmax_level="sentence" id="markable_217" span="word_3262..word_3281" />
<markable mmax_level="sentence" id="markable_218" span="word_3282..word_3309" />
<markable mmax_level="sentence" id="markable_219" span="word_3310..word_3316" />
<markable mmax_level="sentence" id="markable_220" span="word_3317" />
<markable mmax_level="sentence" id="markable_221" span="word_3318" />
<markable mmax_level="sentence" id="markable_222" span="word_3319..word_3336" />
<markable mmax_level="sentence" id="markable_223" span="word_3337..word_3365" />
<markable mmax_level="sentence" id="markable_224" span="word_3366..word_3378" />
<markable mmax_level="sentence" id="markable_225" span="word_3379..word_3427" />
<markable mmax_level="sentence" id="markable_226" span="word_3428..word_3449" />
<markable mmax_level="sentence" id="markable_227" span="word_3450..word_3481" />
<markable mmax_level="sentence" id="markable_228" span="word_3482..word_3519" />
<markable mmax_level="sentence" id="markable_229" span="word_3520..word_3531" />
<markable mmax_level="sentence" id="markable_230" span="word_3532..word_3542" />
<markable mmax_level="sentence" id="markable_231" span="word_3543..word_3570" />
<markable mmax_level="sentence" id="markable_232" span="word_3571..word_3581" />
<markable mmax_level="sentence" id="markable_233" span="word_3582" />
<markable mmax_level="sentence" id="markable_234" span="word_3583" />
<markable mmax_level="sentence" id="markable_235" span="word_3584" />
<markable mmax_level="sentence" id="markable_236" span="word_3585..word_3591" />
<markable mmax_level="sentence" id="markable_237" span="word_3592..word_3617" />
<markable mmax_level="sentence" id="markable_238" span="word_3618..word_3630" />
<markable mmax_level="sentence" id="markable_239" span="word_3631..word_3637" />
<markable mmax_level="sentence" id="markable_240" span="word_3638..word_3644" />
<markable mmax_level="sentence" id="markable_241" span="word_3645..word_3653" />
<markable mmax_level="sentence" id="markable_242" span="word_3654..word_3662" />
<markable mmax_level="sentence" id="markable_243" span="word_3663..word_3682" />
<markable mmax_level="sentence" id="markable_244" span="word_3683..word_3697" />
<markable mmax_level="sentence" id="markable_245" span="word_3698..word_3713" />
<markable mmax_level="sentence" id="markable_246" span="word_3714..word_3719" />
<markable mmax_level="sentence" id="markable_247" span="word_3720..word_3737" />
<markable mmax_level="sentence" id="markable_248" span="word_3738..word_3753" />
<markable mmax_level="sentence" id="markable_249" span="word_3754..word_3765" />
<markable mmax_level="sentence" id="markable_250" span="word_3766..word_3780" />
<markable mmax_level="sentence" id="markable_251" span="word_3781..word_3803" />
<markable mmax_level="sentence" id="markable_252" span="word_3804..word_3814" />
<markable mmax_level="sentence" id="markable_253" span="word_3815..word_3825" />
<markable mmax_level="sentence" id="markable_254" span="word_3826..word_3841" />
<markable mmax_level="sentence" id="markable_255" span="word_3842..word_3854" />
<markable mmax_level="sentence" id="markable_256" span="word_3855" />
<markable mmax_level="sentence" id="markable_257" span="word_3856..word_3857" />
<markable mmax_level="sentence" id="markable_258" span="word_3858" />
<markable mmax_level="sentence" id="markable_259" span="word_3859..word_3873" />
<markable mmax_level="sentence" id="markable_260" span="word_3874..word_3889" />
<markable mmax_level="sentence" id="markable_261" span="word_3890..word_3914" />
<markable mmax_level="sentence" id="markable_262" span="word_3915..word_3935" />
<markable mmax_level="sentence" id="markable_263" span="word_3936..word_3941" />
<markable mmax_level="sentence" id="markable_264" span="word_3942..word_3961" />
<markable mmax_level="sentence" id="markable_265" span="word_3962..word_3994" />
<markable mmax_level="sentence" id="markable_266" span="word_3995..word_4024" />
<markable mmax_level="sentence" id="markable_267" span="word_4025..word_4037" />
<markable mmax_level="sentence" id="markable_268" span="word_4038..word_4073" />
<markable mmax_level="sentence" id="markable_269" span="word_4074..word_4079" />
<markable mmax_level="sentence" id="markable_270" span="word_4080..word_4101" />
<markable mmax_level="sentence" id="markable_271" span="word_4102..word_4122" />
<markable mmax_level="sentence" id="markable_272" span="word_4123..word_4131" />
<markable mmax_level="sentence" id="markable_273" span="word_4132" />
<markable mmax_level="sentence" id="markable_274" span="word_4133" />
<markable mmax_level="sentence" id="markable_275" span="word_4134..word_4149" />
<markable mmax_level="sentence" id="markable_276" span="word_4150..word_4188" />
<markable mmax_level="sentence" id="markable_277" span="word_4189..word_4222" />
<markable mmax_level="sentence" id="markable_278" span="word_4223..word_4255" />
<markable mmax_level="sentence" id="markable_279" span="word_4256..word_4343" />
<markable mmax_level="sentence" id="markable_280" span="word_4344..word_4386" />
<markable mmax_level="sentence" id="markable_281" span="word_4387..word_4394" />
<markable mmax_level="sentence" id="markable_282" span="word_4395" />
<markable mmax_level="sentence" id="markable_283" span="word_4396" />
<markable mmax_level="sentence" id="markable_284" span="word_4397" />
<markable mmax_level="sentence" id="markable_285" span="word_4398..word_4409" />
<markable mmax_level="sentence" id="markable_286" span="word_4410..word_4428" />
<markable mmax_level="sentence" id="markable_287" span="word_4429..word_4456" />
<markable mmax_level="sentence" id="markable_288" span="word_4457..word_4487" />
<markable mmax_level="sentence" id="markable_289" span="word_4488..word_4502" />
<markable mmax_level="sentence" id="markable_290" span="word_4503..word_4525" />
<markable mmax_level="sentence" id="markable_291" span="word_4526..word_4542" />
<markable mmax_level="sentence" id="markable_292" span="word_4543..word_4551" />
<markable mmax_level="sentence" id="markable_293" span="word_4552..word_4571" />
<markable mmax_level="sentence" id="markable_294" span="word_4572..word_4607" />
<markable mmax_level="sentence" id="markable_295" span="word_4608..word_4644" />
<markable mmax_level="sentence" id="markable_296" span="word_4645..word_4674" />
<markable mmax_level="sentence" id="markable_297" span="word_4675..word_4683" />
<markable mmax_level="sentence" id="markable_298" span="word_4684" />
<markable mmax_level="sentence" id="markable_299" span="word_4685" />
<markable mmax_level="sentence" id="markable_300" span="word_4686" />
<markable mmax_level="sentence" id="markable_301" span="word_4687..word_4707" />
<markable mmax_level="sentence" id="markable_302" span="word_4708..word_4717" />
<markable mmax_level="sentence" id="markable_303" span="word_4718..word_4732" />
<markable mmax_level="sentence" id="markable_304" span="word_4733..word_4781" />
<markable mmax_level="sentence" id="markable_305" span="word_4782..word_4791" />
<markable mmax_level="sentence" id="markable_306" span="word_4792..word_4807" />
<markable mmax_level="sentence" id="markable_307" span="word_4808..word_4810" />
<markable mmax_level="sentence" id="markable_308" span="word_4811..word_4823" />
<markable mmax_level="sentence" id="markable_309" span="word_4824..word_4826" />
<markable mmax_level="sentence" id="markable_310" span="word_4827..word_4842" />
<markable mmax_level="sentence" id="markable_311" span="word_4843..word_4844" />
<markable mmax_level="sentence" id="markable_312" span="word_4845" />
<markable mmax_level="sentence" id="markable_313" span="word_4846" />
<markable mmax_level="sentence" id="markable_314" span="word_4847" />
<markable mmax_level="sentence" id="markable_315" span="word_4848..word_4857" />
<markable mmax_level="sentence" id="markable_316" span="word_4858..word_4867" />
<markable mmax_level="sentence" id="markable_317" span="word_4868..word_4875" />
<markable mmax_level="sentence" id="markable_318" span="word_4876..word_4904" />
<markable mmax_level="sentence" id="markable_319" span="word_4905..word_4954" />
<markable mmax_level="sentence" id="markable_320" span="word_4955..word_4984" />
<markable mmax_level="sentence" id="markable_321" span="word_4985..word_5004" />
<markable mmax_level="sentence" id="markable_322" span="word_5005..word_5026" />
<markable mmax_level="sentence" id="markable_323" span="word_5027..word_5049" />
<markable mmax_level="sentence" id="markable_324" span="word_5050..word_5063" />
<markable mmax_level="sentence" id="markable_325" span="word_5064" />
<markable mmax_level="sentence" id="markable_326" span="word_5065" />
<markable mmax_level="sentence" id="markable_327" span="word_5066..word_5086" />
<markable mmax_level="sentence" id="markable_328" span="word_5087..word_5095" />
<markable mmax_level="sentence" id="markable_329" span="word_5096..word_5103" />
<markable mmax_level="sentence" id="markable_330" span="word_5104..word_5125" />
<markable mmax_level="sentence" id="markable_331" span="word_5126..word_5157" />
<markable mmax_level="sentence" id="markable_332" span="word_5158..word_5173" />
<markable mmax_level="sentence" id="markable_333" span="word_5174..word_5220" />
<markable mmax_level="sentence" id="markable_334" span="word_5221..word_5237" />
<markable mmax_level="sentence" id="markable_335" span="word_5238..word_5275" />
<markable mmax_level="sentence" id="markable_336" span="word_5276..word_5304" />
<markable mmax_level="sentence" id="markable_337" span="word_5305..word_5328" />
<markable mmax_level="sentence" id="markable_338" span="word_5329" />
<markable mmax_level="sentence" id="markable_339" span="word_5330" />
<markable mmax_level="sentence" id="markable_340" span="word_5331" />
<markable mmax_level="sentence" id="markable_341" span="word_5332..word_5333" />
<markable mmax_level="sentence" id="markable_342" span="word_5334..word_5357" />
<markable mmax_level="sentence" id="markable_343" span="word_5358..word_5374" />
<markable mmax_level="sentence" id="markable_344" span="word_5375..word_5410" />
<markable mmax_level="sentence" id="markable_345" span="word_5411..word_5420" />
<markable mmax_level="sentence" id="markable_346" span="word_5421..word_5450" />
<markable mmax_level="sentence" id="markable_347" span="word_5451..word_5488" />
<markable mmax_level="sentence" id="markable_348" span="word_5489..word_5495" />
<markable mmax_level="sentence" id="markable_349" span="word_5496..word_5513" />
<markable mmax_level="sentence" id="markable_350" span="word_5514..word_5539" />
<markable mmax_level="sentence" id="markable_351" span="word_5540..word_5552" />
<markable mmax_level="sentence" id="markable_352" span="word_5553..word_5568" />
<markable mmax_level="sentence" id="markable_353" span="word_5569..word_5586" />
<markable mmax_level="sentence" id="markable_354" span="word_5587" />
<markable mmax_level="sentence" id="markable_355" span="word_5588" />
<markable mmax_level="sentence" id="markable_356" span="word_5589" />
<markable mmax_level="sentence" id="markable_357" span="word_5590..word_5595" />
<markable mmax_level="sentence" id="markable_358" span="word_5596..word_5630" />
<markable mmax_level="sentence" id="markable_359" span="word_5631..word_5665" />
<markable mmax_level="sentence" id="markable_360" span="word_5666..word_5689" />
<markable mmax_level="sentence" id="markable_361" span="word_5690..word_5705" />
<markable mmax_level="sentence" id="markable_362" span="word_5706..word_5724" />
<markable mmax_level="sentence" id="markable_363" span="word_5725..word_5778" />
<markable mmax_level="sentence" id="markable_364" span="word_5779..word_5795" />
<markable mmax_level="sentence" id="markable_365" span="word_5796..word_5816" />
<markable mmax_level="sentence" id="markable_366" span="word_5817..word_5840" />
<markable mmax_level="sentence" id="markable_367" span="word_5841..word_5843" />
<markable mmax_level="sentence" id="markable_368" span="word_5844" />
<markable mmax_level="sentence" id="markable_369" span="word_5845..word_5847" />
<markable mmax_level="sentence" id="markable_370" span="word_5848..word_5908" />
<markable mmax_level="sentence" id="markable_371" span="word_5909..word_5920" />
<markable mmax_level="sentence" id="markable_372" span="word_5921..word_5952" />
<markable mmax_level="sentence" id="markable_373" span="word_5953..word_5983" />
<markable mmax_level="sentence" id="markable_374" span="word_5984..word_6028" />
<markable mmax_level="sentence" id="markable_375" span="word_6029..word_6060" />
<markable mmax_level="sentence" id="markable_376" span="word_6061..word_6098" />
<markable mmax_level="sentence" id="markable_377" span="word_6099..word_6104" />
<markable mmax_level="sentence" id="markable_378" span="word_6105" />
<markable mmax_level="sentence" id="markable_379" span="word_6106" />
<markable mmax_level="sentence" id="markable_380" span="word_6107" />
<markable mmax_level="sentence" id="markable_381" span="word_6108..word_6119" />
<markable mmax_level="sentence" id="markable_382" span="word_6120..word_6153" />
<markable mmax_level="sentence" id="markable_383" span="word_6154..word_6184" />
<markable mmax_level="sentence" id="markable_384" span="word_6185..word_6204" />
<markable mmax_level="sentence" id="markable_385" span="word_6205..word_6236" />
<markable mmax_level="sentence" id="markable_386" span="word_6237..word_6277" />
<markable mmax_level="sentence" id="markable_387" span="word_6278..word_6314" />
<markable mmax_level="sentence" id="markable_388" span="word_6315..word_6366" />
<markable mmax_level="sentence" id="markable_389" span="word_6367..word_6383" />
<markable mmax_level="sentence" id="markable_390" span="word_6384" />
<markable mmax_level="sentence" id="markable_391" span="word_6385" />
<markable mmax_level="sentence" id="markable_392" span="word_6386..word_6426" />
<markable mmax_level="sentence" id="markable_393" span="word_6427..word_6452" />
<markable mmax_level="sentence" id="markable_394" span="word_6453..word_6481" />
<markable mmax_level="sentence" id="markable_395" span="word_6482..word_6504" />
<markable mmax_level="sentence" id="markable_396" span="word_6505..word_6539" />
<markable mmax_level="sentence" id="markable_397" span="word_6540..word_6563" />
<markable mmax_level="sentence" id="markable_398" span="word_6564..word_6591" />
<markable mmax_level="sentence" id="markable_399" span="word_6592..word_6612" />
<markable mmax_level="sentence" id="markable_400" span="word_6613..word_6633" />
<markable mmax_level="sentence" id="markable_401" span="word_6634..word_6645" />
<markable mmax_level="sentence" id="markable_402" span="word_6646" />
<markable mmax_level="sentence" id="markable_403" span="word_6647" />
<markable mmax_level="sentence" id="markable_404" span="word_6648..word_6661" />
<markable mmax_level="sentence" id="markable_405" span="word_6662..word_6679" />
<markable mmax_level="sentence" id="markable_406" span="word_6680..word_6712" />
<markable mmax_level="sentence" id="markable_407" span="word_6713..word_6721" />
<markable mmax_level="sentence" id="markable_408" span="word_6722..word_6744" />
<markable mmax_level="sentence" id="markable_409" span="word_6745..word_6754" />
<markable mmax_level="sentence" id="markable_410" span="word_6755..word_6772" />
<markable mmax_level="sentence" id="markable_411" span="word_6773..word_6785" />
<markable mmax_level="sentence" id="markable_412" span="word_6786..word_6795" />
<markable mmax_level="sentence" id="markable_413" span="word_6796..word_6830" />
<markable mmax_level="sentence" id="markable_414" span="word_6831..word_6845" />
<markable mmax_level="sentence" id="markable_415" span="word_6846..word_6903" />
<markable mmax_level="sentence" id="markable_416" span="word_6904..word_6912" />
<markable mmax_level="sentence" id="markable_417" span="word_6913..word_6930" />
<markable mmax_level="sentence" id="markable_418" span="word_6931..word_6937" />
<markable mmax_level="sentence" id="markable_419" span="word_6938..word_6940" />
<markable mmax_level="sentence" id="markable_420" span="word_6941" />
<markable mmax_level="sentence" id="markable_421" span="word_6942..word_6946" />
<markable mmax_level="sentence" id="markable_422" span="word_6947..word_6949" />
<markable mmax_level="sentence" id="markable_423" span="word_6950..word_6965" />
<markable mmax_level="sentence" id="markable_424" span="word_6966..word_6968" />
<markable mmax_level="sentence" id="markable_425" span="word_6969..word_6971" />
<markable mmax_level="sentence" id="markable_426" span="word_6972" />
<markable mmax_level="sentence" id="markable_427" span="word_6973" />
<markable mmax_level="sentence" id="markable_428" span="word_6974..word_6992" />
<markable mmax_level="sentence" id="markable_429" span="word_6993..word_7040" />
<markable mmax_level="sentence" id="markable_430" span="word_7041..word_7058" />
<markable mmax_level="sentence" id="markable_431" span="word_7059..word_7068" />
<markable mmax_level="sentence" id="markable_432" span="word_7069" />
<markable mmax_level="sentence" id="markable_433" span="word_7070" />
<markable mmax_level="sentence" id="markable_434" span="word_7071..word_7094" />
<markable mmax_level="sentence" id="markable_435" span="word_7095..word_7096" />
<markable mmax_level="sentence" id="markable_436" span="word_7097..word_7103" />
<markable mmax_level="sentence" id="markable_437" span="word_7104..word_7144" />
<markable mmax_level="sentence" id="markable_438" span="word_7145..word_7154" />
<markable mmax_level="sentence" id="markable_439" span="word_7155..word_7182" />
<markable mmax_level="sentence" id="markable_440" span="word_7183..word_7195" />
<markable mmax_level="sentence" id="markable_441" span="word_7196..word_7230" />
<markable mmax_level="sentence" id="markable_442" span="word_7231..word_7236" />
<markable mmax_level="sentence" id="markable_443" span="word_7237" />
<markable mmax_level="sentence" id="markable_444" span="word_7238" />
<markable mmax_level="sentence" id="markable_445" span="word_7239..word_7266" />
<markable mmax_level="sentence" id="markable_446" span="word_7267..word_7338" />
<markable mmax_level="sentence" id="markable_447" span="word_7339..word_7407" />
<markable mmax_level="sentence" id="markable_448" span="word_7408..word_7440" />
<markable mmax_level="sentence" id="markable_449" span="word_7441..word_7462" />
<markable mmax_level="sentence" id="markable_450" span="word_7463..word_7491" />
<markable mmax_level="sentence" id="markable_451" span="word_7492..word_7493" />
<markable mmax_level="sentence" id="markable_452" span="word_7494" />
<markable mmax_level="sentence" id="markable_453" span="word_7495" />
<markable mmax_level="sentence" id="markable_454" span="word_7496" />
<markable mmax_level="sentence" id="markable_455" span="word_7497..word_7516" />
<markable mmax_level="sentence" id="markable_456" span="word_7517..word_7530" />
<markable mmax_level="sentence" id="markable_457" span="word_7531..word_7555" />
<markable mmax_level="sentence" id="markable_458" span="word_7556..word_7588" />
<markable mmax_level="sentence" id="markable_459" span="word_7589..word_7614" />
<markable mmax_level="sentence" id="markable_460" span="word_7615..word_7641" />
<markable mmax_level="sentence" id="markable_461" span="word_7642..word_7674" />
<markable mmax_level="sentence" id="markable_462" span="word_7675" />
<markable mmax_level="sentence" id="markable_463" span="word_7676" />
<markable mmax_level="sentence" id="markable_464" span="word_7677" />
<markable mmax_level="sentence" id="markable_465" span="word_7678..word_7696" />
<markable mmax_level="sentence" id="markable_466" span="word_7697..word_7716" />
<markable mmax_level="sentence" id="markable_467" span="word_7717..word_7727" />
<markable mmax_level="sentence" id="markable_468" span="word_7728..word_7747" />
<markable mmax_level="sentence" id="markable_469" span="word_7748..word_7771" />
<markable mmax_level="sentence" id="markable_470" span="word_7772..word_7792" />
<markable mmax_level="sentence" id="markable_471" span="word_7793..word_7816" />
<markable mmax_level="sentence" id="markable_472" span="word_7817..word_7835" />
<markable mmax_level="sentence" id="markable_473" span="word_7836..word_7865" />
<markable mmax_level="sentence" id="markable_474" span="word_7866..word_7878" />
<markable mmax_level="sentence" id="markable_475" span="word_7879..word_7905" />
<markable mmax_level="sentence" id="markable_476" span="word_7906..word_7921" />
<markable mmax_level="sentence" id="markable_477" span="word_7922" />
<markable mmax_level="sentence" id="markable_478" span="word_7923" />
<markable mmax_level="sentence" id="markable_479" span="word_7924" />
<markable mmax_level="sentence" id="markable_480" span="word_7925..word_7946" />
<markable mmax_level="sentence" id="markable_481" span="word_7947..word_7958" />
<markable mmax_level="sentence" id="markable_482" span="word_7959..word_7980" />
<markable mmax_level="sentence" id="markable_483" span="word_7981..word_7999" />
<markable mmax_level="sentence" id="markable_484" span="word_8000..word_8017" />
<markable mmax_level="sentence" id="markable_485" span="word_8018..word_8035" />
<markable mmax_level="sentence" id="markable_486" span="word_8036..word_8041" />
<markable mmax_level="sentence" id="markable_487" span="word_8042..word_8053" />
<markable mmax_level="sentence" id="markable_488" span="word_8054..word_8096" />
<markable mmax_level="sentence" id="markable_489" span="word_8097..word_8118" />
<markable mmax_level="sentence" id="markable_490" span="word_8119..word_8159" />
<markable mmax_level="sentence" id="markable_491" span="word_8160..word_8204" />
<markable mmax_level="sentence" id="markable_492" span="word_8205..word_8206" />
<markable mmax_level="sentence" id="markable_493" span="word_8207" />
<markable mmax_level="sentence" id="markable_494" span="word_8208" />
<markable mmax_level="sentence" id="markable_495" span="word_8209..word_8236" />
<markable mmax_level="sentence" id="markable_496" span="word_8237..word_8253" />
<markable mmax_level="sentence" id="markable_497" span="word_8254..word_8261" />
<markable mmax_level="sentence" id="markable_498" span="word_8262..word_8272" />
<markable mmax_level="sentence" id="markable_499" span="word_8273..word_8285" />
<markable mmax_level="sentence" id="markable_500" span="word_8286..word_8309" />
<markable mmax_level="sentence" id="markable_501" span="word_8310..word_8329" />
<markable mmax_level="sentence" id="markable_502" span="word_8330..word_8333" />
<markable mmax_level="sentence" id="markable_503" span="word_8334..word_8352" />
<markable mmax_level="sentence" id="markable_504" span="word_8353..word_8383" />
<markable mmax_level="sentence" id="markable_505" span="word_8384..word_8434" />
<markable mmax_level="sentence" id="markable_506" span="word_8435..word_8444" />
<markable mmax_level="sentence" id="markable_507" span="word_8445..word_8452" />
<markable mmax_level="sentence" id="markable_508" span="word_8453..word_8491" />
<markable mmax_level="sentence" id="markable_509" span="word_8492..word_8497" />
<markable mmax_level="sentence" id="markable_510" span="word_8498" />
<markable mmax_level="sentence" id="markable_511" span="word_8499" />
<markable mmax_level="sentence" id="markable_512" span="word_8500" />
<markable mmax_level="sentence" id="markable_513" span="word_8501..word_8510" />
<markable mmax_level="sentence" id="markable_514" span="word_8511..word_8512" />
<markable mmax_level="sentence" id="markable_515" span="word_8513..word_8514" />
<markable mmax_level="sentence" id="markable_516" span="word_8515..word_8520" />
<markable mmax_level="sentence" id="markable_517" span="word_8521..word_8527" />
<markable mmax_level="sentence" id="markable_518" span="word_8528..word_8547" />
<markable mmax_level="sentence" id="markable_519" span="word_8548..word_8563" />
<markable mmax_level="sentence" id="markable_520" span="word_8564..word_8593" />
<markable mmax_level="sentence" id="markable_521" span="word_8594..word_8630" />
<markable mmax_level="sentence" id="markable_522" span="word_8631..word_8648" />
<markable mmax_level="sentence" id="markable_523" span="word_8649..word_8681" />
<markable mmax_level="sentence" id="markable_524" span="word_8682..word_8690" />
<markable mmax_level="sentence" id="markable_525" span="word_8691..word_8712" />
<markable mmax_level="sentence" id="markable_526" span="word_8713..word_8717" />
<markable mmax_level="sentence" id="markable_527" span="word_8718..word_8753" />
<markable mmax_level="sentence" id="markable_528" span="word_8754..word_8769" />
<markable mmax_level="sentence" id="markable_529" span="word_8770..word_8780" />
<markable mmax_level="sentence" id="markable_530" span="word_8781..word_8784" />
<markable mmax_level="sentence" id="markable_531" span="word_8785" />
<markable mmax_level="sentence" id="markable_532" span="word_8786" />
<markable mmax_level="sentence" id="markable_533" span="word_8787..word_8821" />
<markable mmax_level="sentence" id="markable_534" span="word_8822..word_8840" />
<markable mmax_level="sentence" id="markable_535" span="word_8841..word_8872" />
<markable mmax_level="sentence" id="markable_536" span="word_8873..word_8894" />
<markable mmax_level="sentence" id="markable_537" span="word_8895..word_8910" />
<markable mmax_level="sentence" id="markable_538" span="word_8911..word_8944" />
<markable mmax_level="sentence" id="markable_539" span="word_8945..word_8953" />
<markable mmax_level="sentence" id="markable_540" span="word_8954..word_8976" />
<markable mmax_level="sentence" id="markable_541" span="word_8977..word_8999" />
<markable mmax_level="sentence" id="markable_542" span="word_9000..word_9007" />
<markable mmax_level="sentence" id="markable_543" span="word_9008..word_9047" />
<markable mmax_level="sentence" id="markable_544" span="word_9048..word_9062" />
<markable mmax_level="sentence" id="markable_545" span="word_9063..word_9064" />
<markable mmax_level="sentence" id="markable_546" span="word_9065..word_9070" />
<markable mmax_level="sentence" id="markable_547" span="word_9071..word_9076" />
<markable mmax_level="sentence" id="markable_548" span="word_9077..word_9086" />
<markable mmax_level="sentence" id="markable_549" span="word_9087..word_9088" />
<markable mmax_level="sentence" id="markable_550" span="word_9089..word_9091" />
<markable mmax_level="sentence" id="markable_551" span="word_9092..word_9102" />
<markable mmax_level="sentence" id="markable_552" span="word_9103..word_9105" />
<markable mmax_level="sentence" id="markable_553" span="word_9106" />
<markable mmax_level="sentence" id="markable_554" span="word_9107" />
<markable mmax_level="sentence" id="markable_555" span="word_9108..word_9121" />
<markable mmax_level="sentence" id="markable_556" span="word_9122..word_9143" />
<markable mmax_level="sentence" id="markable_557" span="word_9144..word_9149" />
<markable mmax_level="sentence" id="markable_558" span="word_9150..word_9192" />
<markable mmax_level="sentence" id="markable_559" span="word_9193..word_9233" />
<markable mmax_level="sentence" id="markable_560" span="word_9234..word_9260" />
<markable mmax_level="sentence" id="markable_561" span="word_9261..word_9287" />
<markable mmax_level="sentence" id="markable_562" span="word_9288..word_9306" />
<markable mmax_level="sentence" id="markable_563" span="word_9307..word_9322" />
<markable mmax_level="sentence" id="markable_564" span="word_9323..word_9325" />
<markable mmax_level="sentence" id="markable_565" span="word_9326..word_9347" />
<markable mmax_level="sentence" id="markable_566" span="word_9348..word_9362" />
<markable mmax_level="sentence" id="markable_567" span="word_9363..word_9371" />
<markable mmax_level="sentence" id="markable_568" span="word_9372..word_9383" />
<markable mmax_level="sentence" id="markable_569" span="word_9384..word_9391" />
<markable mmax_level="sentence" id="markable_570" span="word_9392" />
<markable mmax_level="sentence" id="markable_571" span="word_9393" />
<markable mmax_level="sentence" id="markable_572" span="word_9394" />
<markable mmax_level="sentence" id="markable_573" span="word_9395..word_9402" />
<markable mmax_level="sentence" id="markable_574" span="word_9403..word_9419" />
<markable mmax_level="sentence" id="markable_575" span="word_9420..word_9433" />
<markable mmax_level="sentence" id="markable_576" span="word_9434..word_9472" />
<markable mmax_level="sentence" id="markable_577" span="word_9473..word_9474" />
<markable mmax_level="sentence" id="markable_578" span="word_9475..word_9476" />
<markable mmax_level="sentence" id="markable_579" span="word_9477..word_9494" />
<markable mmax_level="sentence" id="markable_580" span="word_9495..word_9506" />
<markable mmax_level="sentence" id="markable_581" span="word_9507..word_9530" />
<markable mmax_level="sentence" id="markable_582" span="word_9531..word_9569" />
<markable mmax_level="sentence" id="markable_583" span="word_9570..word_9614" />
<markable mmax_level="sentence" id="markable_584" span="word_9615..word_9627" />
<markable mmax_level="sentence" id="markable_585" span="word_9628..word_9662" />
<markable mmax_level="sentence" id="markable_586" span="word_9663" />
<markable mmax_level="sentence" id="markable_587" span="word_9664..word_9669" />
<markable mmax_level="sentence" id="markable_588" span="word_9670..word_9679" />
<markable mmax_level="sentence" id="markable_589" span="word_9680..word_9709" />
<markable mmax_level="sentence" id="markable_590" span="word_9710..word_9727" />
<markable mmax_level="sentence" id="markable_591" span="word_9728..word_9745" />
<markable mmax_level="sentence" id="markable_592" span="word_9746..word_9754" />
<markable mmax_level="sentence" id="markable_593" span="word_9755..word_9773" />
<markable mmax_level="sentence" id="markable_594" span="word_9774..word_9809" />
<markable mmax_level="sentence" id="markable_595" span="word_9810..word_9827" />
<markable mmax_level="sentence" id="markable_596" span="word_9828..word_9844" />
<markable mmax_level="sentence" id="markable_597" span="word_9845..word_9858" />
<markable mmax_level="sentence" id="markable_598" span="word_9859..word_9868" />
<markable mmax_level="sentence" id="markable_599" span="word_9869..word_9870" />
<markable mmax_level="sentence" id="markable_600" span="word_9871..word_9881" />
<markable mmax_level="sentence" id="markable_601" span="word_9882..word_9892" />
<markable mmax_level="sentence" id="markable_602" span="word_9893..word_9904" />
<markable mmax_level="sentence" id="markable_603" span="word_9905..word_9912" />
<markable mmax_level="sentence" id="markable_604" span="word_9913..word_9924" />
<markable mmax_level="sentence" id="markable_605" span="word_9925..word_9931" />
<markable mmax_level="sentence" id="markable_606" span="word_9932" />
<markable mmax_level="sentence" id="markable_607" span="word_9933" />
<markable mmax_level="sentence" id="markable_608" span="word_9934" />
<markable mmax_level="sentence" id="markable_609" span="word_9935..word_9967" />
<markable mmax_level="sentence" id="markable_610" span="word_9968..word_9992" />
<markable mmax_level="sentence" id="markable_611" span="word_9993..word_9997" />
<markable mmax_level="sentence" id="markable_612" span="word_9998..word_10015" />
<markable mmax_level="sentence" id="markable_613" span="word_10016..word_10047" />
<markable mmax_level="sentence" id="markable_614" span="word_10048..word_10103" />
<markable mmax_level="sentence" id="markable_615" span="word_10104..word_10125" />
<markable mmax_level="sentence" id="markable_616" span="word_10126..word_10149" />
<markable mmax_level="sentence" id="markable_617" span="word_10150..word_10165" />
<markable mmax_level="sentence" id="markable_618" span="word_10166..word_10199" />
<markable mmax_level="sentence" id="markable_619" span="word_10200..word_10220" />
<markable mmax_level="sentence" id="markable_620" span="word_10221..word_10222" />
<markable mmax_level="sentence" id="markable_621" span="word_10223" />
<markable mmax_level="sentence" id="markable_622" span="word_10224" />
<markable mmax_level="sentence" id="markable_623" span="word_10225..word_10237" />
<markable mmax_level="sentence" id="markable_624" span="word_10238..word_10262" />
<markable mmax_level="sentence" id="markable_625" span="word_10263..word_10267" />
<markable mmax_level="sentence" id="markable_626" span="word_10268..word_10297" />
<markable mmax_level="sentence" id="markable_627" span="word_10298..word_10330" />
<markable mmax_level="sentence" id="markable_628" span="word_10331..word_10368" />
<markable mmax_level="sentence" id="markable_629" span="word_10369..word_10384" />
<markable mmax_level="sentence" id="markable_630" span="word_10385..word_10386" />
<markable mmax_level="sentence" id="markable_631" span="word_10387..word_10392" />
<markable mmax_level="sentence" id="markable_632" span="word_10393..word_10412" />
<markable mmax_level="sentence" id="markable_633" span="word_10413..word_10430" />
<markable mmax_level="sentence" id="markable_634" span="word_10431..word_10450" />
<markable mmax_level="sentence" id="markable_635" span="word_10451..word_10465" />
<markable mmax_level="sentence" id="markable_636" span="word_10466..word_10493" />
<markable mmax_level="sentence" id="markable_637" span="word_10494..word_10499" />
<markable mmax_level="sentence" id="markable_638" span="word_10500" />
<markable mmax_level="sentence" id="markable_639" span="word_10501" />
<markable mmax_level="sentence" id="markable_640" span="word_10502..word_10537" />
<markable mmax_level="sentence" id="markable_641" span="word_10538..word_10569" />
<markable mmax_level="sentence" id="markable_642" span="word_10570..word_10591" />
<markable mmax_level="sentence" id="markable_643" span="word_10592..word_10596" />
<markable mmax_level="sentence" id="markable_644" span="word_10597..word_10625" />
<markable mmax_level="sentence" id="markable_645" span="word_10626..word_10651" />
<markable mmax_level="sentence" id="markable_646" span="word_10652..word_10665" />
<markable mmax_level="sentence" id="markable_647" span="word_10666..word_10690" />
<markable mmax_level="sentence" id="markable_648" span="word_10691..word_10712" />
<markable mmax_level="sentence" id="markable_649" span="word_10713..word_10722" />
<markable mmax_level="sentence" id="markable_650" span="word_10723..word_10764" />
<markable mmax_level="sentence" id="markable_651" span="word_10765..word_10776" />
<markable mmax_level="sentence" id="markable_652" span="word_10777" />
<markable mmax_level="sentence" id="markable_653" span="word_10778" />
<markable mmax_level="sentence" id="markable_654" span="word_10779" />
<markable mmax_level="sentence" id="markable_655" span="word_10780..word_10791" />
<markable mmax_level="sentence" id="markable_656" span="word_10792..word_10809" />
<markable mmax_level="sentence" id="markable_657" span="word_10810..word_10836" />
<markable mmax_level="sentence" id="markable_658" span="word_10837..word_10862" />
<markable mmax_level="sentence" id="markable_659" span="word_10863..word_10905" />
<markable mmax_level="sentence" id="markable_660" span="word_10906..word_10916" />
<markable mmax_level="sentence" id="markable_661" span="word_10917..word_10923" />
<markable mmax_level="sentence" id="markable_662" span="word_10924..word_10973" />
<markable mmax_level="sentence" id="markable_663" span="word_10974..word_10998" />
<markable mmax_level="sentence" id="markable_664" span="word_10999..word_11006" />
<markable mmax_level="sentence" id="markable_665" span="word_11007..word_11024" />
<markable mmax_level="sentence" id="markable_666" span="word_11025..word_11046" />
<markable mmax_level="sentence" id="markable_667" span="word_11047..word_11060" />
<markable mmax_level="sentence" id="markable_668" span="word_11061" />
<markable mmax_level="sentence" id="markable_669" span="word_11062" />
<markable mmax_level="sentence" id="markable_670" span="word_11063" />
<markable mmax_level="sentence" id="markable_671" span="word_11064..word_11071" />
<markable mmax_level="sentence" id="markable_672" span="word_11072..word_11087" />
<markable mmax_level="sentence" id="markable_673" span="word_11088..word_11128" />
<markable mmax_level="sentence" id="markable_674" span="word_11129..word_11155" />
<markable mmax_level="sentence" id="markable_675" span="word_11156..word_11188" />
<markable mmax_level="sentence" id="markable_676" span="word_11189..word_11217" />
<markable mmax_level="sentence" id="markable_677" span="word_11218..word_11243" />
<markable mmax_level="sentence" id="markable_678" span="word_11244..word_11278" />
<markable mmax_level="sentence" id="markable_679" span="word_11279..word_11315" />
<markable mmax_level="sentence" id="markable_680" span="word_11316..word_11343" />
<markable mmax_level="sentence" id="markable_681" span="word_11344..word_11346" />
<markable mmax_level="sentence" id="markable_682" span="word_11347..word_11349" />
<markable mmax_level="sentence" id="markable_683" span="word_11350" />
<markable mmax_level="sentence" id="markable_684" span="word_11351" />
<markable mmax_level="sentence" id="markable_685" span="word_11352..word_11379" />
<markable mmax_level="sentence" id="markable_686" span="word_11380..word_11391" />
<markable mmax_level="sentence" id="markable_687" span="word_11392..word_11406" />
<markable mmax_level="sentence" id="markable_688" span="word_11407..word_11458" />
<markable mmax_level="sentence" id="markable_689" span="word_11459..word_11487" />
<markable mmax_level="sentence" id="markable_690" span="word_11488..word_11516" />
<markable mmax_level="sentence" id="markable_691" span="word_11517..word_11560" />
<markable mmax_level="sentence" id="markable_692" span="word_11561..word_11562" />
<markable mmax_level="sentence" id="markable_693" span="word_11563..word_11597" />
<markable mmax_level="sentence" id="markable_694" span="word_11598..word_11617" />
<markable mmax_level="sentence" id="markable_695" span="word_11618..word_11621" />
<markable mmax_level="sentence" id="markable_696" span="word_11622" />
<markable mmax_level="sentence" id="markable_697" span="word_11623" />
<markable mmax_level="sentence" id="markable_698" span="word_11624..word_11627" />
<markable mmax_level="sentence" id="markable_699" span="word_11628..word_11641" />
<markable mmax_level="sentence" id="markable_700" span="word_11642..word_11659" />
<markable mmax_level="sentence" id="markable_701" span="word_11660..word_11682" />
<markable mmax_level="sentence" id="markable_702" span="word_11683..word_11719" />
<markable mmax_level="sentence" id="markable_703" span="word_11720..word_11761" />
<markable mmax_level="sentence" id="markable_704" span="word_11762..word_11784" />
<markable mmax_level="sentence" id="markable_705" span="word_11785..word_11814" />
<markable mmax_level="sentence" id="markable_706" span="word_11815..word_11833" />
<markable mmax_level="sentence" id="markable_707" span="word_11834..word_11857" />
<markable mmax_level="sentence" id="markable_708" span="word_11858..word_11871" />
<markable mmax_level="sentence" id="markable_709" span="word_11872" />
<markable mmax_level="sentence" id="markable_710" span="word_11873" />
<markable mmax_level="sentence" id="markable_711" span="word_11874" />
<markable mmax_level="sentence" id="markable_712" span="word_11875" />
<markable mmax_level="sentence" id="markable_713" span="word_11876..word_11889" />
<markable mmax_level="sentence" id="markable_714" span="word_11890..word_11916" />
<markable mmax_level="sentence" id="markable_715" span="word_11917..word_11957" />
<markable mmax_level="sentence" id="markable_716" span="word_11958..word_11970" />
<markable mmax_level="sentence" id="markable_717" span="word_11971..word_11991" />
<markable mmax_level="sentence" id="markable_718" span="word_11992..word_12027" />
<markable mmax_level="sentence" id="markable_719" span="word_12028..word_12046" />
<markable mmax_level="sentence" id="markable_720" span="word_12047..word_12062" />
<markable mmax_level="sentence" id="markable_721" span="word_12063..word_12077" />
<markable mmax_level="sentence" id="markable_722" span="word_12078..word_12101" />
<markable mmax_level="sentence" id="markable_723" span="word_12102..word_12115" />
<markable mmax_level="sentence" id="markable_724" span="word_12116" />
<markable mmax_level="sentence" id="markable_725" span="word_12117" />
<markable mmax_level="sentence" id="markable_726" span="word_12118" />
<markable mmax_level="sentence" id="markable_727" span="word_12119..word_12122" />
<markable mmax_level="sentence" id="markable_728" span="word_12123..word_12151" />
<markable mmax_level="sentence" id="markable_729" span="word_12152..word_12168" />
<markable mmax_level="sentence" id="markable_730" span="word_12169..word_12182" />
<markable mmax_level="sentence" id="markable_731" span="word_12183..word_12202" />
<markable mmax_level="sentence" id="markable_732" span="word_12203..word_12222" />
<markable mmax_level="sentence" id="markable_733" span="word_12223..word_12243" />
<markable mmax_level="sentence" id="markable_734" span="word_12244..word_12248" />
<markable mmax_level="sentence" id="markable_735" span="word_12249..word_12287" />
<markable mmax_level="sentence" id="markable_736" span="word_12288..word_12305" />
<markable mmax_level="sentence" id="markable_737" span="word_12306..word_12313" />
<markable mmax_level="sentence" id="markable_738" span="word_12314..word_12370" />
<markable mmax_level="sentence" id="markable_739" span="word_12371" />
<markable mmax_level="sentence" id="markable_740" span="word_12372" />
<markable mmax_level="sentence" id="markable_741" span="word_12373" />
<markable mmax_level="sentence" id="markable_742" span="word_12374..word_12375" />
<markable mmax_level="sentence" id="markable_743" span="word_12376..word_12383" />
<markable mmax_level="sentence" id="markable_744" span="word_12384..word_12422" />
<markable mmax_level="sentence" id="markable_745" span="word_12423..word_12463" />
<markable mmax_level="sentence" id="markable_746" span="word_12464..word_12487" />
<markable mmax_level="sentence" id="markable_747" span="word_12488..word_12508" />
<markable mmax_level="sentence" id="markable_748" span="word_12509..word_12539" />
<markable mmax_level="sentence" id="markable_749" span="word_12540..word_12581" />
<markable mmax_level="sentence" id="markable_750" span="word_12582..word_12596" />
<markable mmax_level="sentence" id="markable_751" span="word_12597..word_12609" />
<markable mmax_level="sentence" id="markable_752" span="word_12610..word_12635" />
<markable mmax_level="sentence" id="markable_753" span="word_12636" />
<markable mmax_level="sentence" id="markable_754" span="word_12637" />
<markable mmax_level="sentence" id="markable_755" span="word_12638" />
<markable mmax_level="sentence" id="markable_756" span="word_12639..word_12664" />
<markable mmax_level="sentence" id="markable_757" span="word_12665..word_12671" />
<markable mmax_level="sentence" id="markable_758" span="word_12672..word_12693" />
<markable mmax_level="sentence" id="markable_759" span="word_12694..word_12731" />
<markable mmax_level="sentence" id="markable_760" span="word_12732..word_12756" />
<markable mmax_level="sentence" id="markable_761" span="word_12757..word_12772" />
<markable mmax_level="sentence" id="markable_762" span="word_12773..word_12782" />
<markable mmax_level="sentence" id="markable_763" span="word_12783..word_12796" />
<markable mmax_level="sentence" id="markable_764" span="word_12797..word_12831" />
<markable mmax_level="sentence" id="markable_765" span="word_12832..word_12842" />
<markable mmax_level="sentence" id="markable_766" span="word_12843..word_12859" />
<markable mmax_level="sentence" id="markable_767" span="word_12860..word_12879" />
<markable mmax_level="sentence" id="markable_768" span="word_12880..word_12902" />
<markable mmax_level="sentence" id="markable_769" span="word_12903..word_12906" />
<markable mmax_level="sentence" id="markable_770" span="word_12907" />
<markable mmax_level="sentence" id="markable_771" span="word_12908..word_12917" />
<markable mmax_level="sentence" id="markable_772" span="word_12918..word_12940" />
<markable mmax_level="sentence" id="markable_773" span="word_12941..word_12949" />
<markable mmax_level="sentence" id="markable_774" span="word_12950..word_12964" />
<markable mmax_level="sentence" id="markable_775" span="word_12965..word_12991" />
<markable mmax_level="sentence" id="markable_776" span="word_12992..word_13009" />
<markable mmax_level="sentence" id="markable_777" span="word_13010..word_13020" />
<markable mmax_level="sentence" id="markable_778" span="word_13021..word_13026" />
<markable mmax_level="sentence" id="markable_779" span="word_13027..word_13036" />
<markable mmax_level="sentence" id="markable_780" span="word_13037..word_13084" />
<markable mmax_level="sentence" id="markable_781" span="word_13085..word_13091" />
<markable mmax_level="sentence" id="markable_782" span="word_13092..word_13120" />
<markable mmax_level="sentence" id="markable_783" span="word_13121..word_13148" />
<markable mmax_level="sentence" id="markable_784" span="word_13149..word_13154" />
<markable mmax_level="sentence" id="markable_785" span="word_13155..word_13159" />
<markable mmax_level="sentence" id="markable_786" span="word_13160..word_13227" />
<markable mmax_level="sentence" id="markable_787" span="word_13228..word_13254" />
<markable mmax_level="sentence" id="markable_788" span="word_13255..word_13259" />
<markable mmax_level="sentence" id="markable_789" span="word_13260..word_13269" />
<markable mmax_level="sentence" id="markable_790" span="word_13270..word_13281" />
<markable mmax_level="sentence" id="markable_791" span="word_13282..word_13284" />
<markable mmax_level="sentence" id="markable_792" span="word_13285..word_13300" />
<markable mmax_level="sentence" id="markable_793" span="word_13301..word_13308" />
<markable mmax_level="sentence" id="markable_794" span="word_13309..word_13326" />
<markable mmax_level="sentence" id="markable_795" span="word_13327..word_13350" />
<markable mmax_level="sentence" id="markable_796" span="word_13351..word_13370" />
<markable mmax_level="sentence" id="markable_797" span="word_13371..word_13373" />
<markable mmax_level="sentence" id="markable_798" span="word_13374..word_13377" />
<markable mmax_level="sentence" id="markable_799" span="word_13378..word_13390" />
<markable mmax_level="sentence" id="markable_800" span="word_13391..word_13395" />
<markable mmax_level="sentence" id="markable_801" span="word_13396..word_13428" />
<markable mmax_level="sentence" id="markable_802" span="word_13429..word_13434" />
<markable mmax_level="sentence" id="markable_803" span="word_13435..word_13437" />
<markable mmax_level="sentence" id="markable_804" span="word_13438..word_13443" />
</markables>