<?xml version="1.0" encoding="UTF-8"?>
<!DOCTYPE markables SYSTEM "markables.dtd">
<markables xmlns="www.eml.org/NameSpaces/coref">
<markable id="markable_1" span="word_1..word_2" coref_class="empty" category="person" mmax_level="coref"  rule="none"  type="none"/>
<markable id="markable_2" span="word_17..word_20" coref_class="empty" category="organization" mmax_level="coref"  rule="none"  type="none"/>
<markable id="markable_3" span="word_26..word_27" coref_class="empty" category="person" mmax_level="coref"  rule="none"  type="none"/>
<markable id="markable_4" span="word_32..word_33" coref_class="empty" category="person" mmax_level="coref"  rule="none"  type="none"/>
<markable id="markable_5" span="word_35..word_39" coref_class="empty" category="organization" mmax_level="coref"  rule="none"  type="none"/>
<markable id="markable_6" span="word_40..word_41" coref_class="empty" category="person" mmax_level="coref"  rule="none"  type="none"/>
<markable id="markable_7" span="word_43..word_44" coref_class="empty" category="person" mmax_level="coref"  rule="none"  type="none"/>
<markable id="markable_8" span="word_46..word_47" coref_class="empty" category="person" mmax_level="coref"  rule="none"  type="none"/>
<markable id="markable_9" span="word_51..word_52" coref_class="empty" category="person" mmax_level="coref"  rule="none"  type="none"/>
<markable id="markable_10" span="word_54..word_55" coref_class="empty" category="person" mmax_level="coref"  rule="none"  type="none"/>
<markable id="markable_11" span="word_61..word_62" coref_class="empty" category="person" mmax_level="coref"  rule="none"  type="none"/>
<markable id="markable_12" span="word_68..word_69" coref_class="empty" category="person" mmax_level="coref"  rule="none"  type="none"/>
<markable id="markable_13" span="word_70..word_73" coref_class="empty" category="organization" mmax_level="coref"  rule="none"  type="none"/>
<markable id="markable_14" span="word_74..word_75" coref_class="empty" category="location" mmax_level="coref"  rule="none"  type="none"/>
<markable id="markable_15" span="word_83" coref_class="empty" category="location" mmax_level="coref"  rule="none"  type="none"/>
<markable id="markable_16" span="word_87" coref_class="empty" category="location" mmax_level="coref"  rule="none"  type="none"/>
<markable id="markable_17" span="word_97..word_98" coref_class="empty" category="time" mmax_level="coref"  rule="none"  type="none"/>
<markable id="markable_18" span="word_100" coref_class="empty" category="location" mmax_level="coref"  rule="none"  type="none"/>
<markable id="markable_19" span="word_120..word_121" coref_class="empty" category="organization" mmax_level="coref"  rule="none"  type="none"/>
<markable id="markable_20" span="word_130..word_131" coref_class="empty" category="location" mmax_level="coref"  rule="none"  type="none"/>
<markable id="markable_21" span="word_135..word_139" coref_class="empty" category="person" mmax_level="coref"  rule="none"  type="none"/>
<markable id="markable_22" span="word_142" coref_class="empty" category="location" mmax_level="coref"  rule="none"  type="none"/>
<markable id="markable_23" span="word_144..word_145" coref_class="empty" category="person" mmax_level="coref"  rule="none"  type="none"/>
<markable id="markable_24" span="word_149..word_150" coref_class="empty" category="location" mmax_level="coref"  rule="none"  type="none"/>
<markable id="markable_25" span="word_153" coref_class="empty" category="location" mmax_level="coref"  rule="none"  type="none"/>
<markable id="markable_26" span="word_155..word_156" coref_class="empty" category="location" mmax_level="coref"  rule="none"  type="none"/>
<markable id="markable_27" span="word_161" coref_class="empty" category="location" mmax_level="coref"  rule="none"  type="none"/>
<markable id="markable_28" span="word_164..word_165" coref_class="empty" category="time" mmax_level="coref"  rule="none"  type="none"/>
<markable id="markable_29" span="word_168..word_169" coref_class="empty" category="person" mmax_level="coref"  rule="none"  type="none"/>
<markable id="markable_30" span="word_171..word_172" coref_class="empty" category="location" mmax_level="coref"  rule="none"  type="none"/>
<markable id="markable_31" span="word_174..word_175" coref_class="empty" category="person" mmax_level="coref"  rule="none"  type="none"/>
<markable id="markable_32" span="word_181" coref_class="empty" category="location" mmax_level="coref"  rule="none"  type="none"/>
<markable id="markable_33" span="word_183..word_184" coref_class="empty" category="time" mmax_level="coref"  rule="none"  type="none"/>
<markable id="markable_34" span="word_186..word_187" coref_class="empty" category="person" mmax_level="coref"  rule="none"  type="none"/>
<markable id="markable_35" span="word_189..word_191" coref_class="empty" category="time" mmax_level="coref"  rule="none"  type="none"/>
<markable id="markable_36" span="word_197..word_198" coref_class="empty" category="location" mmax_level="coref"  rule="none"  type="none"/>
<markable id="markable_37" span="word_210..word_212" coref_class="empty" category="location" mmax_level="coref"  rule="none"  type="none"/>
<markable id="markable_38" span="word_224" coref_class="empty" category="location" mmax_level="coref"  rule="none"  type="none"/>
<markable id="markable_39" span="word_226..word_227" coref_class="empty" category="person" mmax_level="coref"  rule="none"  type="none"/>
<markable id="markable_40" span="word_230..word_232" coref_class="empty" category="person" mmax_level="coref"  rule="none"  type="none"/>
<markable id="markable_41" span="word_235..word_236" coref_class="empty" category="time" mmax_level="coref"  rule="none"  type="none"/>
<markable id="markable_42" span="word_242..word_243" coref_class="empty" category="time" mmax_level="coref"  rule="none"  type="none"/>
<markable id="markable_43" span="word_252..word_253" coref_class="empty" category="time" mmax_level="coref"  rule="none"  type="none"/>
<markable id="markable_44" span="word_272..word_273" coref_class="empty" category="person" mmax_level="coref"  rule="none"  type="none"/>
<markable id="markable_45" span="word_277" coref_class="empty" category="location" mmax_level="coref"  rule="none"  type="none"/>
<markable id="markable_46" span="word_313..word_314" coref_class="empty" category="location" mmax_level="coref"  rule="none"  type="none"/>
<markable id="markable_47" span="word_321..word_322" coref_class="empty" category="time" mmax_level="coref"  rule="none"  type="none"/>
<markable id="markable_48" span="word_325..word_326" coref_class="empty" category="location" mmax_level="coref"  rule="none"  type="none"/>
<markable id="markable_49" span="word_343..word_346" coref_class="empty" category="time" mmax_level="coref"  rule="none"  type="none"/>
<markable id="markable_50" span="word_347..word_348" coref_class="empty" category="location" mmax_level="coref"  rule="none"  type="none"/>
<markable id="markable_51" span="word_361..word_362" coref_class="empty" category="person" mmax_level="coref"  rule="none"  type="none"/>
<markable id="markable_52" span="word_363..word_364" coref_class="empty" category="location" mmax_level="coref"  rule="none"  type="none"/>
<markable id="markable_53" span="word_385..word_387" coref_class="empty" category="organization" mmax_level="coref"  rule="none"  type="none"/>
<markable id="markable_54" span="word_409..word_410" coref_class="empty" category="organization" mmax_level="coref"  rule="none"  type="none"/>
<markable id="markable_55" span="word_414..word_415" coref_class="empty" category="organization" mmax_level="coref"  rule="none"  type="none"/>
<markable id="markable_56" span="word_421..word_422" coref_class="empty" category="person" mmax_level="coref"  rule="none"  type="none"/>
<markable id="markable_57" span="word_424..word_425" coref_class="empty" category="time" mmax_level="coref"  rule="none"  type="none"/>
<markable id="markable_58" span="word_432..word_433" coref_class="empty" category="time" mmax_level="coref"  rule="none"  type="none"/>
<markable id="markable_59" span="word_444" coref_class="empty" category="time" mmax_level="coref"  rule="none"  type="none"/>
<markable id="markable_60" span="word_448..word_449" coref_class="empty" category="time" mmax_level="coref"  rule="none"  type="none"/>
<markable id="markable_61" span="word_452..word_453" coref_class="empty" category="person" mmax_level="coref"  rule="none"  type="none"/>
<markable id="markable_62" span="word_469..word_470" coref_class="empty" category="person" mmax_level="coref"  rule="none"  type="none"/>
<markable id="markable_63" span="word_475" coref_class="empty" category="location" mmax_level="coref"  rule="none"  type="none"/>
<markable id="markable_64" span="word_497" coref_class="empty" category="person" mmax_level="coref"  rule="none"  type="none"/>
<markable id="markable_65" span="word_565" coref_class="empty" category="location" mmax_level="coref"  rule="none"  type="none"/>
<markable id="markable_66" span="word_610..word_611" coref_class="empty" category="organization" mmax_level="coref"  rule="none"  type="none"/>
<markable id="markable_67" span="word_616..word_617" coref_class="empty" category="location" mmax_level="coref"  rule="none"  type="none"/>
<markable id="markable_68" span="word_625..word_626" coref_class="empty" category="time" mmax_level="coref"  rule="none"  type="none"/>
<markable id="markable_69" span="word_657..word_658" coref_class="empty" category="time" mmax_level="coref"  rule="none"  type="none"/>
<markable id="markable_70" span="word_659" coref_class="empty" category="location" mmax_level="coref"  rule="none"  type="none"/>
<markable id="markable_71" span="word_661..word_662" coref_class="empty" category="person" mmax_level="coref"  rule="none"  type="none"/>
<markable id="markable_72" span="word_674" coref_class="empty" category="location" mmax_level="coref"  rule="none"  type="none"/>
<markable id="markable_73" span="word_682..word_683" coref_class="empty" category="location" mmax_level="coref"  rule="none"  type="none"/>
<markable id="markable_74" span="word_684..word_685" coref_class="empty" category="time" mmax_level="coref"  rule="none"  type="none"/>
<markable id="markable_75" span="word_691..word_693" coref_class="empty" category="time" mmax_level="coref"  rule="none"  type="none"/>
<markable id="markable_76" span="word_696..word_697" coref_class="empty" category="person" mmax_level="coref"  rule="none"  type="none"/>
<markable id="markable_77" span="word_701..word_702" coref_class="empty" category="organization" mmax_level="coref"  rule="none"  type="none"/>
<markable id="markable_78" span="word_705..word_706" coref_class="empty" category="person" mmax_level="coref"  rule="none"  type="none"/>
<markable id="markable_79" span="word_716..word_717" coref_class="empty" category="person" mmax_level="coref"  rule="none"  type="none"/>
<markable id="markable_80" span="word_721..word_722" coref_class="empty" category="person" mmax_level="coref"  rule="none"  type="none"/>
<markable id="markable_81" span="word_743" coref_class="empty" category="person" mmax_level="coref"  rule="none"  type="none"/>
<markable id="markable_82" span="word_790" coref_class="empty" category="person" mmax_level="coref"  rule="none"  type="none"/>
<markable id="markable_83" span="word_803" coref_class="empty" category="location" mmax_level="coref"  rule="none"  type="none"/>
<markable id="markable_84" span="word_810" coref_class="empty" category="location" mmax_level="coref"  rule="none"  type="none"/>
<markable id="markable_85" span="word_813" coref_class="empty" category="person" mmax_level="coref"  rule="none"  type="none"/>
<markable id="markable_86" span="word_838" coref_class="empty" category="location" mmax_level="coref"  rule="none"  type="none"/>
<markable id="markable_87" span="word_858" coref_class="empty" category="person" mmax_level="coref"  rule="none"  type="none"/>
<markable id="markable_88" span="word_861..word_862" coref_class="empty" category="location" mmax_level="coref"  rule="none"  type="none"/>
<markable id="markable_89" span="word_879" coref_class="empty" category="person" mmax_level="coref"  rule="none"  type="none"/>
<markable id="markable_90" span="word_906" coref_class="empty" category="person" mmax_level="coref"  rule="none"  type="none"/>
<markable id="markable_91" span="word_954..word_955" coref_class="empty" category="person" mmax_level="coref"  rule="none"  type="none"/>
<markable id="markable_92" span="word_957..word_958" coref_class="empty" category="person" mmax_level="coref"  rule="none"  type="none"/>
<markable id="markable_93" span="word_960" coref_class="empty" category="time" mmax_level="coref"  rule="none"  type="none"/>
<markable id="markable_94" span="word_969..word_970" coref_class="empty" category="person" mmax_level="coref"  rule="none"  type="none"/>
<markable id="markable_95" span="word_1012..word_1013" coref_class="empty" category="person" mmax_level="coref"  rule="none"  type="none"/>
<markable id="markable_96" span="word_1143..word_1144" coref_class="empty" category="person" mmax_level="coref"  rule="none"  type="none"/>
<markable id="markable_97" span="word_1146..word_1147" coref_class="empty" category="person" mmax_level="coref"  rule="none"  type="none"/>
<markable id="markable_98" span="word_1148" coref_class="empty" category="time" mmax_level="coref"  rule="none"  type="none"/>
<markable id="markable_99" span="word_1243..word_1244" coref_class="empty" category="location" mmax_level="coref"  rule="none"  type="none"/>
<markable id="markable_100" span="word_1280..word_1281" coref_class="empty" category="time" mmax_level="coref"  rule="none"  type="none"/>
<markable id="markable_101" span="word_1287" coref_class="empty" category="location" mmax_level="coref"  rule="none"  type="none"/>
<markable id="markable_102" span="word_1293..word_1294" coref_class="empty" category="time" mmax_level="coref"  rule="none"  type="none"/>
<markable id="markable_103" span="word_1334..word_1339" coref_class="empty" category="product" mmax_level="coref"  rule="none"  type="none"/>
<markable id="markable_104" span="word_1412..word_1413" coref_class="empty" category="time" mmax_level="coref"  rule="none"  type="none"/>
<markable id="markable_105" span="word_1426..word_1429" coref_class="empty" category="organization" mmax_level="coref"  rule="none"  type="none"/>
<markable id="markable_106" span="word_1436..word_1437" coref_class="empty" category="person" mmax_level="coref"  rule="none"  type="none"/>
<markable id="markable_107" span="word_1443..word_1445" coref_class="empty" category="person" mmax_level="coref"  rule="none"  type="none"/>
<markable id="markable_108" span="word_1447..word_1448" coref_class="empty" category="time" mmax_level="coref"  rule="none"  type="none"/>
<markable id="markable_109" span="word_1481..word_1483" coref_class="empty" category="organization" mmax_level="coref"  rule="none"  type="none"/>
<markable id="markable_110" span="word_1487..word_1488" coref_class="empty" category="time" mmax_level="coref"  rule="none"  type="none"/>
<markable id="markable_111" span="word_1490..word_1493" coref_class="empty" category="organization" mmax_level="coref"  rule="none"  type="none"/>
<markable id="markable_112" span="word_1496" coref_class="empty" category="location" mmax_level="coref"  rule="none"  type="none"/>
<markable id="markable_113" span="word_1517" coref_class="empty" category="person" mmax_level="coref"  rule="none"  type="none"/>
<markable id="markable_114" span="word_1622" coref_class="empty" category="person" mmax_level="coref"  rule="none"  type="none"/>
<markable id="markable_115" span="word_1626" coref_class="empty" category="person" mmax_level="coref"  rule="none"  type="none"/>
<markable id="markable_116" span="word_1631..word_1633" coref_class="empty" category="person" mmax_level="coref"  rule="none"  type="none"/>
<markable id="markable_117" span="word_1646" coref_class="empty" category="person" mmax_level="coref"  rule="none"  type="none"/>
<markable id="markable_118" span="word_1651" coref_class="empty" category="person" mmax_level="coref"  rule="none"  type="none"/>
<markable id="markable_119" span="word_1660" coref_class="empty" category="person" mmax_level="coref"  rule="none"  type="none"/>
<markable id="markable_120" span="word_1662" coref_class="empty" category="person" mmax_level="coref"  rule="none"  type="none"/>
<markable id="markable_121" span="word_1678" coref_class="empty" category="person" mmax_level="coref"  rule="none"  type="none"/>
<markable id="markable_122" span="word_1691..word_1693" coref_class="empty" category="person" mmax_level="coref"  rule="none"  type="none"/>
<markable id="markable_123" span="word_1745" coref_class="empty" category="person" mmax_level="coref"  rule="none"  type="none"/>
<markable id="markable_124" span="word_1749" coref_class="empty" category="person" mmax_level="coref"  rule="none"  type="none"/>
<markable id="markable_125" span="word_1806" coref_class="empty" category="person" mmax_level="coref"  rule="none"  type="none"/>
<markable id="markable_126" span="word_1815..word_1816" coref_class="empty" category="other" mmax_level="coref"  rule="none"  type="none"/>
<markable id="markable_127" span="word_1857" coref_class="empty" category="event" mmax_level="coref"  rule="none"  type="none"/>
<markable id="markable_128" span="word_1860" coref_class="empty" category="person" mmax_level="coref"  rule="none"  type="none"/>
<markable id="markable_129" span="word_1867..word_1870" coref_class="empty" category="product" mmax_level="coref"  rule="none"  type="none"/>
<markable id="markable_130" span="word_1871..word_1873" coref_class="empty" category="person" mmax_level="coref"  rule="none"  type="none"/>
<markable id="markable_131" span="word_1875..word_1876" coref_class="empty" category="time" mmax_level="coref"  rule="none"  type="none"/>
<markable id="markable_132" span="word_1886..word_1887" coref_class="empty" category="person" mmax_level="coref"  rule="none"  type="none"/>
<markable id="markable_133" span="word_1890..word_1892" coref_class="empty" category="person" mmax_level="coref"  rule="none"  type="none"/>
<markable id="markable_134" span="word_1894..word_1895" coref_class="empty" category="time" mmax_level="coref"  rule="none"  type="none"/>
<markable id="markable_135" span="word_1913" coref_class="empty" category="person" mmax_level="coref"  rule="none"  type="none"/>
<markable id="markable_136" span="word_1955" coref_class="empty" category="person" mmax_level="coref"  rule="none"  type="none"/>
<markable id="markable_137" span="word_1958" coref_class="empty" category="person" mmax_level="coref"  rule="none"  type="none"/>
<markable id="markable_138" span="word_1983..word_1984" coref_class="empty" category="product" mmax_level="coref"  rule="none"  type="none"/>
<markable id="markable_139" span="word_1998..word_1999" coref_class="empty" category="product" mmax_level="coref"  rule="none"  type="none"/>
<markable id="markable_140" span="word_2006" coref_class="empty" category="person" mmax_level="coref"  rule="none"  type="none"/>
<markable id="markable_141" span="word_2021" coref_class="empty" category="person" mmax_level="coref"  rule="none"  type="none"/>
<markable id="markable_142" span="word_2023..word_2024" coref_class="empty" category="product" mmax_level="coref"  rule="none"  type="none"/>
<markable id="markable_143" span="word_2035" coref_class="empty" category="person" mmax_level="coref"  rule="none"  type="none"/>
<markable id="markable_144" span="word_2044..word_2045" coref_class="empty" category="time" mmax_level="coref"  rule="none"  type="none"/>
<markable id="markable_145" span="word_2124..word_2125" coref_class="empty" category="person" mmax_level="coref"  rule="none"  type="none"/>
<markable id="markable_146" span="word_2157..word_2158" coref_class="empty" category="person" mmax_level="coref"  rule="none"  type="none"/>
<markable id="markable_147" span="word_2195" coref_class="empty" category="location" mmax_level="coref"  rule="none"  type="none"/>
<markable id="markable_148" span="word_2203..word_2205" coref_class="empty" category="person" mmax_level="coref"  rule="none"  type="none"/>
<markable id="markable_149" span="word_2207..word_2208" coref_class="empty" category="time" mmax_level="coref"  rule="none"  type="none"/>
<markable id="markable_150" span="word_2212..word_2213" coref_class="empty" category="person" mmax_level="coref"  rule="none"  type="none"/>
<markable id="markable_151" span="word_2219..word_2221" coref_class="empty" category="person" mmax_level="coref"  rule="none"  type="none"/>
<markable id="markable_152" span="word_2223..word_2224" coref_class="empty" category="time" mmax_level="coref"  rule="none"  type="none"/>
<markable id="markable_153" span="word_2228..word_2230" coref_class="empty" category="person" mmax_level="coref"  rule="none"  type="none"/>
<markable id="markable_154" span="word_2236" coref_class="empty" category="location" mmax_level="coref"  rule="none"  type="none"/>
<markable id="markable_155" span="word_2269" coref_class="empty" category="location" mmax_level="coref"  rule="none"  type="none"/>
<markable id="markable_156" span="word_2316..word_2317" coref_class="empty" category="time" mmax_level="coref"  rule="none"  type="none"/>
<markable id="markable_157" span="word_2350" coref_class="empty" category="person" mmax_level="coref"  rule="none"  type="none"/>
<markable id="markable_158" span="word_2365..word_2366" coref_class="empty" category="organization" mmax_level="coref"  rule="none"  type="none"/>
<markable id="markable_159" span="word_2370..word_2372" coref_class="empty" category="person" mmax_level="coref"  rule="none"  type="none"/>
<markable id="markable_160" span="word_2374..word_2377" coref_class="empty" category="time" mmax_level="coref"  rule="none"  type="none"/>
<markable id="markable_161" span="word_2398" coref_class="empty" category="person" mmax_level="coref"  rule="none"  type="none"/>
<markable id="markable_162" span="word_2452" coref_class="empty" category="location" mmax_level="coref"  rule="none"  type="none"/>
<markable id="markable_163" span="word_2466..word_2468" coref_class="empty" category="person" mmax_level="coref"  rule="none"  type="none"/>
<markable id="markable_164" span="word_2470..word_2471" coref_class="empty" category="time" mmax_level="coref"  rule="none"  type="none"/>
<markable id="markable_165" span="word_2522" coref_class="empty" category="time" mmax_level="coref"  rule="none"  type="none"/>
<markable id="markable_166" span="word_2539" coref_class="empty" category="time" mmax_level="coref"  rule="none"  type="none"/>
<markable id="markable_167" span="word_2678..word_2679" coref_class="empty" category="person" mmax_level="coref"  rule="none"  type="none"/>
<markable id="markable_168" span="word_2681" coref_class="empty" category="person" mmax_level="coref"  rule="none"  type="none"/>
<markable id="markable_169" span="word_2741" coref_class="empty" category="person" mmax_level="coref"  rule="none"  type="none"/>
<markable id="markable_170" span="word_2743..word_2745" coref_class="empty" category="time" mmax_level="coref"  rule="none"  type="none"/>
<markable id="markable_171" span="word_2750..word_2751" coref_class="empty" category="event" mmax_level="coref"  rule="none"  type="none"/>
<markable id="markable_172" span="word_2753" coref_class="empty" category="event" mmax_level="coref"  rule="none"  type="none"/>
<markable id="markable_173" span="word_2762" coref_class="empty" category="time" mmax_level="coref"  rule="none"  type="none"/>
<markable id="markable_174" span="word_2767..word_2768" coref_class="empty" category="person" mmax_level="coref"  rule="none"  type="none"/>
<markable id="markable_175" span="word_2771..word_2772" coref_class="empty" category="time" mmax_level="coref"  rule="none"  type="none"/>
<markable id="markable_176" span="word_2775..word_2778" coref_class="empty" category="time" mmax_level="coref"  rule="none"  type="none"/>
<markable id="markable_177" span="word_2829" coref_class="empty" category="person" mmax_level="coref"  rule="none"  type="none"/>
<markable id="markable_178" span="word_2842" coref_class="empty" category="person" mmax_level="coref"  rule="none"  type="none"/>
<markable id="markable_179" span="word_2883" coref_class="empty" category="person" mmax_level="coref"  rule="none"  type="none"/>
<markable id="markable_180" span="word_2971..word_2974" coref_class="empty" category="time" mmax_level="coref"  rule="none"  type="none"/>
<markable id="markable_181" span="word_3001" coref_class="empty" category="location" mmax_level="coref"  rule="none"  type="none"/>
<markable id="markable_182" span="word_3003..word_3005" coref_class="empty" category="person" mmax_level="coref"  rule="none"  type="none"/>
<markable id="markable_183" span="word_3010..word_3014" coref_class="empty" category="time" mmax_level="coref"  rule="none"  type="none"/>
<markable id="markable_184" span="word_3064..word_3065" coref_class="empty" category="time" mmax_level="coref"  rule="none"  type="none"/>
<markable id="markable_185" span="word_3072..word_3073" coref_class="empty" category="person" mmax_level="coref"  rule="none"  type="none"/>
<markable id="markable_186" span="word_3152..word_3154" coref_class="empty" category="time" mmax_level="coref"  rule="none"  type="none"/>
<markable id="markable_187" span="word_3163..word_3164" coref_class="empty" category="person" mmax_level="coref"  rule="none"  type="none"/>
<markable id="markable_188" span="word_3166..word_3169" coref_class="empty" category="time" mmax_level="coref"  rule="none"  type="none"/>
<markable id="markable_189" span="word_3172..word_3173" coref_class="empty" category="person" mmax_level="coref"  rule="none"  type="none"/>
<markable id="markable_190" span="word_3175..word_3178" coref_class="empty" category="time" mmax_level="coref"  rule="none"  type="none"/>
<markable id="markable_191" span="word_3181..word_3182" coref_class="empty" category="organization" mmax_level="coref"  rule="none"  type="none"/>
<markable id="markable_192" span="word_3264..word_3266" coref_class="empty" category="time" mmax_level="coref"  rule="none"  type="none"/>
<markable id="markable_193" span="word_3271" coref_class="empty" category="location" mmax_level="coref"  rule="none"  type="none"/>
<markable id="markable_194" span="word_3392" coref_class="empty" category="location" mmax_level="coref"  rule="none"  type="none"/>
<markable id="markable_195" span="word_3394" coref_class="empty" category="location" mmax_level="coref"  rule="none"  type="none"/>
<markable id="markable_196" span="word_3467" coref_class="empty" category="location" mmax_level="coref"  rule="none"  type="none"/>
<markable id="markable_197" span="word_3645..word_3650" coref_class="empty" category="product" mmax_level="coref"  rule="none"  type="none"/>
<markable id="markable_198" span="word_3874..word_3875" coref_class="empty" category="organization" mmax_level="coref"  rule="none"  type="none"/>
<markable id="markable_199" span="word_3884..word_3888" coref_class="empty" category="person" mmax_level="coref"  rule="none"  type="none"/>
<markable id="markable_200" span="word_3891..word_3892" coref_class="empty" category="time" mmax_level="coref"  rule="none"  type="none"/>
<markable id="markable_201" span="word_3913..word_3914" coref_class="empty" category="person" mmax_level="coref"  rule="none"  type="none"/>
<markable id="markable_202" span="word_3923..word_3924" coref_class="empty" category="time" mmax_level="coref"  rule="none"  type="none"/>
<markable id="markable_203" span="word_3933..word_3934" coref_class="empty" category="time" mmax_level="coref"  rule="none"  type="none"/>
<markable id="markable_204" span="word_3936" coref_class="empty" category="location" mmax_level="coref"  rule="none"  type="none"/>
<markable id="markable_205" span="word_3940..word_3944" coref_class="empty" category="product" mmax_level="coref"  rule="none"  type="none"/>
<markable id="markable_206" span="word_3960..word_3964" coref_class="empty" category="person" mmax_level="coref"  rule="none"  type="none"/>
<markable id="markable_207" span="word_3974..word_3975" coref_class="empty" category="person" mmax_level="coref"  rule="none"  type="none"/>
<markable id="markable_208" span="word_3980" coref_class="empty" category="time" mmax_level="coref"  rule="none"  type="none"/>
<markable id="markable_209" span="word_3999..word_4000" coref_class="empty" category="person" mmax_level="coref"  rule="none"  type="none"/>
<markable id="markable_210" span="word_4011..word_4014" coref_class="empty" category="time" mmax_level="coref"  rule="none"  type="none"/>
<markable id="markable_211" span="word_4018" coref_class="empty" category="location" mmax_level="coref"  rule="none"  type="none"/>
<markable id="markable_212" span="word_4022..word_4023" coref_class="empty" category="time" mmax_level="coref"  rule="none"  type="none"/>
<markable id="markable_213" span="word_4043..word_4044" coref_class="empty" category="time" mmax_level="coref"  rule="none"  type="none"/>
<markable id="markable_214" span="word_4064" coref_class="empty" category="location" mmax_level="coref"  rule="none"  type="none"/>
<markable id="markable_215" span="word_4071..word_4072" coref_class="empty" category="location" mmax_level="coref"  rule="none"  type="none"/>
<markable id="markable_216" span="word_4074" coref_class="empty" category="location" mmax_level="coref"  rule="none"  type="none"/>
<markable id="markable_217" span="word_4079..word_4082" coref_class="empty" category="location" mmax_level="coref"  rule="none"  type="none"/>
<markable id="markable_218" span="word_4086" coref_class="empty" category="location" mmax_level="coref"  rule="none"  type="none"/>
<markable id="markable_219" span="word_4088" coref_class="empty" category="location" mmax_level="coref"  rule="none"  type="none"/>
<markable id="markable_220" span="word_4115" coref_class="empty" category="location" mmax_level="coref"  rule="none"  type="none"/>
<markable id="markable_221" span="word_4121" coref_class="empty" category="location" mmax_level="coref"  rule="none"  type="none"/>
<markable id="markable_222" span="word_4124" coref_class="empty" category="location" mmax_level="coref"  rule="none"  type="none"/>
<markable id="markable_223" span="word_4126" coref_class="empty" category="location" mmax_level="coref"  rule="none"  type="none"/>
<markable id="markable_224" span="word_4153..word_4154" coref_class="empty" category="person" mmax_level="coref"  rule="none"  type="none"/>
<markable id="markable_225" span="word_4156..word_4157" coref_class="empty" category="person" mmax_level="coref"  rule="none"  type="none"/>
<markable id="markable_226" span="word_4159..word_4161" coref_class="empty" category="time" mmax_level="coref"  rule="none"  type="none"/>
<markable id="markable_227" span="word_4166..word_4167" coref_class="empty" category="organization" mmax_level="coref"  rule="none"  type="none"/>
<markable id="markable_228" span="word_4211..word_4212" coref_class="empty" category="person" mmax_level="coref"  rule="none"  type="none"/>
<markable id="markable_229" span="word_4274" coref_class="empty" category="location" mmax_level="coref"  rule="none"  type="none"/>
<markable id="markable_230" span="word_4288..word_4289" coref_class="empty" category="person" mmax_level="coref"  rule="none"  type="none"/>
<markable id="markable_231" span="word_4291..word_4292" coref_class="empty" category="person" mmax_level="coref"  rule="none"  type="none"/>
<markable id="markable_232" span="word_4304..word_4306" coref_class="empty" category="person" mmax_level="coref"  rule="none"  type="none"/>
<markable id="markable_233" span="word_4309..word_4311" coref_class="empty" category="person" mmax_level="coref"  rule="none"  type="none"/>
<markable id="markable_234" span="word_4314" coref_class="empty" category="time" mmax_level="coref"  rule="none"  type="none"/>
<markable id="markable_235" span="word_4330..word_4331" coref_class="empty" category="person" mmax_level="coref"  rule="none"  type="none"/>
<markable id="markable_236" span="word_4333..word_4334" coref_class="empty" category="location" mmax_level="coref"  rule="none"  type="none"/>
<markable id="markable_237" span="word_4336" coref_class="empty" category="person" mmax_level="coref"  rule="none"  type="none"/>
<markable id="markable_238" span="word_4342..word_4343" coref_class="empty" category="time" mmax_level="coref"  rule="none"  type="none"/>
<markable id="markable_239" span="word_4347..word_4348" coref_class="empty" category="person" mmax_level="coref"  rule="none"  type="none"/>
<markable id="markable_240" span="word_4350..word_4351" coref_class="empty" category="person" mmax_level="coref"  rule="none"  type="none"/>
<markable id="markable_241" span="word_4362" coref_class="empty" category="location" mmax_level="coref"  rule="none"  type="none"/>
<markable id="markable_242" span="word_4364..word_4365" coref_class="empty" category="person" mmax_level="coref"  rule="none"  type="none"/>
<markable id="markable_243" span="word_4366..word_4368" coref_class="empty" category="time" mmax_level="coref"  rule="none"  type="none"/>
<markable id="markable_244" span="word_4412..word_4413" coref_class="empty" category="person" mmax_level="coref"  rule="none"  type="none"/>
<markable id="markable_245" span="word_4448..word_4449" coref_class="empty" category="organization" mmax_level="coref"  rule="none"  type="none"/>
<markable id="markable_246" span="word_4464..word_4465" coref_class="empty" category="time" mmax_level="coref"  rule="none"  type="none"/>
<markable id="markable_247" span="word_4468..word_4470" coref_class="empty" category="organization" mmax_level="coref"  rule="none"  type="none"/>
<markable id="markable_248" span="word_4472..word_4473" coref_class="empty" category="organization" mmax_level="coref"  rule="none"  type="none"/>
<markable id="markable_249" span="word_4476..word_4477" coref_class="empty" category="time" mmax_level="coref"  rule="none"  type="none"/>
<markable id="markable_250" span="word_4479..word_4480" coref_class="empty" category="time" mmax_level="coref"  rule="none"  type="none"/>
<markable id="markable_251" span="word_4482..word_4483" coref_class="empty" category="organization" mmax_level="coref"  rule="none"  type="none"/>
<markable id="markable_252" span="word_4485..word_4487" coref_class="empty" category="person" mmax_level="coref"  rule="none"  type="none"/>
<markable id="markable_253" span="word_4494" coref_class="empty" category="location" mmax_level="coref"  rule="none"  type="none"/>
<markable id="markable_254" span="word_4496..word_4497" coref_class="empty" category="person" mmax_level="coref"  rule="none"  type="none"/>
<markable id="markable_255" span="word_4506..word_4507" coref_class="empty" category="person" mmax_level="coref"  rule="none"  type="none"/>
<markable id="markable_256" span="word_4515..word_4517" coref_class="empty" category="person" mmax_level="coref"  rule="none"  type="none"/>
<markable id="markable_257" span="word_4518..word_4519" coref_class="empty" category="time" mmax_level="coref"  rule="none"  type="none"/>
<markable id="markable_258" span="word_4532" coref_class="empty" category="location" mmax_level="coref"  rule="none"  type="none"/>
<markable id="markable_259" span="word_4534..word_4536" coref_class="empty" category="person" mmax_level="coref"  rule="none"  type="none"/>
<markable id="markable_260" span="word_4548..word_4550" coref_class="empty" category="person" mmax_level="coref"  rule="none"  type="none"/>
<markable id="markable_261" span="word_4552..word_4553" coref_class="empty" category="time" mmax_level="coref"  rule="none"  type="none"/>
<markable id="markable_262" span="word_4557" coref_class="empty" category="location" mmax_level="coref"  rule="none"  type="none"/>
<markable id="markable_263" span="word_4564..word_4565" coref_class="empty" category="time" mmax_level="coref"  rule="none"  type="none"/>
<markable id="markable_264" span="word_4569..word_4570" coref_class="empty" category="time" mmax_level="coref"  rule="none"  type="none"/>
<markable id="markable_265" span="word_4589" coref_class="empty" category="location" mmax_level="coref"  rule="none"  type="none"/>
<markable id="markable_266" span="word_4591" coref_class="empty" category="location" mmax_level="coref"  rule="none"  type="none"/>
<markable id="markable_267" span="word_4593" coref_class="empty" category="location" mmax_level="coref"  rule="none"  type="none"/>
<markable id="markable_268" span="word_4595..word_4598" coref_class="empty" category="location" mmax_level="coref"  rule="none"  type="none"/>
<markable id="markable_269" span="word_4601" coref_class="empty" category="location" mmax_level="coref"  rule="none"  type="none"/>
<markable id="markable_270" span="word_4603..word_4605" coref_class="empty" category="time" mmax_level="coref"  rule="none"  type="none"/>
<markable id="markable_271" span="word_4637" coref_class="empty" category="location" mmax_level="coref"  rule="none"  type="none"/>
<markable id="markable_272" span="word_4651..word_4652" coref_class="empty" category="time" mmax_level="coref"  rule="none"  type="none"/>
<markable id="markable_273" span="word_4654..word_4655" coref_class="empty" category="person" mmax_level="coref"  rule="none"  type="none"/>
<markable id="markable_274" span="word_4677..word_4678" coref_class="empty" category="person" mmax_level="coref"  rule="none"  type="none"/>
<markable id="markable_275" span="word_4685..word_4687" coref_class="empty" category="organization" mmax_level="coref"  rule="none"  type="none"/>
<markable id="markable_276" span="word_4691" coref_class="empty" category="time" mmax_level="coref"  rule="none"  type="none"/>
<markable id="markable_277" span="word_4699..word_4700" coref_class="empty" category="organization" mmax_level="coref"  rule="none"  type="none"/>
<markable id="markable_278" span="word_4702..word_4703" coref_class="empty" category="time" mmax_level="coref"  rule="none"  type="none"/>
<markable id="markable_279" span="word_4704" coref_class="empty" category="location" mmax_level="coref"  rule="none"  type="none"/>
<markable id="markable_280" span="word_4719" coref_class="empty" category="location" mmax_level="coref"  rule="none"  type="none"/>
<markable id="markable_281" span="word_4721..word_4725" coref_class="empty" category="person" mmax_level="coref"  rule="none"  type="none"/>
<markable id="markable_282" span="word_4750..word_4751" coref_class="empty" category="organization" mmax_level="coref"  rule="none"  type="none"/>
<markable id="markable_283" span="word_4805..word_4806" coref_class="empty" category="person" mmax_level="coref"  rule="none"  type="none"/>
<markable id="markable_284" span="word_4835..word_4836" coref_class="empty" category="person" mmax_level="coref"  rule="none"  type="none"/>
<markable id="markable_285" span="word_4838..word_4839" coref_class="empty" category="time" mmax_level="coref"  rule="none"  type="none"/>
<markable id="markable_286" span="word_4847..word_4849" coref_class="empty" category="time" mmax_level="coref"  rule="none"  type="none"/>
<markable id="markable_287" span="word_4855..word_4859" coref_class="empty" category="person" mmax_level="coref"  rule="none"  type="none"/>
<markable id="markable_288" span="word_4861..word_4866" coref_class="empty" category="time" mmax_level="coref"  rule="none"  type="none"/>
<markable id="markable_289" span="word_4868..word_4873" coref_class="empty" category="person" mmax_level="coref"  rule="none"  type="none"/>
<markable id="markable_290" span="word_4875..word_4878" coref_class="empty" category="time" mmax_level="coref"  rule="none"  type="none"/>
<markable id="markable_291" span="word_4879..word_4883" coref_class="empty" category="person" mmax_level="coref"  rule="none"  type="none"/>
<markable id="markable_292" span="word_4885..word_4887" coref_class="empty" category="time" mmax_level="coref"  rule="none"  type="none"/>
<markable id="markable_293" span="word_4888..word_4893" coref_class="empty" category="person" mmax_level="coref"  rule="none"  type="none"/>
<markable id="markable_294" span="word_4895..word_4898" coref_class="empty" category="time" mmax_level="coref"  rule="none"  type="none"/>
<markable id="markable_295" span="word_4899..word_4902" coref_class="empty" category="person" mmax_level="coref"  rule="none"  type="none"/>
<markable id="markable_296" span="word_4905..word_4908" coref_class="empty" category="time" mmax_level="coref"  rule="none"  type="none"/>
<markable id="markable_297" span="word_4910..word_4914" coref_class="empty" category="person" mmax_level="coref"  rule="none"  type="none"/>
<markable id="markable_298" span="word_4917..word_4920" coref_class="empty" category="time" mmax_level="coref"  rule="none"  type="none"/>
<markable id="markable_299" span="word_4921..word_4926" coref_class="empty" category="person" mmax_level="coref"  rule="none"  type="none"/>
<markable id="markable_300" span="word_4928..word_4931" coref_class="empty" category="time" mmax_level="coref"  rule="none"  type="none"/>
<markable id="markable_301" span="word_4933..word_4937" coref_class="empty" category="person" mmax_level="coref"  rule="none"  type="none"/>
<markable id="markable_302" span="word_4940..word_4942" coref_class="empty" category="time" mmax_level="coref"  rule="none"  type="none"/>
<markable id="markable_303" span="word_4943..word_4950" coref_class="empty" category="person" mmax_level="coref"  rule="none"  type="none"/>
<markable id="markable_304" span="word_4951..word_4954" coref_class="empty" category="time" mmax_level="coref"  rule="none"  type="none"/>
<markable id="markable_305" span="word_4955..word_4960" coref_class="empty" category="person" mmax_level="coref"  rule="none"  type="none"/>
<markable id="markable_306" span="word_4962..word_4965" coref_class="empty" category="time" mmax_level="coref"  rule="none"  type="none"/>
<markable id="markable_307" span="word_4966..word_4971" coref_class="empty" category="person" mmax_level="coref"  rule="none"  type="none"/>
<markable id="markable_308" span="word_4973..word_4976" coref_class="empty" category="time" mmax_level="coref"  rule="none"  type="none"/>
<markable id="markable_309" span="word_4977..word_4982" coref_class="empty" category="person" mmax_level="coref"  rule="none"  type="none"/>
<markable id="markable_310" span="word_4983..word_4986" coref_class="empty" category="time" mmax_level="coref"  rule="none"  type="none"/>
<markable id="markable_311" span="word_4987..word_4992" coref_class="empty" category="person" mmax_level="coref"  rule="none"  type="none"/>
<markable id="markable_312" span="word_4998" coref_class="empty" category="time" mmax_level="coref"  rule="none"  type="none"/>
<markable id="markable_313" span="word_4999..word_5005" coref_class="empty" category="person" mmax_level="coref"  rule="none"  type="none"/>
<markable id="markable_314" span="word_5007..word_5010" coref_class="empty" category="time" mmax_level="coref"  rule="none"  type="none"/>
<markable id="markable_315" span="word_5011..word_5017" coref_class="empty" category="person" mmax_level="coref"  rule="none"  type="none"/>
<markable id="markable_316" span="word_5018..word_5021" coref_class="empty" category="time" mmax_level="coref"  rule="none"  type="none"/>
<markable id="markable_317" span="word_5022..word_5027" coref_class="empty" category="person" mmax_level="coref"  rule="none"  type="none"/>
<markable id="markable_318" span="word_5029..word_5032" coref_class="empty" category="time" mmax_level="coref"  rule="none"  type="none"/>
<markable id="markable_319" span="word_5033..word_5038" coref_class="empty" category="person" mmax_level="coref"  rule="none"  type="none"/>
<markable id="markable_320" span="word_5039..word_5042" coref_class="empty" category="time" mmax_level="coref"  rule="none"  type="none"/>
<markable id="markable_321" span="word_5044..word_5048" coref_class="empty" category="person" mmax_level="coref"  rule="none"  type="none"/>
<markable id="markable_322" span="word_5050..word_5052" coref_class="empty" category="time" mmax_level="coref"  rule="none"  type="none"/>
<markable id="markable_323" span="word_5053..word_5054" coref_class="empty" category="person" mmax_level="coref"  rule="none"  type="none"/>
<markable id="markable_324" span="word_5056..word_5059" coref_class="empty" category="time" mmax_level="coref"  rule="none"  type="none"/>
<markable id="markable_325" span="word_5061..word_5062" coref_class="empty" category="person" mmax_level="coref"  rule="none"  type="none"/>
<markable id="markable_326" span="word_5064..word_5067" coref_class="empty" category="time" mmax_level="coref"  rule="none"  type="none"/>
<markable id="markable_327" span="word_5068..word_5069" coref_class="empty" category="person" mmax_level="coref"  rule="none"  type="none"/>
<markable id="markable_328" span="word_5071..word_5072" coref_class="empty" category="time" mmax_level="coref"  rule="none"  type="none"/>
<markable id="markable_329" span="word_5073..word_5074" coref_class="empty" category="person" mmax_level="coref"  rule="none"  type="none"/>
<markable id="markable_330" span="word_5076..word_5079" coref_class="empty" category="time" mmax_level="coref"  rule="none"  type="none"/>
<markable id="markable_331" span="word_5080..word_5081" coref_class="empty" category="person" mmax_level="coref"  rule="none"  type="none"/>
<markable id="markable_332" span="word_5083..word_5086" coref_class="empty" category="time" mmax_level="coref"  rule="none"  type="none"/>
<markable id="markable_333" span="word_5087..word_5088" coref_class="empty" category="person" mmax_level="coref"  rule="none"  type="none"/>
<markable id="markable_334" span="word_5090..word_5093" coref_class="empty" category="time" mmax_level="coref"  rule="none"  type="none"/>
<markable id="markable_335" span="word_5094..word_5095" coref_class="empty" category="person" mmax_level="coref"  rule="none"  type="none"/>
<markable id="markable_336" span="word_5097..word_5100" coref_class="empty" category="time" mmax_level="coref"  rule="none"  type="none"/>
<markable id="markable_337" span="word_5101..word_5102" coref_class="empty" category="person" mmax_level="coref"  rule="none"  type="none"/>
<markable id="markable_338" span="word_5104..word_5106" coref_class="empty" category="time" mmax_level="coref"  rule="none"  type="none"/>
<markable id="markable_339" span="word_5107..word_5108" coref_class="empty" category="person" mmax_level="coref"  rule="none"  type="none"/>
<markable id="markable_340" span="word_5111..word_5112" coref_class="empty" category="time" mmax_level="coref"  rule="none"  type="none"/>
<markable id="markable_341" span="word_5114..word_5117" coref_class="empty" category="person" mmax_level="coref"  rule="none"  type="none"/>
<markable id="markable_342" span="word_5123" coref_class="empty" category="time" mmax_level="coref"  rule="none"  type="none"/>
<markable id="markable_343" span="word_5125" coref_class="empty" category="time" mmax_level="coref"  rule="none"  type="none"/>
<markable id="markable_344" span="word_5128..word_5130" coref_class="empty" category="location" mmax_level="coref"  rule="none"  type="none"/>
<markable id="markable_345" span="word_5133..word_5136" coref_class="empty" category="time" mmax_level="coref"  rule="none"  type="none"/>
<markable id="markable_346" span="word_5142" coref_class="empty" category="location" mmax_level="coref"  rule="none"  type="none"/>
<markable id="markable_347" span="word_5156" coref_class="empty" category="location" mmax_level="coref"  rule="none"  type="none"/>
<markable id="markable_348" span="word_5188..word_5189" coref_class="empty" category="person" mmax_level="coref"  rule="none"  type="none"/>
<markable id="markable_349" span="word_5198..word_5200" coref_class="empty" category="person" mmax_level="coref"  rule="none"  type="none"/>
<markable id="markable_350" span="word_5225..word_5228" coref_class="empty" category="time" mmax_level="coref"  rule="none"  type="none"/>
<markable id="markable_351" span="word_5233..word_5234" coref_class="empty" category="location" mmax_level="coref"  rule="none"  type="none"/>
<markable id="markable_352" span="word_5272" coref_class="empty" category="time" mmax_level="coref"  rule="none"  type="none"/>
<markable id="markable_353" span="word_5277" coref_class="empty" category="location" mmax_level="coref"  rule="none"  type="none"/>
<markable id="markable_354" span="word_5279..word_5281" coref_class="empty" category="person" mmax_level="coref"  rule="none"  type="none"/>
<markable id="markable_355" span="word_5304" coref_class="empty" category="person" mmax_level="coref"  rule="none"  type="none"/>
<markable id="markable_356" span="word_5342" coref_class="empty" category="person" mmax_level="coref"  rule="none"  type="none"/>
<markable id="markable_357" span="word_5365..word_5366" coref_class="empty" category="person" mmax_level="coref"  rule="none"  type="none"/>
<markable id="markable_358" span="word_5375" coref_class="empty" category="time" mmax_level="coref"  rule="none"  type="none"/>
<markable id="markable_359" span="word_5402..word_5403" coref_class="empty" category="organization" mmax_level="coref"  rule="none"  type="none"/>
<markable id="markable_360" span="word_5428" coref_class="empty" category="time" mmax_level="coref"  rule="none"  type="none"/>
<markable id="markable_361" span="word_5430..word_5431" coref_class="empty" category="person" mmax_level="coref"  rule="none"  type="none"/>
<markable id="markable_362" span="word_5441" coref_class="empty" category="location" mmax_level="coref"  rule="none"  type="none"/>
<markable id="markable_363" span="word_5450" coref_class="empty" category="location" mmax_level="coref"  rule="none"  type="none"/>
<markable id="markable_364" span="word_5453..word_5455" coref_class="empty" category="time" mmax_level="coref"  rule="none"  type="none"/>
<markable id="markable_365" span="word_5479..word_5481" coref_class="empty" category="time" mmax_level="coref"  rule="none"  type="none"/>
<markable id="markable_366" span="word_5483..word_5484" coref_class="empty" category="person" mmax_level="coref"  rule="none"  type="none"/>
<markable id="markable_367" span="word_5493" coref_class="empty" category="location" mmax_level="coref"  rule="none"  type="none"/>
<markable id="markable_368" span="word_5513..word_5514" coref_class="empty" category="organization" mmax_level="coref"  rule="none"  type="none"/>
<markable id="markable_369" span="word_5567..word_5568" coref_class="empty" category="organization" mmax_level="coref"  rule="none"  type="none"/>
<markable id="markable_370" span="word_5574..word_5576" coref_class="empty" category="location" mmax_level="coref"  rule="none"  type="none"/>
<markable id="markable_371" span="word_5589..word_5590" coref_class="empty" category="person" mmax_level="coref"  rule="none"  type="none"/>
<markable id="markable_372" span="word_5596" coref_class="empty" category="location" mmax_level="coref"  rule="none"  type="none"/>
<markable id="markable_373" span="word_5604" coref_class="empty" category="person" mmax_level="coref"  rule="none"  type="none"/>
<markable id="markable_374" span="word_5624..word_5626" coref_class="empty" category="person" mmax_level="coref"  rule="none"  type="none"/>
<markable id="markable_375" span="word_5628" coref_class="empty" category="time" mmax_level="coref"  rule="none"  type="none"/>
<markable id="markable_376" span="word_5633..word_5637" coref_class="empty" category="product" mmax_level="coref"  rule="none"  type="none"/>
<markable id="markable_377" span="word_5639..word_5641" coref_class="empty" category="person" mmax_level="coref"  rule="none"  type="none"/>
<markable id="markable_378" span="word_5643" coref_class="empty" category="time" mmax_level="coref"  rule="none"  type="none"/>
<markable id="markable_379" span="word_5657..word_5658" coref_class="empty" category="person" mmax_level="coref"  rule="none"  type="none"/>
<markable id="markable_380" span="word_5664" coref_class="empty" category="time" mmax_level="coref"  rule="none"  type="none"/>
<markable id="markable_381" span="word_5678..word_5680" coref_class="empty" category="person" mmax_level="coref"  rule="none"  type="none"/>
<markable id="markable_382" span="word_5682" coref_class="empty" category="time" mmax_level="coref"  rule="none"  type="none"/>
<markable id="markable_383" span="word_5688" coref_class="empty" category="person" mmax_level="coref"  rule="none"  type="none"/>
<markable id="markable_384" span="word_5698..word_5700" coref_class="empty" category="person" mmax_level="coref"  rule="none"  type="none"/>
<markable id="markable_385" span="word_5702" coref_class="empty" category="time" mmax_level="coref"  rule="none"  type="none"/>
<markable id="markable_386" span="word_5710..word_5711" coref_class="empty" category="organization" mmax_level="coref"  rule="none"  type="none"/>
<markable id="markable_387" span="word_5713..word_5715" coref_class="empty" category="person" mmax_level="coref"  rule="none"  type="none"/>
<markable id="markable_388" span="word_5717..word_5719" coref_class="empty" category="time" mmax_level="coref"  rule="none"  type="none"/>
<markable id="markable_389" span="word_5725..word_5727" coref_class="empty" category="person" mmax_level="coref"  rule="none"  type="none"/>
<markable id="markable_390" span="word_5729" coref_class="empty" category="time" mmax_level="coref"  rule="none"  type="none"/>
<markable id="markable_391" span="word_5735..word_5736" coref_class="empty" category="person" mmax_level="coref"  rule="none"  type="none"/>
<markable id="markable_392" span="word_5738" coref_class="empty" category="time" mmax_level="coref"  rule="none"  type="none"/>
<markable id="markable_393" span="word_5744..word_5747" coref_class="empty" category="time" mmax_level="coref"  rule="none"  type="none"/>
<markable id="markable_394" span="word_5755..word_5757" coref_class="empty" category="time" mmax_level="coref"  rule="none"  type="none"/>
<markable id="markable_395" span="word_5761..word_5762" coref_class="empty" category="person" mmax_level="coref"  rule="none"  type="none"/>
<markable id="markable_396" span="word_5767..word_5768" coref_class="empty" category="person" mmax_level="coref"  rule="none"  type="none"/>
<markable id="markable_397" span="word_5770..word_5772" coref_class="empty" category="time" mmax_level="coref"  rule="none"  type="none"/>
<markable id="markable_398" span="word_5776..word_5782" coref_class="empty" category="product" mmax_level="coref"  rule="none"  type="none"/>
<markable id="markable_399" span="word_5800..word_5806" coref_class="empty" category="product" mmax_level="coref"  rule="none"  type="none"/>
<markable id="markable_400" span="word_5841..word_5842" coref_class="empty" category="person" mmax_level="coref"  rule="none"  type="none"/>
<markable id="markable_401" span="word_5844..word_5845" coref_class="empty" category="person" mmax_level="coref"  rule="none"  type="none"/>
<markable id="markable_402" span="word_5847..word_5850" coref_class="empty" category="time" mmax_level="coref"  rule="none"  type="none"/>
<markable id="markable_403" span="word_5856" coref_class="empty" category="time" mmax_level="coref"  rule="none"  type="none"/>
<markable id="markable_404" span="word_5863..word_5864" coref_class="empty" category="person" mmax_level="coref"  rule="none"  type="none"/>
<markable id="markable_405" span="word_5866..word_5867" coref_class="empty" category="person" mmax_level="coref"  rule="none"  type="none"/>
<markable id="markable_406" span="word_5879..word_5881" coref_class="empty" category="person" mmax_level="coref"  rule="none"  type="none"/>
<markable id="markable_407" span="word_5883" coref_class="empty" category="time" mmax_level="coref"  rule="none"  type="none"/>
<markable id="markable_408" span="word_5911" coref_class="empty" category="time" mmax_level="coref"  rule="none"  type="none"/>
<markable id="markable_409" span="word_5919..word_5920" coref_class="empty" category="person" mmax_level="coref"  rule="none"  type="none"/>
<markable id="markable_410" span="word_5922" coref_class="empty" category="time" mmax_level="coref"  rule="none"  type="none"/>
<markable id="markable_411" span="word_5928..word_5931" coref_class="empty" category="time" mmax_level="coref"  rule="none"  type="none"/>
<markable id="markable_412" span="word_5932..word_5935" coref_class="empty" category="organization" mmax_level="coref"  rule="none"  type="none"/>
<markable id="markable_413" span="word_5948..word_5949" coref_class="empty" category="person" mmax_level="coref"  rule="none"  type="none"/>
<markable id="markable_414" span="word_5953" coref_class="empty" category="location" mmax_level="coref"  rule="none"  type="none"/>
<markable id="markable_415" span="word_5955" coref_class="empty" category="location" mmax_level="coref"  rule="none"  type="none"/>
<markable id="markable_416" span="word_5957..word_5959" coref_class="empty" category="location" mmax_level="coref"  rule="none"  type="none"/>
<markable id="markable_417" span="word_5964..word_5965" coref_class="empty" category="person" mmax_level="coref"  rule="none"  type="none"/>
<markable id="markable_418" span="word_5968" coref_class="empty" category="location" mmax_level="coref"  rule="none"  type="none"/>
<markable id="markable_419" span="word_5977..word_5980" coref_class="empty" category="location" mmax_level="coref"  rule="none"  type="none"/>
<markable id="markable_420" span="word_5988" coref_class="empty" category="location" mmax_level="coref"  rule="none"  type="none"/>
<markable id="markable_421" span="word_5990" coref_class="empty" category="location" mmax_level="coref"  rule="none"  type="none"/>
<markable id="markable_422" span="word_6001" coref_class="empty" category="location" mmax_level="coref"  rule="none"  type="none"/>
<markable id="markable_423" span="word_6013..word_6014" coref_class="empty" category="time" mmax_level="coref"  rule="none"  type="none"/>
<markable id="markable_424" span="word_6103..word_6104" coref_class="empty" category="person" mmax_level="coref"  rule="none"  type="none"/>
</markables>