<?xml version="1.0" encoding="UTF-8"?>
<!DOCTYPE words SYSTEM "words.dtd">
<words><word id="word_1">Kazahi</word>
<word id="word_2">cielē</word>
<word id="word_3">uz</word>
<word id="word_4">Latvijas</word>
<word id="word_5">ostām</word>
<word id="word_6">un</word>
<word id="word_7">grib</word>
<word id="word_8">vest</word>
<word id="word_9">Ķīnas</word>
<word id="word_10">preces</word>
<word id="word_11">(</word>
<word id="word_12">100</word>
<word id="word_13">)</word>
<word id="word_14">Kazahstānas</word>
<word id="word_15">strauji</word>
<word id="word_16">augošā</word>
<word id="word_17">ekonomika</word>
<word id="word_18">un</word>
<word id="word_19">milzu</word>
<word id="word_20">tirgus</word>
<word id="word_21">ar</word>
<word id="word_22">lielu</word>
<word id="word_23">interesi</word>
<word id="word_24">raugās</word>
<word id="word_25">uz</word>
<word id="word_26">Latviju</word>
<word id="word_27">un</word>
<word id="word_28">tās</word>
<word id="word_29">ostām</word>
<word id="word_30">kā</word>
<word id="word_31">nozīmīgu</word>
<word id="word_32">tranzīta</word>
<word id="word_33">punktu</word>
<word id="word_34">kravām</word>
<word id="word_35">no</word>
<word id="word_36">Ķīnas</word>
<word id="word_37">un</word>
<word id="word_38">citām</word>
<word id="word_39">reģiona</word>
<word id="word_40">valstīm</word>
<word id="word_41">,</word>
<word id="word_42">liecina</word>
<word id="word_43">Latvijas</word>
<word id="word_44">valsts</word>
<word id="word_45">prezidenta</word>
<word id="word_46">Andra</word>
<word id="word_47">Bērziņa</word>
<word id="word_48">oficiālās</word>
<word id="word_49">vizītes</word>
<word id="word_50">laika</word>
<word id="word_51">izskanējušās</word>
<word id="word_52">atziņas</word>
<word id="word_53">.</word>
<word id="word_54">Kazahstānas</word>
<word id="word_55">prezidents</word>
<word id="word_56">Nursultāns</word>
<word id="word_57">Nazarbajevs</word>
<word id="word_58">pēc</word>
<word id="word_59">tikšanās</word>
<word id="word_60">ar</word>
<word id="word_61">Bērziņu</word>
<word id="word_62">žurnālistiem</word>
<word id="word_63">pauda</word>
<word id="word_64">,</word>
<word id="word_65">ka</word>
<word id="word_66">saskata</word>
<word id="word_67">lielu</word>
<word id="word_68">potenciālu</word>
<word id="word_69">Kazahstānas</word>
<word id="word_70">kravu</word>
<word id="word_71">izejai</word>
<word id="word_72">uz</word>
<word id="word_73">Baltijas</word>
<word id="word_74">ostām</word>
<word id="word_75">.</word>
<word id="word_76">Viņš</word>
<word id="word_77">uzvēra</word>
<word id="word_78">,</word>
<word id="word_79">ka</word>
<word id="word_80">kravas</word>
<word id="word_81">tranzīta</word>
<word id="word_82">ceļa</word>
<word id="word_83">izveide</word>
<word id="word_84">varētu</word>
<word id="word_85">būt</word>
<word id="word_86">labs</word>
<word id="word_87">potenciāls</word>
<word id="word_88">Latvijas</word>
<word id="word_89">un</word>
<word id="word_90">Kazahstānas</word>
<word id="word_91">kopīgajai</word>
<word id="word_92">uzņēmējdarbībai</word>
<word id="word_93">,</word>
<word id="word_94">jo</word>
<word id="word_95">pa</word>
<word id="word_96">dzelzceļu</word>
<word id="word_97">kravas</word>
<word id="word_98">no</word>
<word id="word_99">Ķīnas</word>
<word id="word_100">uz</word>
<word id="word_101">Baltijas</word>
<word id="word_102">ostām</word>
<word id="word_103">ceļos</word>
<word id="word_104">45</word>
<word id="word_105">dienas</word>
<word id="word_106">,</word>
<word id="word_107">nevis</word>
<word id="word_108">22</word>
<word id="word_109">nedēļas</word>
<word id="word_110">kā</word>
<word id="word_111">ar</word>
<word id="word_112">kuģiem</word>
<word id="word_113">.</word>
<word id="word_114">Nazarbajevs</word>
<word id="word_115">atgādināja</word>
<word id="word_116">,</word>
<word id="word_117">ka</word>
<word id="word_118">dažas</word>
<word id="word_119">konteinera</word>
<word id="word_120">kravas</word>
<word id="word_121">izmēģinājuma</word>
<word id="word_122">režīmā</word>
<word id="word_123">jau</word>
<word id="word_124">ceļojušas</word>
<word id="word_125">uz</word>
<word id="word_126">Latviju</word>
<word id="word_127">.</word>
<word id="word_128">Latvijai</word>
<word id="word_129">jāprot</word>
<word id="word_130">atrast</word>
<word id="word_131">sava</word>
<word id="word_132">vieta</word>
<word id="word_133">Kazahstānas</word>
<word id="word_134">ekonomisko</word>
<word id="word_135">sadarbības</word>
<word id="word_136">partneru</word>
<word id="word_137">pulkā</word>
<word id="word_138">,</word>
<word id="word_139">piesaistot</word>
<word id="word_140">Kazahstānas</word>
<word id="word_141">un</word>
<word id="word_142">tās</word>
<word id="word_143">tranzītkravas</word>
<word id="word_144">Latvijas</word>
<word id="word_145">ostām</word>
<word id="word_146">,</word>
<word id="word_147">jo</word>
<word id="word_148">pat</word>
<word id="word_149">2</word>
<word id="word_150">%</word>
<word id="word_151">no</word>
<word id="word_152">šī</word>
<word id="word_153">apgrozījuma</word>
<word id="word_154">būtu</word>
<word id="word_155">nozīmīgs</word>
<word id="word_156">ieguvums</word>
<word id="word_157">,</word>
<word id="word_158">tā</word>
<word id="word_159">oficiālās</word>
<word id="word_160">vizītes</word>
<word id="word_161">laikā</word>
<word id="word_162">Kazahstānā</word>
<word id="word_163">atzina</word>
<word id="word_164">Latvijas</word>
<word id="word_165">valsts</word>
<word id="word_166">prezidents</word>
<word id="word_167">Andris</word>
<word id="word_168">Bērziņš</word>
<word id="word_169">.</word>
<word id="word_170">Viņš</word>
<word id="word_171">žurnālistiem</word>
<word id="word_172">pastāstīja</word>
<word id="word_173">,</word>
<word id="word_174">ka</word>
<word id="word_175">Kazahstānai</word>
<word id="word_176">ir</word>
<word id="word_177">lieli</word>
<word id="word_178">izaugsmes</word>
<word id="word_179">plāni</word>
<word id="word_180">,</word>
<word id="word_181">tā</word>
<word id="word_182">attīsta</word>
<word id="word_183">sadarbību</word>
<word id="word_184">ar</word>
<word id="word_185">Ķīnu</word>
<word id="word_186">un</word>
<word id="word_187">piesaista</word>
<word id="word_188">tās</word>
<word id="word_189">tranzītkravas</word>
<word id="word_190">.</word>
<word id="word_191">&quot;</word>
<word id="word_192">Mums</word>
<word id="word_193">jāprot</word>
<word id="word_194">sava</word>
<word id="word_195">vieta</word>
<word id="word_196">atrast</word>
<word id="word_197">un</word>
<word id="word_198">paņemt</word>
<word id="word_199">,</word>
<word id="word_200">lai</word>
<word id="word_201">tas</word>
<word id="word_202">viss</word>
<word id="word_203">neaizietu</word>
<word id="word_204">uz</word>
<word id="word_205">Sanktpēterburgu</word>
<word id="word_206">,</word>
<word id="word_207">&quot;</word>
<word id="word_208">sacīja</word>
<word id="word_209">prezidents</word>
<word id="word_210">.</word>
<word id="word_211">Ja</word>
<word id="word_212">Latvija</word>
<word id="word_213">varēs</word>
<word id="word_214">paņemt</word>
<word id="word_215">2</word>
<word id="word_216">%</word>
<word id="word_217">no</word>
<word id="word_218">tā</word>
<word id="word_219">,</word>
<word id="word_220">tas</word>
<word id="word_221">būs</word>
<word id="word_222">liels</word>
<word id="word_223">ieguvums</word>
<word id="word_224">,</word>
<word id="word_225">uzskata</word>
<word id="word_226">prezidents</word>
<word id="word_227">.</word>
<word id="word_228">Prezidents</word>
<word id="word_229">arī</word>
<word id="word_230">norādīja</word>
<word id="word_231">,</word>
<word id="word_232">ka</word>
<word id="word_233">par</word>
<word id="word_234">ekonomisko</word>
<word id="word_235">sadarbību</word>
<word id="word_236">ar</word>
<word id="word_237">Kazahstānu</word>
<word id="word_238">interesi</word>
<word id="word_239">izrādījušas</word>
<word id="word_240">arī</word>
<word id="word_241">vairākas</word>
<word id="word_242">citas</word>
<word id="word_243">ES</word>
<word id="word_244">valstis</word>
<word id="word_245">,</word>
<word id="word_246">bet</word>
<word id="word_247">pašlaik</word>
<word id="word_248">no</word>
<word id="word_249">Baltijas</word>
<word id="word_250">reģiona</word>
<word id="word_251">valstīm</word>
<word id="word_252">Latvija</word>
<word id="word_253">ir</word>
<word id="word_254">aktīvākā</word>
<word id="word_255">.</word>
<word id="word_256">Taču</word>
<word id="word_257">viņš</word>
<word id="word_258">pauda</word>
<word id="word_259">,</word>
<word id="word_260">ka</word>
<word id="word_261">Latvijas</word>
<word id="word_262">uzņēmumi</word>
<word id="word_263">var</word>
<word id="word_264">būt</word>
<word id="word_265">pārāk</word>
<word id="word_266">mazi</word>
<word id="word_267">Kazahstānas</word>
<word id="word_268">pieprasījuma</word>
<word id="word_269">mērogiem</word>
<word id="word_270">,</word>
<word id="word_271">tāpēc</word>
<word id="word_272">tiem</word>
<word id="word_273">jādomā</word>
<word id="word_274">par</word>
<word id="word_275">kooperēšanos</word>
<word id="word_276">gan</word>
<word id="word_277">ar</word>
<word id="word_278">Latvijas</word>
<word id="word_279">,</word>
<word id="word_280">gan</word>
<word id="word_281">arī</word>
<word id="word_282">ar</word>
<word id="word_283">kaimiņu</word>
<word id="word_284">biznesmeņiem</word>
<word id="word_285">.</word>
<word id="word_286">&quot;</word>
<word id="word_287">Mājā</word>
<word id="word_288">pie</word>
<word id="word_289">tā</word>
<word id="word_290">jāstrādā</word>
<word id="word_291">,</word>
<word id="word_292">jo</word>
<word id="word_293">Kazahstānas</word>
<word id="word_294">izaugsme</word>
<word id="word_295">būs</word>
<word id="word_296">liela</word>
<word id="word_297">,</word>
<word id="word_298">un</word>
<word id="word_299">daļa</word>
<word id="word_300">no</word>
<word id="word_301">tās</word>
<word id="word_302">jāpaņem</word>
<word id="word_303">,</word>
<word id="word_304">&quot;</word>
<word id="word_305">sacīja</word>
<word id="word_306">prezidents</word>
<word id="word_307">.</word>
<word id="word_308">Viņš</word>
<word id="word_309">arī</word>
<word id="word_310">atzīmēja</word>
<word id="word_311">,</word>
<word id="word_312">ka</word>
<word id="word_313">šī</word>
<word id="word_314">vīzīte</word>
<word id="word_315">palīdz</word>
<word id="word_316">&quot;</word>
<word id="word_317">iekustināt</word>
<word id="word_318">šīs</word>
<word id="word_319">lietas</word>
<word id="word_320">,</word>
<word id="word_321">jo</word>
<word id="word_322">tās</word>
<word id="word_323">neviens</word>
<word id="word_324">klāt</word>
<word id="word_325">nenesīs</word>
<word id="word_326">&quot;</word>
<word id="word_327">.</word>
<word id="word_328">Bērziņš</word>
<word id="word_329">arī</word>
<word id="word_330">sacīja</word>
<word id="word_331">,</word>
<word id="word_332">ka</word>
<word id="word_333">ar</word>
<word id="word_334">Kazahstānas</word>
<word id="word_335">prezidentu</word>
<word id="word_336">Nazarbajevu</word>
<word id="word_337">apspriedis</word>
<word id="word_338">sadarbības</word>
<word id="word_339">veicināšanai</word>
<word id="word_340">nepieciešamos</word>
<word id="word_341">soļus</word>
<word id="word_342">,</word>
<word id="word_343">piemēram</word>
<word id="word_344">,</word>
<word id="word_345">gaisa</word>
<word id="word_346">satiksmes</word>
<word id="word_347">atklāšanu</word>
<word id="word_348">,</word>
<word id="word_349">Latvijas</word>
<word id="word_350">ekonomiskā</word>
<word id="word_351">atašeja</word>
<word id="word_352">amata</word>
<word id="word_353">ieviešanu</word>
<word id="word_354">Latvijas</word>
<word id="word_355">vēstniecībā</word>
<word id="word_356">Kazahstānā</word>
<word id="word_357">.</word>
<word id="word_358">Latvijas</word>
<word id="word_359">ekonomikas</word>
<word id="word_360">ministrs</word>
<word id="word_361">Daniels</word>
<word id="word_362">Pavļuts</word>
<word id="word_363">portālam</word>
<word id="word_364">&quot;</word>
<word id="word_365">Delfi</word>
<word id="word_366">&quot;</word>
<word id="word_367">atzina</word>
<word id="word_368">,</word>
<word id="word_369">ka</word>
<word id="word_370">pēc</word>
<word id="word_371">oficiālās</word>
<word id="word_372">vizītes</word>
<word id="word_373">galvenais</word>
<word id="word_374">&quot;</word>
<word id="word_375">sausais</word>
<word id="word_376">atlikums</word>
<word id="word_377">&quot;</word>
<word id="word_378">ir</word>
<word id="word_379">attiecību</word>
<word id="word_380">veidošana</word>
<word id="word_381">un</word>
<word id="word_382">kontaktu</word>
<word id="word_383">dibināšana</word>
<word id="word_384">ne tikai</word>
<word id="word_385">prezidentu</word>
<word id="word_386">,</word>
<word id="word_387">bet arī</word>
<word id="word_388">ministriju</word>
<word id="word_389">un</word>
<word id="word_390">uzņēmēju</word>
<word id="word_391">līmenī</word>
<word id="word_392">.</word>
<word id="word_393">Ministrs</word>
<word id="word_394">atklāja</word>
<word id="word_395">,</word>
<word id="word_396">ka</word>
<word id="word_397">par</word>
<word id="word_398">dažiem</word>
<word id="word_399">darījumiem</word>
<word id="word_400">ir</word>
<word id="word_401">panākta</word>
<word id="word_402">vienošanās</word>
<word id="word_403">,</word>
<word id="word_404">taču</word>
<word id="word_405">konkrēti</word>
<word id="word_406">par</word>
<word id="word_407">tiem</word>
<word id="word_408">pagaidām</word>
<word id="word_409">ir</word>
<word id="word_410">pāragri</word>
<word id="word_411">runāt</word>
<word id="word_412">.</word>
<word id="word_413">Pavļuts</word>
<word id="word_414">pauda</word>
<word id="word_415">gandarījumu</word>
<word id="word_416">,</word>
<word id="word_417">ka</word>
<word id="word_418">Nazarbajevs</word>
<word id="word_419">pēc</word>
<word id="word_420">sarunām</word>
<word id="word_421">ar</word>
<word id="word_422">Latvijas</word>
<word id="word_423">prezidentu</word>
<word id="word_424">runāja</word>
<word id="word_425">par</word>
<word id="word_426">to</word>
<word id="word_427">,</word>
<word id="word_428">ko</word>
<word id="word_429">parasti</word>
<word id="word_430">stāsta</word>
<word id="word_431">LIAA</word>
<word id="word_432">–</word>
<word id="word_433">par</word>
<word id="word_434">Latvijas</word>
<word id="word_435">ostām</word>
<word id="word_436">un</word>
<word id="word_437">kravas</word>
<word id="word_438">transzītceļa</word>
<word id="word_439">izdevīgumu</word>
<word id="word_440">.</word>
<word id="word_441">Kazahstānas</word>
<word id="word_442">premjers</word>
<word id="word_443">Seriks</word>
<word id="word_444">Akhmetovs</word>
<word id="word_445">biznesa</word>
<word id="word_446">foruma</word>
<word id="word_447">klāstīja</word>
<word id="word_448">,</word>
<word id="word_449">ka</word>
<word id="word_450">pašlaik</word>
<word id="word_451">Latvijas</word>
<word id="word_452">un</word>
<word id="word_453">Kazahstānas</word>
<word id="word_454">kopējais</word>
<word id="word_455">tirdzniecības</word>
<word id="word_456">apgrozījums</word>
<word id="word_457">ir</word>
<word id="word_458">350</word>
<word id="word_459">miljoni</word>
<word id="word_460">dolāru</word>
<word id="word_461">un</word>
<word id="word_462">to</word>
<word id="word_463">varētu</word>
<word id="word_464">trīskāršot</word>
<word id="word_465">.</word>
<word id="word_466">Pavļuts</word>
<word id="word_467">sacīja</word>
<word id="word_468">,</word>
<word id="word_469">ka</word>
<word id="word_470">statistikas</word>
<word id="word_471">atšķiras</word>
<word id="word_472">,</word>
<word id="word_473">un</word>
<word id="word_474">pēc</word>
<word id="word_475">Latvijas</word>
<word id="word_476">datiem</word>
<word id="word_477">apgrozījums</word>
<word id="word_478">ir</word>
<word id="word_479">214</word>
<word id="word_480">miljoni</word>
<word id="word_481">,</word>
<word id="word_482">taču</word>
<word id="word_483">to</word>
<word id="word_484">tuvākajos</word>
<word id="word_485">gados</word>
<word id="word_486">varētu</word>
<word id="word_487">ievērojami</word>
<word id="word_488">palielināt</word>
<word id="word_489">.</word>
<word id="word_490">Tāpat</word>
<word id="word_491">Kazahstānai</word>
<word id="word_492">ir</word>
<word id="word_493">interese</word>
<word id="word_494">attīstīt</word>
<word id="word_495">tūrisma</word>
<word id="word_496">jomu</word>
<word id="word_497">un</word>
<word id="word_498">pārtikas</word>
<word id="word_499">pārstrādi</word>
<word id="word_500">,</word>
<word id="word_501">un</word>
<word id="word_502">Latvija</word>
<word id="word_503">varētu</word>
<word id="word_504">dalīties</word>
<word id="word_505">ar</word>
<word id="word_506">savu</word>
<word id="word_507">pieredzi</word>
<word id="word_508">.</word>
<word id="word_509">Jau</word>
<word id="word_510">vēstīts</word>
<word id="word_511">,</word>
<word id="word_512">ka</word>
<word id="word_513">Valsts</word>
<word id="word_514">prezidents</word>
<word id="word_515">Andris</word>
<word id="word_516">Bērziņš</word>
<word id="word_517">svētdien</word>
<word id="word_518">uzsāka</word>
<word id="word_519">oficiālo</word>
<word id="word_520">vizīti</word>
<word id="word_521">Kazahstānā</word>
<word id="word_522">.</word>
</words>