<?xml version="1.0" encoding="UTF-8"?>
<!DOCTYPE words SYSTEM "words.dtd">
<words><word id="word_1">Arhitekts</word>
<word id="word_2">Ēku</word>
<word id="word_3">būvinženieris</word>
<word id="word_4">Transportbūvju</word>
<word id="word_5">būvinženieris</word>
<word id="word_6">Siltuma</word>
<word id="word_7">un</word>
<word id="word_8">gāzes</word>
<word id="word_9">tehnoloģijas</word>
<word id="word_10">būvinženieris</word>
<word id="word_11">Ūdens</word>
<word id="word_12">tehnoloģijas</word>
<word id="word_13">būvinženieris</word>
<word id="word_14">Hidrotehnisko</word>
<word id="word_15">būvju</word>
<word id="word_16">būvinženieris</word>
<word id="word_17">Būvtehniķis</word>
<word id="word_18">Ģeotehniķis</word>
<word id="word_19">Motocikla</word>
<word id="word_20">vadītājs</word>
<word id="word_21">Automobiļa</word>
<word id="word_22">vadītājs</word>
<word id="word_23">Traktortehnikas</word>
<word id="word_24">vadītājs</word>
<word id="word_25">Bīstamu</word>
<word id="word_26">kravu</word>
<word id="word_27">pārvadāšanas</word>
<word id="word_28">transportlīdzekļa</word>
<word id="word_29">vadītājs</word>
<word id="word_30">Autoskolas</word>
<word id="word_31">teorētisko</word>
<word id="word_32">priekšmetu</word>
<word id="word_33">pasniedzējs</word>
<word id="word_34">Autoskolas</word>
<word id="word_35">praktiskās</word>
<word id="word_36">braukšanas</word>
<word id="word_37">instruktors</word>
<word id="word_38">Bīstamu</word>
<word id="word_39">kravu</word>
<word id="word_40">pārvadāšanas</word>
<word id="word_41">transportlīdzekļu</word>
<word id="word_42">vadītāju</word>
<word id="word_43">apmācības</word>
<word id="word_44">pasniedzējs</word>
<word id="word_45">Transportlīdzekļu</word>
<word id="word_46">tehniskās</word>
<word id="word_47">kontroles</word>
<word id="word_48">inspektors</word>
<word id="word_49">Vilces</word>
<word id="word_50">līdzekļa</word>
<word id="word_51">vadītājs</word>
<word id="word_52">instruktors</word>
<word id="word_53">Kapteinis</word>
<word id="word_54">Stūrmanis</word>
<word id="word_55">Mehāniķis</word>
<word id="word_56">Operators-radiotelefonists</word>
<word id="word_57">GMDSS</word>
<word id="word_58">operators</word>
<word id="word_59">Radioelektroniķis</word>
<word id="word_60">Navigācijas</word>
<word id="word_61">iekārtu</word>
<word id="word_62">inženieris</word>
<word id="word_63">Junga</word>
<word id="word_64">Matrozis</word>
<word id="word_65">Bocmanis</word>
<word id="word_66">Kuģa</word>
<word id="word_67">motorists</word>
<word id="word_68">Sūkņu</word>
<word id="word_69">mašīnists</word>
<word id="word_70">Kuģu</word>
<word id="word_71">elektriķis</word>
<word id="word_72">Kuģu</word>
<word id="word_73">saldēšanas</word>
<word id="word_74">iekārtu</word>
<word id="word_75">mašīnists</word>
<word id="word_76">Matrozis</word>
<word id="word_77">tauvotājs</word>
<word id="word_78">Jūrnieku</word>
<word id="word_79">kompetences</word>
<word id="word_80">atbilstības</word>
<word id="word_81">vērtētājs</word>
<word id="word_82">Kuģu</word>
<word id="word_83">locis</word>
<word id="word_84">Kuģu</word>
<word id="word_85">satiksmes</word>
<word id="word_86">operators</word>
<word id="word_87">Surveijers</word>
<word id="word_88">Lidmašīnas</word>
<word id="word_89">privātpilots</word>
<word id="word_90">Lidmašīnas</word>
<word id="word_91">komercpilots</word>
<word id="word_92">Aviolīniju</word>
<word id="word_93">transporta</word>
<word id="word_94">lidmašīnas</word>
<word id="word_95">pilots</word>
<word id="word_96">Aviācijas</word>
<word id="word_97">instruktors</word>
<word id="word_98">Helikoptera</word>
<word id="word_99">privātpilots</word>
<word id="word_100">Helikoptera</word>
<word id="word_101">komercpilots</word>
<word id="word_102">Aviolīniju</word>
<word id="word_103">transporta</word>
<word id="word_104">helikoptera</word>
<word id="word_105">pilots</word>
<word id="word_106">Aviācijas</word>
<word id="word_107">instruktors</word>
<word id="word_108">Planiera</word>
<word id="word_109">pilots</word>
<word id="word_110">Aviācijas</word>
<word id="word_111">instruktors</word>
<word id="word_112">Gaisa</word>
<word id="word_113">balona</word>
<word id="word_114">pilots</word>
<word id="word_115">Aviācijas</word>
<word id="word_116">instruktors</word>
<word id="word_117">Stūrmanis</word>
<word id="word_118">Lidotājs</word>
<word id="word_119">inženieris</word>
<word id="word_120">Gaisa</word>
<word id="word_121">satiksmes</word>
<word id="word_122">vadības</word>
<word id="word_123">dispečers</word>
<word id="word_124">Aviodrošības</word>
<word id="word_125">dienesta</word>
<word id="word_126">darbinieks</word>
<word id="word_127">L</word>
<word id="word_128">ī</word>
<word id="word_129">n</word>
<word id="word_130">i</word>
<word id="word_131">j</word>
<word id="word_132">a</word>
<word id="word_133">s</word>
<word id="word_134"> </word>
<word id="word_135">tehniskās</word>
<word id="word_136">apkopes</word>
<word id="word_137">sertificējošais</word>
<word id="word_138">mehāniķis</word>
<word id="word_139">Veterinārārsts</word>
<word id="word_140">Personas</word>
<word id="word_141">,</word>
<word id="word_142">kuras</word>
<word id="word_143">veic</word>
<word id="word_144">dažādu</word>
<word id="word_145">sugu</word>
<word id="word_146">dzīvnieku</word>
<word id="word_147">vērtēšanu</word>
<word id="word_148">un</word>
<word id="word_149">kontrolvērtēšanu</word>
<word id="word_150">,</word>
<word id="word_151">dzīvnieku</word>
<word id="word_152">pārraudzību</word>
<word id="word_153">,</word>
<word id="word_154">mākslīgo</word>
<word id="word_155">apsēklošanu</word>
<word id="word_156">un</word>
<word id="word_157">embriju</word>
<word id="word_158">pārstādīšanu</word>
<word id="word_159">,</word>
<word id="word_160">vaislinieku</word>
<word id="word_161">bioprodukta</word>
<word id="word_162">un</word>
<word id="word_163">embriju</word>
<word id="word_164">realizāciju</word>
<word id="word_165">,</word>
<word id="word_166">kā_arī</word>
<word id="word_167">šķirnes</word>
<word id="word_168">materiāla</word>
<word id="word_169">ievešanu</word>
<word id="word_170">un</word>
<word id="word_171">izvešanu</word>
<word id="word_172">Pirmsskolas</word>
<word id="word_173">izglītības</word>
<word id="word_174">p</word>
<word id="word_175">e</word>
<word id="word_176">d</word>
<word id="word_177">a</word>
<word id="word_178">g</word>
<word id="word_179">o</word>
<word id="word_180">g</word>
<word id="word_181">s</word>
<word id="word_182"> </word>
<word id="word_183"> </word>
<word id="word_184"> </word>
<word id="word_185"> </word>
<word id="word_186">Pirmsskolas</word>
<word id="word_187">s</word>
<word id="word_188">p</word>
<word id="word_189">e</word>
<word id="word_190">c</word>
<word id="word_191">i</word>
<word id="word_192">ā</word>
<word id="word_193">l</word>
<word id="word_194">ā</word>
<word id="word_195">s</word>
<word id="word_196"> </word>
<word id="word_197">izglītības</word>
<word id="word_198">pedagogs</word>
<word id="word_199">Pamatizglītības</word>
<word id="word_200">pedagogs</word>
<word id="word_201">Speciālās</word>
<word id="word_202">izglītības</word>
<word id="word_203">pedagogs</word>
<word id="word_204">Vispārējās</word>
<word id="word_205">v</word>
<word id="word_206">i</word>
<word id="word_207">d</word>
<word id="word_208">ē</word>
<word id="word_209">j</word>
<word id="word_210">ā</word>
<word id="word_211">s</word>
<word id="word_212"> </word>
<word id="word_213"> </word>
<word id="word_214"> </word>
<word id="word_215"> </word>
<word id="word_216">izglītības</word>
<word id="word_217">pedagogs</word>
<word id="word_218">Profesionālās</word>
<word id="word_219">vidējās</word>
<word id="word_220">izglītības</word>
<word id="word_221">pedagogs</word>
<word id="word_222">Profesionālās</word>
<word id="word_223">a</word>
<word id="word_224">u</word>
<word id="word_225">g</word>
<word id="word_226">s</word>
<word id="word_227">t</word>
<word id="word_228">ā</word>
<word id="word_229">k</word>
<word id="word_230">ā</word>
<word id="word_231">s</word>
<word id="word_232"> </word>
<word id="word_233"> </word>
<word id="word_234">izglītības</word>
<word id="word_235">pedagogs</word>
<word id="word_236">Augstskolu</word>
<word id="word_237">akadēmiskais</word>
<word id="word_238">personāls</word>
<word id="word_239">Zinātnisko</word>
<word id="word_240">iestāžu</word>
<word id="word_241">akadēmiskā</word>
<word id="word_242">personāla</word>
<word id="word_243">profesijas</word>
<word id="word_244">Elektroinženieris</word>
<word id="word_245">Elektromontieris</word>
<word id="word_246">Elektrotehniķis</word>
<word id="word_247">Zvērināts</word>
<word id="word_248">notārs</word>
<word id="word_249">Zvērināta</word>
<word id="word_250">notāra</word>
<word id="word_251">kandidāts</word>
<word id="word_252">Advokāts</word>
<word id="word_253">Zvērināts</word>
<word id="word_254">revidents</word>
<word id="word_255">Zvērināts</word>
<word id="word_256">mērnieks</word>
<word id="word_257">Nekustamā</word>
<word id="word_258">īpašuma</word>
<word id="word_259">vērtētājs</word>
<word id="word_260">Farmaceits</word>
<word id="word_261">Optometrists</word>
<word id="word_262">Internists</word>
<word id="word_263">Ķirurgs</word>
<word id="word_264">Neiroķirurgs</word>
<word id="word_265">Torakālais</word>
<word id="word_266">ķirurgs</word>
<word id="word_267">Sirds</word>
<word id="word_268">ķirurgs</word>
<word id="word_269">Asinsvadu</word>
<word id="word_270">ķirurgs</word>
<word id="word_271">Urologs</word>
<word id="word_272">Plastiskais</word>
<word id="word_273">ķirurgs</word>
<word id="word_274">Transplantologs</word>
<word id="word_275">Ambulatorais</word>
<word id="word_276">ķirurgs</word>
<word id="word_277">Bērnu</word>
<word id="word_278">ķirurgs</word>
<word id="word_279">Traumatologs</word>
<word id="word_280">,</word>
<word id="word_281">ortopēds</word>
<word id="word_282">Ginekologs</word>
<word id="word_283">,</word>
<word id="word_284">dzemdību</word>
<word id="word_285">speciālists</word>
<word id="word_286">Pediatrs</word>
<word id="word_287">Onkologs</word>
<word id="word_288">Hematologs</word>
<word id="word_289">Anesteziologs</word>
<word id="word_290">,</word>
<word id="word_291">reanimatologs</word>
<word id="word_292">Psihiatrs</word>
<word id="word_293">Neirologs</word>
<word id="word_294">Bērnu</word>
<word id="word_295">neirologs</word>
<word id="word_296">Oftalmologs</word>
<word id="word_297">Otolaringologs</word>
<word id="word_298">Infektologs</word>
<word id="word_299">Dermatologs</word>
<word id="word_300">,</word>
<word id="word_301">venerologs</word>
<word id="word_302">Narkologs</word>
<word id="word_303">Laboratorijas</word>
<word id="word_304">ārsts</word>
<word id="word_305">Higiēnists</word>
<word id="word_306">Radiologs</word>
<word id="word_307">terapeits</word>
<word id="word_308">Radiologs</word>
<word id="word_309">diagnosts</word>
<word id="word_310">Patologs</word>
<word id="word_311">Tiesu</word>
<word id="word_312">medicīnas</word>
<word id="word_313">eksperts</word>
<word id="word_314">Arodslimību</word>
<word id="word_315">ārsts</word>
<word id="word_316">Sporta</word>
<word id="word_317">ārsts</word>
<word id="word_318">Rehabilitologs</word>
<word id="word_319">Fizikālās</word>
<word id="word_320">medicīnas</word>
<word id="word_321">ārsts</word>
<word id="word_322">Neatliekamās</word>
<word id="word_323">palīdzības</word>
<word id="word_324">ārsts</word>
<word id="word_325">Katastrofu</word>
<word id="word_326">medicīnas</word>
<word id="word_327">ārsts</word>
<word id="word_328">Veselības</word>
<word id="word_329">aprūpes</word>
<word id="word_330">ārsts</word>
<word id="word_331">Psihoterapeits</word>
<word id="word_332">Epidemiologs</word>
<word id="word_333">Ģenētiķis</word>
<word id="word_334">Transfuziologs</word>
<word id="word_335">Veselības</word>
<word id="word_336">aprūpes</word>
<word id="word_337">vadītājs</word>
<word id="word_338">Zobārsts</word>
<word id="word_339">Mutes</word>
<word id="word_340">,</word>
<word id="word_341">sejas</word>
<word id="word_342">un</word>
<word id="word_343">žokļu</word>
<word id="word_344">ķirurgs</word>
<word id="word_345">Medicīnas</word>
<word id="word_346">māsa</word>
<word id="word_347">Ambulatorās</word>
<word id="word_348">medicīnas</word>
<word id="word_349">māsa</word>
<word id="word_350">Bērnu</word>
<word id="word_351">māsa</word>
<word id="word_352">Dermatoveneroloģijas</word>
<word id="word_353">māsa</word>
<word id="word_354">Diabetoloģijas</word>
<word id="word_355">un</word>
<word id="word_356">endokrinoloģijas</word>
<word id="word_357">māsa</word>
<word id="word_358">Diētas</word>
<word id="word_359">māsa</word>
<word id="word_360">Endoskopijas</word>
<word id="word_361">māsa</word>
<word id="word_362">Fizikālās</word>
<word id="word_363">terapijas</word>
<word id="word_364">māsa</word>
<word id="word_365">Ftiziopulmonoloģijas</word>
<word id="word_366">māsa</word>
<word id="word_367">Funkcionālās</word>
<word id="word_368">diagnostikas</word>
<word id="word_369">māsa</word>
<word id="word_370">Ginekoloģijas</word>
<word id="word_371">māsa</word>
<word id="word_372">Infektoloģijas</word>
<word id="word_373">māsa</word>
<word id="word_374">Intensīvās</word>
<word id="word_375">terapijas</word>
<word id="word_376">un</word>
<word id="word_377">anestēzijas</word>
<word id="word_378">māsa</word>
<word id="word_379">Ķirurģijas</word>
<word id="word_380">māsa</word>
<word id="word_381">Medicīnas</word>
<word id="word_382">māsa</word>
<word id="word_383">Narkoloģijas</word>
<word id="word_384">māsa</word>
<word id="word_385">Neatliekamās</word>
<word id="word_386">palīdzības</word>
<word id="word_387">māsa</word>
<word id="word_388">Neiroķirurģijas</word>
<word id="word_389">māsa</word>
<word id="word_390">Neiroloģijas</word>
<word id="word_391">māsa</word>
<word id="word_392">Oftalmoloģijas</word>
<word id="word_393">māsa</word>
<word id="word_394">Onkoloģijas</word>
<word id="word_395">māsa</word>
<word id="word_396">Operāciju</word>
<word id="word_397">māsa</word>
<word id="word_398">Pirmsskolas</word>
<word id="word_399">iestāžu</word>
<word id="word_400">un</word>
<word id="word_401">skolu</word>
<word id="word_402">māsa</word>
<word id="word_403">Psihiatrijas</word>
<word id="word_404">māsa</word>
<word id="word_405">Rentgenoloģijas</word>
<word id="word_406">un</word>
<word id="word_407">radioloģijas</word>
<word id="word_408">māsa</word>
<word id="word_409">Sabiedrības</word>
<word id="word_410">veselības</word>
<word id="word_411">māsa</word>
<word id="word_412">Terapijas</word>
<word id="word_413">māsa</word>
<word id="word_414">Transfuzioloģijas</word>
<word id="word_415">māsa</word>
<word id="word_416">Traumatoloģijas</word>
<word id="word_417">un</word>
<word id="word_418">ortopēdijas</word>
<word id="word_419">māsa</word>
<word id="word_420">Zobārstniecības</word>
<word id="word_421">māsa</word>
<word id="word_422">Medicīnas</word>
<word id="word_423">māsas</word>
<word id="word_424">palīgs</word>
<word id="word_425">Vecmāte</word>
<word id="word_426">Neatliekamās</word>
<word id="word_427">palīdzības</word>
<word id="word_428">feldšeris</word>
<word id="word_429">Ambulatorā</word>
<word id="word_430">dienesta</word>
<word id="word_431">feldšeris</word>
<word id="word_432">Farmaceita</word>
<word id="word_433">asistents</word>
<word id="word_434">Biomedicīnas</word>
<word id="word_435">laborants</word>
<word id="word_436">Zobu</word>
<word id="word_437">tehniķis</word>
<word id="word_438">Zobārsta</word>
<word id="word_439">asistents</word>
<word id="word_440">Zobu</word>
<word id="word_441">higiēnists</word>
<word id="word_442">Fizioterapeits</word>
<word id="word_443">Ergoterapeits</word>
<word id="word_444">Fizioterapeita</word>
<word id="word_445">asistents</word>
<word id="word_446">Ergoterapeita</word>
<word id="word_447">asistents</word>
<word id="word_448">Reitterapeits</word>
<word id="word_449">Reitterapeita</word>
<word id="word_450">asistents</word>
<word id="word_451">Tehniskais</word>
<word id="word_452">ortopēds</word>
</words>