<?xml version="1.0" encoding="UTF-8"?>
<!DOCTYPE markables SYSTEM "markables.dtd">
<markables xmlns="www.eml.org/NameSpaces/coref">
<markable coref_class="empty" category="profession" mmax_level="coref"  rule="none"  type="none" id="markable_1" span="word_1" />
<markable coref_class="empty" category="profession" mmax_level="coref"  rule="none"  type="none" id="markable_2" span="word_2..word_3" />
<markable coref_class="empty" category="profession" mmax_level="coref"  rule="none"  type="none" id="markable_3" span="word_4..word_5" />
<markable coref_class="empty" category="profession" mmax_level="coref"  rule="none"  type="none" id="markable_4" span="word_6..word_10" />
<markable coref_class="empty" category="profession" mmax_level="coref"  rule="none"  type="none" id="markable_5" span="word_11..word_12" />
<markable coref_class="empty" category="profession" mmax_level="coref"  rule="none"  type="none" id="markable_6" span="word_13" />
<markable coref_class="empty" category="profession" mmax_level="coref"  rule="none"  type="none" id="markable_7" span="word_14..word_16" />
<markable coref_class="empty" category="profession" mmax_level="coref"  rule="none"  type="none" id="markable_8" span="word_17" />
<markable coref_class="empty" category="profession" mmax_level="coref"  rule="none"  type="none" id="markable_9" span="word_18" />
<markable coref_class="empty" category="profession" mmax_level="coref"  rule="none"  type="none" id="markable_10" span="word_19..word_20" />
<markable coref_class="empty" category="profession" mmax_level="coref"  rule="none"  type="none" id="markable_11" span="word_21..word_22" />
<markable coref_class="empty" category="profession" mmax_level="coref"  rule="none"  type="none" id="markable_12" span="word_23..word_24" />
<markable coref_class="empty" category="profession" mmax_level="coref"  rule="none"  type="none" id="markable_13" span="word_25..word_29" />
<markable coref_class="empty" category="profession" mmax_level="coref"  rule="none"  type="none" id="markable_14" span="word_30..word_33" />
<markable coref_class="empty" category="profession" mmax_level="coref"  rule="none"  type="none" id="markable_15" span="word_34..word_37" />
<markable coref_class="empty" category="profession" mmax_level="coref"  rule="none"  type="none" id="markable_16" span="word_38..word_44" />
<markable coref_class="empty" category="profession" mmax_level="coref"  rule="none"  type="none" id="markable_17" span="word_45..word_48" />
<markable coref_class="empty" category="profession" mmax_level="coref"  rule="none"  type="none" id="markable_18" span="word_49..word_52" />
<markable coref_class="empty" category="profession" mmax_level="coref"  rule="none"  type="none" id="markable_19" span="word_53" />
<markable coref_class="empty" category="profession" mmax_level="coref"  rule="none"  type="none" id="markable_20" span="word_54" />
<markable coref_class="empty" category="profession" mmax_level="coref"  rule="none"  type="none" id="markable_21" span="word_55" />
<markable coref_class="empty" category="profession" mmax_level="coref"  rule="none"  type="none" id="markable_22" span="word_56" />
<markable coref_class="empty" category="profession" mmax_level="coref"  rule="none"  type="none" id="markable_23" span="word_57..word_58" />
<markable coref_class="empty" category="profession" mmax_level="coref"  rule="none"  type="none" id="markable_24" span="word_59" />
<markable coref_class="empty" category="profession" mmax_level="coref"  rule="none"  type="none" id="markable_25" span="word_60..word_62" />
<markable coref_class="empty" category="profession" mmax_level="coref"  rule="none"  type="none" id="markable_26" span="word_63" />
<markable coref_class="empty" category="profession" mmax_level="coref"  rule="none"  type="none" id="markable_27" span="word_64" />
<markable coref_class="empty" category="profession" mmax_level="coref"  rule="none"  type="none" id="markable_28" span="word_65" />
<markable coref_class="empty" category="profession" mmax_level="coref"  rule="none"  type="none" id="markable_29" span="word_66..word_67" />
<markable coref_class="empty" category="profession" mmax_level="coref"  rule="none"  type="none" id="markable_30" span="word_68..word_69" />
<markable coref_class="empty" category="profession" mmax_level="coref"  rule="none"  type="none" id="markable_31" span="word_70..word_71" />
<markable coref_class="empty" category="profession" mmax_level="coref"  rule="none"  type="none" id="markable_32" span="word_72..word_75" />
<markable coref_class="empty" category="profession" mmax_level="coref"  rule="none"  type="none" id="markable_33" span="word_76..word_77" />
<markable coref_class="empty" category="profession" mmax_level="coref"  rule="none"  type="none" id="markable_34" span="word_78..word_81" />
<markable coref_class="empty" category="profession" mmax_level="coref"  rule="none"  type="none" id="markable_35" span="word_82..word_83" />
<markable coref_class="empty" category="profession" mmax_level="coref"  rule="none"  type="none" id="markable_36" span="word_84..word_86" />
<markable coref_class="empty" category="profession" mmax_level="coref"  rule="none"  type="none" id="markable_37" span="word_87" />
<markable coref_class="empty" category="profession" mmax_level="coref"  rule="none"  type="none" id="markable_38" span="word_88..word_89" />
<markable coref_class="empty" category="profession" mmax_level="coref"  rule="none"  type="none" id="markable_39" span="word_90..word_91" />
<markable coref_class="empty" category="profession" mmax_level="coref"  rule="none"  type="none" id="markable_40" span="word_92..word_95" />
<markable coref_class="empty" category="profession" mmax_level="coref"  rule="none"  type="none" id="markable_41" span="word_96..word_97" />
<markable coref_class="empty" category="profession" mmax_level="coref"  rule="none"  type="none" id="markable_42" span="word_98..word_99" />
<markable coref_class="empty" category="profession" mmax_level="coref"  rule="none"  type="none" id="markable_43" span="word_100..word_101" />
<markable coref_class="empty" category="profession" mmax_level="coref"  rule="none"  type="none" id="markable_44" span="word_102..word_105" />
<markable coref_class="empty" category="profession" mmax_level="coref"  rule="none"  type="none" id="markable_45" span="word_106..word_107" />
<markable coref_class="empty" category="profession" mmax_level="coref"  rule="none"  type="none" id="markable_46" span="word_108..word_109" />
<markable coref_class="empty" category="profession" mmax_level="coref"  rule="none"  type="none" id="markable_47" span="word_110..word_111" />
<markable coref_class="empty" category="profession" mmax_level="coref"  rule="none"  type="none" id="markable_48" span="word_112..word_114" />
<markable coref_class="empty" category="profession" mmax_level="coref"  rule="none"  type="none" id="markable_49" span="word_115..word_116" />
<markable coref_class="empty" category="profession" mmax_level="coref"  rule="none"  type="none" id="markable_50" span="word_117" />
<markable coref_class="empty" category="profession" mmax_level="coref"  rule="none"  type="none" id="markable_51" span="word_118..word_119" />
<markable coref_class="empty" category="profession" mmax_level="coref"  rule="none"  type="none" id="markable_52" span="word_120..word_123" />
<markable coref_class="empty" category="profession" mmax_level="coref"  rule="none"  type="none" id="markable_53" span="word_124..word_126" />
<markable coref_class="empty" category="profession" mmax_level="coref"  rule="none"  type="none" id="markable_54" span="word_127..word_138" />
<markable coref_class="empty" category="profession" mmax_level="coref"  rule="none"  type="none" id="markable_55" span="word_139" />
<markable coref_class="empty" category="profession" mmax_level="coref"  rule="none"  type="none" id="markable_56" span="word_140..word_171" />
<markable coref_class="empty" category="profession" mmax_level="coref"  rule="none"  type="none" id="markable_57" span="word_172..word_185" />
<markable coref_class="empty" category="profession" mmax_level="coref"  rule="none"  type="none" id="markable_58" span="word_186..word_198" />
<markable coref_class="empty" category="profession" mmax_level="coref"  rule="none"  type="none" id="markable_59" span="word_199..word_200" />
<markable coref_class="empty" category="profession" mmax_level="coref"  rule="none"  type="none" id="markable_60" span="word_201..word_203" />
<markable coref_class="empty" category="profession" mmax_level="coref"  rule="none"  type="none" id="markable_61" span="word_204..word_217" />
<markable coref_class="empty" category="profession" mmax_level="coref"  rule="none"  type="none" id="markable_62" span="word_218..word_221" />
<markable coref_class="empty" category="profession" mmax_level="coref"  rule="none"  type="none" id="markable_63" span="word_222..word_235" />
<markable coref_class="empty" category="profession" mmax_level="coref"  rule="none"  type="none" id="markable_64" span="word_236..word_238" />
<markable coref_class="empty" category="profession" mmax_level="coref"  rule="none"  type="none" id="markable_65" span="word_239..word_243" />
<markable coref_class="empty" category="profession" mmax_level="coref"  rule="none"  type="none" id="markable_66" span="word_244" />
<markable coref_class="empty" category="profession" mmax_level="coref"  rule="none"  type="none" id="markable_67" span="word_245" />
<markable coref_class="empty" category="profession" mmax_level="coref"  rule="none"  type="none" id="markable_68" span="word_246" />
<markable coref_class="empty" category="profession" mmax_level="coref"  rule="none"  type="none" id="markable_69" span="word_247..word_248" />
<markable coref_class="empty" category="profession" mmax_level="coref"  rule="none"  type="none" id="markable_70" span="word_249..word_251" />
<markable coref_class="empty" category="profession" mmax_level="coref"  rule="none"  type="none" id="markable_71" span="word_252" />
<markable coref_class="empty" category="profession" mmax_level="coref"  rule="none"  type="none" id="markable_72" span="word_253..word_254" />
<markable coref_class="empty" category="profession" mmax_level="coref"  rule="none"  type="none" id="markable_73" span="word_255..word_256" />
<markable coref_class="empty" category="profession" mmax_level="coref"  rule="none"  type="none" id="markable_74" span="word_257..word_259" />
<markable coref_class="empty" category="profession" mmax_level="coref"  rule="none"  type="none" id="markable_75" span="word_260" />
<markable coref_class="empty" category="profession" mmax_level="coref"  rule="none"  type="none" id="markable_76" span="word_261" />
<markable coref_class="empty" category="profession" mmax_level="coref"  rule="none"  type="none" id="markable_77" span="word_262" />
<markable coref_class="empty" category="profession" mmax_level="coref"  rule="none"  type="none" id="markable_78" span="word_263" />
<markable coref_class="empty" category="profession" mmax_level="coref"  rule="none"  type="none" id="markable_79" span="word_264" />
<markable coref_class="empty" category="profession" mmax_level="coref"  rule="none"  type="none" id="markable_80" span="word_265..word_266" />
<markable coref_class="empty" category="profession" mmax_level="coref"  rule="none"  type="none" id="markable_81" span="word_267..word_268" />
<markable coref_class="empty" category="profession" mmax_level="coref"  rule="none"  type="none" id="markable_82" span="word_269..word_270" />
<markable coref_class="empty" category="profession" mmax_level="coref"  rule="none"  type="none" id="markable_83" span="word_271" />
<markable coref_class="empty" category="profession" mmax_level="coref"  rule="none"  type="none" id="markable_84" span="word_272..word_273" />
<markable coref_class="empty" category="profession" mmax_level="coref"  rule="none"  type="none" id="markable_85" span="word_274" />
<markable coref_class="empty" category="profession" mmax_level="coref"  rule="none"  type="none" id="markable_86" span="word_275..word_276" />
<markable coref_class="empty" category="profession" mmax_level="coref"  rule="none"  type="none" id="markable_87" span="word_277..word_278" />
<markable coref_class="empty" category="profession" mmax_level="coref"  rule="none"  type="none" id="markable_88" span="word_279..word_281" />
<markable coref_class="empty" category="profession" mmax_level="coref"  rule="none"  type="none" id="markable_89" span="word_282..word_285" />
<markable coref_class="empty" category="profession" mmax_level="coref"  rule="none"  type="none" id="markable_90" span="word_286" />
<markable coref_class="empty" category="profession" mmax_level="coref"  rule="none"  type="none" id="markable_91" span="word_287" />
<markable coref_class="empty" category="profession" mmax_level="coref"  rule="none"  type="none" id="markable_92" span="word_288" />
<markable coref_class="empty" category="profession" mmax_level="coref"  rule="none"  type="none" id="markable_93" span="word_289..word_291" />
<markable coref_class="empty" category="profession" mmax_level="coref"  rule="none"  type="none" id="markable_94" span="word_292" />
<markable coref_class="empty" category="profession" mmax_level="coref"  rule="none"  type="none" id="markable_95" span="word_293" />
<markable coref_class="empty" category="profession" mmax_level="coref"  rule="none"  type="none" id="markable_96" span="word_294..word_295" />
<markable coref_class="empty" category="profession" mmax_level="coref"  rule="none"  type="none" id="markable_97" span="word_296" />
<markable coref_class="empty" category="profession" mmax_level="coref"  rule="none"  type="none" id="markable_98" span="word_297" />
<markable coref_class="empty" category="profession" mmax_level="coref"  rule="none"  type="none" id="markable_99" span="word_298" />
<markable coref_class="empty" category="profession" mmax_level="coref"  rule="none"  type="none" id="markable_100" span="word_299..word_301" />
<markable coref_class="empty" category="profession" mmax_level="coref"  rule="none"  type="none" id="markable_101" span="word_302" />
<markable coref_class="empty" category="profession" mmax_level="coref"  rule="none"  type="none" id="markable_102" span="word_303..word_304" />
<markable coref_class="empty" category="profession" mmax_level="coref"  rule="none"  type="none" id="markable_103" span="word_305" />
<markable coref_class="empty" category="profession" mmax_level="coref"  rule="none"  type="none" id="markable_104" span="word_306..word_307" />
<markable coref_class="empty" category="profession" mmax_level="coref"  rule="none"  type="none" id="markable_105" span="word_308..word_309" />
<markable coref_class="empty" category="profession" mmax_level="coref"  rule="none"  type="none" id="markable_106" span="word_310" />
<markable coref_class="empty" category="profession" mmax_level="coref"  rule="none"  type="none" id="markable_107" span="word_311..word_313" />
<markable coref_class="empty" category="profession" mmax_level="coref"  rule="none"  type="none" id="markable_108" span="word_314..word_315" />
<markable coref_class="empty" category="profession" mmax_level="coref"  rule="none"  type="none" id="markable_109" span="word_316..word_317" />
<markable coref_class="empty" category="profession" mmax_level="coref"  rule="none"  type="none" id="markable_110" span="word_318" />
<markable coref_class="empty" category="profession" mmax_level="coref"  rule="none"  type="none" id="markable_111" span="word_319..word_321" />
<markable coref_class="empty" category="profession" mmax_level="coref"  rule="none"  type="none" id="markable_112" span="word_322..word_324" />
<markable coref_class="empty" category="profession" mmax_level="coref"  rule="none"  type="none" id="markable_113" span="word_325..word_327" />
<markable coref_class="empty" category="profession" mmax_level="coref"  rule="none"  type="none" id="markable_114" span="word_328..word_330" />
<markable coref_class="empty" category="profession" mmax_level="coref"  rule="none"  type="none" id="markable_115" span="word_331" />
<markable coref_class="empty" category="profession" mmax_level="coref"  rule="none"  type="none" id="markable_116" span="word_332" />
<markable coref_class="empty" category="profession" mmax_level="coref"  rule="none"  type="none" id="markable_117" span="word_333" />
<markable coref_class="empty" category="profession" mmax_level="coref"  rule="none"  type="none" id="markable_118" span="word_334" />
<markable coref_class="empty" category="profession" mmax_level="coref"  rule="none"  type="none" id="markable_119" span="word_335..word_337" />
<markable coref_class="empty" category="profession" mmax_level="coref"  rule="none"  type="none" id="markable_120" span="word_338" />
<markable coref_class="empty" category="profession" mmax_level="coref"  rule="none"  type="none" id="markable_121" span="word_339..word_344" />
<markable coref_class="empty" category="profession" mmax_level="coref"  rule="none"  type="none" id="markable_122" span="word_345..word_346" />
<markable coref_class="empty" category="profession" mmax_level="coref"  rule="none"  type="none" id="markable_123" span="word_347..word_349" />
<markable coref_class="empty" category="profession" mmax_level="coref"  rule="none"  type="none" id="markable_124" span="word_350..word_351" />
<markable coref_class="empty" category="profession" mmax_level="coref"  rule="none"  type="none" id="markable_125" span="word_352..word_353" />
<markable coref_class="empty" category="profession" mmax_level="coref"  rule="none"  type="none" id="markable_126" span="word_354..word_357" />
<markable coref_class="empty" category="profession" mmax_level="coref"  rule="none"  type="none" id="markable_127" span="word_358..word_359" />
<markable coref_class="empty" category="profession" mmax_level="coref"  rule="none"  type="none" id="markable_128" span="word_360..word_361" />
<markable coref_class="empty" category="profession" mmax_level="coref"  rule="none"  type="none" id="markable_129" span="word_362..word_364" />
<markable coref_class="empty" category="profession" mmax_level="coref"  rule="none"  type="none" id="markable_130" span="word_365..word_366" />
<markable coref_class="empty" category="profession" mmax_level="coref"  rule="none"  type="none" id="markable_131" span="word_367..word_369" />
<markable coref_class="empty" category="profession" mmax_level="coref"  rule="none"  type="none" id="markable_132" span="word_370..word_371" />
<markable coref_class="empty" category="profession" mmax_level="coref"  rule="none"  type="none" id="markable_133" span="word_372..word_373" />
<markable coref_class="empty" category="profession" mmax_level="coref"  rule="none"  type="none" id="markable_134" span="word_374..word_378" />
<markable coref_class="empty" category="profession" mmax_level="coref"  rule="none"  type="none" id="markable_135" span="word_379..word_380" />
<markable coref_class="empty" category="profession" mmax_level="coref"  rule="none"  type="none" id="markable_136" span="word_381..word_382" />
<markable coref_class="empty" category="profession" mmax_level="coref"  rule="none"  type="none" id="markable_137" span="word_383..word_384" />
<markable coref_class="empty" category="profession" mmax_level="coref"  rule="none"  type="none" id="markable_138" span="word_385..word_387" />
<markable coref_class="empty" category="profession" mmax_level="coref"  rule="none"  type="none" id="markable_139" span="word_388..word_389" />
<markable coref_class="empty" category="profession" mmax_level="coref"  rule="none"  type="none" id="markable_140" span="word_390..word_391" />
<markable coref_class="empty" category="profession" mmax_level="coref"  rule="none"  type="none" id="markable_141" span="word_392..word_393" />
<markable coref_class="empty" category="profession" mmax_level="coref"  rule="none"  type="none" id="markable_142" span="word_394..word_395" />
<markable coref_class="empty" category="profession" mmax_level="coref"  rule="none"  type="none" id="markable_143" span="word_396..word_397" />
<markable coref_class="empty" category="profession" mmax_level="coref"  rule="none"  type="none" id="markable_144" span="word_398..word_402" />
<markable coref_class="empty" category="profession" mmax_level="coref"  rule="none"  type="none" id="markable_145" span="word_403..word_404" />
<markable coref_class="empty" category="profession" mmax_level="coref"  rule="none"  type="none" id="markable_146" span="word_405..word_408" />
<markable coref_class="empty" category="profession" mmax_level="coref"  rule="none"  type="none" id="markable_147" span="word_409..word_411" />
<markable coref_class="empty" category="profession" mmax_level="coref"  rule="none"  type="none" id="markable_148" span="word_412..word_413" />
<markable coref_class="empty" category="profession" mmax_level="coref"  rule="none"  type="none" id="markable_149" span="word_414..word_415" />
<markable coref_class="empty" category="profession" mmax_level="coref"  rule="none"  type="none" id="markable_150" span="word_416..word_419" />
<markable coref_class="empty" category="profession" mmax_level="coref"  rule="none"  type="none" id="markable_151" span="word_420..word_421" />
<markable coref_class="empty" category="profession" mmax_level="coref"  rule="none"  type="none" id="markable_152" span="word_422..word_424" />
<markable coref_class="empty" category="profession" mmax_level="coref"  rule="none"  type="none" id="markable_153" span="word_425" />
<markable coref_class="empty" category="profession" mmax_level="coref"  rule="none"  type="none" id="markable_154" span="word_426..word_428" />
<markable coref_class="empty" category="profession" mmax_level="coref"  rule="none"  type="none" id="markable_155" span="word_429..word_431" />
<markable coref_class="empty" category="profession" mmax_level="coref"  rule="none"  type="none" id="markable_156" span="word_432..word_433" />
<markable coref_class="empty" category="profession" mmax_level="coref"  rule="none"  type="none" id="markable_157" span="word_434..word_435" />
<markable coref_class="empty" category="profession" mmax_level="coref"  rule="none"  type="none" id="markable_158" span="word_436..word_437" />
<markable coref_class="empty" category="profession" mmax_level="coref"  rule="none"  type="none" id="markable_159" span="word_438..word_439" />
<markable coref_class="empty" category="profession" mmax_level="coref"  rule="none"  type="none" id="markable_160" span="word_440..word_441" />
<markable coref_class="empty" category="profession" mmax_level="coref"  rule="none"  type="none" id="markable_161" span="word_442" />
<markable coref_class="empty" category="profession" mmax_level="coref"  rule="none"  type="none" id="markable_162" span="word_443" />
<markable coref_class="empty" category="profession" mmax_level="coref"  rule="none"  type="none" id="markable_163" span="word_444..word_445" />
<markable coref_class="empty" category="profession" mmax_level="coref"  rule="none"  type="none" id="markable_164" span="word_446..word_447" />
<markable coref_class="empty" category="profession" mmax_level="coref"  rule="none"  type="none" id="markable_165" span="word_448" />
<markable coref_class="empty" category="profession" mmax_level="coref"  rule="none"  type="none" id="markable_166" span="word_449..word_450" />
<markable coref_class="empty" category="profession" mmax_level="coref"  rule="none"  type="none" id="markable_167" span="word_451..word_452" />
</markables>